{"type":"FeatureCollection","features":[{"type":"Feature","properties":{"id":"NZA-0000","cls":"concrete_rcc","area":489,"cost":56000,"tiv":27385000.0,"tivCsv":273840000.0,"lat":0.75657,"lon":33.97198,"where":"UG","d10":0.0,"dr10":0.0,"loss10":0.0,"d20":0.0,"dr20":0.0,"loss20":0.0,"d50":0.0,"dr50":0.0,"loss50":0.0,"d100":0.0,"dr100":0.0,"loss100":0.0,"d200":0.0,"dr200":0.0,"loss200":0.0,"d500":0.0,"dr500":0.0,"loss500":0.0},"geometry":{"type":"Polygon","coordinates":[[[33.96928983151159,0.7538730664750269],[33.974680168488405,0.7538730664750269],[33.974680168488405,0.7592629335249731],[33.96928983151159,0.7592629335249731],[33.96928983151159,0.7538730664750269]]]}},{"type":"Feature","properties":{"id":"NZA-0001","cls":"informal_iron_sheet","area":8,"cost":9600,"tiv":75000.0,"tivCsv":770000.0,"lat":0.02998,"lon":34.6961,"where":"KE","d10":0.0,"dr10":0.0,"loss10":0.0,"d20":0.0,"dr20":0.0,"loss20":0.0,"d50":0.0,"dr50":0.0,"loss50":0.0,"d100":0.0,"dr100":0.0,"loss100":0.0,"d200":0.0,"dr200":0.0,"loss200":0.0,"d500":0.0,"dr500":0.0,"loss500":0.0},"geometry":{"type":"Polygon","coordinates":[[[34.69340906610615,0.02728306647502695],[34.69879893389385,0.02728306647502695],[34.69879893389385,0.03267293352497305],[34.69340906610615,0.03267293352497305],[34.69340906610615,0.02728306647502695]]]}},{"type":"Feature","properties":{"id":"NZA-0002","cls":"concrete_rcc","area":385,"cost":72000,"tiv":27720000.0,"tivCsv":277200000.0,"lat":1.07771,"lon":35.10052,"where":"KE","d10":0.0,"dr10":0.0,"loss10":0.0,"d20":0.0,"dr20":0.0,"loss20":0.0,"d50":0.0,"dr50":0.0,"loss50":0.0,"d100":0.0,"dr100":0.0,"loss100":0.0,"d200":0.0,"dr200":0.0,"loss200":0.0,"d500":0.0,"dr500":0.0,"loss500":0.0},"geometry":{"type":"Polygon","coordinates":[[[35.097827589673734,1.075011066475027],[35.10321841032627,1.075011066475027],[35.10321841032627,1.0804009335249731],[35.097827589673734,1.0804009335249731],[35.097827589673734,1.075011066475027]]]}},{"type":"Feature","properties":{"id":"NZA-0003","cls":"concrete_rcc","area":519,"cost":51200,"tiv":26575000.0,"tivCsv":265730000.0,"lat":0.59297,"lon":34.20534,"where":"KE","d10":0.0,"dr10":0.0,"loss10":0.0,"d20":0.0,"dr20":0.0,"loss20":0.0,"d50":0.0,"dr50":0.0,"loss50":0.0,"d100":0.0,"dr100":0.0,"loss100":0.0,"d200":0.0,"dr200":0.0,"loss200":0.0,"d500":0.0,"dr500":0.0,"loss500":0.0},"geometry":{"type":"Polygon","coordinates":[[[34.202646922144694,0.5902750664750269],[34.20803707785531,0.5902750664750269],[34.20803707785531,0.5956649335249731],[34.202646922144694,0.5956649335249731],[34.202646922144694,0.5902750664750269]]]}},{"type":"Feature","properties":{"id":"NZA-0004","cls":"permanent_masonry","area":97,"cost":52500,"tiv":5090000.0,"tivCsv":50925000.0,"lat":0.85318,"lon":34.86433,"where":"KE","d10":0.0,"dr10":0.0,"loss10":0.0,"d20":0.0,"dr20":0.0,"loss20":0.0,"d50":0.0,"dr50":0.0,"loss50":0.0,"d100":0.0,"dr100":0.0,"loss100":0.0,"d200":0.0,"dr200":0.0,"loss200":0.0,"d500":0.0,"dr500":0.0,"loss500":0.0},"geometry":{"type":"Polygon","coordinates":[[[34.861633767667726,0.8504820664750269],[34.86702423233227,0.8504820664750269],[34.86702423233227,0.855871933524973],[34.861633767667726,0.855871933524973],[34.861633767667726,0.8504820664750269]]]}},{"type":"Feature","properties":{"id":"NZA-0005","cls":"informal_iron_sheet","area":13,"cost":7700,"tiv":100000.0,"tivCsv":1000000.0,"lat":0.51001,"lon":34.4886,"where":"KE","d10":0.0,"dr10":0.0,"loss10":0.0,"d20":0.0,"dr20":0.0,"loss20":0.0,"d50":0.0,"dr50":0.0,"loss50":0.0,"d100":0.0,"dr100":0.0,"loss100":0.0,"d200":0.0,"dr200":0.0,"loss200":0.0,"d500":0.0,"dr500":0.0,"loss500":0.0},"geometry":{"type":"Polygon","coordinates":[[[34.48590795970619,0.5073150664750269],[34.491298040293806,0.5073150664750269],[34.491298040293806,0.512704933524973],[34.48590795970619,0.512704933524973],[34.48590795970619,0.5073150664750269]]]}},{"type":"Feature","properties":{"id":"NZA-0006","cls":"informal_iron_sheet","area":8,"cost":8300,"tiv":65000.0,"tivCsv":665000.0,"lat":1.25187,"lon":35.21531,"where":"KE","d10":0.0,"dr10":0.0,"loss10":0.0,"d20":0.0,"dr20":0.0,"loss20":0.0,"d50":0.0,"dr50":0.0,"loss50":0.0,"d100":0.0,"dr100":0.0,"loss100":0.0,"d200":0.0,"dr200":0.0,"loss200":0.0,"d500":0.0,"dr500":0.0,"loss500":0.0},"geometry":{"type":"Polygon","coordinates":[[[35.21261242308212,1.249173066475027],[35.21800357691788,1.249173066475027],[35.21800357691788,1.254562933524973],[35.21261242308212,1.254562933524973],[35.21261242308212,1.249173066475027]]]}},{"type":"Feature","properties":{"id":"NZA-0007","cls":"permanent_masonry","area":102,"cost":40400,"tiv":4120000.0,"tivCsv":41210000.0,"lat":0.64298,"lon":34.66029,"where":"KE","d10":0.0,"dr10":0.0,"loss10":0.0,"d20":0.0,"dr20":0.0,"loss20":0.0,"d50":0.0,"dr50":0.0,"loss50":0.0,"d100":0.0,"dr100":0.0,"loss100":0.0,"d200":0.0,"dr200":0.0,"loss200":0.0,"d500":0.0,"dr500":0.0,"loss500":0.0},"geometry":{"type":"Polygon","coordinates":[[[34.65758989676953,0.6402890664750269],[34.662980103230474,0.6402890664750269],[34.662980103230474,0.6456789335249731],[34.65758989676953,0.6456789335249731],[34.65758989676953,0.6402890664750269]]]}},{"type":"Feature","properties":{"id":"NZA-0008","cls":"informal_iron_sheet","area":23,"cost":7200,"tiv":165000.0,"tivCsv":1655000.0,"lat":1.00525,"lon":35.38843,"where":"KE","d10":0.0,"dr10":0.0,"loss10":0.0,"d20":0.0,"dr20":0.0,"loss20":0.0,"d50":0.0,"dr50":0.0,"loss50":0.0,"d100":0.0,"dr100":0.0,"loss100":0.0,"d200":0.0,"dr200":0.0,"loss200":0.0,"d500":0.0,"dr500":0.0,"loss500":0.0},"geometry":{"type":"Polygon","coordinates":[[[35.38573065163551,1.002559066475027],[35.39112134836449,1.002559066475027],[35.39112134836449,1.0079489335249732],[35.38573065163551,1.0079489335249732],[35.38573065163551,1.002559066475027]]]}},{"type":"Feature","properties":{"id":"NZA-0009","cls":"semi_permanent","area":50,"cost":9400,"tiv":470000.0,"tivCsv":4700000.0,"lat":0.99721,"lon":34.11229,"where":"UG","d10":0.0,"dr10":0.0,"loss10":0.0,"d20":0.0,"dr20":0.0,"loss20":0.0,"d50":0.0,"dr50":0.0,"loss50":0.0,"d100":0.0,"dr100":0.0,"loss100":0.0,"d200":0.0,"dr200":0.0,"loss200":0.0,"d500":0.0,"dr500":0.0,"loss500":0.0},"geometry":{"type":"Polygon","coordinates":[[[34.10959165824802,0.9945160664750269],[34.11498234175198,0.9945160664750269],[34.11498234175198,0.999905933524973],[34.10959165824802,0.999905933524973],[34.10959165824802,0.9945160664750269]]]}},{"type":"Feature","properties":{"id":"NZA-0010","cls":"semi_permanent","area":47,"cost":9000,"tiv":425000.0,"tivCsv":4230000.0,"lat":0.23642,"lon":33.8858,"where":"UG","d10":0.0,"dr10":0.0,"loss10":0.0,"d20":0.0,"dr20":0.0,"loss20":0.0,"d50":0.0,"dr50":0.0,"loss50":0.0,"d100":0.0,"dr100":0.0,"loss100":0.0,"d200":0.0,"dr200":0.0,"loss200":0.0,"d500":0.0,"dr500":0.0,"loss500":0.0},"geometry":{"type":"Polygon","coordinates":[[[33.88310904353156,0.23372906647502695],[33.88849895646844,0.23372906647502695],[33.88849895646844,0.23911893352497304],[33.88310904353156,0.23911893352497304],[33.88310904353156,0.23372906647502695]]]}},{"type":"Feature","properties":{"id":"NZA-0011","cls":"permanent_masonry","area":81,"cost":55400,"tiv":4485000.0,"tivCsv":44875000.0,"lat":-0.01021,"lon":34.28744,"where":"KE","d10":0.0,"dr10":0.0,"loss10":0.0,"d20":0.0,"dr20":0.0,"loss20":0.0,"d50":0.0,"dr50":0.0,"loss50":0.0,"d100":0.0,"dr100":0.0,"loss100":0.0,"d200":0.0,"dr200":0.0,"loss200":0.0,"d500":0.0,"dr500":0.0,"loss500":0.0},"geometry":{"type":"Polygon","coordinates":[[[34.28474006643221,-0.012908933524973052],[34.2901299335678,-0.012908933524973052],[34.2901299335678,-0.00751906647502695],[34.28474006643221,-0.00751906647502695],[34.28474006643221,-0.012908933524973052]]]}},{"type":"Feature","properties":{"id":"NZA-0012","cls":"permanent_masonry","area":97,"cost":42300,"tiv":4105000.0,"tivCsv":41030000.0,"lat":0.5318,"lon":35.02466,"where":"KE","d10":0.0,"dr10":0.0,"loss10":0.0,"d20":0.0,"dr20":0.0,"loss20":0.0,"d50":0.0,"dr50":0.0,"loss50":0.0,"d100":0.0,"dr100":0.0,"loss100":0.0,"d200":0.0,"dr200":0.0,"loss200":0.0,"d500":0.0,"dr500":0.0,"loss500":0.0},"geometry":{"type":"Polygon","coordinates":[[[35.021969950385454,0.5291100664750269],[35.02736004961454,0.5291100664750269],[35.02736004961454,0.534499933524973],[35.021969950385454,0.534499933524973],[35.021969950385454,0.5291100664750269]]]}},{"type":"Feature","properties":{"id":"NZA-0013","cls":"semi_permanent","area":37,"cost":13200,"tiv":490000.0,"tivCsv":4885000.0,"lat":0.44492,"lon":34.61741,"where":"KE","d10":0.0,"dr10":0.0,"loss10":0.0,"d20":0.0,"dr20":0.0,"loss20":0.0,"d50":0.0,"dr50":0.0,"loss50":0.0,"d100":0.0,"dr100":0.0,"loss100":0.0,"d200":0.0,"dr200":0.0,"loss200":0.0,"d500":0.0,"dr500":0.0,"loss500":0.0},"geometry":{"type":"Polygon","coordinates":[[[34.61471398522233,0.44222006647502693],[34.620104014777674,0.44222006647502693],[34.620104014777674,0.4476099335249731],[34.61471398522233,0.4476099335249731],[34.61471398522233,0.44222006647502693]]]}},{"type":"Feature","properties":{"id":"NZA-0014","cls":"semi_permanent","area":54,"cost":13900,"tiv":750000.0,"tivCsv":7505000.0,"lat":0.95546,"lon":35.27123,"where":"KE","d10":0.0,"dr10":0.0,"loss10":0.0,"d20":0.0,"dr20":0.0,"loss20":0.0,"d50":0.0,"dr50":0.0,"loss50":0.0,"d100":0.0,"dr100":0.0,"loss100":0.0,"d200":0.0,"dr200":0.0,"loss200":0.0,"d500":0.0,"dr500":0.0,"loss500":0.0},"geometry":{"type":"Polygon","coordinates":[[[35.26853869171863,0.9527660664750269],[35.27392930828137,0.9527660664750269],[35.27392930828137,0.9581559335249731],[35.26853869171863,0.9581559335249731],[35.26853869171863,0.9527660664750269]]]}},{"type":"Feature","properties":{"id":"NZA-0015","cls":"semi_permanent","area":25,"cost":15300,"tiv":380000.0,"tivCsv":3825000.0,"lat":0.28261,"lon":35.39042,"where":"KE","d10":0.0,"dr10":0.0,"loss10":0.0,"d20":0.0,"dr20":0.0,"loss20":0.0,"d50":0.0,"dr50":0.0,"loss50":0.0,"d100":0.0,"dr100":0.0,"loss100":0.0,"d200":0.0,"dr200":0.0,"loss200":0.0,"d500":0.0,"dr500":0.0,"loss500":0.0},"geometry":{"type":"Polygon","coordinates":[[[35.387727033691526,0.2799160664750269],[35.393116966308476,0.2799160664750269],[35.393116966308476,0.2853059335249731],[35.387727033691526,0.2853059335249731],[35.387727033691526,0.2799160664750269]]]}},{"type":"Feature","properties":{"id":"NZA-0016","cls":"semi_permanent","area":20,"cost":10200,"tiv":205000.0,"tivCsv":2040000.0,"lat":0.52798,"lon":35.26782,"where":"KE","d10":0.0,"dr10":0.0,"loss10":0.0,"d20":0.0,"dr20":0.0,"loss20":0.0,"d50":0.0,"dr50":0.0,"loss50":0.0,"d100":0.0,"dr100":0.0,"loss100":0.0,"d200":0.0,"dr200":0.0,"loss200":0.0,"d500":0.0,"dr500":0.0,"loss500":0.0},"geometry":{"type":"Polygon","coordinates":[[[35.265120952047724,0.5252890664750269],[35.27051104795228,0.5252890664750269],[35.27051104795228,0.5306789335249731],[35.265120952047724,0.5306789335249731],[35.265120952047724,0.5252890664750269]]]}},{"type":"Feature","properties":{"id":"NZA-0017","cls":"permanent_masonry","area":137,"cost":39100,"tiv":5355000.0,"tivCsv":53565000.0,"lat":-0.11785,"lon":33.97593,"where":"LAKE","d10":0.2800000011920929,"dr10":0.105,"loss10":562275.0,"d20":0.33000001311302185,"dr20":0.123,"loss20":658665.0,"d50":0.4000000059604645,"dr50":0.15,"loss50":803250.0,"d100":0.44999998807907104,"dr100":0.168,"loss100":899640.0,"d200":0.5,"dr200":0.187,"loss200":1001385.0,"d500":0.550000011920929,"dr500":0.2,"loss500":1071000.0},"geometry":{"type":"Polygon","coordinates":[[[33.973231060774076,-0.12054693352497305],[33.97862093922593,-0.12054693352497305],[33.97862093922593,-0.11515706647502695],[33.973231060774076,-0.11515706647502695],[33.973231060774076,-0.12054693352497305]]]}},{"type":"Feature","properties":{"id":"NZA-0018","cls":"concrete_rcc","area":165,"cost":56200,"tiv":9275000.0,"tivCsv":92730000.0,"lat":0.27947,"lon":34.70312,"where":"KE","d10":0.0,"dr10":0.0,"loss10":0.0,"d20":0.0,"dr20":0.0,"loss20":0.0,"d50":0.0,"dr50":0.0,"loss50":0.0,"d100":0.0,"dr100":0.0,"loss100":0.0,"d200":0.0,"dr200":0.0,"loss200":0.0,"d500":0.0,"dr500":0.0,"loss500":0.0},"geometry":{"type":"Polygon","coordinates":[[[34.700426034415756,0.2767770664750269],[34.70581596558425,0.2767770664750269],[34.70581596558425,0.2821669335249731],[34.700426034415756,0.2821669335249731],[34.700426034415756,0.2767770664750269]]]}},{"type":"Feature","properties":{"id":"NZA-0019","cls":"permanent_masonry","area":95,"cost":61600,"tiv":5850000.0,"tivCsv":58520000.0,"lat":0.14764,"lon":34.93359,"where":"KE","d10":0.0,"dr10":0.0,"loss10":0.0,"d20":0.0,"dr20":0.0,"loss20":0.0,"d50":0.0,"dr50":0.0,"loss50":0.0,"d100":0.0,"dr100":0.0,"loss100":0.0,"d200":0.0,"dr200":0.0,"loss200":0.0,"d500":0.0,"dr500":0.0,"loss500":0.0},"geometry":{"type":"Polygon","coordinates":[[[34.93089805752757,0.14494806647502695],[34.93628794247243,0.14494806647502695],[34.93628794247243,0.15033793352497304],[34.93089805752757,0.15033793352497304],[34.93089805752757,0.14494806647502695]]]}},{"type":"Feature","properties":{"id":"NZA-0020","cls":"informal_iron_sheet","area":16,"cost":5300,"tiv":85000.0,"tivCsv":850000.0,"lat":0.26534,"lon":35.26224,"where":"KE","d10":0.0,"dr10":0.0,"loss10":0.0,"d20":0.0,"dr20":0.0,"loss20":0.0,"d50":0.0,"dr50":0.0,"loss50":0.0,"d100":0.0,"dr100":0.0,"loss100":0.0,"d200":0.0,"dr200":0.0,"loss200":0.0,"d500":0.0,"dr500":0.0,"loss500":0.0},"geometry":{"type":"Polygon","coordinates":[[[35.25954803757542,0.2626480664750269],[35.264937962424575,0.2626480664750269],[35.264937962424575,0.26803793352497307],[35.25954803757542,0.26803793352497307],[35.25954803757542,0.2626480664750269]]]}},{"type":"Feature","properties":{"id":"NZA-0021","cls":"semi_permanent","area":36,"cost":10800,"tiv":390000.0,"tivCsv":3890000.0,"lat":1.22034,"lon":33.9489,"where":"UG","d10":0.0,"dr10":0.0,"loss10":0.0,"d20":0.0,"dr20":0.0,"loss20":0.0,"d50":0.0,"dr50":0.0,"loss50":0.0,"d100":0.0,"dr100":0.0,"loss100":0.0,"d200":0.0,"dr200":0.0,"loss200":0.0,"d500":0.0,"dr500":0.0,"loss500":0.0},"geometry":{"type":"Polygon","coordinates":[[[33.94620245508347,1.217649066475027],[33.95159354491653,1.217649066475027],[33.95159354491653,1.2230389335249732],[33.94620245508347,1.2230389335249732],[33.94620245508347,1.217649066475027]]]}},{"type":"Feature","properties":{"id":"NZA-0022","cls":"informal_iron_sheet","area":11,"cost":6300,"tiv":70000.0,"tivCsv":695000.0,"lat":1.00473,"lon":34.74145,"where":"KE","d10":0.0,"dr10":0.0,"loss10":0.0,"d20":0.0,"dr20":0.0,"loss20":0.0,"d50":0.0,"dr50":0.0,"loss50":0.0,"d100":0.0,"dr100":0.0,"loss100":0.0,"d200":0.0,"dr200":0.0,"loss200":0.0,"d500":0.0,"dr500":0.0,"loss500":0.0},"geometry":{"type":"Polygon","coordinates":[[[34.73875065206711,1.002036066475027],[34.744141347932896,1.002036066475027],[34.744141347932896,1.0074259335249731],[34.73875065206711,1.0074259335249731],[34.73875065206711,1.002036066475027]]]}},{"type":"Feature","properties":{"id":"NZA-0023","cls":"concrete_rcc","area":421,"cost":54700,"tiv":23030000.0,"tivCsv":230285000.0,"lat":0.45116,"lon":33.79198,"where":"UG","d10":0.0,"dr10":0.0,"loss10":0.0,"d20":0.0,"dr20":0.0,"loss20":0.0,"d50":0.0,"dr50":0.0,"loss50":0.0,"d100":0.0,"dr100":0.0,"loss100":0.0,"d200":0.0,"dr200":0.0,"loss200":0.0,"d500":0.0,"dr500":0.0,"loss500":0.0},"geometry":{"type":"Polygon","coordinates":[[[33.78928398292564,0.4484640664750269],[33.79467401707436,0.4484640664750269],[33.79467401707436,0.45385393352497305],[33.78928398292564,0.45385393352497305],[33.78928398292564,0.4484640664750269]]]}},{"type":"Feature","properties":{"id":"NZA-0024","cls":"concrete_rcc","area":449,"cost":74800,"tiv":33585000.0,"tivCsv":335850000.0,"lat":0.33653,"lon":34.96329,"where":"KE","d10":0.0,"dr10":0.0,"loss10":0.0,"d20":0.0,"dr20":0.0,"loss20":0.0,"d50":0.0,"dr50":0.0,"loss50":0.0,"d100":0.0,"dr100":0.0,"loss100":0.0,"d200":0.0,"dr200":0.0,"loss200":0.0,"d500":0.0,"dr500":0.0,"loss500":0.0},"geometry":{"type":"Polygon","coordinates":[[[34.96059701998966,0.3338310664750269],[34.96598698001034,0.3338310664750269],[34.96598698001034,0.33922093352497307],[34.96059701998966,0.33922093352497307],[34.96059701998966,0.3338310664750269]]]}},{"type":"Feature","properties":{"id":"NZA-0025","cls":"permanent_masonry","area":155,"cost":36800,"tiv":5705000.0,"tivCsv":57040000.0,"lat":0.11545,"lon":34.67403,"where":"KE","d10":0.0,"dr10":0.0,"loss10":0.0,"d20":0.0,"dr20":0.0,"loss20":0.0,"d50":0.0,"dr50":0.0,"loss50":0.0,"d100":0.0,"dr100":0.0,"loss100":0.0,"d200":0.0,"dr200":0.0,"loss200":0.0,"d500":0.0,"dr500":0.0,"loss500":0.0},"geometry":{"type":"Polygon","coordinates":[[[34.671336061003714,0.11275906647502695],[34.676725938996285,0.11275906647502695],[34.676725938996285,0.11814893352497305],[34.671336061003714,0.11814893352497305],[34.671336061003714,0.11275906647502695]]]}},{"type":"Feature","properties":{"id":"NZA-0026","cls":"permanent_masonry","area":64,"cost":56300,"tiv":3605000.0,"tivCsv":36030000.0,"lat":0.36914,"lon":33.91525,"where":"UG","d10":0.0,"dr10":0.0,"loss10":0.0,"d20":0.0,"dr20":0.0,"loss20":0.0,"d50":0.0,"dr50":0.0,"loss50":0.0,"d100":0.0,"dr100":0.0,"loss100":0.0,"d200":0.0,"dr200":0.0,"loss200":0.0,"d500":0.0,"dr500":0.0,"loss500":0.0},"geometry":{"type":"Polygon","coordinates":[[[33.912556010541834,0.3664480664750269],[33.91794598945816,0.3664480664750269],[33.91794598945816,0.3718379335249731],[33.912556010541834,0.3718379335249731],[33.912556010541834,0.3664480664750269]]]}},{"type":"Feature","properties":{"id":"NZA-0027","cls":"informal_iron_sheet","area":16,"cost":8200,"tiv":130000.0,"tivCsv":1310000.0,"lat":1.24949,"lon":33.89325,"where":"UG","d10":0.0,"dr10":0.0,"loss10":0.0,"d20":0.0,"dr20":0.0,"loss20":0.0,"d50":0.0,"dr50":0.0,"loss50":0.0,"d100":0.0,"dr100":0.0,"loss100":0.0,"d200":0.0,"dr200":0.0,"loss200":0.0,"d500":0.0,"dr500":0.0,"loss500":0.0},"geometry":{"type":"Polygon","coordinates":[[[33.89055642552051,1.246799066475027],[33.895947574479486,1.246799066475027],[33.895947574479486,1.2521889335249732],[33.89055642552051,1.2521889335249732],[33.89055642552051,1.246799066475027]]]}},{"type":"Feature","properties":{"id":"NZA-0028","cls":"informal_iron_sheet","area":20,"cost":8100,"tiv":160000.0,"tivCsv":1620000.0,"lat":0.02387,"lon":34.5916,"where":"KE","d10":0.0,"dr10":0.0,"loss10":0.0,"d20":0.0,"dr20":0.0,"loss20":0.0,"d50":0.0,"dr50":0.0,"loss50":0.0,"d100":0.0,"dr100":0.0,"loss100":0.0,"d200":0.0,"dr200":0.0,"loss200":0.0,"d500":0.0,"dr500":0.0,"loss500":0.0},"geometry":{"type":"Polygon","coordinates":[[[34.588904066241234,0.021171066475026947],[34.59429393375877,0.021171066475026947],[34.59429393375877,0.02656093352497305],[34.588904066241234,0.02656093352497305],[34.588904066241234,0.021171066475026947]]]}},{"type":"Feature","properties":{"id":"NZA-0029","cls":"informal_iron_sheet","area":14,"cost":9200,"tiv":130000.0,"tivCsv":1290000.0,"lat":1.03453,"lon":34.53982,"where":"KE","d10":0.0,"dr10":0.0,"loss10":0.0,"d20":0.0,"dr20":0.0,"loss20":0.0,"d50":0.0,"dr50":0.0,"loss50":0.0,"d100":0.0,"dr100":0.0,"loss100":0.0,"d200":0.0,"dr200":0.0,"loss200":0.0,"d500":0.0,"dr500":0.0,"loss500":0.0},"geometry":{"type":"Polygon","coordinates":[[[34.53712262712099,1.031831066475027],[34.542513372879,1.031831066475027],[34.542513372879,1.0372209335249731],[34.53712262712099,1.0372209335249731],[34.53712262712099,1.031831066475027]]]}},{"type":"Feature","properties":{"id":"NZA-0030","cls":"informal_iron_sheet","area":16,"cost":6700,"tiv":105000.0,"tivCsv":1070000.0,"lat":0.66428,"lon":34.61519,"where":"KE","d10":0.0,"dr10":0.0,"loss10":0.0,"d20":0.0,"dr20":0.0,"loss20":0.0,"d50":0.0,"dr50":0.0,"loss50":0.0,"d100":0.0,"dr100":0.0,"loss100":0.0,"d200":0.0,"dr200":0.0,"loss200":0.0,"d500":0.0,"dr500":0.0,"loss500":0.0},"geometry":{"type":"Polygon","coordinates":[[[34.612497885343416,0.6615810664750269],[34.61788811465658,0.6615810664750269],[34.61788811465658,0.666970933524973],[34.612497885343416,0.666970933524973],[34.612497885343416,0.6615810664750269]]]}},{"type":"Feature","properties":{"id":"NZA-0031","cls":"informal_iron_sheet","area":17,"cost":6100,"tiv":105000.0,"tivCsv":1035000.0,"lat":1.17846,"lon":35.36104,"where":"KE","d10":0.0,"dr10":0.0,"loss10":0.0,"d20":0.0,"dr20":0.0,"loss20":0.0,"d50":0.0,"dr50":0.0,"loss50":0.0,"d100":0.0,"dr100":0.0,"loss100":0.0,"d200":0.0,"dr200":0.0,"loss200":0.0,"d500":0.0,"dr500":0.0,"loss500":0.0},"geometry":{"type":"Polygon","coordinates":[[[35.35834849634213,1.1757610664750269],[35.36373950365787,1.1757610664750269],[35.36373950365787,1.181150933524973],[35.35834849634213,1.181150933524973],[35.35834849634213,1.1757610664750269]]]}},{"type":"Feature","properties":{"id":"NZA-0032","cls":"semi_permanent","area":34,"cost":12800,"tiv":435000.0,"tivCsv":4350000.0,"lat":0.88208,"lon":35.36368,"where":"KE","d10":0.0,"dr10":0.0,"loss10":0.0,"d20":0.0,"dr20":0.0,"loss20":0.0,"d50":0.0,"dr50":0.0,"loss50":0.0,"d100":0.0,"dr100":0.0,"loss100":0.0,"d200":0.0,"dr200":0.0,"loss200":0.0,"d500":0.0,"dr500":0.0,"loss500":0.0},"geometry":{"type":"Polygon","coordinates":[[[35.36098874707526,0.8793880664750269],[35.36637925292474,0.8793880664750269],[35.36637925292474,0.884777933524973],[35.36098874707526,0.884777933524973],[35.36098874707526,0.8793880664750269]]]}},{"type":"Feature","properties":{"id":"NZA-0033","cls":"informal_iron_sheet","area":19,"cost":5600,"tiv":105000.0,"tivCsv":1065000.0,"lat":0.02441,"lon":34.20261,"where":"KE","d10":0.0,"dr10":0.0,"loss10":0.0,"d20":0.0,"dr20":0.0,"loss20":0.0,"d50":0.0,"dr50":0.0,"loss50":0.0,"d100":0.0,"dr100":0.0,"loss100":0.0,"d200":0.0,"dr200":0.0,"loss200":0.0,"d500":0.0,"dr500":0.0,"loss500":0.0},"geometry":{"type":"Polygon","coordinates":[[[34.1999120662304,0.02171806647502695],[34.205301933769604,0.02171806647502695],[34.205301933769604,0.027107933524973052],[34.1999120662304,0.027107933524973052],[34.1999120662304,0.02171806647502695]]]}},{"type":"Feature","properties":{"id":"NZA-0034","cls":"permanent_masonry","area":47,"cost":62800,"tiv":2950000.0,"tivCsv":29515000.0,"lat":1.23903,"lon":33.82722,"where":"UG","d10":0.0,"dr10":0.0,"loss10":0.0,"d20":0.0,"dr20":0.0,"loss20":0.0,"d50":0.0,"dr50":0.0,"loss50":0.0,"d100":0.0,"dr100":0.0,"loss100":0.0,"d200":0.0,"dr200":0.0,"loss200":0.0,"d500":0.0,"dr500":0.0,"loss500":0.0},"geometry":{"type":"Polygon","coordinates":[[[33.8245224362131,1.236335066475027],[33.8299135637869,1.236335066475027],[33.8299135637869,1.2417249335249732],[33.8245224362131,1.2417249335249732],[33.8245224362131,1.236335066475027]]]}},{"type":"Feature","properties":{"id":"NZA-0035","cls":"concrete_rcc","area":350,"cost":68700,"tiv":24045000.0,"tivCsv":240450000.0,"lat":1.21121,"lon":34.19623,"where":"UG","d10":0.0,"dr10":0.0,"loss10":0.0,"d20":0.0,"dr20":0.0,"loss20":0.0,"d50":0.0,"dr50":0.0,"loss50":0.0,"d100":0.0,"dr100":0.0,"loss100":0.0,"d200":0.0,"dr200":0.0,"loss200":0.0,"d500":0.0,"dr500":0.0,"loss500":0.0},"geometry":{"type":"Polygon","coordinates":[[[34.19353646420417,1.208514066475027],[34.19892753579583,1.208514066475027],[34.19892753579583,1.213903933524973],[34.19353646420417,1.213903933524973],[34.19353646420417,1.208514066475027]]]}},{"type":"Feature","properties":{"id":"NZA-0036","cls":"semi_permanent","area":32,"cost":10000,"tiv":320000.0,"tivCsv":3200000.0,"lat":-0.11292,"lon":35.08296,"where":"KE","d10":0.0,"dr10":0.0,"loss10":0.0,"d20":0.0,"dr20":0.0,"loss20":0.0,"d50":0.0,"dr50":0.0,"loss50":0.0,"d100":0.0,"dr100":0.0,"loss100":0.0,"d200":0.0,"dr200":0.0,"loss200":0.0,"d500":0.0,"dr500":0.0,"loss500":0.0},"geometry":{"type":"Polygon","coordinates":[[[35.08026406124144,-0.11561293352497305],[35.08565393875857,-0.11561293352497305],[35.08565393875857,-0.11022306647502696],[35.08026406124144,-0.11022306647502696],[35.08026406124144,-0.11561293352497305]]]}},{"type":"Feature","properties":{"id":"NZA-0037","cls":"semi_permanent","area":31,"cost":8400,"tiv":260000.0,"tivCsv":2605000.0,"lat":0.26523,"lon":34.14853,"where":"KE","d10":0.0,"dr10":0.0,"loss10":0.0,"d20":0.0,"dr20":0.0,"loss20":0.0,"d50":0.0,"dr50":0.0,"loss50":0.0,"d100":0.0,"dr100":0.0,"loss100":0.0,"d200":0.0,"dr200":0.0,"loss200":0.0,"d500":0.0,"dr500":0.0,"loss500":0.0},"geometry":{"type":"Polygon","coordinates":[[[34.145835037599376,0.2625380664750269],[34.151224962400626,0.2625380664750269],[34.151224962400626,0.26792793352497307],[34.145835037599376,0.26792793352497307],[34.145835037599376,0.2625380664750269]]]}},{"type":"Feature","properties":{"id":"NZA-0038","cls":"informal_iron_sheet","area":14,"cost":7700,"tiv":110000.0,"tivCsv":1080000.0,"lat":-0.14388,"lon":33.94186,"where":"LAKE","d10":0.30000001192092896,"dr10":0.201,"loss10":22110.0,"d20":0.33000001311302185,"dr20":0.217,"loss20":23870.0,"d50":0.3799999952316284,"dr50":0.241,"loss50":26510.0,"d100":0.4099999964237213,"dr100":0.256,"loss100":28160.0,"d200":0.4399999976158142,"dr200":0.27,"loss200":29700.0,"d500":0.47999998927116394,"dr500":0.289,"loss500":31790.0},"geometry":{"type":"Polygon","coordinates":[[[33.939163057977495,-0.14657793352497306],[33.94455294202251,-0.14657793352497306],[33.94455294202251,-0.14118806647502696],[33.939163057977495,-0.14118806647502696],[33.939163057977495,-0.14657793352497306]]]}},{"type":"Feature","properties":{"id":"NZA-0039","cls":"semi_permanent","area":44,"cost":9300,"tiv":410000.0,"tivCsv":4090000.0,"lat":0.50155,"lon":34.72664,"where":"KE","d10":0.0,"dr10":0.0,"loss10":0.0,"d20":0.0,"dr20":0.0,"loss20":0.0,"d50":0.0,"dr50":0.0,"loss50":0.0,"d100":0.0,"dr100":0.0,"loss100":0.0,"d200":0.0,"dr200":0.0,"loss200":0.0,"d500":0.0,"dr500":0.0,"loss500":0.0},"geometry":{"type":"Polygon","coordinates":[[[34.72394196321865,0.4988560664750269],[34.729332036781344,0.4988560664750269],[34.729332036781344,0.504245933524973],[34.72394196321865,0.504245933524973],[34.72394196321865,0.4988560664750269]]]}},{"type":"Feature","properties":{"id":"NZA-0040","cls":"informal_iron_sheet","area":17,"cost":9000,"tiv":155000.0,"tivCsv":1530000.0,"lat":1.14054,"lon":34.87438,"where":"KE","d10":0.0,"dr10":0.0,"loss10":0.0,"d20":0.0,"dr20":0.0,"loss20":0.0,"d50":0.0,"dr50":0.0,"loss50":0.0,"d100":0.0,"dr100":0.0,"loss100":0.0,"d200":0.0,"dr200":0.0,"loss200":0.0,"d500":0.0,"dr500":0.0,"loss500":0.0},"geometry":{"type":"Polygon","coordinates":[[[34.871689532444215,1.137846066475027],[34.87708046755578,1.137846066475027],[34.87708046755578,1.143235933524973],[34.871689532444215,1.143235933524973],[34.871689532444215,1.137846066475027]]]}},{"type":"Feature","properties":{"id":"NZA-0041","cls":"permanent_masonry","area":92,"cost":47400,"tiv":4360000.0,"tivCsv":43610000.0,"lat":0.91841,"lon":33.99557,"where":"UG","d10":0.0,"dr10":0.0,"loss10":0.0,"d20":0.0,"dr20":0.0,"loss20":0.0,"d50":0.0,"dr50":0.0,"loss50":0.0,"d100":0.0,"dr100":0.0,"loss100":0.0,"d200":0.0,"dr200":0.0,"loss200":0.0,"d500":0.0,"dr500":0.0,"loss500":0.0},"geometry":{"type":"Polygon","coordinates":[[[33.99287472022361,0.915714066475027],[33.99826527977639,0.915714066475027],[33.99826527977639,0.9211039335249731],[33.99287472022361,0.9211039335249731],[33.99287472022361,0.915714066475027]]]}},{"type":"Feature","properties":{"id":"NZA-0042","cls":"permanent_masonry","area":115,"cost":58100,"tiv":6680000.0,"tivCsv":66815000.0,"lat":0.76629,"lon":33.79871,"where":"UG","d10":0.0,"dr10":0.0,"loss10":0.0,"d20":0.0,"dr20":0.0,"loss20":0.0,"d50":0.0,"dr50":0.0,"loss50":0.0,"d100":0.0,"dr100":0.0,"loss100":0.0,"d200":0.0,"dr200":0.0,"loss200":0.0,"d500":0.0,"dr500":0.0,"loss500":0.0},"geometry":{"type":"Polygon","coordinates":[[[33.79601082543057,0.7636000664750269],[33.801401174569435,0.7636000664750269],[33.801401174569435,0.768989933524973],[33.79601082543057,0.768989933524973],[33.79601082543057,0.7636000664750269]]]}},{"type":"Feature","properties":{"id":"NZA-0043","cls":"informal_iron_sheet","area":8,"cost":6700,"tiv":55000.0,"tivCsv":535000.0,"lat":0.42688,"lon":33.97845,"where":"UG","d10":0.0,"dr10":0.0,"loss10":0.0,"d20":0.0,"dr20":0.0,"loss20":0.0,"d50":0.0,"dr50":0.0,"loss50":0.0,"d100":0.0,"dr100":0.0,"loss100":0.0,"d200":0.0,"dr200":0.0,"loss200":0.0,"d500":0.0,"dr500":0.0,"loss500":0.0},"geometry":{"type":"Polygon","coordinates":[[[33.975750991678005,0.42418006647502693],[33.98114100832199,0.42418006647502693],[33.98114100832199,0.4295699335249731],[33.975750991678005,0.4295699335249731],[33.975750991678005,0.42418006647502693]]]}},{"type":"Feature","properties":{"id":"NZA-0044","cls":"semi_permanent","area":30,"cost":15000,"tiv":450000.0,"tivCsv":4500000.0,"lat":-0.04926,"lon":34.10178,"where":"KE","d10":0.0,"dr10":0.0,"loss10":0.0,"d20":0.0,"dr20":0.0,"loss20":0.0,"d50":0.0,"dr50":0.0,"loss50":0.0,"d100":0.0,"dr100":0.0,"loss100":0.0,"d200":0.0,"dr200":0.0,"loss200":0.0,"d500":0.0,"dr500":0.0,"loss500":0.0},"geometry":{"type":"Polygon","coordinates":[[[34.09908806547914,-0.05195193352497305],[34.10447793452086,-0.05195193352497305],[34.10447793452086,-0.046562066475026954],[34.09908806547914,-0.046562066475026954],[34.09908806547914,-0.05195193352497305]]]}},{"type":"Feature","properties":{"id":"NZA-0045","cls":"informal_iron_sheet","area":18,"cost":6000,"tiv":110000.0,"tivCsv":1080000.0,"lat":-0.08886,"lon":34.31424,"where":"KE","d10":0.0,"dr10":0.0,"loss10":0.0,"d20":0.0,"dr20":0.0,"loss20":0.0,"d50":0.0,"dr50":0.0,"loss50":0.0,"d100":0.0,"dr100":0.0,"loss100":0.0,"d200":0.0,"dr200":0.0,"loss200":0.0,"d500":0.0,"dr500":0.0,"loss500":0.0},"geometry":{"type":"Polygon","coordinates":[[[34.31154206323361,-0.09155993352497305],[34.31693193676639,-0.09155993352497305],[34.31693193676639,-0.08617006647502695],[34.31154206323361,-0.08617006647502695],[34.31154206323361,-0.09155993352497305]]]}},{"type":"Feature","properties":{"id":"NZA-0046","cls":"informal_iron_sheet","area":14,"cost":9900,"tiv":140000.0,"tivCsv":1385000.0,"lat":0.54536,"lon":34.65619,"where":"KE","d10":0.0,"dr10":0.0,"loss10":0.0,"d20":0.0,"dr20":0.0,"loss20":0.0,"d50":0.0,"dr50":0.0,"loss50":0.0,"d100":0.0,"dr100":0.0,"loss100":0.0,"d200":0.0,"dr200":0.0,"loss200":0.0,"d500":0.0,"dr500":0.0,"loss500":0.0},"geometry":{"type":"Polygon","coordinates":[[[34.653497944389635,0.5426700664750269],[34.65888805561037,0.5426700664750269],[34.65888805561037,0.5480599335249731],[34.653497944389635,0.5480599335249731],[34.653497944389635,0.5426700664750269]]]}},{"type":"Feature","properties":{"id":"NZA-0047","cls":"permanent_masonry","area":106,"cost":53000,"tiv":5620000.0,"tivCsv":56180000.0,"lat":0.25393,"lon":35.25256,"where":"KE","d10":0.0,"dr10":0.0,"loss10":0.0,"d20":0.0,"dr20":0.0,"loss20":0.0,"d50":0.0,"dr50":0.0,"loss50":0.0,"d100":0.0,"dr100":0.0,"loss100":0.0,"d200":0.0,"dr200":0.0,"loss200":0.0,"d500":0.0,"dr500":0.0,"loss500":0.0},"geometry":{"type":"Polygon","coordinates":[[[35.24986604000826,0.25123406647502694],[35.25525595999174,0.25123406647502694],[35.25525595999174,0.2566239335249731],[35.24986604000826,0.2566239335249731],[35.24986604000826,0.25123406647502694]]]}},{"type":"Feature","properties":{"id":"NZA-0048","cls":"semi_permanent","area":64,"cost":13300,"tiv":850000.0,"tivCsv":8510000.0,"lat":0.98704,"lon":34.29372,"where":"UG","d10":0.0,"dr10":0.0,"loss10":0.0,"d20":0.0,"dr20":0.0,"loss20":0.0,"d50":0.0,"dr50":0.0,"loss50":0.0,"d100":0.0,"dr100":0.0,"loss100":0.0,"d200":0.0,"dr200":0.0,"loss200":0.0,"d500":0.0,"dr500":0.0,"loss500":0.0},"geometry":{"type":"Polygon","coordinates":[[[34.291025666535575,0.9843430664750269],[34.29641633346442,0.9843430664750269],[34.29641633346442,0.989732933524973],[34.291025666535575,0.989732933524973],[34.291025666535575,0.9843430664750269]]]}},{"type":"Feature","properties":{"id":"NZA-0049","cls":"semi_permanent","area":52,"cost":12100,"tiv":630000.0,"tivCsv":6290000.0,"lat":0.89248,"lon":34.7781,"where":"KE","d10":0.0,"dr10":0.0,"loss10":0.0,"d20":0.0,"dr20":0.0,"loss20":0.0,"d50":0.0,"dr50":0.0,"loss50":0.0,"d100":0.0,"dr100":0.0,"loss100":0.0,"d200":0.0,"dr200":0.0,"loss200":0.0,"d500":0.0,"dr500":0.0,"loss500":0.0},"geometry":{"type":"Polygon","coordinates":[[[34.77540473950067,0.889785066475027],[34.78079526049933,0.889785066475027],[34.78079526049933,0.8951749335249731],[34.77540473950067,0.8951749335249731],[34.77540473950067,0.889785066475027]]]}},{"type":"Feature","properties":{"id":"NZA-0050","cls":"permanent_masonry","area":65,"cost":54100,"tiv":3515000.0,"tivCsv":35165000.0,"lat":0.8879,"lon":34.82692,"where":"KE","d10":0.0,"dr10":0.0,"loss10":0.0,"d20":0.0,"dr20":0.0,"loss20":0.0,"d50":0.0,"dr50":0.0,"loss50":0.0,"d100":0.0,"dr100":0.0,"loss100":0.0,"d200":0.0,"dr200":0.0,"loss200":0.0,"d500":0.0,"dr500":0.0,"loss500":0.0},"geometry":{"type":"Polygon","coordinates":[[[34.82422474284613,0.8852080664750269],[34.829615257153876,0.8852080664750269],[34.829615257153876,0.8905979335249731],[34.82422474284613,0.8905979335249731],[34.82422474284613,0.8852080664750269]]]}},{"type":"Feature","properties":{"id":"NZA-0051","cls":"permanent_masonry","area":94,"cost":52200,"tiv":4905000.0,"tivCsv":49070000.0,"lat":0.00243,"lon":34.1806,"where":"KE","d10":0.0,"dr10":0.0,"loss10":0.0,"d20":0.0,"dr20":0.0,"loss20":0.0,"d50":0.0,"dr50":0.0,"loss50":0.0,"d100":0.0,"dr100":0.0,"loss100":0.0,"d200":0.0,"dr200":0.0,"loss200":0.0,"d500":0.0,"dr500":0.0,"loss500":0.0},"geometry":{"type":"Polygon","coordinates":[[[34.1779080664726,-0.0002619335249730509],[34.1832979335274,-0.0002619335249730509],[34.1832979335274,0.005127933524973051],[34.1779080664726,0.005127933524973051],[34.1779080664726,-0.0002619335249730509]]]}},{"type":"Feature","properties":{"id":"NZA-0052","cls":"informal_iron_sheet","area":19,"cost":8100,"tiv":155000.0,"tivCsv":1540000.0,"lat":0.72163,"lon":34.642,"where":"KE","d10":0.0,"dr10":0.0,"loss10":0.0,"d20":0.0,"dr20":0.0,"loss20":0.0,"d50":0.0,"dr50":0.0,"loss50":0.0,"d100":0.0,"dr100":0.0,"loss100":0.0,"d200":0.0,"dr200":0.0,"loss200":0.0,"d500":0.0,"dr500":0.0,"loss500":0.0},"geometry":{"type":"Polygon","coordinates":[[[34.63930485271236,0.718936066475027],[34.64469514728765,0.718936066475027],[34.64469514728765,0.7243259335249731],[34.63930485271236,0.7243259335249731],[34.63930485271236,0.718936066475027]]]}},{"type":"Feature","properties":{"id":"NZA-0053","cls":"informal_iron_sheet","area":14,"cost":8300,"tiv":115000.0,"tivCsv":1160000.0,"lat":0.75315,"lon":35.37067,"where":"KE","d10":0.0,"dr10":0.0,"loss10":0.0,"d20":0.0,"dr20":0.0,"loss20":0.0,"d50":0.0,"dr50":0.0,"loss50":0.0,"d100":0.0,"dr100":0.0,"loss100":0.0,"d200":0.0,"dr200":0.0,"loss200":0.0,"d500":0.0,"dr500":0.0,"loss500":0.0},"geometry":{"type":"Polygon","coordinates":[[[35.36797883363059,0.7504540664750269],[35.373369166369415,0.7504540664750269],[35.373369166369415,0.755843933524973],[35.36797883363059,0.755843933524973],[35.36797883363059,0.7504540664750269]]]}},{"type":"Feature","properties":{"id":"NZA-0054","cls":"permanent_masonry","area":94,"cost":58000,"tiv":5450000.0,"tivCsv":54520000.0,"lat":0.77012,"lon":35.39455,"where":"KE","d10":0.0,"dr10":0.0,"loss10":0.0,"d20":0.0,"dr20":0.0,"loss20":0.0,"d50":0.0,"dr50":0.0,"loss50":0.0,"d100":0.0,"dr100":0.0,"loss100":0.0,"d200":0.0,"dr200":0.0,"loss200":0.0,"d500":0.0,"dr500":0.0,"loss500":0.0},"geometry":{"type":"Polygon","coordinates":[[[35.39185782301612,0.7674280664750269],[35.39724817698389,0.7674280664750269],[35.39724817698389,0.7728179335249731],[35.39185782301612,0.7728179335249731],[35.39185782301612,0.7674280664750269]]]}},{"type":"Feature","properties":{"id":"NZA-0055","cls":"informal_iron_sheet","area":22,"cost":6900,"tiv":150000.0,"tivCsv":1520000.0,"lat":0.53644,"lon":34.42191,"where":"KE","d10":0.0,"dr10":0.0,"loss10":0.0,"d20":0.0,"dr20":0.0,"loss20":0.0,"d50":0.0,"dr50":0.0,"loss50":0.0,"d100":0.0,"dr100":0.0,"loss100":0.0,"d200":0.0,"dr200":0.0,"loss200":0.0,"d500":0.0,"dr500":0.0,"loss500":0.0},"geometry":{"type":"Polygon","coordinates":[[[34.41921894835474,0.533741066475027],[34.42460905164526,0.533741066475027],[34.42460905164526,0.5391309335249731],[34.41921894835474,0.5391309335249731],[34.41921894835474,0.533741066475027]]]}},{"type":"Feature","properties":{"id":"NZA-0056","cls":"semi_permanent","area":30,"cost":8200,"tiv":245000.0,"tivCsv":2460000.0,"lat":0.62561,"lon":35.10123,"where":"KE","d10":0.0,"dr10":0.0,"loss10":0.0,"d20":0.0,"dr20":0.0,"loss20":0.0,"d50":0.0,"dr50":0.0,"loss50":0.0,"d100":0.0,"dr100":0.0,"loss100":0.0,"d200":0.0,"dr200":0.0,"loss200":0.0,"d500":0.0,"dr500":0.0,"loss500":0.0},"geometry":{"type":"Polygon","coordinates":[[[35.098533905817256,0.6229150664750269],[35.10392409418274,0.6229150664750269],[35.10392409418274,0.6283049335249731],[35.098533905817256,0.6283049335249731],[35.098533905817256,0.6229150664750269]]]}},{"type":"Feature","properties":{"id":"NZA-0057","cls":"permanent_masonry","area":231,"cost":52400,"tiv":12105000.0,"tivCsv":121045000.0,"lat":0.84598,"lon":34.26804,"where":"UG","d10":0.0,"dr10":0.0,"loss10":0.0,"d20":0.0,"dr20":0.0,"loss20":0.0,"d50":0.0,"dr50":0.0,"loss50":0.0,"d100":0.0,"dr100":0.0,"loss100":0.0,"d200":0.0,"dr200":0.0,"loss200":0.0,"d500":0.0,"dr500":0.0,"loss500":0.0},"geometry":{"type":"Polygon","coordinates":[[[34.26534077268742,0.8432860664750269],[34.27073122731258,0.8432860664750269],[34.27073122731258,0.8486759335249731],[34.26534077268742,0.8486759335249731],[34.26534077268742,0.8432860664750269]]]}},{"type":"Feature","properties":{"id":"NZA-0058","cls":"concrete_rcc","area":175,"cost":70700,"tiv":12370000.0,"tivCsv":123725000.0,"lat":1.26346,"lon":35.06547,"where":"KE","d10":0.0,"dr10":0.0,"loss10":0.0,"d20":0.0,"dr20":0.0,"loss20":0.0,"d50":0.0,"dr50":0.0,"loss50":0.0,"d100":0.0,"dr100":0.0,"loss100":0.0,"d200":0.0,"dr200":0.0,"loss200":0.0,"d500":0.0,"dr500":0.0,"loss500":0.0},"geometry":{"type":"Polygon","coordinates":[[[35.06277241110816,1.2607660664750269],[35.06816358889184,1.2607660664750269],[35.06816358889184,1.266155933524973],[35.06277241110816,1.266155933524973],[35.06277241110816,1.2607660664750269]]]}},{"type":"Feature","properties":{"id":"NZA-0059","cls":"permanent_masonry","area":85,"cost":46000,"tiv":3910000.0,"tivCsv":39100000.0,"lat":-0.25879,"lon":34.34229,"where":"KE","d10":0.0,"dr10":0.0,"loss10":0.0,"d20":0.0,"dr20":0.0,"loss20":0.0,"d50":0.0,"dr50":0.0,"loss50":0.0,"d100":0.0,"dr100":0.0,"loss100":0.0,"d200":0.0,"dr200":0.0,"loss200":0.0,"d500":0.0,"dr500":0.0,"loss500":0.0},"geometry":{"type":"Polygon","coordinates":[[[34.339591038985446,-0.26148393352497307],[34.344980961014556,-0.26148393352497307],[34.344980961014556,-0.2560940664750269],[34.339591038985446,-0.2560940664750269],[34.339591038985446,-0.26148393352497307]]]}},{"type":"Feature","properties":{"id":"NZA-0060","cls":"informal_iron_sheet","area":21,"cost":8600,"tiv":180000.0,"tivCsv":1805000.0,"lat":0.09303,"lon":35.02411,"where":"KE","d10":0.0,"dr10":0.0,"loss10":0.0,"d20":0.0,"dr20":0.0,"loss20":0.0,"d50":0.0,"dr50":0.0,"loss50":0.0,"d100":0.0,"dr100":0.0,"loss100":0.0,"d200":0.0,"dr200":0.0,"loss200":0.0,"d500":0.0,"dr500":0.0,"loss500":0.0},"geometry":{"type":"Polygon","coordinates":[[[35.021416062922874,0.09033206647502695],[35.02680593707712,0.09033206647502695],[35.02680593707712,0.09572193352497305],[35.021416062922874,0.09572193352497305],[35.021416062922874,0.09033206647502695]]]}},{"type":"Feature","properties":{"id":"NZA-0061","cls":"semi_permanent","area":56,"cost":10700,"tiv":600000.0,"tivCsv":5990000.0,"lat":0.97168,"lon":33.83295,"where":"UG","d10":0.0,"dr10":0.0,"loss10":0.0,"d20":0.0,"dr20":0.0,"loss20":0.0,"d50":0.0,"dr50":0.0,"loss50":0.0,"d100":0.0,"dr100":0.0,"loss100":0.0,"d200":0.0,"dr200":0.0,"loss200":0.0,"d500":0.0,"dr500":0.0,"loss500":0.0},"geometry":{"type":"Polygon","coordinates":[[[33.8302496788845,0.968987066475027],[33.835640321115505,0.968987066475027],[33.835640321115505,0.9743769335249731],[33.8302496788845,0.9743769335249731],[33.8302496788845,0.968987066475027]]]}},{"type":"Feature","properties":{"id":"NZA-0062","cls":"semi_permanent","area":34,"cost":12500,"tiv":425000.0,"tivCsv":4250000.0,"lat":0.62506,"lon":34.04031,"where":"UG","d10":0.0,"dr10":0.0,"loss10":0.0,"d20":0.0,"dr20":0.0,"loss20":0.0,"d50":0.0,"dr50":0.0,"loss50":0.0,"d100":0.0,"dr100":0.0,"loss100":0.0,"d200":0.0,"dr200":0.0,"loss200":0.0,"d500":0.0,"dr500":0.0,"loss500":0.0},"geometry":{"type":"Polygon","coordinates":[[[34.0376159060986,0.6223670664750269],[34.043006093901404,0.6223670664750269],[34.043006093901404,0.6277569335249731],[34.0376159060986,0.6277569335249731],[34.0376159060986,0.6223670664750269]]]}},{"type":"Feature","properties":{"id":"NZA-0063","cls":"concrete_rcc","area":397,"cost":65400,"tiv":25965000.0,"tivCsv":259640000.0,"lat":-0.02037,"lon":34.76843,"where":"KE","d10":0.0,"dr10":0.0,"loss10":0.0,"d20":0.0,"dr20":0.0,"loss20":0.0,"d50":0.0,"dr50":0.0,"loss50":0.0,"d100":0.0,"dr100":0.0,"loss100":0.0,"d200":0.0,"dr200":0.0,"loss200":0.0,"d500":0.0,"dr500":0.0,"loss500":0.0},"geometry":{"type":"Polygon","coordinates":[[[34.76573706630471,-0.02306493352497305],[34.771126933695285,-0.02306493352497305],[34.771126933695285,-0.017675066475026948],[34.76573706630471,-0.017675066475026948],[34.76573706630471,-0.02306493352497305]]]}},{"type":"Feature","properties":{"id":"NZA-0064","cls":"permanent_masonry","area":66,"cost":36600,"tiv":2415000.0,"tivCsv":24155000.0,"lat":0.07617,"lon":34.07026,"where":"KE","d10":0.10999999940395355,"dr10":0.041,"loss10":99015.0,"d20":0.20000000298023224,"dr20":0.075,"loss20":181125.0,"d50":0.28999999165534973,"dr50":0.108,"loss50":260820.0,"d100":0.36000001430511475,"dr100":0.135,"loss100":326025.0,"d200":0.4300000071525574,"dr200":0.161,"loss200":388815.0,"d500":0.5099999904632568,"dr500":0.19,"loss500":458850.0},"geometry":{"type":"Polygon","coordinates":[[[34.067569064093455,0.07347706647502696],[34.07295893590655,0.07347706647502696],[34.07295893590655,0.07886693352497305],[34.067569064093455,0.07886693352497305],[34.067569064093455,0.07347706647502696]]]}},{"type":"Feature","properties":{"id":"NZA-0065","cls":"concrete_rcc","area":251,"cost":79100,"tiv":19855000.0,"tivCsv":198540000.0,"lat":0.82884,"lon":34.20739,"where":"UG","d10":0.0,"dr10":0.0,"loss10":0.0,"d20":0.0,"dr20":0.0,"loss20":0.0,"d50":0.0,"dr50":0.0,"loss50":0.0,"d100":0.0,"dr100":0.0,"loss100":0.0,"d200":0.0,"dr200":0.0,"loss200":0.0,"d500":0.0,"dr500":0.0,"loss500":0.0},"geometry":{"type":"Polygon","coordinates":[[[34.20469978447038,0.826149066475027],[34.21009021552962,0.826149066475027],[34.21009021552962,0.8315389335249731],[34.20469978447038,0.8315389335249731],[34.20469978447038,0.826149066475027]]]}},{"type":"Feature","properties":{"id":"NZA-0066","cls":"permanent_masonry","area":158,"cost":57000,"tiv":9005000.0,"tivCsv":90060000.0,"lat":0.3631,"lon":34.84858,"where":"KE","d10":0.0,"dr10":0.0,"loss10":0.0,"d20":0.0,"dr20":0.0,"loss20":0.0,"d50":0.0,"dr50":0.0,"loss50":0.0,"d100":0.0,"dr100":0.0,"loss100":0.0,"d200":0.0,"dr200":0.0,"loss200":0.0,"d500":0.0,"dr500":0.0,"loss500":0.0},"geometry":{"type":"Polygon","coordinates":[[[34.84588601235907,0.3604020664750269],[34.85127598764094,0.3604020664750269],[34.85127598764094,0.3657919335249731],[34.84588601235907,0.3657919335249731],[34.84588601235907,0.3604020664750269]]]}},{"type":"Feature","properties":{"id":"NZA-0067","cls":"permanent_masonry","area":75,"cost":38900,"tiv":2920000.0,"tivCsv":29175000.0,"lat":0.93991,"lon":34.20169,"where":"UG","d10":0.0,"dr10":0.0,"loss10":0.0,"d20":0.0,"dr20":0.0,"loss20":0.0,"d50":0.0,"dr50":0.0,"loss50":0.0,"d100":0.0,"dr100":0.0,"loss100":0.0,"d200":0.0,"dr200":0.0,"loss200":0.0,"d500":0.0,"dr500":0.0,"loss500":0.0},"geometry":{"type":"Polygon","coordinates":[[[34.19899070382204,0.937212066475027],[34.204381296177964,0.937212066475027],[34.204381296177964,0.9426019335249731],[34.19899070382204,0.9426019335249731],[34.19899070382204,0.937212066475027]]]}},{"type":"Feature","properties":{"id":"NZA-0068","cls":"permanent_masonry","area":61,"cost":52800,"tiv":3220000.0,"tivCsv":32210000.0,"lat":1.22704,"lon":34.24181,"where":"UG","d10":0.0,"dr10":0.0,"loss10":0.0,"d20":0.0,"dr20":0.0,"loss20":0.0,"d50":0.0,"dr50":0.0,"loss50":0.0,"d100":0.0,"dr100":0.0,"loss100":0.0,"d200":0.0,"dr200":0.0,"loss200":0.0,"d500":0.0,"dr500":0.0,"loss500":0.0},"geometry":{"type":"Polygon","coordinates":[[[34.23911544835036,1.224349066475027],[34.244506551649636,1.224349066475027],[34.244506551649636,1.229738933524973],[34.23911544835036,1.229738933524973],[34.23911544835036,1.224349066475027]]]}},{"type":"Feature","properties":{"id":"NZA-0069","cls":"concrete_rcc","area":241,"cost":58600,"tiv":14125000.0,"tivCsv":141225000.0,"lat":0.317,"lon":35.09415,"where":"KE","d10":0.0,"dr10":0.0,"loss10":0.0,"d20":0.0,"dr20":0.0,"loss20":0.0,"d50":0.0,"dr50":0.0,"loss50":0.0,"d100":0.0,"dr100":0.0,"loss100":0.0,"d200":0.0,"dr200":0.0,"loss200":0.0,"d500":0.0,"dr500":0.0,"loss500":0.0},"geometry":{"type":"Polygon","coordinates":[[[35.09145902522708,0.31430706647502693],[35.096848974772925,0.31430706647502693],[35.096848974772925,0.3196969335249731],[35.09145902522708,0.3196969335249731],[35.09145902522708,0.31430706647502693]]]}},{"type":"Feature","properties":{"id":"NZA-0070","cls":"informal_iron_sheet","area":13,"cost":6600,"tiv":85000.0,"tivCsv":860000.0,"lat":1.02598,"lon":33.90014,"where":"UG","d10":0.0,"dr10":0.0,"loss10":0.0,"d20":0.0,"dr20":0.0,"loss20":0.0,"d50":0.0,"dr50":0.0,"loss50":0.0,"d100":0.0,"dr100":0.0,"loss100":0.0,"d200":0.0,"dr200":0.0,"loss200":0.0,"d500":0.0,"dr500":0.0,"loss500":0.0},"geometry":{"type":"Polygon","coordinates":[[[33.89744663435249,1.023283066475027],[33.902837365647514,1.023283066475027],[33.902837365647514,1.0286729335249731],[33.89744663435249,1.0286729335249731],[33.89744663435249,1.023283066475027]]]}},{"type":"Feature","properties":{"id":"NZA-0071","cls":"informal_iron_sheet","area":19,"cost":5700,"tiv":110000.0,"tivCsv":1085000.0,"lat":0.42382,"lon":33.76632,"where":"UG","d10":0.0,"dr10":0.0,"loss10":0.0,"d20":0.0,"dr20":0.0,"loss20":0.0,"d50":0.0,"dr50":0.0,"loss50":0.0,"d100":0.0,"dr100":0.0,"loss100":0.0,"d200":0.0,"dr200":0.0,"loss200":0.0,"d500":0.0,"dr500":0.0,"loss500":0.0},"geometry":{"type":"Polygon","coordinates":[[[33.763623992743405,0.4211290664750269],[33.7690140072566,0.4211290664750269],[33.7690140072566,0.42651893352497305],[33.763623992743405,0.42651893352497305],[33.763623992743405,0.4211290664750269]]]}},{"type":"Feature","properties":{"id":"NZA-0072","cls":"permanent_masonry","area":80,"cost":63100,"tiv":5050000.0,"tivCsv":50480000.0,"lat":0.93747,"lon":35.11178,"where":"KE","d10":0.0,"dr10":0.0,"loss10":0.0,"d20":0.0,"dr20":0.0,"loss20":0.0,"d50":0.0,"dr50":0.0,"loss50":0.0,"d100":0.0,"dr100":0.0,"loss100":0.0,"d200":0.0,"dr200":0.0,"loss200":0.0,"d500":0.0,"dr500":0.0,"loss500":0.0},"geometry":{"type":"Polygon","coordinates":[[[35.109085705703464,0.934771066475027],[35.11447629429654,0.934771066475027],[35.11447629429654,0.9401609335249731],[35.109085705703464,0.9401609335249731],[35.109085705703464,0.934771066475027]]]}},{"type":"Feature","properties":{"id":"NZA-0073","cls":"informal_iron_sheet","area":21,"cost":7000,"tiv":145000.0,"tivCsv":1470000.0,"lat":0.32846,"lon":35.23242,"where":"KE","d10":0.0,"dr10":0.0,"loss10":0.0,"d20":0.0,"dr20":0.0,"loss20":0.0,"d50":0.0,"dr50":0.0,"loss50":0.0,"d100":0.0,"dr100":0.0,"loss100":0.0,"d200":0.0,"dr200":0.0,"loss200":0.0,"d500":0.0,"dr500":0.0,"loss500":0.0},"geometry":{"type":"Polygon","coordinates":[[[35.22972102219188,0.32576306647502695],[35.23511097780812,0.32576306647502695],[35.23511097780812,0.3311529335249731],[35.22972102219188,0.3311529335249731],[35.22972102219188,0.32576306647502695]]]}},{"type":"Feature","properties":{"id":"NZA-0074","cls":"informal_iron_sheet","area":17,"cost":8200,"tiv":140000.0,"tivCsv":1395000.0,"lat":-0.09047,"lon":34.85055,"where":"KE","d10":0.0,"dr10":0.0,"loss10":0.0,"d20":0.0,"dr20":0.0,"loss20":0.0,"d50":0.0,"dr50":0.0,"loss50":0.0,"d100":0.0,"dr100":0.0,"loss100":0.0,"d200":0.0,"dr200":0.0,"loss200":0.0,"d500":0.0,"dr500":0.0,"loss500":0.0},"geometry":{"type":"Polygon","coordinates":[[[34.84785406311539,-0.09316593352497304],[34.85324393688461,-0.09316593352497304],[34.85324393688461,-0.08777606647502695],[34.84785406311539,-0.08777606647502695],[34.84785406311539,-0.09316593352497304]]]}},{"type":"Feature","properties":{"id":"NZA-0075","cls":"informal_iron_sheet","area":10,"cost":8200,"tiv":80000.0,"tivCsv":820000.0,"lat":0.19835,"lon":34.76553,"where":"KE","d10":0.0,"dr10":0.0,"loss10":0.0,"d20":0.0,"dr20":0.0,"loss20":0.0,"d50":0.0,"dr50":0.0,"loss50":0.0,"d100":0.0,"dr100":0.0,"loss100":0.0,"d200":0.0,"dr200":0.0,"loss200":0.0,"d500":0.0,"dr500":0.0,"loss500":0.0},"geometry":{"type":"Polygon","coordinates":[[[34.76284005032561,0.19565906647502695],[34.76822994967439,0.19565906647502695],[34.76822994967439,0.20104893352497305],[34.76284005032561,0.20104893352497305],[34.76284005032561,0.19565906647502695]]]}},{"type":"Feature","properties":{"id":"NZA-0076","cls":"permanent_masonry","area":107,"cost":53800,"tiv":5755000.0,"tivCsv":57565000.0,"lat":0.73988,"lon":35.21499,"where":"KE","d10":0.0,"dr10":0.0,"loss10":0.0,"d20":0.0,"dr20":0.0,"loss20":0.0,"d50":0.0,"dr50":0.0,"loss50":0.0,"d100":0.0,"dr100":0.0,"loss100":0.0,"d200":0.0,"dr200":0.0,"loss200":0.0,"d500":0.0,"dr500":0.0,"loss500":0.0},"geometry":{"type":"Polygon","coordinates":[[[35.21229884176096,0.7371890664750269],[35.21768915823903,0.7371890664750269],[35.21768915823903,0.7425789335249731],[35.21229884176096,0.7425789335249731],[35.21229884176096,0.7371890664750269]]]}},{"type":"Feature","properties":{"id":"NZA-0077","cls":"concrete_rcc","area":221,"cost":79500,"tiv":17570000.0,"tivCsv":175695000.0,"lat":1.22859,"lon":34.60225,"where":"UG","d10":0.0,"dr10":0.0,"loss10":0.0,"d20":0.0,"dr20":0.0,"loss20":0.0,"d50":0.0,"dr50":0.0,"loss50":0.0,"d100":0.0,"dr100":0.0,"loss100":0.0,"d200":0.0,"dr200":0.0,"loss200":0.0,"d500":0.0,"dr500":0.0,"loss500":0.0},"geometry":{"type":"Polygon","coordinates":[[[34.599554446792496,1.2258940664750269],[34.6049455532075,1.2258940664750269],[34.6049455532075,1.231283933524973],[34.599554446792496,1.231283933524973],[34.599554446792496,1.2258940664750269]]]}},{"type":"Feature","properties":{"id":"NZA-0078","cls":"permanent_masonry","area":60,"cost":48100,"tiv":2885000.0,"tivCsv":28860000.0,"lat":0.21761,"lon":33.89497,"where":"UG","d10":0.0,"dr10":0.0,"loss10":0.0,"d20":0.0,"dr20":0.0,"loss20":0.0,"d50":0.0,"dr50":0.0,"loss50":0.0,"d100":0.0,"dr100":0.0,"loss100":0.0,"d200":0.0,"dr200":0.0,"loss200":0.0,"d500":0.0,"dr500":0.0,"loss500":0.0},"geometry":{"type":"Polygon","coordinates":[[[33.892276047037136,0.21491906647502695],[33.89766595296286,0.21491906647502695],[33.89766595296286,0.22030893352497305],[33.892276047037136,0.22030893352497305],[33.892276047037136,0.21491906647502695]]]}},{"type":"Feature","properties":{"id":"NZA-0079","cls":"informal_iron_sheet","area":13,"cost":5900,"tiv":75000.0,"tivCsv":765000.0,"lat":0.52441,"lon":34.33856,"where":"KE","d10":0.0,"dr10":0.0,"loss10":0.0,"d20":0.0,"dr20":0.0,"loss20":0.0,"d50":0.0,"dr50":0.0,"loss50":0.0,"d100":0.0,"dr100":0.0,"loss100":0.0,"d200":0.0,"dr200":0.0,"loss200":0.0,"d500":0.0,"dr500":0.0,"loss500":0.0},"geometry":{"type":"Polygon","coordinates":[[[34.335867953589954,0.521719066475027],[34.34125804641005,0.521719066475027],[34.34125804641005,0.5271089335249731],[34.335867953589954,0.5271089335249731],[34.335867953589954,0.521719066475027]]]}},{"type":"Feature","properties":{"id":"NZA-0080","cls":"permanent_masonry","area":122,"cost":40000,"tiv":4880000.0,"tivCsv":48800000.0,"lat":1.17698,"lon":34.44922,"where":"UG","d10":0.0,"dr10":0.0,"loss10":0.0,"d20":0.0,"dr20":0.0,"loss20":0.0,"d50":0.0,"dr50":0.0,"loss50":0.0,"d100":0.0,"dr100":0.0,"loss100":0.0,"d200":0.0,"dr200":0.0,"loss200":0.0,"d500":0.0,"dr500":0.0,"loss500":0.0},"geometry":{"type":"Polygon","coordinates":[[[34.44652449777062,1.174284066475027],[34.451915502229376,1.174284066475027],[34.451915502229376,1.179673933524973],[34.44652449777062,1.179673933524973],[34.44652449777062,1.174284066475027]]]}},{"type":"Feature","properties":{"id":"NZA-0081","cls":"semi_permanent","area":72,"cost":13100,"tiv":945000.0,"tivCsv":9430000.0,"lat":0.82816,"lon":35.14608,"where":"KE","d10":0.0,"dr10":0.0,"loss10":0.0,"d20":0.0,"dr20":0.0,"loss20":0.0,"d50":0.0,"dr50":0.0,"loss50":0.0,"d100":0.0,"dr100":0.0,"loss100":0.0,"d200":0.0,"dr200":0.0,"loss200":0.0,"d500":0.0,"dr500":0.0,"loss500":0.0},"geometry":{"type":"Polygon","coordinates":[[[35.143384784937716,0.825462066475027],[35.14877521506228,0.825462066475027],[35.14877521506228,0.8308519335249731],[35.143384784937716,0.8308519335249731],[35.143384784937716,0.825462066475027]]]}},{"type":"Feature","properties":{"id":"NZA-0082","cls":"semi_permanent","area":54,"cost":12000,"tiv":650000.0,"tivCsv":6480000.0,"lat":0.12854,"lon":34.73869,"where":"KE","d10":0.0,"dr10":0.0,"loss10":0.0,"d20":0.0,"dr20":0.0,"loss20":0.0,"d50":0.0,"dr50":0.0,"loss50":0.0,"d100":0.0,"dr100":0.0,"loss100":0.0,"d200":0.0,"dr200":0.0,"loss200":0.0,"d500":0.0,"dr500":0.0,"loss500":0.0},"geometry":{"type":"Polygon","coordinates":[[[34.73599305969315,0.12584506647502694],[34.741382940306856,0.12584506647502694],[34.741382940306856,0.13123493352497304],[34.73599305969315,0.13123493352497304],[34.73599305969315,0.12584506647502694]]]}},{"type":"Feature","properties":{"id":"NZA-0083","cls":"semi_permanent","area":32,"cost":10500,"tiv":335000.0,"tivCsv":3360000.0,"lat":0.68522,"lon":33.8107,"where":"UG","d10":0.0,"dr10":0.0,"loss10":0.0,"d20":0.0,"dr20":0.0,"loss20":0.0,"d50":0.0,"dr50":0.0,"loss50":0.0,"d100":0.0,"dr100":0.0,"loss100":0.0,"d200":0.0,"dr200":0.0,"loss200":0.0,"d500":0.0,"dr500":0.0,"loss500":0.0},"geometry":{"type":"Polygon","coordinates":[[[33.80800087374141,0.682524066475027],[33.81339112625859,0.682524066475027],[33.81339112625859,0.6879139335249731],[33.80800087374141,0.6879139335249731],[33.80800087374141,0.682524066475027]]]}},{"type":"Feature","properties":{"id":"NZA-0084","cls":"semi_permanent","area":26,"cost":13800,"tiv":360000.0,"tivCsv":3590000.0,"lat":0.33345,"lon":34.82025,"where":"KE","d10":0.0,"dr10":0.0,"loss10":0.0,"d20":0.0,"dr20":0.0,"loss20":0.0,"d50":0.0,"dr50":0.0,"loss50":0.0,"d100":0.0,"dr100":0.0,"loss100":0.0,"d200":0.0,"dr200":0.0,"loss200":0.0,"d500":0.0,"dr500":0.0,"loss500":0.0},"geometry":{"type":"Polygon","coordinates":[[[34.81755802083449,0.3307590664750269],[34.82294797916551,0.3307590664750269],[34.82294797916551,0.33614893352497305],[34.81755802083449,0.33614893352497305],[34.81755802083449,0.3307590664750269]]]}},{"type":"Feature","properties":{"id":"NZA-0085","cls":"concrete_rcc","area":516,"cost":50800,"tiv":26215000.0,"tivCsv":262130000.0,"lat":-0.17004,"lon":35.13026,"where":"KE","d10":0.0,"dr10":0.0,"loss10":0.0,"d20":0.0,"dr20":0.0,"loss20":0.0,"d50":0.0,"dr50":0.0,"loss50":0.0,"d100":0.0,"dr100":0.0,"loss100":0.0,"d200":0.0,"dr200":0.0,"loss200":0.0,"d500":0.0,"dr500":0.0,"loss500":0.0},"geometry":{"type":"Polygon","coordinates":[[[35.12756905460719,-0.17273393352497304],[35.1329589453928,-0.17273393352497304],[35.1329589453928,-0.16734406647502695],[35.12756905460719,-0.16734406647502695],[35.12756905460719,-0.17273393352497304]]]}},{"type":"Feature","properties":{"id":"NZA-0086","cls":"informal_iron_sheet","area":17,"cost":5200,"tiv":90000.0,"tivCsv":885000.0,"lat":0.41003,"lon":33.84135,"where":"UG","d10":0.0,"dr10":0.0,"loss10":0.0,"d20":0.0,"dr20":0.0,"loss20":0.0,"d50":0.0,"dr50":0.0,"loss50":0.0,"d100":0.0,"dr100":0.0,"loss100":0.0,"d200":0.0,"dr200":0.0,"loss200":0.0,"d500":0.0,"dr500":0.0,"loss500":0.0},"geometry":{"type":"Polygon","coordinates":[[[33.838650997463475,0.40733906647502693],[33.84404100253653,0.40733906647502693],[33.84404100253653,0.4127289335249731],[33.838650997463475,0.4127289335249731],[33.838650997463475,0.40733906647502693]]]}},{"type":"Feature","properties":{"id":"NZA-0087","cls":"permanent_masonry","area":88,"cost":49100,"tiv":4320000.0,"tivCsv":43210000.0,"lat":1.27022,"lon":35.26044,"where":"KE","d10":0.0,"dr10":0.0,"loss10":0.0,"d20":0.0,"dr20":0.0,"loss20":0.0,"d50":0.0,"dr50":0.0,"loss50":0.0,"d100":0.0,"dr100":0.0,"loss100":0.0,"d200":0.0,"dr200":0.0,"loss200":0.0,"d500":0.0,"dr500":0.0,"loss500":0.0},"geometry":{"type":"Polygon","coordinates":[[[35.25773940407503,1.267526066475027],[35.26313059592497,1.267526066475027],[35.26313059592497,1.2729159335249731],[35.25773940407503,1.2729159335249731],[35.25773940407503,1.267526066475027]]]}},{"type":"Feature","properties":{"id":"NZA-0088","cls":"informal_iron_sheet","area":18,"cost":5400,"tiv":95000.0,"tivCsv":970000.0,"lat":0.76544,"lon":33.80876,"where":"UG","d10":0.0,"dr10":0.0,"loss10":0.0,"d20":0.0,"dr20":0.0,"loss20":0.0,"d50":0.0,"dr50":0.0,"loss50":0.0,"d100":0.0,"dr100":0.0,"loss100":0.0,"d200":0.0,"dr200":0.0,"loss200":0.0,"d500":0.0,"dr500":0.0,"loss500":0.0},"geometry":{"type":"Polygon","coordinates":[[[33.806067825970715,0.7627410664750269],[33.81145817402928,0.7627410664750269],[33.81145817402928,0.7681309335249731],[33.806067825970715,0.7681309335249731],[33.806067825970715,0.7627410664750269]]]}},{"type":"Feature","properties":{"id":"NZA-0089","cls":"informal_iron_sheet","area":11,"cost":7600,"tiv":85000.0,"tivCsv":835000.0,"lat":0.70137,"lon":34.8772,"where":"KE","d10":0.0,"dr10":0.0,"loss10":0.0,"d20":0.0,"dr20":0.0,"loss20":0.0,"d50":0.0,"dr50":0.0,"loss50":0.0,"d100":0.0,"dr100":0.0,"loss100":0.0,"d200":0.0,"dr200":0.0,"loss200":0.0,"d500":0.0,"dr500":0.0,"loss500":0.0},"geometry":{"type":"Polygon","coordinates":[[[34.8745038645452,0.6986800664750269],[34.8798941354548,0.6986800664750269],[34.8798941354548,0.704069933524973],[34.8745038645452,0.704069933524973],[34.8745038645452,0.6986800664750269]]]}},{"type":"Feature","properties":{"id":"NZA-0090","cls":"concrete_rcc","area":363,"cost":56200,"tiv":20400000.0,"tivCsv":204005000.0,"lat":0.6486,"lon":34.32347,"where":"KE","d10":0.0,"dr10":0.0,"loss10":0.0,"d20":0.0,"dr20":0.0,"loss20":0.0,"d50":0.0,"dr50":0.0,"loss50":0.0,"d100":0.0,"dr100":0.0,"loss100":0.0,"d200":0.0,"dr200":0.0,"loss200":0.0,"d500":0.0,"dr500":0.0,"loss500":0.0},"geometry":{"type":"Polygon","coordinates":[[[34.32077489379458,0.645900066475027],[34.32616510620542,0.645900066475027],[34.32616510620542,0.6512899335249731],[34.32077489379458,0.6512899335249731],[34.32077489379458,0.645900066475027]]]}},{"type":"Feature","properties":{"id":"NZA-0091","cls":"semi_permanent","area":23,"cost":11900,"tiv":275000.0,"tivCsv":2735000.0,"lat":1.1163,"lon":34.55581,"where":"UG","d10":0.0,"dr10":0.0,"loss10":0.0,"d20":0.0,"dr20":0.0,"loss20":0.0,"d50":0.0,"dr50":0.0,"loss50":0.0,"d100":0.0,"dr100":0.0,"loss100":0.0,"d200":0.0,"dr200":0.0,"loss200":0.0,"d500":0.0,"dr500":0.0,"loss500":0.0},"geometry":{"type":"Polygon","coordinates":[[[34.55311655490615,1.113606066475027],[34.55850744509386,1.113606066475027],[34.55850744509386,1.118995933524973],[34.55311655490615,1.118995933524973],[34.55311655490615,1.113606066475027]]]}},{"type":"Feature","properties":{"id":"NZA-0092","cls":"semi_permanent","area":58,"cost":8100,"tiv":470000.0,"tivCsv":4700000.0,"lat":0.36743,"lon":33.99834,"where":"UG","d10":0.0,"dr10":0.0,"loss10":0.0,"d20":0.0,"dr20":0.0,"loss20":0.0,"d50":0.0,"dr50":0.0,"loss50":0.0,"d100":0.0,"dr100":0.0,"loss100":0.0,"d200":0.0,"dr200":0.0,"loss200":0.0,"d500":0.0,"dr500":0.0,"loss500":0.0},"geometry":{"type":"Polygon","coordinates":[[[33.99564301106036,0.3647330664750269],[34.001032988939635,0.3647330664750269],[34.001032988939635,0.37012293352497305],[33.99564301106036,0.37012293352497305],[33.99564301106036,0.3647330664750269]]]}},{"type":"Feature","properties":{"id":"NZA-0093","cls":"permanent_masonry","area":81,"cost":53900,"tiv":4365000.0,"tivCsv":43660000.0,"lat":-0.23332,"lon":33.99412,"where":"LAKE","d10":0.47999998927116394,"dr10":0.18,"loss10":785700.0,"d20":0.5299999713897705,"dr20":0.195,"loss20":851175.0,"d50":0.5899999737739563,"dr50":0.211,"loss50":921015.0,"d100":0.6299999952316284,"dr100":0.222,"loss100":969030.0,"d200":0.6600000262260437,"dr200":0.23,"loss200":1003950.0,"d500":0.7099999785423279,"dr500":0.243,"loss500":1060695.0},"geometry":{"type":"Polygon","coordinates":[[[33.99142304412929,-0.23601893352497305],[33.99681295587071,-0.23601893352497305],[33.99681295587071,-0.23062906647502696],[33.99142304412929,-0.23062906647502696],[33.99142304412929,-0.23601893352497305]]]}},{"type":"Feature","properties":{"id":"NZA-0094","cls":"semi_permanent","area":41,"cost":8900,"tiv":365000.0,"tivCsv":3650000.0,"lat":0.30929,"lon":34.18254,"where":"KE","d10":0.0,"dr10":0.0,"loss10":0.0,"d20":0.0,"dr20":0.0,"loss20":0.0,"d50":0.0,"dr50":0.0,"loss50":0.0,"d100":0.0,"dr100":0.0,"loss100":0.0,"d200":0.0,"dr200":0.0,"loss200":0.0,"d500":0.0,"dr500":0.0,"loss500":0.0},"geometry":{"type":"Polygon","coordinates":[[[34.17984002720964,0.30659506647502693],[34.18522997279036,0.30659506647502693],[34.18522997279036,0.3119849335249731],[34.17984002720964,0.3119849335249731],[34.17984002720964,0.30659506647502693]]]}},{"type":"Feature","properties":{"id":"NZA-0095","cls":"permanent_masonry","area":76,"cost":58000,"tiv":4410000.0,"tivCsv":44080000.0,"lat":-0.27425,"lon":35.05646,"where":"KE","d10":0.0,"dr10":0.0,"loss10":0.0,"d20":0.0,"dr20":0.0,"loss20":0.0,"d50":0.0,"dr50":0.0,"loss50":0.0,"d100":0.0,"dr100":0.0,"loss100":0.0,"d200":0.0,"dr200":0.0,"loss200":0.0,"d500":0.0,"dr500":0.0,"loss500":0.0},"geometry":{"type":"Polygon","coordinates":[[[35.05376603560196,-0.2769479335249731],[35.05915596439804,-0.2769479335249731],[35.05915596439804,-0.27155806647502695],[35.05376603560196,-0.27155806647502695],[35.05376603560196,-0.2769479335249731]]]}},{"type":"Feature","properties":{"id":"NZA-0096","cls":"semi_permanent","area":31,"cost":12600,"tiv":390000.0,"tivCsv":3905000.0,"lat":0.55448,"lon":35.12163,"where":"KE","d10":0.0,"dr10":0.0,"loss10":0.0,"d20":0.0,"dr20":0.0,"loss20":0.0,"d50":0.0,"dr50":0.0,"loss50":0.0,"d100":0.0,"dr100":0.0,"loss100":0.0,"d200":0.0,"dr200":0.0,"loss200":0.0,"d500":0.0,"dr500":0.0,"loss500":0.0},"geometry":{"type":"Polygon","coordinates":[[[35.118939940274394,0.5517850664750269],[35.1243300597256,0.5517850664750269],[35.1243300597256,0.557174933524973],[35.118939940274394,0.557174933524973],[35.118939940274394,0.5517850664750269]]]}},{"type":"Feature","properties":{"id":"NZA-0097","cls":"semi_permanent","area":36,"cost":9800,"tiv":355000.0,"tivCsv":3530000.0,"lat":1.13978,"lon":35.04519,"where":"KE","d10":0.0,"dr10":0.0,"loss10":0.0,"d20":0.0,"dr20":0.0,"loss20":0.0,"d50":0.0,"dr50":0.0,"loss50":0.0,"d100":0.0,"dr100":0.0,"loss100":0.0,"d200":0.0,"dr200":0.0,"loss200":0.0,"d500":0.0,"dr500":0.0,"loss500":0.0},"geometry":{"type":"Polygon","coordinates":[[[35.042497533156734,1.137085066475027],[35.04788846684326,1.137085066475027],[35.04788846684326,1.142474933524973],[35.042497533156734,1.142474933524973],[35.042497533156734,1.137085066475027]]]}},{"type":"Feature","properties":{"id":"NZA-0098","cls":"semi_permanent","area":34,"cost":9300,"tiv":315000.0,"tivCsv":3160000.0,"lat":0.28721,"lon":34.27235,"where":"KE","d10":0.0,"dr10":0.0,"loss10":0.0,"d20":0.0,"dr20":0.0,"loss20":0.0,"d50":0.0,"dr50":0.0,"loss50":0.0,"d100":0.0,"dr100":0.0,"loss100":0.0,"d200":0.0,"dr200":0.0,"loss200":0.0,"d500":0.0,"dr500":0.0,"loss500":0.0},"geometry":{"type":"Polygon","coordinates":[[[34.269651032616316,0.28451306647502694],[34.27504096738368,0.28451306647502694],[34.27504096738368,0.2899029335249731],[34.269651032616316,0.2899029335249731],[34.269651032616316,0.28451306647502694]]]}},{"type":"Feature","properties":{"id":"NZA-0099","cls":"semi_permanent","area":36,"cost":13600,"tiv":490000.0,"tivCsv":4895000.0,"lat":0.46617,"lon":34.27898,"where":"KE","d10":0.0,"dr10":0.0,"loss10":0.0,"d20":0.0,"dr20":0.0,"loss20":0.0,"d50":0.0,"dr50":0.0,"loss50":0.0,"d100":0.0,"dr100":0.0,"loss100":0.0,"d200":0.0,"dr200":0.0,"loss200":0.0,"d500":0.0,"dr500":0.0,"loss500":0.0},"geometry":{"type":"Polygon","coordinates":[[[34.276279977274804,0.46347106647502695],[34.2816700227252,0.46347106647502695],[34.2816700227252,0.4688609335249731],[34.276279977274804,0.4688609335249731],[34.276279977274804,0.46347106647502695]]]}},{"type":"Feature","properties":{"id":"NZA-0100","cls":"semi_permanent","area":20,"cost":10600,"tiv":210000.0,"tivCsv":2120000.0,"lat":1.00521,"lon":34.45856,"where":"UG","d10":0.0,"dr10":0.0,"loss10":0.0,"d20":0.0,"dr20":0.0,"loss20":0.0,"d50":0.0,"dr50":0.0,"loss50":0.0,"d100":0.0,"dr100":0.0,"loss100":0.0,"d200":0.0,"dr200":0.0,"loss200":0.0,"d500":0.0,"dr500":0.0,"loss500":0.0},"geometry":{"type":"Polygon","coordinates":[[[34.45586865167431,1.0025120664750269],[34.4612593483257,1.0025120664750269],[34.4612593483257,1.007901933524973],[34.45586865167431,1.007901933524973],[34.45586865167431,1.0025120664750269]]]}},{"type":"Feature","properties":{"id":"NZA-0101","cls":"permanent_masonry","area":47,"cost":50700,"tiv":2385000.0,"tivCsv":23830000.0,"lat":0.93737,"lon":33.9658,"where":"UG","d10":0.0,"dr10":0.0,"loss10":0.0,"d20":0.0,"dr20":0.0,"loss20":0.0,"d50":0.0,"dr50":0.0,"loss50":0.0,"d100":0.0,"dr100":0.0,"loss100":0.0,"d200":0.0,"dr200":0.0,"loss200":0.0,"d500":0.0,"dr500":0.0,"loss500":0.0},"geometry":{"type":"Polygon","coordinates":[[[33.96310470577582,0.9346770664750269],[33.968495294224184,0.9346770664750269],[33.968495294224184,0.9400669335249731],[33.96310470577582,0.9400669335249731],[33.96310470577582,0.9346770664750269]]]}},{"type":"Feature","properties":{"id":"NZA-0102","cls":"informal_iron_sheet","area":13,"cost":7200,"tiv":95000.0,"tivCsv":935000.0,"lat":0.10866,"lon":34.35778,"where":"KE","d10":0.0,"dr10":0.0,"loss10":0.0,"d20":0.0,"dr20":0.0,"loss20":0.0,"d50":0.0,"dr50":0.0,"loss50":0.0,"d100":0.0,"dr100":0.0,"loss100":0.0,"d200":0.0,"dr200":0.0,"loss200":0.0,"d500":0.0,"dr500":0.0,"loss500":0.0},"geometry":{"type":"Polygon","coordinates":[[[34.355084061628254,0.10597006647502695],[34.36047393837175,0.10597006647502695],[34.36047393837175,0.11135993352497305],[34.355084061628254,0.11135993352497305],[34.355084061628254,0.10597006647502695]]]}},{"type":"Feature","properties":{"id":"NZA-0103","cls":"concrete_rcc","area":270,"cost":53000,"tiv":14310000.0,"tivCsv":143100000.0,"lat":1.26837,"lon":34.63103,"where":"UG","d10":0.0,"dr10":0.0,"loss10":0.0,"d20":0.0,"dr20":0.0,"loss20":0.0,"d50":0.0,"dr50":0.0,"loss50":0.0,"d100":0.0,"dr100":0.0,"loss100":0.0,"d200":0.0,"dr200":0.0,"loss200":0.0,"d500":0.0,"dr500":0.0,"loss500":0.0},"geometry":{"type":"Polygon","coordinates":[[[34.62833340600247,1.265677066475027],[34.63372459399753,1.265677066475027],[34.63372459399753,1.2710669335249731],[34.62833340600247,1.2710669335249731],[34.62833340600247,1.265677066475027]]]}},{"type":"Feature","properties":{"id":"NZA-0104","cls":"semi_permanent","area":34,"cost":10700,"tiv":365000.0,"tivCsv":3640000.0,"lat":0.84155,"lon":34.19911,"where":"UG","d10":0.0,"dr10":0.0,"loss10":0.0,"d20":0.0,"dr20":0.0,"loss20":0.0,"d50":0.0,"dr50":0.0,"loss50":0.0,"d100":0.0,"dr100":0.0,"loss100":0.0,"d200":0.0,"dr200":0.0,"loss200":0.0,"d500":0.0,"dr500":0.0,"loss500":0.0},"geometry":{"type":"Polygon","coordinates":[[[34.19641777575787,0.8388540664750269],[34.20180822424212,0.8388540664750269],[34.20180822424212,0.8442439335249731],[34.19641777575787,0.8442439335249731],[34.19641777575787,0.8388540664750269]]]}},{"type":"Feature","properties":{"id":"NZA-0105","cls":"permanent_masonry","area":75,"cost":42600,"tiv":3195000.0,"tivCsv":31950000.0,"lat":-0.08525,"lon":33.98268,"where":"LAKE","d10":0.36000001430511475,"dr10":0.135,"loss10":431325.0,"d20":0.4099999964237213,"dr20":0.153,"loss20":488835.0,"d50":0.4699999988079071,"dr50":0.176,"loss50":562320.0,"d100":0.5099999904632568,"dr100":0.19,"loss100":607050.0,"d200":0.550000011920929,"dr200":0.2,"loss200":639000.0,"d500":0.6100000143051147,"dr500":0.217,"loss500":693315.0},"geometry":{"type":"Polygon","coordinates":[[[33.97998806349211,-0.08794293352497305],[33.985377936507895,-0.08794293352497305],[33.985377936507895,-0.08255306647502696],[33.97998806349211,-0.08255306647502696],[33.97998806349211,-0.08794293352497305]]]}},{"type":"Feature","properties":{"id":"NZA-0106","cls":"informal_iron_sheet","area":27,"cost":9200,"tiv":250000.0,"tivCsv":2485000.0,"lat":-0.03272,"lon":33.84971,"where":"LAKE","d10":0.46000000834465027,"dr10":0.28,"loss10":70000.0,"d20":0.5,"dr20":0.299,"loss20":74750.0,"d50":0.5600000023841858,"dr50":0.328,"loss50":82000.0,"d100":0.6000000238418579,"dr100":0.347,"loss100":86750.0,"d200":0.6399999856948853,"dr200":0.366,"loss200":91500.0,"d500":0.6800000071525574,"dr500":0.385,"loss500":96250.0},"geometry":{"type":"Polygon","coordinates":[[[33.84701006603551,-0.03541793352497305],[33.85239993396449,-0.03541793352497305],[33.85239993396449,-0.03002806647502695],[33.84701006603551,-0.03002806647502695],[33.84701006603551,-0.03541793352497305]]]}},{"type":"Feature","properties":{"id":"NZA-0107","cls":"informal_iron_sheet","area":13,"cost":6700,"tiv":85000.0,"tivCsv":870000.0,"lat":0.02542,"lon":34.47149,"where":"KE","d10":0.0,"dr10":0.0,"loss10":0.0,"d20":0.0,"dr20":0.0,"loss20":0.0,"d50":0.0,"dr50":0.0,"loss50":0.0,"d100":0.0,"dr100":0.0,"loss100":0.0,"d200":0.0,"dr200":0.0,"loss200":0.0,"d500":0.0,"dr500":0.0,"loss500":0.0},"geometry":{"type":"Polygon","coordinates":[[[34.46879706620988,0.02272106647502695],[34.474186933790115,0.02272106647502695],[34.474186933790115,0.028110933524973052],[34.46879706620988,0.028110933524973052],[34.46879706620988,0.02272106647502695]]]}},{"type":"Feature","properties":{"id":"NZA-0108","cls":"semi_permanent","area":45,"cost":8600,"tiv":385000.0,"tivCsv":3870000.0,"lat":1.23272,"lon":34.60032,"where":"UG","d10":0.0,"dr10":0.0,"loss10":0.0,"d20":0.0,"dr20":0.0,"loss20":0.0,"d50":0.0,"dr50":0.0,"loss50":0.0,"d100":0.0,"dr100":0.0,"loss100":0.0,"d200":0.0,"dr200":0.0,"loss200":0.0,"d500":0.0,"dr500":0.0,"loss500":0.0},"geometry":{"type":"Polygon","coordinates":[[[34.59762744261948,1.230023066475027],[34.60301855738052,1.230023066475027],[34.60301855738052,1.235412933524973],[34.59762744261948,1.235412933524973],[34.59762744261948,1.230023066475027]]]}},{"type":"Feature","properties":{"id":"NZA-0109","cls":"semi_permanent","area":23,"cost":13800,"tiv":315000.0,"tivCsv":3175000.0,"lat":0.91503,"lon":34.22068,"where":"UG","d10":0.0,"dr10":0.0,"loss10":0.0,"d20":0.0,"dr20":0.0,"loss20":0.0,"d50":0.0,"dr50":0.0,"loss50":0.0,"d100":0.0,"dr100":0.0,"loss100":0.0,"d200":0.0,"dr200":0.0,"loss200":0.0,"d500":0.0,"dr500":0.0,"loss500":0.0},"geometry":{"type":"Polygon","coordinates":[[[34.2179817227663,0.912336066475027],[34.22337227723371,0.912336066475027],[34.22337227723371,0.9177259335249731],[34.2179817227663,0.9177259335249731],[34.2179817227663,0.912336066475027]]]}},{"type":"Feature","properties":{"id":"NZA-0110","cls":"informal_iron_sheet","area":15,"cost":5100,"tiv":75000.0,"tivCsv":765000.0,"lat":1.2513,"lon":33.71429,"where":"UG","d10":0.0,"dr10":0.0,"loss10":0.0,"d20":0.0,"dr20":0.0,"loss20":0.0,"d50":0.0,"dr50":0.0,"loss50":0.0,"d100":0.0,"dr100":0.0,"loss100":0.0,"d200":0.0,"dr200":0.0,"loss200":0.0,"d500":0.0,"dr500":0.0,"loss500":0.0},"geometry":{"type":"Polygon","coordinates":[[[33.711594423661836,1.248609066475027],[33.71698557633816,1.248609066475027],[33.71698557633816,1.253998933524973],[33.711594423661836,1.253998933524973],[33.711594423661836,1.248609066475027]]]}},{"type":"Feature","properties":{"id":"NZA-0111","cls":"informal_iron_sheet","area":12,"cost":5400,"tiv":65000.0,"tivCsv":650000.0,"lat":1.05471,"lon":34.50198,"where":"KE","d10":0.0,"dr10":0.0,"loss10":0.0,"d20":0.0,"dr20":0.0,"loss20":0.0,"d50":0.0,"dr50":0.0,"loss50":0.0,"d100":0.0,"dr100":0.0,"loss100":0.0,"d200":0.0,"dr200":0.0,"loss200":0.0,"d500":0.0,"dr500":0.0,"loss500":0.0},"geometry":{"type":"Polygon","coordinates":[[[34.49928560980478,1.052018066475027],[34.50467639019522,1.052018066475027],[34.50467639019522,1.057407933524973],[34.49928560980478,1.057407933524973],[34.49928560980478,1.052018066475027]]]}},{"type":"Feature","properties":{"id":"NZA-0112","cls":"informal_iron_sheet","area":13,"cost":9300,"tiv":120000.0,"tivCsv":1210000.0,"lat":0.53479,"lon":35.32162,"where":"KE","d10":0.0,"dr10":0.0,"loss10":0.0,"d20":0.0,"dr20":0.0,"loss20":0.0,"d50":0.0,"dr50":0.0,"loss50":0.0,"d100":0.0,"dr100":0.0,"loss100":0.0,"d200":0.0,"dr200":0.0,"loss200":0.0,"d500":0.0,"dr500":0.0,"loss500":0.0},"geometry":{"type":"Polygon","coordinates":[[[35.3189209490781,0.5320960664750269],[35.3243110509219,0.5320960664750269],[35.3243110509219,0.5374859335249731],[35.3189209490781,0.5374859335249731],[35.3189209490781,0.5320960664750269]]]}},{"type":"Feature","properties":{"id":"NZA-0113","cls":"permanent_masonry","area":218,"cost":51700,"tiv":11270000.0,"tivCsv":112705000.0,"lat":1.07365,"lon":34.68474,"where":"KE","d10":0.0,"dr10":0.0,"loss10":0.0,"d20":0.0,"dr20":0.0,"loss20":0.0,"d50":0.0,"dr50":0.0,"loss50":0.0,"d100":0.0,"dr100":0.0,"loss100":0.0,"d200":0.0,"dr200":0.0,"loss200":0.0,"d500":0.0,"dr500":0.0,"loss500":0.0},"geometry":{"type":"Polygon","coordinates":[[[34.68204059325996,1.070951066475027],[34.68743140674004,1.070951066475027],[34.68743140674004,1.0763409335249732],[34.68204059325996,1.0763409335249732],[34.68204059325996,1.070951066475027]]]}},{"type":"Feature","properties":{"id":"NZA-0114","cls":"semi_permanent","area":30,"cost":12800,"tiv":385000.0,"tivCsv":3840000.0,"lat":0.14896,"lon":34.51433,"where":"KE","d10":0.0,"dr10":0.0,"loss10":0.0,"d20":0.0,"dr20":0.0,"loss20":0.0,"d50":0.0,"dr50":0.0,"loss50":0.0,"d100":0.0,"dr100":0.0,"loss100":0.0,"d200":0.0,"dr200":0.0,"loss200":0.0,"d500":0.0,"dr500":0.0,"loss500":0.0},"geometry":{"type":"Polygon","coordinates":[[[34.511633057366616,0.14627006647502694],[34.51702294263338,0.14627006647502694],[34.51702294263338,0.15165993352497303],[34.511633057366616,0.15165993352497303],[34.511633057366616,0.14627006647502694]]]}},{"type":"Feature","properties":{"id":"NZA-0115","cls":"permanent_masonry","area":80,"cost":42900,"tiv":3430000.0,"tivCsv":34320000.0,"lat":0.74054,"lon":34.47181,"where":"KE","d10":0.0,"dr10":0.0,"loss10":0.0,"d20":0.0,"dr20":0.0,"loss20":0.0,"d50":0.0,"dr50":0.0,"loss50":0.0,"d100":0.0,"dr100":0.0,"loss100":0.0,"d200":0.0,"dr200":0.0,"loss200":0.0,"d500":0.0,"dr500":0.0,"loss500":0.0},"geometry":{"type":"Polygon","coordinates":[[[34.469117841365325,0.737840066475027],[34.47450815863467,0.737840066475027],[34.47450815863467,0.7432299335249731],[34.469117841365325,0.7432299335249731],[34.469117841365325,0.737840066475027]]]}},{"type":"Feature","properties":{"id":"NZA-0116","cls":"semi_permanent","area":37,"cost":15900,"tiv":590000.0,"tivCsv":5885000.0,"lat":0.78017,"lon":34.26212,"where":"UG","d10":0.0,"dr10":0.0,"loss10":0.0,"d20":0.0,"dr20":0.0,"loss20":0.0,"d50":0.0,"dr50":0.0,"loss50":0.0,"d100":0.0,"dr100":0.0,"loss100":0.0,"d200":0.0,"dr200":0.0,"loss200":0.0,"d500":0.0,"dr500":0.0,"loss500":0.0},"geometry":{"type":"Polygon","coordinates":[[[34.25942781661867,0.7774800664750269],[34.26481818338134,0.7774800664750269],[34.26481818338134,0.782869933524973],[34.25942781661867,0.782869933524973],[34.25942781661867,0.7774800664750269]]]}},{"type":"Feature","properties":{"id":"NZA-0117","cls":"concrete_rcc","area":860,"cost":51800,"tiv":44550000.0,"tivCsv":445480000.0,"lat":0.95021,"lon":34.70742,"where":"KE","d10":0.0,"dr10":0.0,"loss10":0.0,"d20":0.0,"dr20":0.0,"loss20":0.0,"d50":0.0,"dr50":0.0,"loss50":0.0,"d100":0.0,"dr100":0.0,"loss100":0.0,"d200":0.0,"dr200":0.0,"loss200":0.0,"d500":0.0,"dr500":0.0,"loss500":0.0},"geometry":{"type":"Polygon","coordinates":[[[34.70472369582694,0.9475150664750269],[34.71011430417306,0.9475150664750269],[34.71011430417306,0.9529049335249731],[34.70472369582694,0.9529049335249731],[34.70472369582694,0.9475150664750269]]]}},{"type":"Feature","properties":{"id":"NZA-0118","cls":"semi_permanent","area":27,"cost":13600,"tiv":365000.0,"tivCsv":3670000.0,"lat":1.06437,"lon":34.02617,"where":"UG","d10":0.0,"dr10":0.0,"loss10":0.0,"d20":0.0,"dr20":0.0,"loss20":0.0,"d50":0.0,"dr50":0.0,"loss50":0.0,"d100":0.0,"dr100":0.0,"loss100":0.0,"d200":0.0,"dr200":0.0,"loss200":0.0,"d500":0.0,"dr500":0.0,"loss500":0.0},"geometry":{"type":"Polygon","coordinates":[[[34.02347160139921,1.0616790664750269],[34.02886239860079,1.0616790664750269],[34.02886239860079,1.067068933524973],[34.02347160139921,1.067068933524973],[34.02347160139921,1.0616790664750269]]]}},{"type":"Feature","properties":{"id":"NZA-0119","cls":"informal_iron_sheet","area":28,"cost":9800,"tiv":275000.0,"tivCsv":2745000.0,"lat":1.16656,"lon":35.2172,"where":"KE","d10":0.0,"dr10":0.0,"loss10":0.0,"d20":0.0,"dr20":0.0,"loss20":0.0,"d50":0.0,"dr50":0.0,"loss50":0.0,"d100":0.0,"dr100":0.0,"loss100":0.0,"d200":0.0,"dr200":0.0,"loss200":0.0,"d500":0.0,"dr500":0.0,"loss500":0.0},"geometry":{"type":"Polygon","coordinates":[[[35.21450050779459,1.163867066475027],[35.21989149220541,1.163867066475027],[35.21989149220541,1.1692569335249732],[35.21450050779459,1.1692569335249732],[35.21450050779459,1.163867066475027]]]}},{"type":"Feature","properties":{"id":"NZA-0120","cls":"concrete_rcc","area":214,"cost":52800,"tiv":11300000.0,"tivCsv":112990000.0,"lat":-0.11675,"lon":34.47144,"where":"KE","d10":0.0,"dr10":0.0,"loss10":0.0,"d20":0.0,"dr20":0.0,"loss20":0.0,"d50":0.0,"dr50":0.0,"loss50":0.0,"d100":0.0,"dr100":0.0,"loss100":0.0,"d200":0.0,"dr200":0.0,"loss200":0.0,"d500":0.0,"dr500":0.0,"loss500":0.0},"geometry":{"type":"Polygon","coordinates":[[[34.46874706088058,-0.11944093352497305],[34.474136939119425,-0.11944093352497305],[34.474136939119425,-0.11405106647502695],[34.46874706088058,-0.11405106647502695],[34.46874706088058,-0.11944093352497305]]]}},{"type":"Feature","properties":{"id":"NZA-0121","cls":"informal_iron_sheet","area":15,"cost":8900,"tiv":135000.0,"tivCsv":1335000.0,"lat":-0.27318,"lon":34.83223,"where":"LAKE","d10":0.7799999713897705,"dr10":0.431,"loss10":58185.0,"d20":0.8999999761581421,"dr20":0.487,"loss20":65745.0,"d50":1.0299999713897705,"dr50":0.534,"loss50":72090.0,"d100":1.1200000047683716,"dr100":0.563,"loss100":76005.0,"d200":1.2000000476837158,"dr200":0.588,"loss200":79380.0,"d500":1.2899999618530273,"dr500":0.615,"loss500":83025.0},"geometry":{"type":"Polygon","coordinates":[[[34.82953303584397,-0.27587093352497305],[34.83492296415603,-0.27587093352497305],[34.83492296415603,-0.2704810664750269],[34.82953303584397,-0.2704810664750269],[34.82953303584397,-0.27587093352497305]]]}},{"type":"Feature","properties":{"id":"NZA-0122","cls":"permanent_masonry","area":83,"cost":39400,"tiv":3270000.0,"tivCsv":32700000.0,"lat":0.39369,"lon":33.80806,"where":"UG","d10":0.0,"dr10":0.0,"loss10":0.0,"d20":0.0,"dr20":0.0,"loss20":0.0,"d50":0.0,"dr50":0.0,"loss50":0.0,"d100":0.0,"dr100":0.0,"loss100":0.0,"d200":0.0,"dr200":0.0,"loss200":0.0,"d500":0.0,"dr500":0.0,"loss500":0.0},"geometry":{"type":"Polygon","coordinates":[[[33.80536200285716,0.39099006647502693],[33.81075199714284,0.39099006647502693],[33.81075199714284,0.3963799335249731],[33.80536200285716,0.3963799335249731],[33.80536200285716,0.39099006647502693]]]}},{"type":"Feature","properties":{"id":"NZA-0123","cls":"semi_permanent","area":46,"cost":14700,"tiv":675000.0,"tivCsv":6760000.0,"lat":0.90574,"lon":34.32273,"where":"UG","d10":0.0,"dr10":0.0,"loss10":0.0,"d20":0.0,"dr20":0.0,"loss20":0.0,"d50":0.0,"dr50":0.0,"loss50":0.0,"d100":0.0,"dr100":0.0,"loss100":0.0,"d200":0.0,"dr200":0.0,"loss200":0.0,"d500":0.0,"dr500":0.0,"loss500":0.0},"geometry":{"type":"Polygon","coordinates":[[[34.32003372971219,0.9030440664750269],[34.32542427028781,0.9030440664750269],[34.32542427028781,0.908433933524973],[34.32003372971219,0.908433933524973],[34.32003372971219,0.9030440664750269]]]}},{"type":"Feature","properties":{"id":"NZA-0124","cls":"semi_permanent","area":46,"cost":14900,"tiv":685000.0,"tivCsv":6855000.0,"lat":0.28036,"lon":33.95671,"where":"UG","d10":0.0,"dr10":0.0,"loss10":0.0,"d20":0.0,"dr20":0.0,"loss20":0.0,"d50":0.0,"dr50":0.0,"loss50":0.0,"d100":0.0,"dr100":0.0,"loss100":0.0,"d200":0.0,"dr200":0.0,"loss200":0.0,"d500":0.0,"dr500":0.0,"loss500":0.0},"geometry":{"type":"Polygon","coordinates":[[[33.95401403421215,0.2776630664750269],[33.95940396578784,0.2776630664750269],[33.95940396578784,0.28305293352497307],[33.95401403421215,0.28305293352497307],[33.95401403421215,0.2776630664750269]]]}},{"type":"Feature","properties":{"id":"NZA-0125","cls":"informal_iron_sheet","area":8,"cost":7900,"tiv":65000.0,"tivCsv":630000.0,"lat":1.2581,"lon":34.01595,"where":"UG","d10":0.0,"dr10":0.0,"loss10":0.0,"d20":0.0,"dr20":0.0,"loss20":0.0,"d50":0.0,"dr50":0.0,"loss50":0.0,"d100":0.0,"dr100":0.0,"loss100":0.0,"d200":0.0,"dr200":0.0,"loss200":0.0,"d500":0.0,"dr500":0.0,"loss500":0.0},"geometry":{"type":"Polygon","coordinates":[[[34.013256416655956,1.255408066475027],[34.01864758334404,1.255408066475027],[34.01864758334404,1.260797933524973],[34.013256416655956,1.260797933524973],[34.013256416655956,1.255408066475027]]]}},{"type":"Feature","properties":{"id":"NZA-0126","cls":"permanent_masonry","area":184,"cost":58300,"tiv":10725000.0,"tivCsv":107270000.0,"lat":1.23361,"lon":34.78882,"where":"UG","d10":0.0,"dr10":0.0,"loss10":0.0,"d20":0.0,"dr20":0.0,"loss20":0.0,"d50":0.0,"dr50":0.0,"loss50":0.0,"d100":0.0,"dr100":0.0,"loss100":0.0,"d200":0.0,"dr200":0.0,"loss200":0.0,"d500":0.0,"dr500":0.0,"loss500":0.0},"geometry":{"type":"Polygon","coordinates":[[[34.78612744171106,1.2309200664750268],[34.79151855828894,1.2309200664750268],[34.79151855828894,1.236309933524973],[34.78612744171106,1.236309933524973],[34.78612744171106,1.2309200664750268]]]}},{"type":"Feature","properties":{"id":"NZA-0127","cls":"permanent_masonry","area":92,"cost":64900,"tiv":5970000.0,"tivCsv":59710000.0,"lat":0.65742,"lon":34.81964,"where":"KE","d10":0.0,"dr10":0.0,"loss10":0.0,"d20":0.0,"dr20":0.0,"loss20":0.0,"d50":0.0,"dr50":0.0,"loss50":0.0,"d100":0.0,"dr100":0.0,"loss100":0.0,"d200":0.0,"dr200":0.0,"loss200":0.0,"d500":0.0,"dr500":0.0,"loss500":0.0},"geometry":{"type":"Polygon","coordinates":[[[34.81694388906109,0.6547290664750269],[34.82233411093891,0.6547290664750269],[34.82233411093891,0.6601189335249731],[34.81694388906109,0.6601189335249731],[34.81694388906109,0.6547290664750269]]]}},{"type":"Feature","properties":{"id":"NZA-0128","cls":"permanent_masonry","area":138,"cost":55300,"tiv":7630000.0,"tivCsv":76315000.0,"lat":1.09066,"lon":34.7761,"where":"KE","d10":0.0,"dr10":0.0,"loss10":0.0,"d20":0.0,"dr20":0.0,"loss20":0.0,"d50":0.0,"dr50":0.0,"loss50":0.0,"d100":0.0,"dr100":0.0,"loss100":0.0,"d200":0.0,"dr200":0.0,"loss200":0.0,"d500":0.0,"dr500":0.0,"loss500":0.0},"geometry":{"type":"Polygon","coordinates":[[[34.77340457813634,1.087970066475027],[34.778795421863656,1.087970066475027],[34.778795421863656,1.093359933524973],[34.77340457813634,1.093359933524973],[34.77340457813634,1.087970066475027]]]}},{"type":"Feature","properties":{"id":"NZA-0129","cls":"informal_iron_sheet","area":9,"cost":9100,"tiv":80000.0,"tivCsv":820000.0,"lat":0.84569,"lon":34.25638,"where":"UG","d10":0.0,"dr10":0.0,"loss10":0.0,"d20":0.0,"dr20":0.0,"loss20":0.0,"d50":0.0,"dr50":0.0,"loss50":0.0,"d100":0.0,"dr100":0.0,"loss100":0.0,"d200":0.0,"dr200":0.0,"loss200":0.0,"d500":0.0,"dr500":0.0,"loss500":0.0},"geometry":{"type":"Polygon","coordinates":[[[34.25368477288744,0.842998066475027],[34.25907522711256,0.842998066475027],[34.25907522711256,0.8483879335249731],[34.25368477288744,0.8483879335249731],[34.25368477288744,0.842998066475027]]]}},{"type":"Feature","properties":{"id":"NZA-0130","cls":"permanent_masonry","area":45,"cost":43100,"tiv":1940000.0,"tivCsv":19395000.0,"lat":0.18415,"lon":35.15325,"where":"KE","d10":0.0,"dr10":0.0,"loss10":0.0,"d20":0.0,"dr20":0.0,"loss20":0.0,"d50":0.0,"dr50":0.0,"loss50":0.0,"d100":0.0,"dr100":0.0,"loss100":0.0,"d200":0.0,"dr200":0.0,"loss200":0.0,"d500":0.0,"dr500":0.0,"loss500":0.0},"geometry":{"type":"Polygon","coordinates":[[[35.1505570525551,0.18145906647502696],[35.1559469474449,0.18145906647502696],[35.1559469474449,0.18684893352497306],[35.1505570525551,0.18684893352497306],[35.1505570525551,0.18145906647502696]]]}},{"type":"Feature","properties":{"id":"NZA-0131","cls":"concrete_rcc","area":260,"cost":53800,"tiv":13990000.0,"tivCsv":139880000.0,"lat":0.9781,"lon":35.02468,"where":"KE","d10":0.0,"dr10":0.0,"loss10":0.0,"d20":0.0,"dr20":0.0,"loss20":0.0,"d50":0.0,"dr50":0.0,"loss50":0.0,"d100":0.0,"dr100":0.0,"loss100":0.0,"d200":0.0,"dr200":0.0,"loss200":0.0,"d500":0.0,"dr500":0.0,"loss500":0.0},"geometry":{"type":"Polygon","coordinates":[[[35.02198467374766,0.975404066475027],[35.02737532625233,0.975404066475027],[35.02737532625233,0.9807939335249731],[35.02198467374766,0.9807939335249731],[35.02198467374766,0.975404066475027]]]}},{"type":"Feature","properties":{"id":"NZA-0132","cls":"informal_iron_sheet","area":8,"cost":6400,"tiv":50000.0,"tivCsv":510000.0,"lat":0.85891,"lon":34.71449,"where":"KE","d10":0.0,"dr10":0.0,"loss10":0.0,"d20":0.0,"dr20":0.0,"loss20":0.0,"d50":0.0,"dr50":0.0,"loss50":0.0,"d100":0.0,"dr100":0.0,"loss100":0.0,"d200":0.0,"dr200":0.0,"loss200":0.0,"d500":0.0,"dr500":0.0,"loss500":0.0},"geometry":{"type":"Polygon","coordinates":[[[34.71179676363743,0.8562160664750269],[34.71718723636257,0.8562160664750269],[34.71718723636257,0.8616059335249731],[34.71179676363743,0.8616059335249731],[34.71179676363743,0.8562160664750269]]]}},{"type":"Feature","properties":{"id":"NZA-0133","cls":"concrete_rcc","area":180,"cost":68300,"tiv":12295000.0,"tivCsv":122940000.0,"lat":1.03392,"lon":34.33783,"where":"UG","d10":0.0,"dr10":0.0,"loss10":0.0,"d20":0.0,"dr20":0.0,"loss20":0.0,"d50":0.0,"dr50":0.0,"loss50":0.0,"d100":0.0,"dr100":0.0,"loss100":0.0,"d200":0.0,"dr200":0.0,"loss200":0.0,"d500":0.0,"dr500":0.0,"loss500":0.0},"geometry":{"type":"Polygon","coordinates":[[[34.33513562763819,1.031222066475027],[34.340526372361815,1.031222066475027],[34.340526372361815,1.036611933524973],[34.33513562763819,1.036611933524973],[34.33513562763819,1.031222066475027]]]}},{"type":"Feature","properties":{"id":"NZA-0134","cls":"informal_iron_sheet","area":12,"cost":8900,"tiv":105000.0,"tivCsv":1070000.0,"lat":-0.16407,"lon":34.95476,"where":"KE","d10":0.0,"dr10":0.0,"loss10":0.0,"d20":0.0,"dr20":0.0,"loss20":0.0,"d50":0.0,"dr50":0.0,"loss50":0.0,"d100":0.0,"dr100":0.0,"loss100":0.0,"d200":0.0,"dr200":0.0,"loss200":0.0,"d500":0.0,"dr500":0.0,"loss500":0.0},"geometry":{"type":"Polygon","coordinates":[[[34.95206605542618,-0.16676193352497304],[34.957455944573816,-0.16676193352497304],[34.957455944573816,-0.16137206647502694],[34.95206605542618,-0.16137206647502694],[34.95206605542618,-0.16676193352497304]]]}},{"type":"Feature","properties":{"id":"NZA-0135","cls":"semi_permanent","area":44,"cost":14800,"tiv":650000.0,"tivCsv":6510000.0,"lat":0.15359,"lon":34.15253,"where":"KE","d10":0.0,"dr10":0.0,"loss10":0.0,"d20":0.0,"dr20":0.0,"loss20":0.0,"d50":0.0,"dr50":0.0,"loss50":0.0,"d100":0.0,"dr100":0.0,"loss100":0.0,"d200":0.0,"dr200":0.0,"loss200":0.0,"d500":0.0,"dr500":0.0,"loss500":0.0},"geometry":{"type":"Polygon","coordinates":[[[34.149834056791995,0.15089706647502696],[34.15522394320801,0.15089706647502696],[34.15522394320801,0.15628693352497305],[34.149834056791995,0.15628693352497305],[34.149834056791995,0.15089706647502696]]]}},{"type":"Feature","properties":{"id":"NZA-0136","cls":"semi_permanent","area":39,"cost":13000,"tiv":505000.0,"tivCsv":5070000.0,"lat":0.49204,"lon":34.09831,"where":"UG","d10":0.0,"dr10":0.0,"loss10":0.0,"d20":0.0,"dr20":0.0,"loss20":0.0,"d50":0.0,"dr50":0.0,"loss50":0.0,"d100":0.0,"dr100":0.0,"loss100":0.0,"d200":0.0,"dr200":0.0,"loss200":0.0,"d500":0.0,"dr500":0.0,"loss500":0.0},"geometry":{"type":"Polygon","coordinates":[[[34.0956129670994,0.4893410664750269],[34.10100303290061,0.4893410664750269],[34.10100303290061,0.49473093352497305],[34.0956129670994,0.49473093352497305],[34.0956129670994,0.4893410664750269]]]}},{"type":"Feature","properties":{"id":"NZA-0137","cls":"permanent_masonry","area":105,"cost":62400,"tiv":6550000.0,"tivCsv":65520000.0,"lat":0.91714,"lon":33.74984,"where":"UG","d10":0.0,"dr10":0.0,"loss10":0.0,"d20":0.0,"dr20":0.0,"loss20":0.0,"d50":0.0,"dr50":0.0,"loss50":0.0,"d100":0.0,"dr100":0.0,"loss100":0.0,"d200":0.0,"dr200":0.0,"loss200":0.0,"d500":0.0,"dr500":0.0,"loss500":0.0},"geometry":{"type":"Polygon","coordinates":[[[33.747140721178404,0.9144470664750269],[33.7525312788216,0.9144470664750269],[33.7525312788216,0.9198369335249731],[33.747140721178404,0.9198369335249731],[33.747140721178404,0.9144470664750269]]]}},{"type":"Feature","properties":{"id":"NZA-0138","cls":"permanent_masonry","area":102,"cost":55500,"tiv":5660000.0,"tivCsv":56610000.0,"lat":1.22477,"lon":34.96229,"where":"KE","d10":0.0,"dr10":0.0,"loss10":0.0,"d20":0.0,"dr20":0.0,"loss20":0.0,"d50":0.0,"dr50":0.0,"loss50":0.0,"d100":0.0,"dr100":0.0,"loss100":0.0,"d200":0.0,"dr200":0.0,"loss200":0.0,"d500":0.0,"dr500":0.0,"loss500":0.0},"geometry":{"type":"Polygon","coordinates":[[[34.95959045064175,1.222073066475027],[34.96498154935825,1.222073066475027],[34.96498154935825,1.2274629335249732],[34.95959045064175,1.2274629335249732],[34.95959045064175,1.222073066475027]]]}},{"type":"Feature","properties":{"id":"NZA-0139","cls":"informal_iron_sheet","area":16,"cost":8200,"tiv":130000.0,"tivCsv":1310000.0,"lat":-0.26674,"lon":33.97349,"where":"LAKE","d10":0.800000011920929,"dr10":0.44,"loss10":57200.0,"d20":0.8700000047683716,"dr20":0.473,"loss20":61490.0,"d50":0.949999988079071,"dr50":0.508,"loss50":66040.0,"d100":1.0099999904632568,"dr100":0.528,"loss100":68640.0,"d200":1.059999942779541,"dr200":0.544,"loss200":70720.0,"d500":1.1299999952316284,"dr500":0.566,"loss500":73580.0},"geometry":{"type":"Polygon","coordinates":[[[33.97079603727075,-0.26943293352497305],[33.976185962729254,-0.26943293352497305],[33.976185962729254,-0.2640430664750269],[33.97079603727075,-0.2640430664750269],[33.97079603727075,-0.26943293352497305]]]}},{"type":"Feature","properties":{"id":"NZA-0140","cls":"informal_iron_sheet","area":9,"cost":9500,"tiv":85000.0,"tivCsv":855000.0,"lat":-0.01687,"lon":34.26516,"where":"KE","d10":0.0,"dr10":0.0,"loss10":0.0,"d20":0.0,"dr20":0.0,"loss20":0.0,"d50":0.0,"dr50":0.0,"loss50":0.0,"d100":0.0,"dr100":0.0,"loss100":0.0,"d200":0.0,"dr200":0.0,"loss200":0.0,"d500":0.0,"dr500":0.0,"loss500":0.0},"geometry":{"type":"Polygon","coordinates":[[[34.26246406635825,-0.01956193352497305],[34.267853933641746,-0.01956193352497305],[34.267853933641746,-0.014172066475026949],[34.26246406635825,-0.014172066475026949],[34.26246406635825,-0.01956193352497305]]]}},{"type":"Feature","properties":{"id":"NZA-0141","cls":"informal_iron_sheet","area":20,"cost":5800,"tiv":115000.0,"tivCsv":1160000.0,"lat":0.48688,"lon":34.51716,"where":"KE","d10":0.0,"dr10":0.0,"loss10":0.0,"d20":0.0,"dr20":0.0,"loss20":0.0,"d50":0.0,"dr50":0.0,"loss50":0.0,"d100":0.0,"dr100":0.0,"loss100":0.0,"d200":0.0,"dr200":0.0,"loss200":0.0,"d500":0.0,"dr500":0.0,"loss500":0.0},"geometry":{"type":"Polygon","coordinates":[[[34.51446196917324,0.4841800664750269],[34.519852030826755,0.4841800664750269],[34.519852030826755,0.4895699335249731],[34.51446196917324,0.4895699335249731],[34.51446196917324,0.4841800664750269]]]}},{"type":"Feature","properties":{"id":"NZA-0142","cls":"informal_iron_sheet","area":21,"cost":9200,"tiv":195000.0,"tivCsv":1930000.0,"lat":0.28467,"lon":34.51031,"where":"KE","d10":0.0,"dr10":0.0,"loss10":0.0,"d20":0.0,"dr20":0.0,"loss20":0.0,"d50":0.0,"dr50":0.0,"loss50":0.0,"d100":0.0,"dr100":0.0,"loss100":0.0,"d200":0.0,"dr200":0.0,"loss200":0.0,"d500":0.0,"dr500":0.0,"loss500":0.0},"geometry":{"type":"Polygon","coordinates":[[[34.50761003321302,0.2819710664750269],[34.512999966786985,0.2819710664750269],[34.512999966786985,0.28736093352497305],[34.50761003321302,0.28736093352497305],[34.50761003321302,0.2819710664750269]]]}},{"type":"Feature","properties":{"id":"NZA-0143","cls":"informal_iron_sheet","area":23,"cost":6800,"tiv":155000.0,"tivCsv":1565000.0,"lat":0.17462,"lon":35.06038,"where":"KE","d10":0.0,"dr10":0.0,"loss10":0.0,"d20":0.0,"dr20":0.0,"loss20":0.0,"d50":0.0,"dr50":0.0,"loss50":0.0,"d100":0.0,"dr100":0.0,"loss100":0.0,"d200":0.0,"dr200":0.0,"loss200":0.0,"d500":0.0,"dr500":0.0,"loss500":0.0},"geometry":{"type":"Polygon","coordinates":[[[35.057680053958684,0.17192806647502695],[35.06306994604132,0.17192806647502695],[35.06306994604132,0.17731793352497305],[35.057680053958684,0.17731793352497305],[35.057680053958684,0.17192806647502695]]]}},{"type":"Feature","properties":{"id":"NZA-0144","cls":"semi_permanent","area":49,"cost":9700,"tiv":475000.0,"tivCsv":4755000.0,"lat":0.42553,"lon":33.92546,"where":"UG","d10":0.0,"dr10":0.0,"loss10":0.0,"d20":0.0,"dr20":0.0,"loss20":0.0,"d50":0.0,"dr50":0.0,"loss50":0.0,"d100":0.0,"dr100":0.0,"loss100":0.0,"d200":0.0,"dr200":0.0,"loss200":0.0,"d500":0.0,"dr500":0.0,"loss500":0.0},"geometry":{"type":"Polygon","coordinates":[[[33.92276699214757,0.4228380664750269],[33.928157007852434,0.4228380664750269],[33.928157007852434,0.42822793352497307],[33.92276699214757,0.42822793352497307],[33.92276699214757,0.4228380664750269]]]}},{"type":"Feature","properties":{"id":"NZA-0145","cls":"informal_iron_sheet","area":17,"cost":5000,"tiv":85000.0,"tivCsv":850000.0,"lat":0.53815,"lon":34.75978,"where":"KE","d10":0.0,"dr10":0.0,"loss10":0.0,"d20":0.0,"dr20":0.0,"loss20":0.0,"d50":0.0,"dr50":0.0,"loss50":0.0,"d100":0.0,"dr100":0.0,"loss100":0.0,"d200":0.0,"dr200":0.0,"loss200":0.0,"d500":0.0,"dr500":0.0,"loss500":0.0},"geometry":{"type":"Polygon","coordinates":[[[34.757084947600006,0.535452066475027],[34.76247505239999,0.535452066475027],[34.76247505239999,0.5408419335249731],[34.757084947600006,0.5408419335249731],[34.757084947600006,0.535452066475027]]]}},{"type":"Feature","properties":{"id":"NZA-0146","cls":"semi_permanent","area":33,"cost":12100,"tiv":400000.0,"tivCsv":3995000.0,"lat":0.98541,"lon":34.58747,"where":"KE","d10":0.0,"dr10":0.0,"loss10":0.0,"d20":0.0,"dr20":0.0,"loss20":0.0,"d50":0.0,"dr50":0.0,"loss50":0.0,"d100":0.0,"dr100":0.0,"loss100":0.0,"d200":0.0,"dr200":0.0,"loss200":0.0,"d500":0.0,"dr500":0.0,"loss500":0.0},"geometry":{"type":"Polygon","coordinates":[[[34.584769667850715,0.9827190664750269],[34.59016033214929,0.9827190664750269],[34.59016033214929,0.9881089335249731],[34.584769667850715,0.9881089335249731],[34.584769667850715,0.9827190664750269]]]}},{"type":"Feature","properties":{"id":"NZA-0147","cls":"permanent_masonry","area":86,"cost":47100,"tiv":4050000.0,"tivCsv":40505000.0,"lat":0.90076,"lon":34.0814,"where":"UG","d10":0.0,"dr10":0.0,"loss10":0.0,"d20":0.0,"dr20":0.0,"loss20":0.0,"d50":0.0,"dr50":0.0,"loss50":0.0,"d100":0.0,"dr100":0.0,"loss100":0.0,"d200":0.0,"dr200":0.0,"loss200":0.0,"d500":0.0,"dr500":0.0,"loss500":0.0},"geometry":{"type":"Polygon","coordinates":[[[34.0787067334034,0.8980670664750269],[34.084097266596594,0.8980670664750269],[34.084097266596594,0.903456933524973],[34.0787067334034,0.903456933524973],[34.0787067334034,0.8980670664750269]]]}},{"type":"Feature","properties":{"id":"NZA-0148","cls":"semi_permanent","area":40,"cost":8900,"tiv":355000.0,"tivCsv":3560000.0,"lat":0.47877,"lon":34.22815,"where":"KE","d10":0.0,"dr10":0.0,"loss10":0.0,"d20":0.0,"dr20":0.0,"loss20":0.0,"d50":0.0,"dr50":0.0,"loss50":0.0,"d100":0.0,"dr100":0.0,"loss100":0.0,"d200":0.0,"dr200":0.0,"loss200":0.0,"d500":0.0,"dr500":0.0,"loss500":0.0},"geometry":{"type":"Polygon","coordinates":[[[34.2254519723875,0.47607106647502695],[34.230842027612496,0.47607106647502695],[34.230842027612496,0.4814609335249731],[34.2254519723875,0.4814609335249731],[34.2254519723875,0.47607106647502695]]]}},{"type":"Feature","properties":{"id":"NZA-0149","cls":"semi_permanent","area":58,"cost":14000,"tiv":810000.0,"tivCsv":8120000.0,"lat":0.2091,"lon":34.36716,"where":"KE","d10":0.0,"dr10":0.0,"loss10":0.0,"d20":0.0,"dr20":0.0,"loss20":0.0,"d50":0.0,"dr50":0.0,"loss50":0.0,"d100":0.0,"dr100":0.0,"loss100":0.0,"d200":0.0,"dr200":0.0,"loss200":0.0,"d500":0.0,"dr500":0.0,"loss500":0.0},"geometry":{"type":"Polygon","coordinates":[[[34.36446904852804,0.20640706647502696],[34.36985895147196,0.20640706647502696],[34.36985895147196,0.21179693352497306],[34.36446904852804,0.21179693352497306],[34.36446904852804,0.20640706647502696]]]}},{"type":"Feature","properties":{"id":"NZA-0150","cls":"semi_permanent","area":27,"cost":11000,"tiv":295000.0,"tivCsv":2970000.0,"lat":0.47585,"lon":33.90458,"where":"UG","d10":0.0,"dr10":0.0,"loss10":0.0,"d20":0.0,"dr20":0.0,"loss20":0.0,"d50":0.0,"dr50":0.0,"loss50":0.0,"d100":0.0,"dr100":0.0,"loss100":0.0,"d200":0.0,"dr200":0.0,"loss200":0.0,"d500":0.0,"dr500":0.0,"loss500":0.0},"geometry":{"type":"Polygon","coordinates":[[[33.9018829735282,0.4731600664750269],[33.9072730264718,0.4731600664750269],[33.9072730264718,0.47854993352497305],[33.9018829735282,0.47854993352497305],[33.9018829735282,0.4731600664750269]]]}},{"type":"Feature","properties":{"id":"NZA-0151","cls":"permanent_masonry","area":93,"cost":61200,"tiv":5690000.0,"tivCsv":56915000.0,"lat":0.81113,"lon":33.78532,"where":"UG","d10":3.0199999809265137,"dr10":0.696,"loss10":3960240.0,"d20":3.2300000190734863,"dr20":0.711,"loss20":4045590.0,"d50":3.4200000762939453,"dr50":0.725,"loss50":4125250.0,"d100":3.559999942779541,"dr100":0.735,"loss100":4182150.0,"d200":3.7200000286102295,"dr200":0.747,"loss200":4250430.0,"d500":3.930000066757202,"dr500":0.762,"loss500":4335780.0},"geometry":{"type":"Polygon","coordinates":[[[33.78262579639521,0.8084370664750269],[33.7880162036048,0.8084370664750269],[33.7880162036048,0.813826933524973],[33.78262579639521,0.813826933524973],[33.78262579639521,0.8084370664750269]]]}},{"type":"Feature","properties":{"id":"NZA-0152","cls":"informal_iron_sheet","area":11,"cost":6200,"tiv":70000.0,"tivCsv":680000.0,"lat":1.09181,"lon":33.9639,"where":"UG","d10":0.0,"dr10":0.0,"loss10":0.0,"d20":0.0,"dr20":0.0,"loss20":0.0,"d50":0.0,"dr50":0.0,"loss50":0.0,"d100":0.0,"dr100":0.0,"loss100":0.0,"d200":0.0,"dr200":0.0,"loss200":0.0,"d500":0.0,"dr500":0.0,"loss500":0.0},"geometry":{"type":"Polygon","coordinates":[[[33.96120257711211,1.0891130664750268],[33.96659342288789,1.0891130664750268],[33.96659342288789,1.094502933524973],[33.96120257711211,1.094502933524973],[33.96120257711211,1.0891130664750268]]]}},{"type":"Feature","properties":{"id":"NZA-0153","cls":"informal_iron_sheet","area":24,"cost":7000,"tiv":170000.0,"tivCsv":1680000.0,"lat":0.22262,"lon":34.3827,"where":"KE","d10":0.0,"dr10":0.0,"loss10":0.0,"d20":0.0,"dr20":0.0,"loss20":0.0,"d50":0.0,"dr50":0.0,"loss50":0.0,"d100":0.0,"dr100":0.0,"loss100":0.0,"d200":0.0,"dr200":0.0,"loss200":0.0,"d500":0.0,"dr500":0.0,"loss500":0.0},"geometry":{"type":"Polygon","coordinates":[[[34.38000904613254,0.21992506647502696],[34.38539895386745,0.21992506647502696],[34.38539895386745,0.22531493352497306],[34.38000904613254,0.22531493352497306],[34.38000904613254,0.21992506647502696]]]}},{"type":"Feature","properties":{"id":"NZA-0154","cls":"informal_iron_sheet","area":10,"cost":8700,"tiv":85000.0,"tivCsv":870000.0,"lat":0.10832,"lon":35.15471,"where":"KE","d10":0.0,"dr10":0.0,"loss10":0.0,"d20":0.0,"dr20":0.0,"loss20":0.0,"d50":0.0,"dr50":0.0,"loss50":0.0,"d100":0.0,"dr100":0.0,"loss100":0.0,"d200":0.0,"dr200":0.0,"loss200":0.0,"d500":0.0,"dr500":0.0,"loss500":0.0},"geometry":{"type":"Polygon","coordinates":[[[35.152017061659336,0.10562106647502695],[35.15740693834067,0.10562106647502695],[35.15740693834067,0.11101093352497304],[35.152017061659336,0.11101093352497304],[35.152017061659336,0.10562106647502695]]]}},{"type":"Feature","properties":{"id":"NZA-0155","cls":"semi_permanent","area":42,"cost":14600,"tiv":615000.0,"tivCsv":6130000.0,"lat":-0.1469,"lon":34.20285,"where":"KE","d10":0.0,"dr10":0.0,"loss10":0.0,"d20":0.0,"dr20":0.0,"loss20":0.0,"d50":0.0,"dr50":0.0,"loss50":0.0,"d100":0.0,"dr100":0.0,"loss100":0.0,"d200":0.0,"dr200":0.0,"loss200":0.0,"d500":0.0,"dr500":0.0,"loss500":0.0},"geometry":{"type":"Polygon","coordinates":[[[34.20015605761764,-0.14959293352497305],[34.205545942382365,-0.14959293352497305],[34.205545942382365,-0.14420306647502695],[34.20015605761764,-0.14420306647502695],[34.20015605761764,-0.14959293352497305]]]}},{"type":"Feature","properties":{"id":"NZA-0156","cls":"permanent_masonry","area":108,"cost":58100,"tiv":6275000.0,"tivCsv":62750000.0,"lat":-0.17859,"lon":35.09448,"where":"KE","d10":0.0,"dr10":0.0,"loss10":0.0,"d20":0.0,"dr20":0.0,"loss20":0.0,"d50":0.0,"dr50":0.0,"loss50":0.0,"d100":0.0,"dr100":0.0,"loss100":0.0,"d200":0.0,"dr200":0.0,"loss200":0.0,"d500":0.0,"dr500":0.0,"loss500":0.0},"geometry":{"type":"Polygon","coordinates":[[[35.091780053384134,-0.18128093352497304],[35.09716994661587,-0.18128093352497304],[35.09716994661587,-0.17589106647502695],[35.091780053384134,-0.17589106647502695],[35.091780053384134,-0.18128093352497304]]]}},{"type":"Feature","properties":{"id":"NZA-0157","cls":"informal_iron_sheet","area":14,"cost":5200,"tiv":75000.0,"tivCsv":730000.0,"lat":0.54995,"lon":35.19555,"where":"KE","d10":0.0,"dr10":0.0,"loss10":0.0,"d20":0.0,"dr20":0.0,"loss20":0.0,"d50":0.0,"dr50":0.0,"loss50":0.0,"d100":0.0,"dr100":0.0,"loss100":0.0,"d200":0.0,"dr200":0.0,"loss200":0.0,"d500":0.0,"dr500":0.0,"loss500":0.0},"geometry":{"type":"Polygon","coordinates":[[[35.192857942325865,0.5472600664750269],[35.19824805767413,0.5472600664750269],[35.19824805767413,0.552649933524973],[35.192857942325865,0.552649933524973],[35.192857942325865,0.5472600664750269]]]}},{"type":"Feature","properties":{"id":"NZA-0158","cls":"permanent_masonry","area":109,"cost":52900,"tiv":5765000.0,"tivCsv":57660000.0,"lat":0.03292,"lon":34.08304,"where":"KE","d10":0.0,"dr10":0.0,"loss10":0.0,"d20":0.0,"dr20":0.0,"loss20":0.0,"d50":0.0,"dr50":0.0,"loss50":0.0,"d100":0.0,"dr100":0.0,"loss100":0.0,"d200":0.0,"dr200":0.0,"loss200":0.0,"d500":0.0,"dr500":0.0,"loss500":0.0},"geometry":{"type":"Polygon","coordinates":[[[34.08034006603031,0.03022106647502695],[34.085729933969695,0.03022106647502695],[34.085729933969695,0.03561093352497305],[34.08034006603031,0.03561093352497305],[34.08034006603031,0.03022106647502695]]]}},{"type":"Feature","properties":{"id":"NZA-0159","cls":"concrete_rcc","area":185,"cost":71300,"tiv":13190000.0,"tivCsv":131905000.0,"lat":1.25549,"lon":35.09811,"where":"KE","d10":0.0,"dr10":0.0,"loss10":0.0,"d20":0.0,"dr20":0.0,"loss20":0.0,"d50":0.0,"dr50":0.0,"loss50":0.0,"d100":0.0,"dr100":0.0,"loss100":0.0,"d200":0.0,"dr200":0.0,"loss200":0.0,"d500":0.0,"dr500":0.0,"loss500":0.0},"geometry":{"type":"Polygon","coordinates":[[[35.095416419350904,1.252797066475027],[35.1008075806491,1.252797066475027],[35.1008075806491,1.2581869335249731],[35.095416419350904,1.2581869335249731],[35.095416419350904,1.252797066475027]]]}},{"type":"Feature","properties":{"id":"NZA-0160","cls":"semi_permanent","area":40,"cost":9200,"tiv":370000.0,"tivCsv":3680000.0,"lat":0.51248,"lon":34.49472,"where":"KE","d10":0.0,"dr10":0.0,"loss10":0.0,"d20":0.0,"dr20":0.0,"loss20":0.0,"d50":0.0,"dr50":0.0,"loss50":0.0,"d100":0.0,"dr100":0.0,"loss100":0.0,"d200":0.0,"dr200":0.0,"loss200":0.0,"d500":0.0,"dr500":0.0,"loss500":0.0},"geometry":{"type":"Polygon","coordinates":[[[34.492021958671586,0.5097800664750269],[34.49741204132842,0.5097800664750269],[34.49741204132842,0.5151699335249731],[34.492021958671586,0.5151699335249731],[34.492021958671586,0.5097800664750269]]]}},{"type":"Feature","properties":{"id":"NZA-0161","cls":"permanent_masonry","area":123,"cost":37500,"tiv":4610000.0,"tivCsv":46125000.0,"lat":0.88723,"lon":34.58338,"where":"KE","d10":0.0,"dr10":0.0,"loss10":0.0,"d20":0.0,"dr20":0.0,"loss20":0.0,"d50":0.0,"dr50":0.0,"loss50":0.0,"d100":0.0,"dr100":0.0,"loss100":0.0,"d200":0.0,"dr200":0.0,"loss200":0.0,"d500":0.0,"dr500":0.0,"loss500":0.0},"geometry":{"type":"Polygon","coordinates":[[[34.58068374333586,0.8845360664750269],[34.58607425666414,0.8845360664750269],[34.58607425666414,0.8899259335249731],[34.58068374333586,0.8899259335249731],[34.58068374333586,0.8845360664750269]]]}},{"type":"Feature","properties":{"id":"NZA-0162","cls":"semi_permanent","area":31,"cost":14500,"tiv":450000.0,"tivCsv":4495000.0,"lat":1.04206,"lon":35.02252,"where":"KE","d10":0.0,"dr10":0.0,"loss10":0.0,"d20":0.0,"dr20":0.0,"loss20":0.0,"d50":0.0,"dr50":0.0,"loss50":0.0,"d100":0.0,"dr100":0.0,"loss100":0.0,"d200":0.0,"dr200":0.0,"loss200":0.0,"d500":0.0,"dr500":0.0,"loss500":0.0},"geometry":{"type":"Polygon","coordinates":[[[35.019828620700125,1.039362066475027],[35.02521937929987,1.039362066475027],[35.02521937929987,1.044751933524973],[35.019828620700125,1.044751933524973],[35.019828620700125,1.039362066475027]]]}},{"type":"Feature","properties":{"id":"NZA-0163","cls":"semi_permanent","area":32,"cost":13100,"tiv":420000.0,"tivCsv":4190000.0,"lat":-0.13566,"lon":34.53143,"where":"KE","d10":0.0,"dr10":0.0,"loss10":0.0,"d20":0.0,"dr20":0.0,"loss20":0.0,"d50":0.0,"dr50":0.0,"loss50":0.0,"d100":0.0,"dr100":0.0,"loss100":0.0,"d200":0.0,"dr200":0.0,"loss200":0.0,"d500":0.0,"dr500":0.0,"loss500":0.0},"geometry":{"type":"Polygon","coordinates":[[[34.5287370589208,-0.13835693352497305],[34.53412694107921,-0.13835693352497305],[34.53412694107921,-0.13296706647502696],[34.5287370589208,-0.13296706647502696],[34.5287370589208,-0.13835693352497305]]]}},{"type":"Feature","properties":{"id":"NZA-0164","cls":"semi_permanent","area":30,"cost":12700,"tiv":380000.0,"tivCsv":3810000.0,"lat":0.37701,"lon":34.78842,"where":"KE","d10":0.0,"dr10":0.0,"loss10":0.0,"d20":0.0,"dr20":0.0,"loss20":0.0,"d50":0.0,"dr50":0.0,"loss50":0.0,"d100":0.0,"dr100":0.0,"loss100":0.0,"d200":0.0,"dr200":0.0,"loss200":0.0,"d500":0.0,"dr500":0.0,"loss500":0.0},"geometry":{"type":"Polygon","coordinates":[[[34.785724008132966,0.37431306647502693],[34.79111399186703,0.37431306647502693],[34.79111399186703,0.3797029335249731],[34.785724008132966,0.3797029335249731],[34.785724008132966,0.37431306647502693]]]}},{"type":"Feature","properties":{"id":"NZA-0165","cls":"informal_iron_sheet","area":8,"cost":8800,"tiv":70000.0,"tivCsv":705000.0,"lat":1.29556,"lon":33.94838,"where":"UG","d10":0.0,"dr10":0.0,"loss10":0.0,"d20":0.0,"dr20":0.0,"loss20":0.0,"d50":0.0,"dr50":0.0,"loss50":0.0,"d100":0.0,"dr100":0.0,"loss100":0.0,"d200":0.0,"dr200":0.0,"loss200":0.0,"d500":0.0,"dr500":0.0,"loss500":0.0},"geometry":{"type":"Polygon","coordinates":[[[33.945684377375855,1.292867066475027],[33.951075622624145,1.292867066475027],[33.951075622624145,1.2982569335249732],[33.945684377375855,1.2982569335249732],[33.945684377375855,1.292867066475027]]]}},{"type":"Feature","properties":{"id":"NZA-0166","cls":"permanent_masonry","area":81,"cost":59600,"tiv":4830000.0,"tivCsv":48275000.0,"lat":-0.00425,"lon":33.80629,"where":"LAKE","d10":0.550000011920929,"dr10":0.2,"loss10":966000.0,"d20":0.6000000238418579,"dr20":0.214,"loss20":1033620.0,"d50":0.6600000262260437,"dr50":0.23,"loss50":1110900.0,"d100":0.699999988079071,"dr100":0.241,"loss100":1164030.0,"d200":0.7400000095367432,"dr200":0.251,"loss200":1212330.0,"d500":0.7799999713897705,"dr500":0.262,"loss500":1265460.0},"geometry":{"type":"Polygon","coordinates":[[[33.80359806646762,-0.006940933524973051],[33.80898793353237,-0.006940933524973051],[33.80898793353237,-0.001551066475026949],[33.80359806646762,-0.001551066475026949],[33.80359806646762,-0.006940933524973051]]]}},{"type":"Feature","properties":{"id":"NZA-0167","cls":"informal_iron_sheet","area":20,"cost":9300,"tiv":185000.0,"tivCsv":1860000.0,"lat":-0.17458,"lon":35.13469,"where":"KE","d10":0.0,"dr10":0.0,"loss10":0.0,"d20":0.0,"dr20":0.0,"loss20":0.0,"d50":0.0,"dr50":0.0,"loss50":0.0,"d100":0.0,"dr100":0.0,"loss100":0.0,"d200":0.0,"dr200":0.0,"loss200":0.0,"d500":0.0,"dr500":0.0,"loss500":0.0},"geometry":{"type":"Polygon","coordinates":[[[35.131996053965274,-0.17727193352497306],[35.13738594603472,-0.17727193352497306],[35.13738594603472,-0.17188206647502696],[35.131996053965274,-0.17188206647502696],[35.131996053965274,-0.17727193352497306]]]}},{"type":"Feature","properties":{"id":"NZA-0168","cls":"informal_iron_sheet","area":13,"cost":5700,"tiv":75000.0,"tivCsv":740000.0,"lat":0.08466,"lon":34.59965,"where":"KE","d10":0.0,"dr10":0.0,"loss10":0.0,"d20":0.0,"dr20":0.0,"loss20":0.0,"d50":0.0,"dr50":0.0,"loss50":0.0,"d100":0.0,"dr100":0.0,"loss100":0.0,"d200":0.0,"dr200":0.0,"loss200":0.0,"d500":0.0,"dr500":0.0,"loss500":0.0},"geometry":{"type":"Polygon","coordinates":[[[34.59695306353339,0.08196106647502695],[34.60234293646661,0.08196106647502695],[34.60234293646661,0.08735093352497304],[34.59695306353339,0.08735093352497304],[34.59695306353339,0.08196106647502695]]]}},{"type":"Feature","properties":{"id":"NZA-0169","cls":"informal_iron_sheet","area":19,"cost":5700,"tiv":110000.0,"tivCsv":1085000.0,"lat":0.33001,"lon":33.78513,"where":"UG","d10":0.0,"dr10":0.0,"loss10":0.0,"d20":0.0,"dr20":0.0,"loss20":0.0,"d50":0.0,"dr50":0.0,"loss50":0.0,"d100":0.0,"dr100":0.0,"loss100":0.0,"d200":0.0,"dr200":0.0,"loss200":0.0,"d500":0.0,"dr500":0.0,"loss500":0.0},"geometry":{"type":"Polygon","coordinates":[[[33.782440021771315,0.3273190664750269],[33.78782997822868,0.3273190664750269],[33.78782997822868,0.33270893352497305],[33.782440021771315,0.33270893352497305],[33.782440021771315,0.3273190664750269]]]}},{"type":"Feature","properties":{"id":"NZA-0170","cls":"permanent_masonry","area":128,"cost":53500,"tiv":6850000.0,"tivCsv":68480000.0,"lat":1.16405,"lon":34.99134,"where":"KE","d10":0.0,"dr10":0.0,"loss10":0.0,"d20":0.0,"dr20":0.0,"loss20":0.0,"d50":0.0,"dr50":0.0,"loss50":0.0,"d100":0.0,"dr100":0.0,"loss100":0.0,"d200":0.0,"dr200":0.0,"loss200":0.0,"d500":0.0,"dr500":0.0,"loss500":0.0},"geometry":{"type":"Polygon","coordinates":[[[34.988644510202285,1.1613510664750268],[34.99403548979772,1.1613510664750268],[34.99403548979772,1.166740933524973],[34.988644510202285,1.166740933524973],[34.988644510202285,1.1613510664750268]]]}},{"type":"Feature","properties":{"id":"NZA-0171","cls":"semi_permanent","area":23,"cost":15100,"tiv":345000.0,"tivCsv":3475000.0,"lat":1.1934,"lon":34.99057,"where":"KE","d10":0.0,"dr10":0.0,"loss10":0.0,"d20":0.0,"dr20":0.0,"loss20":0.0,"d50":0.0,"dr50":0.0,"loss50":0.0,"d100":0.0,"dr100":0.0,"loss100":0.0,"d200":0.0,"dr200":0.0,"loss200":0.0,"d500":0.0,"dr500":0.0,"loss500":0.0},"geometry":{"type":"Polygon","coordinates":[[[34.98787748178615,1.190707066475027],[34.993268518213846,1.190707066475027],[34.993268518213846,1.1960969335249731],[34.98787748178615,1.1960969335249731],[34.98787748178615,1.190707066475027]]]}},{"type":"Feature","properties":{"id":"NZA-0172","cls":"semi_permanent","area":44,"cost":12700,"tiv":560000.0,"tivCsv":5590000.0,"lat":0.34772,"lon":34.13128,"where":"KE","d10":0.0,"dr10":0.0,"loss10":0.0,"d20":0.0,"dr20":0.0,"loss20":0.0,"d50":0.0,"dr50":0.0,"loss50":0.0,"d100":0.0,"dr100":0.0,"loss100":0.0,"d200":0.0,"dr200":0.0,"loss200":0.0,"d500":0.0,"dr500":0.0,"loss500":0.0},"geometry":{"type":"Polygon","coordinates":[[[34.1285830168448,0.34502806647502693],[34.1339729831552,0.34502806647502693],[34.1339729831552,0.3504179335249731],[34.1285830168448,0.3504179335249731],[34.1285830168448,0.34502806647502693]]]}},{"type":"Feature","properties":{"id":"NZA-0173","cls":"semi_permanent","area":50,"cost":14700,"tiv":735000.0,"tivCsv":7350000.0,"lat":0.62988,"lon":34.896,"where":"KE","d10":0.0,"dr10":0.0,"loss10":0.0,"d20":0.0,"dr20":0.0,"loss20":0.0,"d50":0.0,"dr50":0.0,"loss50":0.0,"d100":0.0,"dr100":0.0,"loss100":0.0,"d200":0.0,"dr200":0.0,"loss200":0.0,"d500":0.0,"dr500":0.0,"loss500":0.0},"geometry":{"type":"Polygon","coordinates":[[[34.89330490361709,0.6271840664750269],[34.89869509638291,0.6271840664750269],[34.89869509638291,0.632573933524973],[34.89330490361709,0.632573933524973],[34.89330490361709,0.6271840664750269]]]}},{"type":"Feature","properties":{"id":"NZA-0174","cls":"semi_permanent","area":32,"cost":12100,"tiv":385000.0,"tivCsv":3870000.0,"lat":0.33071,"lon":35.33206,"where":"KE","d10":0.0,"dr10":0.0,"loss10":0.0,"d20":0.0,"dr20":0.0,"loss20":0.0,"d50":0.0,"dr50":0.0,"loss50":0.0,"d100":0.0,"dr100":0.0,"loss100":0.0,"d200":0.0,"dr200":0.0,"loss200":0.0,"d500":0.0,"dr500":0.0,"loss500":0.0},"geometry":{"type":"Polygon","coordinates":[[[35.329366021583645,0.3280110664750269],[35.33475597841636,0.3280110664750269],[35.33475597841636,0.3334009335249731],[35.329366021583645,0.3334009335249731],[35.329366021583645,0.3280110664750269]]]}},{"type":"Feature","properties":{"id":"NZA-0175","cls":"semi_permanent","area":43,"cost":14800,"tiv":635000.0,"tivCsv":6365000.0,"lat":0.98325,"lon":34.69503,"where":"KE","d10":0.0,"dr10":0.0,"loss10":0.0,"d20":0.0,"dr20":0.0,"loss20":0.0,"d50":0.0,"dr50":0.0,"loss50":0.0,"d100":0.0,"dr100":0.0,"loss100":0.0,"d200":0.0,"dr200":0.0,"loss200":0.0,"d500":0.0,"dr500":0.0,"loss500":0.0},"geometry":{"type":"Polygon","coordinates":[[[34.692337669599794,0.9805550664750269],[34.69772833040021,0.9805550664750269],[34.69772833040021,0.985944933524973],[34.692337669599794,0.985944933524973],[34.692337669599794,0.9805550664750269]]]}},{"type":"Feature","properties":{"id":"NZA-0176","cls":"informal_iron_sheet","area":20,"cost":9500,"tiv":190000.0,"tivCsv":1900000.0,"lat":0.57419,"lon":35.189,"where":"KE","d10":0.0,"dr10":0.0,"loss10":0.0,"d20":0.0,"dr20":0.0,"loss20":0.0,"d50":0.0,"dr50":0.0,"loss50":0.0,"d100":0.0,"dr100":0.0,"loss100":0.0,"d200":0.0,"dr200":0.0,"loss200":0.0,"d500":0.0,"dr500":0.0,"loss500":0.0},"geometry":{"type":"Polygon","coordinates":[[[35.18630293114296,0.5714940664750269],[35.191693068857035,0.5714940664750269],[35.191693068857035,0.576883933524973],[35.18630293114296,0.576883933524973],[35.18630293114296,0.5714940664750269]]]}},{"type":"Feature","properties":{"id":"NZA-0177","cls":"semi_permanent","area":48,"cost":11900,"tiv":570000.0,"tivCsv":5710000.0,"lat":0.50619,"lon":33.88531,"where":"UG","d10":0.0,"dr10":0.0,"loss10":0.0,"d20":0.0,"dr20":0.0,"loss20":0.0,"d50":0.0,"dr50":0.0,"loss50":0.0,"d100":0.0,"dr100":0.0,"loss100":0.0,"d200":0.0,"dr200":0.0,"loss200":0.0,"d500":0.0,"dr500":0.0,"loss500":0.0},"geometry":{"type":"Polygon","coordinates":[[[33.882615961299244,0.5034960664750269],[33.88800603870076,0.5034960664750269],[33.88800603870076,0.508885933524973],[33.882615961299244,0.508885933524973],[33.882615961299244,0.5034960664750269]]]}},{"type":"Feature","properties":{"id":"NZA-0178","cls":"semi_permanent","area":31,"cost":8100,"tiv":250000.0,"tivCsv":2510000.0,"lat":0.97673,"lon":33.85366,"where":"UG","d10":0.0,"dr10":0.0,"loss10":0.0,"d20":0.0,"dr20":0.0,"loss20":0.0,"d50":0.0,"dr50":0.0,"loss50":0.0,"d100":0.0,"dr100":0.0,"loss100":0.0,"d200":0.0,"dr200":0.0,"loss200":0.0,"d500":0.0,"dr500":0.0,"loss500":0.0},"geometry":{"type":"Polygon","coordinates":[[[33.85096967484398,0.9740380664750269],[33.85636032515602,0.9740380664750269],[33.85636032515602,0.979427933524973],[33.85096967484398,0.979427933524973],[33.85096967484398,0.9740380664750269]]]}},{"type":"Feature","properties":{"id":"NZA-0179","cls":"permanent_masonry","area":101,"cost":64600,"tiv":6525000.0,"tivCsv":65245000.0,"lat":0.61379,"lon":34.32179,"where":"KE","d10":0.0,"dr10":0.0,"loss10":0.0,"d20":0.0,"dr20":0.0,"loss20":0.0,"d50":0.0,"dr50":0.0,"loss50":0.0,"d100":0.0,"dr100":0.0,"loss100":0.0,"d200":0.0,"dr200":0.0,"loss200":0.0,"d500":0.0,"dr500":0.0,"loss500":0.0},"geometry":{"type":"Polygon","coordinates":[[[34.31909691182998,0.6110970664750269],[34.324487088170024,0.6110970664750269],[34.324487088170024,0.6164869335249731],[34.31909691182998,0.6164869335249731],[34.31909691182998,0.6110970664750269]]]}},{"type":"Feature","properties":{"id":"NZA-0180","cls":"permanent_masonry","area":55,"cost":48500,"tiv":2670000.0,"tivCsv":26675000.0,"lat":0.71862,"lon":33.92351,"where":"UG","d10":0.0,"dr10":0.0,"loss10":0.0,"d20":0.0,"dr20":0.0,"loss20":0.0,"d50":0.0,"dr50":0.0,"loss50":0.0,"d100":0.0,"dr100":0.0,"loss100":0.0,"d200":0.0,"dr200":0.0,"loss200":0.0,"d500":0.0,"dr500":0.0,"loss500":0.0},"geometry":{"type":"Polygon","coordinates":[[[33.920815854489646,0.7159300664750269],[33.92620614551035,0.7159300664750269],[33.92620614551035,0.721319933524973],[33.920815854489646,0.721319933524973],[33.920815854489646,0.7159300664750269]]]}},{"type":"Feature","properties":{"id":"NZA-0181","cls":"informal_iron_sheet","area":11,"cost":5200,"tiv":55000.0,"tivCsv":570000.0,"lat":0.1533,"lon":35.38907,"where":"KE","d10":0.0,"dr10":0.0,"loss10":0.0,"d20":0.0,"dr20":0.0,"loss20":0.0,"d50":0.0,"dr50":0.0,"loss50":0.0,"d100":0.0,"dr100":0.0,"loss100":0.0,"d200":0.0,"dr200":0.0,"loss200":0.0,"d500":0.0,"dr500":0.0,"loss500":0.0},"geometry":{"type":"Polygon","coordinates":[[[35.386373056828276,0.15060906647502695],[35.39176294317173,0.15060906647502695],[35.39176294317173,0.15599893352497304],[35.386373056828276,0.15599893352497304],[35.386373056828276,0.15060906647502695]]]}},{"type":"Feature","properties":{"id":"NZA-0182","cls":"permanent_masonry","area":111,"cost":41200,"tiv":4575000.0,"tivCsv":45730000.0,"lat":0.22787,"lon":33.98718,"where":"LAKE","d10":0.0,"dr10":0.0,"loss10":0.0,"d20":0.009999999776482582,"dr20":0.004,"loss20":18300.0,"d50":0.029999999329447746,"dr50":0.011,"loss50":50325.0,"d100":0.05000000074505806,"dr100":0.019,"loss100":86925.0,"d200":0.07000000029802322,"dr200":0.026,"loss200":118950.0,"d500":0.14000000059604645,"dr500":0.052,"loss500":237900.0},"geometry":{"type":"Polygon","coordinates":[[[33.98448704516101,0.22517906647502695],[33.989876954838984,0.22517906647502695],[33.989876954838984,0.23056893352497304],[33.98448704516101,0.23056893352497304],[33.98448704516101,0.22517906647502695]]]}},{"type":"Feature","properties":{"id":"NZA-0183","cls":"informal_iron_sheet","area":13,"cost":8900,"tiv":115000.0,"tivCsv":1155000.0,"lat":0.76566,"lon":34.54305,"where":"KE","d10":0.0,"dr10":0.0,"loss10":0.0,"d20":0.0,"dr20":0.0,"loss20":0.0,"d50":0.0,"dr50":0.0,"loss50":0.0,"d100":0.0,"dr100":0.0,"loss100":0.0,"d200":0.0,"dr200":0.0,"loss200":0.0,"d500":0.0,"dr500":0.0,"loss500":0.0},"geometry":{"type":"Polygon","coordinates":[[[34.54035882583055,0.7629640664750269],[34.545749174169444,0.7629640664750269],[34.545749174169444,0.768353933524973],[34.54035882583055,0.768353933524973],[34.54035882583055,0.7629640664750269]]]}},{"type":"Feature","properties":{"id":"NZA-0184","cls":"semi_permanent","area":52,"cost":14400,"tiv":750000.0,"tivCsv":7490000.0,"lat":-0.16001,"lon":33.82776,"where":"LAKE","d10":0.3700000047683716,"dr10":0.183,"loss10":137250.0,"d20":0.4099999964237213,"dr20":0.202,"loss20":151500.0,"d50":0.46000000834465027,"dr50":0.219,"loss50":164250.0,"d100":0.5,"dr100":0.234,"loss100":175500.0,"d200":0.5299999713897705,"dr200":0.244,"loss200":183000.0,"d500":0.5699999928474426,"dr500":0.258,"loss500":193500.0},"geometry":{"type":"Polygon","coordinates":[[[33.82506405596546,-0.16270793352497304],[33.83045394403454,-0.16270793352497304],[33.83045394403454,-0.15731806647502694],[33.82506405596546,-0.15731806647502694],[33.82506405596546,-0.16270793352497304]]]}},{"type":"Feature","properties":{"id":"NZA-0185","cls":"permanent_masonry","area":124,"cost":39300,"tiv":4875000.0,"tivCsv":48730000.0,"lat":1.05997,"lon":33.7724,"where":"UG","d10":0.0,"dr10":0.0,"loss10":0.0,"d20":0.0,"dr20":0.0,"loss20":0.0,"d50":0.0,"dr50":0.0,"loss50":0.0,"d100":0.0,"dr100":0.0,"loss100":0.0,"d200":0.0,"dr200":0.0,"loss200":0.0,"d500":0.0,"dr500":0.0,"loss500":0.0},"geometry":{"type":"Polygon","coordinates":[[[33.76969960523782,1.057278066475027],[33.77509039476219,1.057278066475027],[33.77509039476219,1.0626679335249731],[33.76969960523782,1.0626679335249731],[33.76969960523782,1.057278066475027]]]}},{"type":"Feature","properties":{"id":"NZA-0186","cls":"informal_iron_sheet","area":11,"cost":5800,"tiv":65000.0,"tivCsv":640000.0,"lat":0.68263,"lon":34.98325,"where":"KE","d10":0.0,"dr10":0.0,"loss10":0.0,"d20":0.0,"dr20":0.0,"loss20":0.0,"d50":0.0,"dr50":0.0,"loss50":0.0,"d100":0.0,"dr100":0.0,"loss100":0.0,"d200":0.0,"dr200":0.0,"loss200":0.0,"d500":0.0,"dr500":0.0,"loss500":0.0},"geometry":{"type":"Polygon","coordinates":[[[34.98055987519293,0.6799390664750269],[34.98595012480707,0.6799390664750269],[34.98595012480707,0.685328933524973],[34.98055987519293,0.685328933524973],[34.98055987519293,0.6799390664750269]]]}},{"type":"Feature","properties":{"id":"NZA-0187","cls":"semi_permanent","area":26,"cost":12100,"tiv":315000.0,"tivCsv":3145000.0,"lat":0.11321,"lon":34.83371,"where":"KE","d10":0.0,"dr10":0.0,"loss10":0.0,"d20":0.0,"dr20":0.0,"loss20":0.0,"d50":0.0,"dr50":0.0,"loss50":0.0,"d100":0.0,"dr100":0.0,"loss100":0.0,"d200":0.0,"dr200":0.0,"loss200":0.0,"d500":0.0,"dr500":0.0,"loss500":0.0},"geometry":{"type":"Polygon","coordinates":[[[34.831020061214055,0.11051806647502695],[34.83640993878594,0.11051806647502695],[34.83640993878594,0.11590793352497304],[34.831020061214055,0.11590793352497304],[34.831020061214055,0.11051806647502695]]]}},{"type":"Feature","properties":{"id":"NZA-0188","cls":"informal_iron_sheet","area":14,"cost":8300,"tiv":115000.0,"tivCsv":1160000.0,"lat":0.97856,"lon":34.36369,"where":"UG","d10":0.0,"dr10":0.0,"loss10":0.0,"d20":0.0,"dr20":0.0,"loss20":0.0,"d50":0.0,"dr50":0.0,"loss50":0.0,"d100":0.0,"dr100":0.0,"loss100":0.0,"d200":0.0,"dr200":0.0,"loss200":0.0,"d500":0.0,"dr500":0.0,"loss500":0.0},"geometry":{"type":"Polygon","coordinates":[[[34.360998673378134,0.9758640664750269],[34.36638932662187,0.9758640664750269],[34.36638932662187,0.981253933524973],[34.360998673378134,0.981253933524973],[34.360998673378134,0.9758640664750269]]]}},{"type":"Feature","properties":{"id":"NZA-0189","cls":"semi_permanent","area":29,"cost":9800,"tiv":285000.0,"tivCsv":2840000.0,"lat":0.35012,"lon":35.10999,"where":"KE","d10":0.0,"dr10":0.0,"loss10":0.0,"d20":0.0,"dr20":0.0,"loss20":0.0,"d50":0.0,"dr50":0.0,"loss50":0.0,"d100":0.0,"dr100":0.0,"loss100":0.0,"d200":0.0,"dr200":0.0,"loss200":0.0,"d500":0.0,"dr500":0.0,"loss500":0.0},"geometry":{"type":"Polygon","coordinates":[[[35.10730001615703,0.3474290664750269],[35.11268998384296,0.3474290664750269],[35.11268998384296,0.35281893352497307],[35.10730001615703,0.35281893352497307],[35.10730001615703,0.3474290664750269]]]}},{"type":"Feature","properties":{"id":"NZA-0190","cls":"permanent_masonry","area":185,"cost":49300,"tiv":9120000.0,"tivCsv":91205000.0,"lat":0.06691,"lon":34.93769,"where":"KE","d10":0.0,"dr10":0.0,"loss10":0.0,"d20":0.0,"dr20":0.0,"loss20":0.0,"d50":0.0,"dr50":0.0,"loss50":0.0,"d100":0.0,"dr100":0.0,"loss100":0.0,"d200":0.0,"dr200":0.0,"loss200":0.0,"d500":0.0,"dr500":0.0,"loss500":0.0},"geometry":{"type":"Polygon","coordinates":[[[34.934998064637576,0.06421206647502695],[34.94038793536243,0.06421206647502695],[34.94038793536243,0.06960193352497304],[34.934998064637576,0.06960193352497304],[34.934998064637576,0.06421206647502695]]]}},{"type":"Feature","properties":{"id":"NZA-0191","cls":"permanent_masonry","area":110,"cost":36000,"tiv":3960000.0,"tivCsv":39600000.0,"lat":0.90096,"lon":34.58968,"where":"KE","d10":0.0,"dr10":0.0,"loss10":0.0,"d20":0.0,"dr20":0.0,"loss20":0.0,"d50":0.0,"dr50":0.0,"loss50":0.0,"d100":0.0,"dr100":0.0,"loss100":0.0,"d200":0.0,"dr200":0.0,"loss200":0.0,"d500":0.0,"dr500":0.0,"loss500":0.0},"geometry":{"type":"Polygon","coordinates":[[[34.586981733258426,0.898263066475027],[34.59237226674158,0.898263066475027],[34.59237226674158,0.9036529335249731],[34.586981733258426,0.9036529335249731],[34.586981733258426,0.898263066475027]]]}},{"type":"Feature","properties":{"id":"NZA-0192","cls":"permanent_masonry","area":81,"cost":57300,"tiv":4640000.0,"tivCsv":46415000.0,"lat":1.03817,"lon":35.00815,"where":"KE","d10":0.0,"dr10":0.0,"loss10":0.0,"d20":0.0,"dr20":0.0,"loss20":0.0,"d50":0.0,"dr50":0.0,"loss50":0.0,"d100":0.0,"dr100":0.0,"loss100":0.0,"d200":0.0,"dr200":0.0,"loss200":0.0,"d500":0.0,"dr500":0.0,"loss500":0.0},"geometry":{"type":"Polygon","coordinates":[[[35.00545762402423,1.035470066475027],[35.01084837597577,1.035470066475027],[35.01084837597577,1.040859933524973],[35.00545762402423,1.040859933524973],[35.00545762402423,1.035470066475027]]]}},{"type":"Feature","properties":{"id":"NZA-0193","cls":"concrete_rcc","area":443,"cost":75200,"tiv":33315000.0,"tivCsv":333135000.0,"lat":-0.07019,"lon":34.75602,"where":"KE","d10":0.0,"dr10":0.0,"loss10":0.0,"d20":0.0,"dr20":0.0,"loss20":0.0,"d50":0.0,"dr50":0.0,"loss50":0.0,"d100":0.0,"dr100":0.0,"loss100":0.0,"d200":0.0,"dr200":0.0,"loss200":0.0,"d500":0.0,"dr500":0.0,"loss500":0.0},"geometry":{"type":"Polygon","coordinates":[[[34.7533270644526,-0.07288893352497305],[34.758716935547405,-0.07288893352497305],[34.758716935547405,-0.06749906647502696],[34.7533270644526,-0.06749906647502696],[34.7533270644526,-0.07288893352497305]]]}},{"type":"Feature","properties":{"id":"NZA-0194","cls":"permanent_masonry","area":290,"cost":40000,"tiv":11600000.0,"tivCsv":116000000.0,"lat":-0.07811,"lon":33.84138,"where":"LAKE","d10":0.3400000035762787,"dr10":0.127,"loss10":1473200.0,"d20":0.3799999952316284,"dr20":0.142,"loss20":1647200.0,"d50":0.4300000071525574,"dr50":0.161,"loss50":1867600.0,"d100":0.4699999988079071,"dr100":0.176,"loss100":2041600.0,"d200":0.5,"dr200":0.187,"loss200":2169200.0,"d500":0.550000011920929,"dr500":0.2,"loss500":2320000.0},"geometry":{"type":"Polygon","coordinates":[[[33.83868306397079,-0.08080393352497305],[33.84407293602921,-0.08080393352497305],[33.84407293602921,-0.07541406647502695],[33.83868306397079,-0.07541406647502695],[33.83868306397079,-0.08080393352497305]]]}},{"type":"Feature","properties":{"id":"NZA-0195","cls":"semi_permanent","area":65,"cost":9200,"tiv":600000.0,"tivCsv":5980000.0,"lat":0.91346,"lon":34.12594,"where":"UG","d10":0.0,"dr10":0.0,"loss10":0.0,"d20":0.0,"dr20":0.0,"loss20":0.0,"d50":0.0,"dr50":0.0,"loss50":0.0,"d100":0.0,"dr100":0.0,"loss100":0.0,"d200":0.0,"dr200":0.0,"loss200":0.0,"d500":0.0,"dr500":0.0,"loss500":0.0},"geometry":{"type":"Polygon","coordinates":[[[34.12324472394862,0.910761066475027],[34.12863527605138,0.910761066475027],[34.12863527605138,0.9161509335249731],[34.12324472394862,0.9161509335249731],[34.12324472394862,0.910761066475027]]]}},{"type":"Feature","properties":{"id":"NZA-0196","cls":"informal_iron_sheet","area":16,"cost":7100,"tiv":115000.0,"tivCsv":1135000.0,"lat":1.21014,"lon":34.61061,"where":"UG","d10":0.0,"dr10":0.0,"loss10":0.0,"d20":0.0,"dr20":0.0,"loss20":0.0,"d50":0.0,"dr50":0.0,"loss50":0.0,"d100":0.0,"dr100":0.0,"loss100":0.0,"d200":0.0,"dr200":0.0,"loss200":0.0,"d500":0.0,"dr500":0.0,"loss500":0.0},"geometry":{"type":"Polygon","coordinates":[[[34.607913465269995,1.207442066475027],[34.61330453473,1.207442066475027],[34.61330453473,1.212831933524973],[34.607913465269995,1.212831933524973],[34.607913465269995,1.207442066475027]]]}},{"type":"Feature","properties":{"id":"NZA-0197","cls":"semi_permanent","area":73,"cost":11100,"tiv":810000.0,"tivCsv":8105000.0,"lat":0.96113,"lon":34.21641,"where":"UG","d10":0.0,"dr10":0.0,"loss10":0.0,"d20":0.0,"dr20":0.0,"loss20":0.0,"d50":0.0,"dr50":0.0,"loss50":0.0,"d100":0.0,"dr100":0.0,"loss100":0.0,"d200":0.0,"dr200":0.0,"loss200":0.0,"d500":0.0,"dr500":0.0,"loss500":0.0},"geometry":{"type":"Polygon","coordinates":[[[34.213709687256284,0.9584370664750269],[34.21910031274372,0.9584370664750269],[34.21910031274372,0.9638269335249731],[34.213709687256284,0.9638269335249731],[34.213709687256284,0.9584370664750269]]]}},{"type":"Feature","properties":{"id":"NZA-0198","cls":"semi_permanent","area":39,"cost":9800,"tiv":380000.0,"tivCsv":3820000.0,"lat":0.79263,"lon":34.65057,"where":"KE","d10":0.0,"dr10":0.0,"loss10":0.0,"d20":0.0,"dr20":0.0,"loss20":0.0,"d50":0.0,"dr50":0.0,"loss50":0.0,"d100":0.0,"dr100":0.0,"loss100":0.0,"d200":0.0,"dr200":0.0,"loss200":0.0,"d500":0.0,"dr500":0.0,"loss500":0.0},"geometry":{"type":"Polygon","coordinates":[[[34.64786980857545,0.7899370664750269],[34.65326019142455,0.7899370664750269],[34.65326019142455,0.7953269335249731],[34.64786980857545,0.7953269335249731],[34.64786980857545,0.7899370664750269]]]}},{"type":"Feature","properties":{"id":"NZA-0199","cls":"permanent_masonry","area":136,"cost":53500,"tiv":7275000.0,"tivCsv":72760000.0,"lat":-0.07263,"lon":34.82898,"where":"KE","d10":0.0,"dr10":0.0,"loss10":0.0,"d20":0.0,"dr20":0.0,"loss20":0.0,"d50":0.0,"dr50":0.0,"loss50":0.0,"d100":0.0,"dr100":0.0,"loss100":0.0,"d200":0.0,"dr200":0.0,"loss200":0.0,"d500":0.0,"dr500":0.0,"loss500":0.0},"geometry":{"type":"Polygon","coordinates":[[[34.82628706431003,-0.07532093352497304],[34.83167693568998,-0.07532093352497304],[34.83167693568998,-0.06993106647502695],[34.82628706431003,-0.06993106647502695],[34.82628706431003,-0.07532093352497304]]]}},{"type":"Feature","properties":{"id":"NZA-0200","cls":"informal_iron_sheet","area":10,"cost":9200,"tiv":90000.0,"tivCsv":920000.0,"lat":-0.00027,"lon":34.2201,"where":"KE","d10":0.0,"dr10":0.0,"loss10":0.0,"d20":0.0,"dr20":0.0,"loss20":0.0,"d50":0.0,"dr50":0.0,"loss50":0.0,"d100":0.0,"dr100":0.0,"loss100":0.0,"d200":0.0,"dr200":0.0,"loss200":0.0,"d500":0.0,"dr500":0.0,"loss500":0.0},"geometry":{"type":"Polygon","coordinates":[[[34.217400066475,-0.0029649335249730506],[34.222789933525,-0.0029649335249730506],[34.222789933525,0.002424933524973051],[34.217400066475,0.002424933524973051],[34.217400066475,-0.0029649335249730506]]]}},{"type":"Feature","properties":{"id":"NZA-0201","cls":"permanent_masonry","area":45,"cost":44800,"tiv":2015000.0,"tivCsv":20160000.0,"lat":0.00224,"lon":34.70903,"where":"KE","d10":0.0,"dr10":0.0,"loss10":0.0,"d20":0.0,"dr20":0.0,"loss20":0.0,"d50":0.0,"dr50":0.0,"loss50":0.0,"d100":0.0,"dr100":0.0,"loss100":0.0,"d200":0.0,"dr200":0.0,"loss200":0.0,"d500":0.0,"dr500":0.0,"loss500":0.0},"geometry":{"type":"Polygon","coordinates":[[[34.70633906647298,-0.0004579335249730509],[34.71172893352703,-0.0004579335249730509],[34.71172893352703,0.004931933524973051],[34.70633906647298,0.004931933524973051],[34.70633906647298,-0.0004579335249730509]]]}},{"type":"Feature","properties":{"id":"NZA-0202","cls":"informal_iron_sheet","area":14,"cost":6300,"tiv":90000.0,"tivCsv":880000.0,"lat":1.0556,"lon":34.18485,"where":"UG","d10":0.0,"dr10":0.0,"loss10":0.0,"d20":0.0,"dr20":0.0,"loss20":0.0,"d50":0.0,"dr50":0.0,"loss50":0.0,"d100":0.0,"dr100":0.0,"loss100":0.0,"d200":0.0,"dr200":0.0,"loss200":0.0,"d500":0.0,"dr500":0.0,"loss500":0.0},"geometry":{"type":"Polygon","coordinates":[[[34.182151609031905,1.0529100664750268],[34.18754239096809,1.0529100664750268],[34.18754239096809,1.058299933524973],[34.182151609031905,1.058299933524973],[34.182151609031905,1.0529100664750268]]]}},{"type":"Feature","properties":{"id":"NZA-0203","cls":"permanent_masonry","area":126,"cost":52500,"tiv":6615000.0,"tivCsv":66150000.0,"lat":1.28914,"lon":34.85304,"where":"KE","d10":0.0,"dr10":0.0,"loss10":0.0,"d20":0.0,"dr20":0.0,"loss20":0.0,"d50":0.0,"dr50":0.0,"loss50":0.0,"d100":0.0,"dr100":0.0,"loss100":0.0,"d200":0.0,"dr200":0.0,"loss200":0.0,"d500":0.0,"dr500":0.0,"loss500":0.0},"geometry":{"type":"Polygon","coordinates":[[[34.850342384191975,1.2864450664750269],[34.85573361580802,1.2864450664750269],[34.85573361580802,1.291834933524973],[34.850342384191975,1.291834933524973],[34.850342384191975,1.2864450664750269]]]}},{"type":"Feature","properties":{"id":"NZA-0204","cls":"informal_iron_sheet","area":14,"cost":9200,"tiv":130000.0,"tivCsv":1290000.0,"lat":-0.05585,"lon":33.71976,"where":"LAKE","d10":0.36000001430511475,"dr10":0.232,"loss10":30160.0,"d20":0.4000000059604645,"dr20":0.251,"loss20":32630.0,"d50":0.46000000834465027,"dr50":0.28,"loss50":36400.0,"d100":0.49000000953674316,"dr100":0.294,"loss100":38220.0,"d200":0.5199999809265137,"dr200":0.309,"loss200":40170.0,"d500":0.5600000023841858,"dr500":0.328,"loss500":42640.0},"geometry":{"type":"Polygon","coordinates":[[[33.717061065194606,-0.05854693352497305],[33.72245093480539,-0.05854693352497305],[33.72245093480539,-0.05315706647502695],[33.717061065194606,-0.05315706647502695],[33.717061065194606,-0.05854693352497305]]]}},{"type":"Feature","properties":{"id":"NZA-0205","cls":"informal_iron_sheet","area":13,"cost":6300,"tiv":80000.0,"tivCsv":820000.0,"lat":0.37655,"lon":35.3465,"where":"KE","d10":0.0,"dr10":0.0,"loss10":0.0,"d20":0.0,"dr20":0.0,"loss20":0.0,"d50":0.0,"dr50":0.0,"loss50":0.0,"d100":0.0,"dr100":0.0,"loss100":0.0,"d200":0.0,"dr200":0.0,"loss200":0.0,"d500":0.0,"dr500":0.0,"loss500":0.0},"geometry":{"type":"Polygon","coordinates":[[[35.34380500827618,0.37385006647502694],[35.34919499172382,0.37385006647502694],[35.34919499172382,0.3792399335249731],[35.34380500827618,0.3792399335249731],[35.34380500827618,0.37385006647502694]]]}},{"type":"Feature","properties":{"id":"NZA-0206","cls":"informal_iron_sheet","area":28,"cost":8800,"tiv":245000.0,"tivCsv":2465000.0,"lat":1.12789,"lon":34.60706,"where":"KE","d10":0.0,"dr10":0.0,"loss10":0.0,"d20":0.0,"dr20":0.0,"loss20":0.0,"d50":0.0,"dr50":0.0,"loss50":0.0,"d100":0.0,"dr100":0.0,"loss100":0.0,"d200":0.0,"dr200":0.0,"loss200":0.0,"d500":0.0,"dr500":0.0,"loss500":0.0},"geometry":{"type":"Polygon","coordinates":[[[34.60436954422932,1.125193066475027],[34.609760455770676,1.125193066475027],[34.609760455770676,1.130582933524973],[34.60436954422932,1.130582933524973],[34.60436954422932,1.125193066475027]]]}},{"type":"Feature","properties":{"id":"NZA-0207","cls":"permanent_masonry","area":73,"cost":58100,"tiv":4240000.0,"tivCsv":42415000.0,"lat":1.24584,"lon":34.34039,"where":"UG","d10":0.0,"dr10":0.0,"loss10":0.0,"d20":0.0,"dr20":0.0,"loss20":0.0,"d50":0.0,"dr50":0.0,"loss50":0.0,"d100":0.0,"dr100":0.0,"loss100":0.0,"d200":0.0,"dr200":0.0,"loss200":0.0,"d500":0.0,"dr500":0.0,"loss500":0.0},"geometry":{"type":"Polygon","coordinates":[[[34.33769642926354,1.243146066475027],[34.343087570736465,1.243146066475027],[34.343087570736465,1.248535933524973],[34.33769642926354,1.248535933524973],[34.33769642926354,1.243146066475027]]]}},{"type":"Feature","properties":{"id":"NZA-0208","cls":"semi_permanent","area":25,"cost":14000,"tiv":350000.0,"tivCsv":3500000.0,"lat":0.46052,"lon":34.44519,"where":"KE","d10":0.0,"dr10":0.0,"loss10":0.0,"d20":0.0,"dr20":0.0,"loss20":0.0,"d50":0.0,"dr50":0.0,"loss50":0.0,"d100":0.0,"dr100":0.0,"loss100":0.0,"d200":0.0,"dr200":0.0,"loss200":0.0,"d500":0.0,"dr500":0.0,"loss500":0.0},"geometry":{"type":"Polygon","coordinates":[[[34.442489979422106,0.45782606647502694],[34.4478800205779,0.45782606647502694],[34.4478800205779,0.4632159335249731],[34.442489979422106,0.4632159335249731],[34.442489979422106,0.45782606647502694]]]}},{"type":"Feature","properties":{"id":"NZA-0209","cls":"permanent_masonry","area":79,"cost":54100,"tiv":4275000.0,"tivCsv":42740000.0,"lat":-0.28113,"lon":33.98119,"where":"LAKE","d10":1.2200000286102295,"dr10":0.379,"loss10":1620225.0,"d20":1.2899999618530273,"dr20":0.397,"loss20":1697175.0,"d50":1.3600000143051147,"dr50":0.415,"loss50":1774125.0,"d100":1.409999966621399,"dr100":0.428,"loss100":1829700.0,"d200":1.4600000381469727,"dr200":0.441,"loss200":1885275.0,"d500":1.5199999809265137,"dr500":0.455,"loss500":1945125.0},"geometry":{"type":"Polygon","coordinates":[[[33.97849103403354,-0.2838279335249731],[33.98388096596646,-0.2838279335249731],[33.98388096596646,-0.27843806647502695],[33.97849103403354,-0.27843806647502695],[33.97849103403354,-0.2838279335249731]]]}},{"type":"Feature","properties":{"id":"NZA-0210","cls":"semi_permanent","area":53,"cost":14900,"tiv":790000.0,"tivCsv":7895000.0,"lat":0.81647,"lon":35.26241,"where":"KE","d10":0.0,"dr10":0.0,"loss10":0.0,"d20":0.0,"dr20":0.0,"loss20":0.0,"d50":0.0,"dr50":0.0,"loss50":0.0,"d100":0.0,"dr100":0.0,"loss100":0.0,"d200":0.0,"dr200":0.0,"loss200":0.0,"d500":0.0,"dr500":0.0,"loss500":0.0},"geometry":{"type":"Polygon","coordinates":[[[35.25971379282577,0.813779066475027],[35.265104207174225,0.813779066475027],[35.265104207174225,0.8191689335249731],[35.25971379282577,0.8191689335249731],[35.25971379282577,0.813779066475027]]]}},{"type":"Feature","properties":{"id":"NZA-0211","cls":"semi_permanent","area":31,"cost":11300,"tiv":350000.0,"tivCsv":3505000.0,"lat":0.96186,"lon":34.52131,"where":"KE","d10":0.0,"dr10":0.0,"loss10":0.0,"d20":0.0,"dr20":0.0,"loss20":0.0,"d50":0.0,"dr50":0.0,"loss50":0.0,"d100":0.0,"dr100":0.0,"loss100":0.0,"d200":0.0,"dr200":0.0,"loss200":0.0,"d500":0.0,"dr500":0.0,"loss500":0.0},"geometry":{"type":"Polygon","coordinates":[[[34.518611686684686,0.959161066475027],[34.524002313315314,0.959161066475027],[34.524002313315314,0.9645509335249731],[34.518611686684686,0.9645509335249731],[34.518611686684686,0.959161066475027]]]}},{"type":"Feature","properties":{"id":"NZA-0212","cls":"concrete_rcc","area":404,"cost":70400,"tiv":28440000.0,"tivCsv":284415000.0,"lat":-0.06584,"lon":34.54263,"where":"KE","d10":0.0,"dr10":0.0,"loss10":0.0,"d20":0.0,"dr20":0.0,"loss20":0.0,"d50":0.0,"dr50":0.0,"loss50":0.0,"d100":0.0,"dr100":0.0,"loss100":0.0,"d200":0.0,"dr200":0.0,"loss200":0.0,"d500":0.0,"dr500":0.0,"loss500":0.0},"geometry":{"type":"Polygon","coordinates":[[[34.539935064695825,-0.06853293352497304],[34.54532493530418,-0.06853293352497304],[34.54532493530418,-0.06314306647502695],[34.539935064695825,-0.06314306647502695],[34.539935064695825,-0.06853293352497304]]]}},{"type":"Feature","properties":{"id":"NZA-0213","cls":"permanent_masonry","area":176,"cost":64000,"tiv":11265000.0,"tivCsv":112640000.0,"lat":0.91605,"lon":33.90782,"where":"UG","d10":0.0,"dr10":0.0,"loss10":0.0,"d20":0.0,"dr20":0.0,"loss20":0.0,"d50":0.0,"dr50":0.0,"loss50":0.0,"d100":0.0,"dr100":0.0,"loss100":0.0,"d200":0.0,"dr200":0.0,"loss200":0.0,"d500":0.0,"dr500":0.0,"loss500":0.0},"geometry":{"type":"Polygon","coordinates":[[[33.90512372200026,0.913355066475027],[33.910514277999745,0.913355066475027],[33.910514277999745,0.9187449335249731],[33.90512372200026,0.9187449335249731],[33.90512372200026,0.913355066475027]]]}},{"type":"Feature","properties":{"id":"NZA-0214","cls":"informal_iron_sheet","area":11,"cost":7800,"tiv":85000.0,"tivCsv":860000.0,"lat":0.07754,"lon":34.54912,"where":"KE","d10":0.0,"dr10":0.0,"loss10":0.0,"d20":0.0,"dr20":0.0,"loss20":0.0,"d50":0.0,"dr50":0.0,"loss50":0.0,"d100":0.0,"dr100":0.0,"loss100":0.0,"d200":0.0,"dr200":0.0,"loss200":0.0,"d500":0.0,"dr500":0.0,"loss500":0.0},"geometry":{"type":"Polygon","coordinates":[[[34.546428064007145,0.07484506647502695],[34.55181793599286,0.07484506647502695],[34.55181793599286,0.08023493352497305],[34.546428064007145,0.08023493352497305],[34.546428064007145,0.07484506647502695]]]}},{"type":"Feature","properties":{"id":"NZA-0215","cls":"informal_iron_sheet","area":10,"cost":9400,"tiv":95000.0,"tivCsv":940000.0,"lat":-0.20234,"lon":34.16164,"where":"LAKE","d10":1.6200000047683716,"dr10":0.706,"loss10":67070.0,"d20":1.7000000476837158,"dr20":0.728,"loss20":69160.0,"d50":1.7999999523162842,"dr50":0.756,"loss50":71820.0,"d100":1.8700000047683716,"dr100":0.775,"loss100":73625.0,"d200":1.9299999475479126,"dr200":0.783,"loss200":74385.0,"d500":2.009999990463257,"dr500":0.794,"loss500":75430.0},"geometry":{"type":"Polygon","coordinates":[[[34.15894104966986,-0.20503593352497304],[34.16433095033014,-0.20503593352497304],[34.16433095033014,-0.19964606647502695],[34.15894104966986,-0.19964606647502695],[34.15894104966986,-0.20503593352497304]]]}},{"type":"Feature","properties":{"id":"NZA-0216","cls":"informal_iron_sheet","area":14,"cost":7500,"tiv":105000.0,"tivCsv":1050000.0,"lat":0.83324,"lon":34.46368,"where":"KE","d10":0.0,"dr10":0.0,"loss10":0.0,"d20":0.0,"dr20":0.0,"loss20":0.0,"d50":0.0,"dr50":0.0,"loss50":0.0,"d100":0.0,"dr100":0.0,"loss100":0.0,"d200":0.0,"dr200":0.0,"loss200":0.0,"d500":0.0,"dr500":0.0,"loss500":0.0},"geometry":{"type":"Polygon","coordinates":[[[34.46098278146944,0.830547066475027],[34.46637321853056,0.830547066475027],[34.46637321853056,0.8359369335249731],[34.46098278146944,0.8359369335249731],[34.46098278146944,0.830547066475027]]]}},{"type":"Feature","properties":{"id":"NZA-0217","cls":"informal_iron_sheet","area":21,"cost":9200,"tiv":195000.0,"tivCsv":1930000.0,"lat":-0.09881,"lon":34.8947,"where":"KE","d10":0.0,"dr10":0.0,"loss10":0.0,"d20":0.0,"dr20":0.0,"loss20":0.0,"d50":0.0,"dr50":0.0,"loss50":0.0,"d100":0.0,"dr100":0.0,"loss100":0.0,"d200":0.0,"dr200":0.0,"loss200":0.0,"d500":0.0,"dr500":0.0,"loss500":0.0},"geometry":{"type":"Polygon","coordinates":[[[34.89200506246735,-0.10150693352497304],[34.89739493753265,-0.10150693352497304],[34.89739493753265,-0.09611706647502695],[34.89200506246735,-0.09611706647502695],[34.89200506246735,-0.10150693352497304]]]}},{"type":"Feature","properties":{"id":"NZA-0218","cls":"semi_permanent","area":54,"cost":9200,"tiv":495000.0,"tivCsv":4970000.0,"lat":0.50747,"lon":34.92073,"where":"KE","d10":0.0,"dr10":0.0,"loss10":0.0,"d20":0.0,"dr20":0.0,"loss20":0.0,"d50":0.0,"dr50":0.0,"loss50":0.0,"d100":0.0,"dr100":0.0,"loss100":0.0,"d200":0.0,"dr200":0.0,"loss200":0.0,"d500":0.0,"dr500":0.0,"loss500":0.0},"geometry":{"type":"Polygon","coordinates":[[[34.91803396076539,0.5047790664750269],[34.92342403923461,0.5047790664750269],[34.92342403923461,0.5101689335249731],[34.91803396076539,0.5101689335249731],[34.91803396076539,0.5047790664750269]]]}},{"type":"Feature","properties":{"id":"NZA-0219","cls":"semi_permanent","area":43,"cost":12300,"tiv":530000.0,"tivCsv":5290000.0,"lat":1.05471,"lon":34.12413,"where":"UG","d10":0.0,"dr10":0.0,"loss10":0.0,"d20":0.0,"dr20":0.0,"loss20":0.0,"d50":0.0,"dr50":0.0,"loss50":0.0,"d100":0.0,"dr100":0.0,"loss100":0.0,"d200":0.0,"dr200":0.0,"loss200":0.0,"d500":0.0,"dr500":0.0,"loss500":0.0},"geometry":{"type":"Polygon","coordinates":[[[34.12143060981084,1.0520110664750268],[34.12682139018916,1.0520110664750268],[34.12682139018916,1.057400933524973],[34.12143060981084,1.057400933524973],[34.12143060981084,1.0520110664750268]]]}},{"type":"Feature","properties":{"id":"NZA-0220","cls":"semi_permanent","area":50,"cost":15600,"tiv":780000.0,"tivCsv":7800000.0,"lat":0.72933,"lon":34.53548,"where":"KE","d10":0.0,"dr10":0.0,"loss10":0.0,"d20":0.0,"dr20":0.0,"loss20":0.0,"d50":0.0,"dr50":0.0,"loss50":0.0,"d100":0.0,"dr100":0.0,"loss100":0.0,"d200":0.0,"dr200":0.0,"loss200":0.0,"d500":0.0,"dr500":0.0,"loss500":0.0},"geometry":{"type":"Polygon","coordinates":[[[34.5327888481259,0.7266360664750269],[34.5381791518741,0.7266360664750269],[34.5381791518741,0.732025933524973],[34.5327888481259,0.732025933524973],[34.5327888481259,0.7266360664750269]]]}},{"type":"Feature","properties":{"id":"NZA-0221","cls":"semi_permanent","area":49,"cost":14300,"tiv":700000.0,"tivCsv":7005000.0,"lat":0.1397,"lon":35.19967,"where":"KE","d10":0.0,"dr10":0.0,"loss10":0.0,"d20":0.0,"dr20":0.0,"loss20":0.0,"d50":0.0,"dr50":0.0,"loss50":0.0,"d100":0.0,"dr100":0.0,"loss100":0.0,"d200":0.0,"dr200":0.0,"loss200":0.0,"d500":0.0,"dr500":0.0,"loss500":0.0},"geometry":{"type":"Polygon","coordinates":[[[35.19697905846405,0.13700806647502695],[35.20236894153595,0.13700806647502695],[35.20236894153595,0.14239793352497304],[35.19697905846405,0.14239793352497304],[35.19697905846405,0.13700806647502695]]]}},{"type":"Feature","properties":{"id":"NZA-0222","cls":"semi_permanent","area":36,"cost":15400,"tiv":555000.0,"tivCsv":5545000.0,"lat":0.96308,"lon":34.7055,"where":"KE","d10":0.0,"dr10":0.0,"loss10":0.0,"d20":0.0,"dr20":0.0,"loss20":0.0,"d50":0.0,"dr50":0.0,"loss50":0.0,"d100":0.0,"dr100":0.0,"loss100":0.0,"d200":0.0,"dr200":0.0,"loss200":0.0,"d500":0.0,"dr500":0.0,"loss500":0.0},"geometry":{"type":"Polygon","coordinates":[[[34.7028026857142,0.960389066475027],[34.7081933142858,0.960389066475027],[34.7081933142858,0.9657789335249731],[34.7028026857142,0.9657789335249731],[34.7028026857142,0.960389066475027]]]}},{"type":"Feature","properties":{"id":"NZA-0223","cls":"semi_permanent","area":30,"cost":11200,"tiv":335000.0,"tivCsv":3360000.0,"lat":0.28566,"lon":34.15017,"where":"KE","d10":0.0,"dr10":0.0,"loss10":0.0,"d20":0.0,"dr20":0.0,"loss20":0.0,"d50":0.0,"dr50":0.0,"loss50":0.0,"d100":0.0,"dr100":0.0,"loss100":0.0,"d200":0.0,"dr200":0.0,"loss200":0.0,"d500":0.0,"dr500":0.0,"loss500":0.0},"geometry":{"type":"Polygon","coordinates":[[[34.14748003298055,0.2829640664750269],[34.15286996701944,0.2829640664750269],[34.15286996701944,0.28835393352497307],[34.14748003298055,0.28835393352497307],[34.14748003298055,0.2829640664750269]]]}},{"type":"Feature","properties":{"id":"NZA-0224","cls":"permanent_masonry","area":100,"cost":49700,"tiv":4970000.0,"tivCsv":49700000.0,"lat":0.16668,"lon":33.97353,"where":"LAKE","d10":0.23000000417232513,"dr10":0.086,"loss10":427420.0,"d20":0.27000001072883606,"dr20":0.101,"loss20":501970.0,"d50":0.3199999928474426,"dr50":0.12,"loss50":596400.0,"d100":0.3499999940395355,"dr100":0.131,"loss100":651070.0,"d200":0.3799999952316284,"dr200":0.142,"loss200":705740.0,"d500":0.41999998688697815,"dr500":0.157,"loss500":780290.0},"geometry":{"type":"Polygon","coordinates":[[[33.970840055070894,0.16398906647502695],[33.9762299449291,0.16398906647502695],[33.9762299449291,0.16937893352497305],[33.970840055070894,0.16937893352497305],[33.970840055070894,0.16398906647502695]]]}},{"type":"Feature","properties":{"id":"NZA-0225","cls":"informal_iron_sheet","area":15,"cost":8200,"tiv":125000.0,"tivCsv":1230000.0,"lat":0.98189,"lon":33.99088,"where":"UG","d10":0.0,"dr10":0.0,"loss10":0.0,"d20":0.0,"dr20":0.0,"loss20":0.0,"d50":0.0,"dr50":0.0,"loss50":0.0,"d100":0.0,"dr100":0.0,"loss100":0.0,"d200":0.0,"dr200":0.0,"loss200":0.0,"d500":0.0,"dr500":0.0,"loss500":0.0},"geometry":{"type":"Polygon","coordinates":[[[33.98818067069383,0.979199066475027],[33.99357132930617,0.979199066475027],[33.99357132930617,0.9845889335249731],[33.98818067069383,0.9845889335249731],[33.98818067069383,0.979199066475027]]]}},{"type":"Feature","properties":{"id":"NZA-0226","cls":"informal_iron_sheet","area":23,"cost":6600,"tiv":150000.0,"tivCsv":1520000.0,"lat":0.12918,"lon":34.29359,"where":"KE","d10":0.0,"dr10":0.0,"loss10":0.0,"d20":0.0,"dr20":0.0,"loss20":0.0,"d50":0.0,"dr50":0.0,"loss50":0.0,"d100":0.0,"dr100":0.0,"loss100":0.0,"d200":0.0,"dr200":0.0,"loss200":0.0,"d500":0.0,"dr500":0.0,"loss500":0.0},"geometry":{"type":"Polygon","coordinates":[[[34.29089305962502,0.12648906647502695],[34.29628294037498,0.12648906647502695],[34.29628294037498,0.13187893352497304],[34.29089305962502,0.13187893352497304],[34.29089305962502,0.12648906647502695]]]}},{"type":"Feature","properties":{"id":"NZA-0227","cls":"informal_iron_sheet","area":21,"cost":9000,"tiv":190000.0,"tivCsv":1890000.0,"lat":0.17378,"lon":33.97332,"where":"LAKE","d10":0.23000000417232513,"dr10":0.154,"loss10":29260.0,"d20":0.27000001072883606,"dr20":0.181,"loss20":34390.0,"d50":0.3199999928474426,"dr50":0.213,"loss50":40470.0,"d100":0.3499999940395355,"dr100":0.227,"loss100":43130.0,"d200":0.3799999952316284,"dr200":0.241,"loss200":45790.0,"d500":0.41999998688697815,"dr500":0.261,"loss500":49590.0},"geometry":{"type":"Polygon","coordinates":[[[33.970629054079666,0.17108206647502694],[33.97601894592033,0.17108206647502694],[33.97601894592033,0.17647193352497303],[33.970629054079666,0.17647193352497303],[33.970629054079666,0.17108206647502694]]]}},{"type":"Feature","properties":{"id":"NZA-0228","cls":"informal_iron_sheet","area":19,"cost":7800,"tiv":150000.0,"tivCsv":1480000.0,"lat":0.3372,"lon":35.03591,"where":"KE","d10":0.0,"dr10":0.0,"loss10":0.0,"d20":0.0,"dr20":0.0,"loss20":0.0,"d50":0.0,"dr50":0.0,"loss50":0.0,"d100":0.0,"dr100":0.0,"loss100":0.0,"d200":0.0,"dr200":0.0,"loss200":0.0,"d500":0.0,"dr500":0.0,"loss500":0.0},"geometry":{"type":"Polygon","coordinates":[[[35.03321301980465,0.33450006647502695],[35.03860298019535,0.33450006647502695],[35.03860298019535,0.3398899335249731],[35.03321301980465,0.3398899335249731],[35.03321301980465,0.33450006647502695]]]}},{"type":"Feature","properties":{"id":"NZA-0229","cls":"semi_permanent","area":27,"cost":12600,"tiv":340000.0,"tivCsv":3400000.0,"lat":-0.2487,"lon":35.31671,"where":"KE","d10":0.0,"dr10":0.0,"loss10":0.0,"d20":0.0,"dr20":0.0,"loss20":0.0,"d50":0.0,"dr50":0.0,"loss50":0.0,"d100":0.0,"dr100":0.0,"loss100":0.0,"d200":0.0,"dr200":0.0,"loss200":0.0,"d500":0.0,"dr500":0.0,"loss500":0.0},"geometry":{"type":"Polygon","coordinates":[[[35.31401504108727,-0.2513939335249731],[35.31940495891273,-0.2513939335249731],[35.31940495891273,-0.24600406647502696],[35.31401504108727,-0.24600406647502696],[35.31401504108727,-0.2513939335249731]]]}},{"type":"Feature","properties":{"id":"NZA-0230","cls":"semi_permanent","area":38,"cost":12000,"tiv":455000.0,"tivCsv":4560000.0,"lat":0.72811,"lon":35.38788,"where":"KE","d10":0.0,"dr10":0.0,"loss10":0.0,"d20":0.0,"dr20":0.0,"loss20":0.0,"d50":0.0,"dr50":0.0,"loss50":0.0,"d100":0.0,"dr100":0.0,"loss100":0.0,"d200":0.0,"dr200":0.0,"loss200":0.0,"d500":0.0,"dr500":0.0,"loss500":0.0},"geometry":{"type":"Polygon","coordinates":[[[35.38518084885344,0.7254200664750269],[35.39057115114656,0.7254200664750269],[35.39057115114656,0.730809933524973],[35.38518084885344,0.730809933524973],[35.38518084885344,0.7254200664750269]]]}},{"type":"Feature","properties":{"id":"NZA-0231","cls":"semi_permanent","area":43,"cost":9100,"tiv":390000.0,"tivCsv":3915000.0,"lat":-0.08024,"lon":34.89294,"where":"KE","d10":0.0,"dr10":0.0,"loss10":0.0,"d20":0.0,"dr20":0.0,"loss20":0.0,"d50":0.0,"dr50":0.0,"loss50":0.0,"d100":0.0,"dr100":0.0,"loss100":0.0,"d200":0.0,"dr200":0.0,"loss200":0.0,"d500":0.0,"dr500":0.0,"loss500":0.0},"geometry":{"type":"Polygon","coordinates":[[[34.89024406383202,-0.08293893352497304],[34.895633936167975,-0.08293893352497304],[34.895633936167975,-0.07754906647502695],[34.89024406383202,-0.07754906647502695],[34.89024406383202,-0.08293893352497304]]]}},{"type":"Feature","properties":{"id":"NZA-0232","cls":"informal_iron_sheet","area":11,"cost":8200,"tiv":90000.0,"tivCsv":900000.0,"lat":0.24753,"lon":34.55843,"where":"KE","d10":0.0,"dr10":0.0,"loss10":0.0,"d20":0.0,"dr20":0.0,"loss20":0.0,"d50":0.0,"dr50":0.0,"loss50":0.0,"d100":0.0,"dr100":0.0,"loss100":0.0,"d200":0.0,"dr200":0.0,"loss200":0.0,"d500":0.0,"dr500":0.0,"loss500":0.0},"geometry":{"type":"Polygon","coordinates":[[[34.55573804132457,0.24483906647502696],[34.561127958675435,0.24483906647502696],[34.561127958675435,0.25022893352497305],[34.55573804132457,0.25022893352497305],[34.55573804132457,0.24483906647502696]]]}},{"type":"Feature","properties":{"id":"NZA-0233","cls":"concrete_rcc","area":363,"cost":76200,"tiv":27660000.0,"tivCsv":276605000.0,"lat":0.92215,"lon":35.06165,"where":"KE","d10":0.0,"dr10":0.0,"loss10":0.0,"d20":0.0,"dr20":0.0,"loss20":0.0,"d50":0.0,"dr50":0.0,"loss50":0.0,"d100":0.0,"dr100":0.0,"loss100":0.0,"d200":0.0,"dr200":0.0,"loss200":0.0,"d500":0.0,"dr500":0.0,"loss500":0.0},"geometry":{"type":"Polygon","coordinates":[[[35.058955717395996,0.919456066475027],[35.064346282604,0.919456066475027],[35.064346282604,0.9248459335249731],[35.058955717395996,0.9248459335249731],[35.058955717395996,0.919456066475027]]]}},{"type":"Feature","properties":{"id":"NZA-0234","cls":"informal_iron_sheet","area":15,"cost":6200,"tiv":95000.0,"tivCsv":930000.0,"lat":-0.10268,"lon":34.4462,"where":"KE","d10":0.0,"dr10":0.0,"loss10":0.0,"d20":0.0,"dr20":0.0,"loss20":0.0,"d50":0.0,"dr50":0.0,"loss50":0.0,"d100":0.0,"dr100":0.0,"loss100":0.0,"d200":0.0,"dr200":0.0,"loss200":0.0,"d500":0.0,"dr500":0.0,"loss500":0.0},"geometry":{"type":"Polygon","coordinates":[[[34.44350506214736,-0.10537593352497304],[34.448894937852636,-0.10537593352497304],[34.448894937852636,-0.09998606647502695],[34.44350506214736,-0.09998606647502695],[34.44350506214736,-0.10537593352497304]]]}},{"type":"Feature","properties":{"id":"NZA-0235","cls":"concrete_rcc","area":540,"cost":66800,"tiv":36070000.0,"tivCsv":360720000.0,"lat":0.27724,"lon":33.7611,"where":"UG","d10":0.0,"dr10":0.0,"loss10":0.0,"d20":0.0,"dr20":0.0,"loss20":0.0,"d50":0.0,"dr50":0.0,"loss50":0.0,"d100":0.0,"dr100":0.0,"loss100":0.0,"d200":0.0,"dr200":0.0,"loss200":0.0,"d500":0.0,"dr500":0.0,"loss500":0.0},"geometry":{"type":"Polygon","coordinates":[[[33.758405034926476,0.27454206647502694],[33.76379496507352,0.27454206647502694],[33.76379496507352,0.2799319335249731],[33.758405034926476,0.2799319335249731],[33.758405034926476,0.27454206647502694]]]}},{"type":"Feature","properties":{"id":"NZA-0236","cls":"concrete_rcc","area":377,"cost":59100,"tiv":22280000.0,"tivCsv":222805000.0,"lat":1.05106,"lon":35.34872,"where":"KE","d10":0.0,"dr10":0.0,"loss10":0.0,"d20":0.0,"dr20":0.0,"loss20":0.0,"d50":0.0,"dr50":0.0,"loss50":0.0,"d100":0.0,"dr100":0.0,"loss100":0.0,"d200":0.0,"dr200":0.0,"loss200":0.0,"d500":0.0,"dr500":0.0,"loss500":0.0},"geometry":{"type":"Polygon","coordinates":[[[35.346020612966555,1.048361066475027],[35.35141138703345,1.048361066475027],[35.35141138703345,1.053750933524973],[35.346020612966555,1.053750933524973],[35.346020612966555,1.048361066475027]]]}},{"type":"Feature","properties":{"id":"NZA-0237","cls":"semi_permanent","area":40,"cost":8700,"tiv":350000.0,"tivCsv":3480000.0,"lat":0.66404,"lon":33.87008,"where":"UG","d10":0.0,"dr10":0.0,"loss10":0.0,"d20":0.0,"dr20":0.0,"loss20":0.0,"d50":0.0,"dr50":0.0,"loss50":0.0,"d100":0.0,"dr100":0.0,"loss100":0.0,"d200":0.0,"dr200":0.0,"loss200":0.0,"d500":0.0,"dr500":0.0,"loss500":0.0},"geometry":{"type":"Polygon","coordinates":[[[33.867384885474834,0.661340066475027],[33.87277511452517,0.661340066475027],[33.87277511452517,0.6667299335249731],[33.867384885474834,0.6667299335249731],[33.867384885474834,0.661340066475027]]]}},{"type":"Feature","properties":{"id":"NZA-0238","cls":"informal_iron_sheet","area":14,"cost":9400,"tiv":130000.0,"tivCsv":1315000.0,"lat":-0.20395,"lon":33.78743,"where":"LAKE","d10":0.46000000834465027,"dr10":0.28,"loss10":36400.0,"d20":0.5099999904632568,"dr20":0.304,"loss20":39520.0,"d50":0.5600000023841858,"dr50":0.328,"loss50":42640.0,"d100":0.6000000238418579,"dr100":0.347,"loss100":45110.0,"d200":0.6399999856948853,"dr200":0.366,"loss200":47580.0,"d500":0.6800000071525574,"dr500":0.385,"loss500":50050.0},"geometry":{"type":"Polygon","coordinates":[[[33.78473404940103,-0.20664793352497304],[33.790123950598975,-0.20664793352497304],[33.790123950598975,-0.20125806647502695],[33.78473404940103,-0.20125806647502695],[33.78473404940103,-0.20664793352497304]]]}},{"type":"Feature","properties":{"id":"NZA-0239","cls":"informal_iron_sheet","area":12,"cost":8100,"tiv":95000.0,"tivCsv":970000.0,"lat":0.09405,"lon":34.98894,"where":"KE","d10":0.0,"dr10":0.0,"loss10":0.0,"d20":0.0,"dr20":0.0,"loss20":0.0,"d50":0.0,"dr50":0.0,"loss50":0.0,"d100":0.0,"dr100":0.0,"loss100":0.0,"d200":0.0,"dr200":0.0,"loss200":0.0,"d500":0.0,"dr500":0.0,"loss500":0.0},"geometry":{"type":"Polygon","coordinates":[[[34.98624506284463,0.09135106647502696],[34.99163493715537,0.09135106647502696],[34.99163493715537,0.09674093352497305],[34.98624506284463,0.09674093352497305],[34.98624506284463,0.09135106647502696]]]}},{"type":"Feature","properties":{"id":"NZA-0240","cls":"informal_iron_sheet","area":10,"cost":5400,"tiv":55000.0,"tivCsv":540000.0,"lat":0.83931,"lon":34.62319,"where":"KE","d10":0.0,"dr10":0.0,"loss10":0.0,"d20":0.0,"dr20":0.0,"loss20":0.0,"d50":0.0,"dr50":0.0,"loss50":0.0,"d100":0.0,"dr100":0.0,"loss100":0.0,"d200":0.0,"dr200":0.0,"loss200":0.0,"d500":0.0,"dr500":0.0,"loss500":0.0},"geometry":{"type":"Polygon","coordinates":[[[34.62049577730428,0.836613066475027],[34.62588622269572,0.836613066475027],[34.62588622269572,0.8420029335249731],[34.62049577730428,0.8420029335249731],[34.62049577730428,0.836613066475027]]]}},{"type":"Feature","properties":{"id":"NZA-0241","cls":"informal_iron_sheet","area":10,"cost":7600,"tiv":75000.0,"tivCsv":760000.0,"lat":0.90305,"lon":34.77593,"where":"KE","d10":0.0,"dr10":0.0,"loss10":0.0,"d20":0.0,"dr20":0.0,"loss20":0.0,"d50":0.0,"dr50":0.0,"loss50":0.0,"d100":0.0,"dr100":0.0,"loss100":0.0,"d200":0.0,"dr200":0.0,"loss200":0.0,"d500":0.0,"dr500":0.0,"loss500":0.0},"geometry":{"type":"Polygon","coordinates":[[[34.77323473170977,0.9003540664750269],[34.778625268290234,0.9003540664750269],[34.778625268290234,0.9057439335249731],[34.77323473170977,0.9057439335249731],[34.77323473170977,0.9003540664750269]]]}},{"type":"Feature","properties":{"id":"NZA-0242","cls":"informal_iron_sheet","area":12,"cost":9300,"tiv":110000.0,"tivCsv":1115000.0,"lat":-0.27746,"lon":34.78699,"where":"LAKE","d10":0.75,"dr10":0.417,"loss10":45870.0,"d20":0.8700000047683716,"dr20":0.473,"loss20":52030.0,"d50":1.0,"dr50":0.524,"loss50":57640.0,"d100":1.090000033378601,"dr100":0.553,"loss100":60830.0,"d200":1.1699999570846558,"dr200":0.579,"loss200":63690.0,"d500":1.2699999809265137,"dr500":0.61,"loss500":67100.0},"geometry":{"type":"Polygon","coordinates":[[[34.7842960348757,-0.28015493352497306],[34.7896859651243,-0.28015493352497306],[34.7896859651243,-0.2747650664750269],[34.7842960348757,-0.2747650664750269],[34.7842960348757,-0.28015493352497306]]]}},{"type":"Feature","properties":{"id":"NZA-0243","cls":"informal_iron_sheet","area":22,"cost":7900,"tiv":175000.0,"tivCsv":1740000.0,"lat":0.31178,"lon":34.45367,"where":"KE","d10":0.0,"dr10":0.0,"loss10":0.0,"d20":0.0,"dr20":0.0,"loss20":0.0,"d50":0.0,"dr50":0.0,"loss50":0.0,"d100":0.0,"dr100":0.0,"loss100":0.0,"d200":0.0,"dr200":0.0,"loss200":0.0,"d500":0.0,"dr500":0.0,"loss500":0.0},"geometry":{"type":"Polygon","coordinates":[[[34.450978026574354,0.30908706647502693],[34.45636797342565,0.30908706647502693],[34.45636797342565,0.3144769335249731],[34.450978026574354,0.3144769335249731],[34.450978026574354,0.30908706647502693]]]}},{"type":"Feature","properties":{"id":"NZA-0244","cls":"informal_iron_sheet","area":20,"cost":9100,"tiv":180000.0,"tivCsv":1820000.0,"lat":0.40531,"lon":33.82088,"where":"UG","d10":0.0,"dr10":0.0,"loss10":0.0,"d20":0.0,"dr20":0.0,"loss20":0.0,"d50":0.0,"dr50":0.0,"loss50":0.0,"d100":0.0,"dr100":0.0,"loss100":0.0,"d200":0.0,"dr200":0.0,"loss200":0.0,"d500":0.0,"dr500":0.0,"loss500":0.0},"geometry":{"type":"Polygon","coordinates":[[[33.818185999042846,0.4026200664750269],[33.823576000957154,0.4026200664750269],[33.823576000957154,0.40800993352497306],[33.818185999042846,0.40800993352497306],[33.818185999042846,0.4026200664750269]]]}},{"type":"Feature","properties":{"id":"NZA-0245","cls":"informal_iron_sheet","area":8,"cost":6300,"tiv":50000.0,"tivCsv":505000.0,"lat":0.47015,"lon":34.61043,"where":"KE","d10":0.0,"dr10":0.0,"loss10":0.0,"d20":0.0,"dr20":0.0,"loss20":0.0,"d50":0.0,"dr50":0.0,"loss50":0.0,"d100":0.0,"dr100":0.0,"loss100":0.0,"d200":0.0,"dr200":0.0,"loss200":0.0,"d500":0.0,"dr500":0.0,"loss500":0.0},"geometry":{"type":"Polygon","coordinates":[[[34.607733975744736,0.4674520664750269],[34.61312402425527,0.4674520664750269],[34.61312402425527,0.47284193352497306],[34.607733975744736,0.47284193352497306],[34.607733975744736,0.4674520664750269]]]}},{"type":"Feature","properties":{"id":"NZA-0246","cls":"semi_permanent","area":31,"cost":14800,"tiv":460000.0,"tivCsv":4590000.0,"lat":0.78611,"lon":35.37297,"where":"KE","d10":0.0,"dr10":0.0,"loss10":0.0,"d20":0.0,"dr20":0.0,"loss20":0.0,"d50":0.0,"dr50":0.0,"loss50":0.0,"d100":0.0,"dr100":0.0,"loss100":0.0,"d200":0.0,"dr200":0.0,"loss200":0.0,"d500":0.0,"dr500":0.0,"loss500":0.0},"geometry":{"type":"Polygon","coordinates":[[[35.37027281280117,0.783417066475027],[35.37566318719883,0.783417066475027],[35.37566318719883,0.7888069335249731],[35.37027281280117,0.7888069335249731],[35.37027281280117,0.783417066475027]]]}},{"type":"Feature","properties":{"id":"NZA-0247","cls":"permanent_masonry","area":89,"cost":42900,"tiv":3820000.0,"tivCsv":38180000.0,"lat":1.02771,"lon":34.60381,"where":"KE","d10":0.0,"dr10":0.0,"loss10":0.0,"d20":0.0,"dr20":0.0,"loss20":0.0,"d50":0.0,"dr50":0.0,"loss50":0.0,"d100":0.0,"dr100":0.0,"loss100":0.0,"d200":0.0,"dr200":0.0,"loss200":0.0,"d500":0.0,"dr500":0.0,"loss500":0.0},"geometry":{"type":"Polygon","coordinates":[[[34.60111263289209,1.0250150664750268],[34.60650336710791,1.0250150664750268],[34.60650336710791,1.030404933524973],[34.60111263289209,1.030404933524973],[34.60111263289209,1.0250150664750268]]]}},{"type":"Feature","properties":{"id":"NZA-0248","cls":"semi_permanent","area":38,"cost":15300,"tiv":580000.0,"tivCsv":5815000.0,"lat":1.27862,"lon":35.18002,"where":"KE","d10":0.0,"dr10":0.0,"loss10":0.0,"d20":0.0,"dr20":0.0,"loss20":0.0,"d50":0.0,"dr50":0.0,"loss50":0.0,"d100":0.0,"dr100":0.0,"loss100":0.0,"d200":0.0,"dr200":0.0,"loss200":0.0,"d500":0.0,"dr500":0.0,"loss500":0.0},"geometry":{"type":"Polygon","coordinates":[[[35.17732139528541,1.2759240664750269],[35.18271260471459,1.2759240664750269],[35.18271260471459,1.281313933524973],[35.17732139528541,1.281313933524973],[35.17732139528541,1.2759240664750269]]]}},{"type":"Feature","properties":{"id":"NZA-0249","cls":"semi_permanent","area":34,"cost":9100,"tiv":310000.0,"tivCsv":3095000.0,"lat":0.78492,"lon":35.20139,"where":"KE","d10":0.0,"dr10":0.0,"loss10":0.0,"d20":0.0,"dr20":0.0,"loss20":0.0,"d50":0.0,"dr50":0.0,"loss50":0.0,"d100":0.0,"dr100":0.0,"loss100":0.0,"d200":0.0,"dr200":0.0,"loss200":0.0,"d500":0.0,"dr500":0.0,"loss500":0.0},"geometry":{"type":"Polygon","coordinates":[[[35.198689813568016,0.782228066475027],[35.20408018643199,0.782228066475027],[35.20408018643199,0.7876179335249731],[35.198689813568016,0.7876179335249731],[35.198689813568016,0.782228066475027]]]}},{"type":"Feature","properties":{"id":"NZA-0250","cls":"semi_permanent","area":37,"cost":8300,"tiv":305000.0,"tivCsv":3070000.0,"lat":0.30244,"lon":34.88125,"where":"KE","d10":0.0,"dr10":0.0,"loss10":0.0,"d20":0.0,"dr20":0.0,"loss20":0.0,"d50":0.0,"dr50":0.0,"loss50":0.0,"d100":0.0,"dr100":0.0,"loss100":0.0,"d200":0.0,"dr200":0.0,"loss200":0.0,"d500":0.0,"dr500":0.0,"loss500":0.0},"geometry":{"type":"Polygon","coordinates":[[[34.87855402892966,0.2997450664750269],[34.88394397107033,0.2997450664750269],[34.88394397107033,0.30513493352497306],[34.87855402892966,0.30513493352497306],[34.87855402892966,0.2997450664750269]]]}},{"type":"Feature","properties":{"id":"NZA-0251","cls":"informal_iron_sheet","area":11,"cost":5400,"tiv":60000.0,"tivCsv":595000.0,"lat":1.03318,"lon":34.04695,"where":"UG","d10":0.0,"dr10":0.0,"loss10":0.0,"d20":0.0,"dr20":0.0,"loss20":0.0,"d50":0.0,"dr50":0.0,"loss50":0.0,"d100":0.0,"dr100":0.0,"loss100":0.0,"d200":0.0,"dr200":0.0,"loss200":0.0,"d500":0.0,"dr500":0.0,"loss500":0.0},"geometry":{"type":"Polygon","coordinates":[[[34.04425162826368,1.030485066475027],[34.049642371736326,1.030485066475027],[34.049642371736326,1.035874933524973],[34.04425162826368,1.035874933524973],[34.04425162826368,1.030485066475027]]]}},{"type":"Feature","properties":{"id":"NZA-0252","cls":"informal_iron_sheet","area":11,"cost":8700,"tiv":95000.0,"tivCsv":955000.0,"lat":1.19418,"lon":35.29382,"where":"KE","d10":0.0,"dr10":0.0,"loss10":0.0,"d20":0.0,"dr20":0.0,"loss20":0.0,"d50":0.0,"dr50":0.0,"loss50":0.0,"d100":0.0,"dr100":0.0,"loss100":0.0,"d200":0.0,"dr200":0.0,"loss200":0.0,"d500":0.0,"dr500":0.0,"loss500":0.0},"geometry":{"type":"Polygon","coordinates":[[[35.29112748102735,1.1914810664750268],[35.296518518972654,1.1914810664750268],[35.296518518972654,1.196870933524973],[35.29112748102735,1.196870933524973],[35.29112748102735,1.1914810664750268]]]}},{"type":"Feature","properties":{"id":"NZA-0253","cls":"permanent_masonry","area":178,"cost":41500,"tiv":7385000.0,"tivCsv":73870000.0,"lat":0.52975,"lon":35.07842,"where":"KE","d10":0.0,"dr10":0.0,"loss10":0.0,"d20":0.0,"dr20":0.0,"loss20":0.0,"d50":0.0,"dr50":0.0,"loss50":0.0,"d100":0.0,"dr100":0.0,"loss100":0.0,"d200":0.0,"dr200":0.0,"loss200":0.0,"d500":0.0,"dr500":0.0,"loss500":0.0},"geometry":{"type":"Polygon","coordinates":[[[35.07572395127876,0.5270600664750269],[35.08111404872123,0.5270600664750269],[35.08111404872123,0.532449933524973],[35.07572395127876,0.532449933524973],[35.07572395127876,0.5270600664750269]]]}},{"type":"Feature","properties":{"id":"NZA-0254","cls":"concrete_rcc","area":697,"cost":61100,"tiv":42585000.0,"tivCsv":425865000.0,"lat":0.34372,"lon":35.04713,"where":"KE","d10":0.0,"dr10":0.0,"loss10":0.0,"d20":0.0,"dr20":0.0,"loss20":0.0,"d50":0.0,"dr50":0.0,"loss50":0.0,"d100":0.0,"dr100":0.0,"loss100":0.0,"d200":0.0,"dr200":0.0,"loss200":0.0,"d500":0.0,"dr500":0.0,"loss500":0.0},"geometry":{"type":"Polygon","coordinates":[[[35.0444330179798,0.3410290664750269],[35.0498229820202,0.3410290664750269],[35.0498229820202,0.34641893352497305],[35.0444330179798,0.34641893352497305],[35.0444330179798,0.3410290664750269]]]}},{"type":"Feature","properties":{"id":"NZA-0255","cls":"informal_iron_sheet","area":8,"cost":7400,"tiv":60000.0,"tivCsv":590000.0,"lat":0.70253,"lon":33.8251,"where":"UG","d10":0.0,"dr10":0.0,"loss10":0.0,"d20":0.0,"dr20":0.0,"loss20":0.0,"d50":0.0,"dr50":0.0,"loss50":0.0,"d100":0.0,"dr100":0.0,"loss100":0.0,"d200":0.0,"dr200":0.0,"loss200":0.0,"d500":0.0,"dr500":0.0,"loss500":0.0},"geometry":{"type":"Polygon","coordinates":[[[33.82240686387955,0.6998350664750269],[33.82779713612045,0.6998350664750269],[33.82779713612045,0.7052249335249731],[33.82240686387955,0.7052249335249731],[33.82240686387955,0.6998350664750269]]]}},{"type":"Feature","properties":{"id":"NZA-0256","cls":"semi_permanent","area":37,"cost":14200,"tiv":525000.0,"tivCsv":5255000.0,"lat":-0.00664,"lon":35.18523,"where":"KE","d10":0.0,"dr10":0.0,"loss10":0.0,"d20":0.0,"dr20":0.0,"loss20":0.0,"d50":0.0,"dr50":0.0,"loss50":0.0,"d100":0.0,"dr100":0.0,"loss100":0.0,"d200":0.0,"dr200":0.0,"loss200":0.0,"d500":0.0,"dr500":0.0,"loss500":0.0},"geometry":{"type":"Polygon","coordinates":[[[35.182539066456904,-0.009339933524973051],[35.1879289335431,-0.009339933524973051],[35.1879289335431,-0.003950066475026949],[35.182539066456904,-0.003950066475026949],[35.182539066456904,-0.009339933524973051]]]}},{"type":"Feature","properties":{"id":"NZA-0257","cls":"informal_iron_sheet","area":12,"cost":5400,"tiv":65000.0,"tivCsv":650000.0,"lat":0.63184,"lon":34.77451,"where":"KE","d10":0.0,"dr10":0.0,"loss10":0.0,"d20":0.0,"dr20":0.0,"loss20":0.0,"d50":0.0,"dr50":0.0,"loss50":0.0,"d100":0.0,"dr100":0.0,"loss100":0.0,"d200":0.0,"dr200":0.0,"loss200":0.0,"d500":0.0,"dr500":0.0,"loss500":0.0},"geometry":{"type":"Polygon","coordinates":[[[34.77181690259882,0.6291500664750269],[34.77720709740118,0.6291500664750269],[34.77720709740118,0.6345399335249731],[34.77181690259882,0.6345399335249731],[34.77181690259882,0.6291500664750269]]]}},{"type":"Feature","properties":{"id":"NZA-0258","cls":"semi_permanent","area":45,"cost":9500,"tiv":430000.0,"tivCsv":4275000.0,"lat":0.57441,"lon":34.73091,"where":"KE","d10":0.0,"dr10":0.0,"loss10":0.0,"d20":0.0,"dr20":0.0,"loss20":0.0,"d50":0.0,"dr50":0.0,"loss50":0.0,"d100":0.0,"dr100":0.0,"loss100":0.0,"d200":0.0,"dr200":0.0,"loss200":0.0,"d500":0.0,"dr500":0.0,"loss500":0.0},"geometry":{"type":"Polygon","coordinates":[[[34.72821593104112,0.571710066475027],[34.73360606895888,0.571710066475027],[34.73360606895888,0.5770999335249731],[34.72821593104112,0.5770999335249731],[34.72821593104112,0.571710066475027]]]}},{"type":"Feature","properties":{"id":"NZA-0259","cls":"informal_iron_sheet","area":14,"cost":8300,"tiv":115000.0,"tivCsv":1160000.0,"lat":0.9803,"lon":33.86315,"where":"UG","d10":0.0,"dr10":0.0,"loss10":0.0,"d20":0.0,"dr20":0.0,"loss20":0.0,"d50":0.0,"dr50":0.0,"loss50":0.0,"d100":0.0,"dr100":0.0,"loss100":0.0,"d200":0.0,"dr200":0.0,"loss200":0.0,"d500":0.0,"dr500":0.0,"loss500":0.0},"geometry":{"type":"Polygon","coordinates":[[[33.860456671973935,0.9776100664750269],[33.865847328026064,0.9776100664750269],[33.865847328026064,0.9829999335249731],[33.860456671973935,0.9829999335249731],[33.860456671973935,0.9776100664750269]]]}},{"type":"Feature","properties":{"id":"NZA-0260","cls":"permanent_masonry","area":103,"cost":44900,"tiv":4625000.0,"tivCsv":46245000.0,"lat":-0.14153,"lon":35.03434,"where":"KE","d10":0.0,"dr10":0.0,"loss10":0.0,"d20":0.0,"dr20":0.0,"loss20":0.0,"d50":0.0,"dr50":0.0,"loss50":0.0,"d100":0.0,"dr100":0.0,"loss100":0.0,"d200":0.0,"dr200":0.0,"loss200":0.0,"d500":0.0,"dr500":0.0,"loss500":0.0},"geometry":{"type":"Polygon","coordinates":[[[35.03164905825292,-0.14422693352497304],[35.03703894174708,-0.14422693352497304],[35.03703894174708,-0.13883706647502694],[35.03164905825292,-0.13883706647502694],[35.03164905825292,-0.14422693352497304]]]}},{"type":"Feature","properties":{"id":"NZA-0261","cls":"informal_iron_sheet","area":17,"cost":6300,"tiv":105000.0,"tivCsv":1070000.0,"lat":-0.20484,"lon":34.97854,"where":"KE","d10":0.0,"dr10":0.0,"loss10":0.0,"d20":0.0,"dr20":0.0,"loss20":0.0,"d50":0.0,"dr50":0.0,"loss50":0.0,"d100":0.0,"dr100":0.0,"loss100":0.0,"d200":0.0,"dr200":0.0,"loss200":0.0,"d500":0.0,"dr500":0.0,"loss500":0.0},"geometry":{"type":"Polygon","coordinates":[[[34.97585004925202,-0.20753593352497304],[34.98123995074798,-0.20753593352497304],[34.98123995074798,-0.20214606647502695],[34.97585004925202,-0.20214606647502695],[34.97585004925202,-0.20753593352497304]]]}},{"type":"Feature","properties":{"id":"NZA-0262","cls":"semi_permanent","area":36,"cost":15500,"tiv":560000.0,"tivCsv":5580000.0,"lat":0.33643,"lon":34.15189,"where":"KE","d10":0.0,"dr10":0.0,"loss10":0.0,"d20":0.0,"dr20":0.0,"loss20":0.0,"d50":0.0,"dr50":0.0,"loss50":0.0,"d100":0.0,"dr100":0.0,"loss100":0.0,"d200":0.0,"dr200":0.0,"loss200":0.0,"d500":0.0,"dr500":0.0,"loss500":0.0},"geometry":{"type":"Polygon","coordinates":[[[34.14919702001672,0.33373306647502693],[34.15458697998327,0.33373306647502693],[34.15458697998327,0.3391229335249731],[34.14919702001672,0.3391229335249731],[34.14919702001672,0.33373306647502693]]]}},{"type":"Feature","properties":{"id":"NZA-0263","cls":"permanent_masonry","area":127,"cost":49700,"tiv":6310000.0,"tivCsv":63120000.0,"lat":0.44106,"lon":33.93672,"where":"UG","d10":0.0,"dr10":0.0,"loss10":0.0,"d20":0.0,"dr20":0.0,"loss20":0.0,"d50":0.0,"dr50":0.0,"loss50":0.0,"d100":0.0,"dr100":0.0,"loss100":0.0,"d200":0.0,"dr200":0.0,"loss200":0.0,"d500":0.0,"dr500":0.0,"loss500":0.0},"geometry":{"type":"Polygon","coordinates":[[[33.93402798662394,0.4383660664750269],[33.93941801337606,0.4383660664750269],[33.93941801337606,0.44375593352497306],[33.93402798662394,0.44375593352497306],[33.93402798662394,0.4383660664750269]]]}},{"type":"Feature","properties":{"id":"NZA-0264","cls":"semi_permanent","area":69,"cost":11000,"tiv":760000.0,"tivCsv":7590000.0,"lat":0.58242,"lon":34.86306,"where":"KE","d10":0.0,"dr10":0.0,"loss10":0.0,"d20":0.0,"dr20":0.0,"loss20":0.0,"d50":0.0,"dr50":0.0,"loss50":0.0,"d100":0.0,"dr100":0.0,"loss100":0.0,"d200":0.0,"dr200":0.0,"loss200":0.0,"d500":0.0,"dr500":0.0,"loss500":0.0},"geometry":{"type":"Polygon","coordinates":[[[34.8603679272374,0.5797200664750269],[34.865758072762596,0.5797200664750269],[34.865758072762596,0.5851099335249731],[34.8603679272374,0.5851099335249731],[34.8603679272374,0.5797200664750269]]]}},{"type":"Feature","properties":{"id":"NZA-0265","cls":"permanent_masonry","area":141,"cost":61800,"tiv":8715000.0,"tivCsv":87140000.0,"lat":1.1034,"lon":34.03138,"where":"UG","d10":0.0,"dr10":0.0,"loss10":0.0,"d20":0.0,"dr20":0.0,"loss20":0.0,"d50":0.0,"dr50":0.0,"loss50":0.0,"d100":0.0,"dr100":0.0,"loss100":0.0,"d200":0.0,"dr200":0.0,"loss200":0.0,"d500":0.0,"dr500":0.0,"loss500":0.0},"geometry":{"type":"Polygon","coordinates":[[[34.02868256666033,1.100709066475027],[34.034073433339664,1.100709066475027],[34.034073433339664,1.1060989335249731],[34.02868256666033,1.1060989335249731],[34.02868256666033,1.100709066475027]]]}},{"type":"Feature","properties":{"id":"NZA-0266","cls":"permanent_masonry","area":121,"cost":54300,"tiv":6570000.0,"tivCsv":65705000.0,"lat":-0.28973,"lon":34.41302,"where":"LAKE","d10":0.17000000178813934,"dr10":0.064,"loss10":420480.0,"d20":0.23000000417232513,"dr20":0.086,"loss20":565020.0,"d50":0.30000001192092896,"dr50":0.112,"loss50":735840.0,"d100":0.3700000047683716,"dr100":0.138,"loss100":906660.0,"d200":0.4399999976158142,"dr200":0.165,"loss200":1084050.0,"d500":0.5299999713897705,"dr500":0.195,"loss500":1281150.0},"geometry":{"type":"Polygon","coordinates":[[[34.41032703201883,-0.2924259335249731],[34.41571696798117,-0.2924259335249731],[34.41571696798117,-0.28703606647502694],[34.41032703201883,-0.28703606647502694],[34.41032703201883,-0.2924259335249731]]]}},{"type":"Feature","properties":{"id":"NZA-0267","cls":"semi_permanent","area":34,"cost":15500,"tiv":525000.0,"tivCsv":5270000.0,"lat":1.20618,"lon":34.95227,"where":"KE","d10":0.0,"dr10":0.0,"loss10":0.0,"d20":0.0,"dr20":0.0,"loss20":0.0,"d50":0.0,"dr50":0.0,"loss50":0.0,"d100":0.0,"dr100":0.0,"loss100":0.0,"d200":0.0,"dr200":0.0,"loss200":0.0,"d500":0.0,"dr500":0.0,"loss500":0.0},"geometry":{"type":"Polygon","coordinates":[[[34.94957846919603,1.203485066475027],[34.95496953080398,1.203485066475027],[34.95496953080398,1.208874933524973],[34.94957846919603,1.208874933524973],[34.94957846919603,1.203485066475027]]]}},{"type":"Feature","properties":{"id":"NZA-0268","cls":"permanent_masonry","area":149,"cost":48800,"tiv":7270000.0,"tivCsv":72710000.0,"lat":1.08048,"lon":34.54139,"where":"KE","d10":0.0,"dr10":0.0,"loss10":0.0,"d20":0.0,"dr20":0.0,"loss20":0.0,"d50":0.0,"dr50":0.0,"loss50":0.0,"d100":0.0,"dr100":0.0,"loss100":0.0,"d200":0.0,"dr200":0.0,"loss200":0.0,"d500":0.0,"dr500":0.0,"loss500":0.0},"geometry":{"type":"Polygon","coordinates":[[[34.538696587214766,1.077786066475027],[34.54408741278524,1.077786066475027],[34.54408741278524,1.083175933524973],[34.538696587214766,1.083175933524973],[34.538696587214766,1.077786066475027]]]}},{"type":"Feature","properties":{"id":"NZA-0269","cls":"semi_permanent","area":52,"cost":15800,"tiv":820000.0,"tivCsv":8215000.0,"lat":1.26535,"lon":35.01331,"where":"KE","d10":0.0,"dr10":0.0,"loss10":0.0,"d20":0.0,"dr20":0.0,"loss20":0.0,"d50":0.0,"dr50":0.0,"loss50":0.0,"d100":0.0,"dr100":0.0,"loss100":0.0,"d200":0.0,"dr200":0.0,"loss200":0.0,"d500":0.0,"dr500":0.0,"loss500":0.0},"geometry":{"type":"Polygon","coordinates":[[[35.0106174091435,1.2626580664750269],[35.016008590856494,1.2626580664750269],[35.016008590856494,1.268047933524973],[35.0106174091435,1.268047933524973],[35.0106174091435,1.2626580664750269]]]}},{"type":"Feature","properties":{"id":"NZA-0270","cls":"concrete_rcc","area":372,"cost":55000,"tiv":20460000.0,"tivCsv":204600000.0,"lat":0.1629,"lon":33.9899,"where":"KE","d10":0.0,"dr10":0.0,"loss10":0.0,"d20":0.0,"dr20":0.0,"loss20":0.0,"d50":0.0,"dr50":0.0,"loss50":0.0,"d100":0.0,"dr100":0.0,"loss100":0.0,"d200":0.0,"dr200":0.0,"loss200":0.0,"d500":0.0,"dr500":0.0,"loss500":0.0},"geometry":{"type":"Polygon","coordinates":[[[33.98720505558267,0.16020606647502694],[33.99259494441733,0.16020606647502694],[33.99259494441733,0.16559593352497304],[33.98720505558267,0.16559593352497304],[33.98720505558267,0.16020606647502694]]]}},{"type":"Feature","properties":{"id":"NZA-0271","cls":"informal_iron_sheet","area":11,"cost":6300,"tiv":70000.0,"tivCsv":695000.0,"lat":0.91255,"lon":35.15067,"where":"KE","d10":0.0,"dr10":0.0,"loss10":0.0,"d20":0.0,"dr20":0.0,"loss20":0.0,"d50":0.0,"dr50":0.0,"loss50":0.0,"d100":0.0,"dr100":0.0,"loss100":0.0,"d200":0.0,"dr200":0.0,"loss200":0.0,"d500":0.0,"dr500":0.0,"loss500":0.0},"geometry":{"type":"Polygon","coordinates":[[[35.14797972462782,0.9098550664750269],[35.15337027537218,0.9098550664750269],[35.15337027537218,0.915244933524973],[35.14797972462782,0.915244933524973],[35.14797972462782,0.9098550664750269]]]}},{"type":"Feature","properties":{"id":"NZA-0272","cls":"informal_iron_sheet","area":15,"cost":7500,"tiv":110000.0,"tivCsv":1125000.0,"lat":0.84635,"lon":34.64988,"where":"KE","d10":0.0,"dr10":0.0,"loss10":0.0,"d20":0.0,"dr20":0.0,"loss20":0.0,"d50":0.0,"dr50":0.0,"loss50":0.0,"d100":0.0,"dr100":0.0,"loss100":0.0,"d200":0.0,"dr200":0.0,"loss200":0.0,"d500":0.0,"dr500":0.0,"loss500":0.0},"geometry":{"type":"Polygon","coordinates":[[[34.64718877242758,0.8436600664750269],[34.65257922757242,0.8436600664750269],[34.65257922757242,0.849049933524973],[34.64718877242758,0.849049933524973],[34.64718877242758,0.8436600664750269]]]}},{"type":"Feature","properties":{"id":"NZA-0273","cls":"informal_iron_sheet","area":13,"cost":9800,"tiv":125000.0,"tivCsv":1275000.0,"lat":0.6615,"lon":34.61257,"where":"KE","d10":0.0,"dr10":0.0,"loss10":0.0,"d20":0.0,"dr20":0.0,"loss20":0.0,"d50":0.0,"dr50":0.0,"loss50":0.0,"d100":0.0,"dr100":0.0,"loss100":0.0,"d200":0.0,"dr200":0.0,"loss200":0.0,"d500":0.0,"dr500":0.0,"loss500":0.0},"geometry":{"type":"Polygon","coordinates":[[[34.60987488685314,0.658807066475027],[34.615265113146855,0.658807066475027],[34.615265113146855,0.6641969335249731],[34.60987488685314,0.6641969335249731],[34.60987488685314,0.658807066475027]]]}},{"type":"Feature","properties":{"id":"NZA-0274","cls":"permanent_masonry","area":99,"cost":63600,"tiv":6295000.0,"tivCsv":62965000.0,"lat":0.05407,"lon":33.88911,"where":"LAKE","d10":4.090000152587891,"dr10":0.772,"loss10":4859740.0,"d20":4.190000057220459,"dr20":0.776,"loss20":4884920.0,"d50":4.300000190734863,"dr50":0.781,"loss50":4916395.0,"d100":4.380000114440918,"dr100":0.785,"loss100":4941575.0,"d200":4.449999809265137,"dr200":0.788,"loss200":4960460.0,"d500":4.539999961853027,"dr500":0.792,"loss500":4985640.0},"geometry":{"type":"Polygon","coordinates":[[[33.88641606527493,0.051377066475026954],[33.89180593472507,0.051377066475026954],[33.89180593472507,0.05676693352497305],[33.88641606527493,0.05676693352497305],[33.88641606527493,0.051377066475026954]]]}},{"type":"Feature","properties":{"id":"NZA-0275","cls":"informal_iron_sheet","area":28,"cost":5900,"tiv":165000.0,"tivCsv":1650000.0,"lat":0.62735,"lon":34.64853,"where":"KE","d10":0.0,"dr10":0.0,"loss10":0.0,"d20":0.0,"dr20":0.0,"loss20":0.0,"d50":0.0,"dr50":0.0,"loss50":0.0,"d100":0.0,"dr100":0.0,"loss100":0.0,"d200":0.0,"dr200":0.0,"loss200":0.0,"d500":0.0,"dr500":0.0,"loss500":0.0},"geometry":{"type":"Polygon","coordinates":[[[34.645834904922815,0.624654066475027],[34.65122509507719,0.624654066475027],[34.65122509507719,0.6300439335249731],[34.645834904922815,0.6300439335249731],[34.645834904922815,0.624654066475027]]]}},{"type":"Feature","properties":{"id":"NZA-0276","cls":"permanent_masonry","area":125,"cost":44600,"tiv":5575000.0,"tivCsv":55750000.0,"lat":0.77721,"lon":34.37621,"where":"KE","d10":0.0,"dr10":0.0,"loss10":0.0,"d20":0.0,"dr20":0.0,"loss20":0.0,"d50":0.0,"dr50":0.0,"loss50":0.0,"d100":0.0,"dr100":0.0,"loss100":0.0,"d200":0.0,"dr200":0.0,"loss200":0.0,"d500":0.0,"dr500":0.0,"loss500":0.0},"geometry":{"type":"Polygon","coordinates":[[[34.37351881851624,0.7745120664750269],[34.378909181483756,0.7745120664750269],[34.378909181483756,0.7799019335249731],[34.37351881851624,0.7799019335249731],[34.37351881851624,0.7745120664750269]]]}},{"type":"Feature","properties":{"id":"NZA-0277","cls":"informal_iron_sheet","area":14,"cost":9500,"tiv":135000.0,"tivCsv":1330000.0,"lat":1.02503,"lon":35.249,"where":"KE","d10":0.0,"dr10":0.0,"loss10":0.0,"d20":0.0,"dr20":0.0,"loss20":0.0,"d50":0.0,"dr50":0.0,"loss50":0.0,"d100":0.0,"dr100":0.0,"loss100":0.0,"d200":0.0,"dr200":0.0,"loss200":0.0,"d500":0.0,"dr500":0.0,"loss500":0.0},"geometry":{"type":"Polygon","coordinates":[[[35.24630363515078,1.022335066475027],[35.251694364849214,1.022335066475027],[35.251694364849214,1.0277249335249732],[35.24630363515078,1.0277249335249732],[35.24630363515078,1.022335066475027]]]}},{"type":"Feature","properties":{"id":"NZA-0278","cls":"permanent_masonry","area":85,"cost":58800,"tiv":5000000.0,"tivCsv":49980000.0,"lat":0.62803,"lon":33.94523,"where":"UG","d10":0.0,"dr10":0.0,"loss10":0.0,"d20":0.0,"dr20":0.0,"loss20":0.0,"d50":0.0,"dr50":0.0,"loss50":0.0,"d100":0.0,"dr100":0.0,"loss100":0.0,"d200":0.0,"dr200":0.0,"loss200":0.0,"d500":0.0,"dr500":0.0,"loss500":0.0},"geometry":{"type":"Polygon","coordinates":[[[33.9425359045729,0.625333066475027],[33.9479260954271,0.625333066475027],[33.9479260954271,0.6307229335249731],[33.9425359045729,0.6307229335249731],[33.9425359045729,0.625333066475027]]]}},{"type":"Feature","properties":{"id":"NZA-0279","cls":"semi_permanent","area":34,"cost":9400,"tiv":320000.0,"tivCsv":3195000.0,"lat":0.51702,"lon":34.62891,"where":"KE","d10":0.0,"dr10":0.0,"loss10":0.0,"d20":0.0,"dr20":0.0,"loss20":0.0,"d50":0.0,"dr50":0.0,"loss50":0.0,"d100":0.0,"dr100":0.0,"loss100":0.0,"d200":0.0,"dr200":0.0,"loss200":0.0,"d500":0.0,"dr500":0.0,"loss500":0.0},"geometry":{"type":"Polygon","coordinates":[[[34.62620995675046,0.5143260664750269],[34.63160004324955,0.5143260664750269],[34.63160004324955,0.519715933524973],[34.62620995675046,0.519715933524973],[34.62620995675046,0.5143260664750269]]]}},{"type":"Feature","properties":{"id":"NZA-0280","cls":"semi_permanent","area":41,"cost":10500,"tiv":430000.0,"tivCsv":4305000.0,"lat":1.18584,"lon":34.48352,"where":"UG","d10":0.0,"dr10":0.0,"loss10":0.0,"d20":0.0,"dr20":0.0,"loss20":0.0,"d50":0.0,"dr50":0.0,"loss50":0.0,"d100":0.0,"dr100":0.0,"loss100":0.0,"d200":0.0,"dr200":0.0,"loss200":0.0,"d500":0.0,"dr500":0.0,"loss500":0.0},"geometry":{"type":"Polygon","coordinates":[[[34.48082048917279,1.1831460664750268],[34.48621151082721,1.1831460664750268],[34.48621151082721,1.188535933524973],[34.48082048917279,1.188535933524973],[34.48082048917279,1.1831460664750268]]]}},{"type":"Feature","properties":{"id":"NZA-0281","cls":"concrete_rcc","area":706,"cost":66200,"tiv":46735000.0,"tivCsv":467370000.0,"lat":0.43974,"lon":35.31273,"where":"KE","d10":0.0,"dr10":0.0,"loss10":0.0,"d20":0.0,"dr20":0.0,"loss20":0.0,"d50":0.0,"dr50":0.0,"loss50":0.0,"d100":0.0,"dr100":0.0,"loss100":0.0,"d200":0.0,"dr200":0.0,"loss200":0.0,"d500":0.0,"dr500":0.0,"loss500":0.0},"geometry":{"type":"Polygon","coordinates":[[[35.310038987099745,0.4370500664750269],[35.31542901290025,0.4370500664750269],[35.31542901290025,0.4424399335249731],[35.310038987099745,0.4424399335249731],[35.310038987099745,0.4370500664750269]]]}},{"type":"Feature","properties":{"id":"NZA-0282","cls":"semi_permanent","area":51,"cost":9300,"tiv":475000.0,"tivCsv":4745000.0,"lat":0.79129,"lon":35.16929,"where":"KE","d10":0.0,"dr10":0.0,"loss10":0.0,"d20":0.0,"dr20":0.0,"loss20":0.0,"d50":0.0,"dr50":0.0,"loss50":0.0,"d100":0.0,"dr100":0.0,"loss100":0.0,"d200":0.0,"dr200":0.0,"loss200":0.0,"d500":0.0,"dr500":0.0,"loss500":0.0},"geometry":{"type":"Polygon","coordinates":[[[35.166592809446776,0.7885970664750269],[35.17198319055323,0.7885970664750269],[35.17198319055323,0.7939869335249731],[35.166592809446776,0.7939869335249731],[35.166592809446776,0.7885970664750269]]]}},{"type":"Feature","properties":{"id":"NZA-0283","cls":"semi_permanent","area":27,"cost":13400,"tiv":360000.0,"tivCsv":3620000.0,"lat":0.92332,"lon":34.53061,"where":"KE","d10":0.0,"dr10":0.0,"loss10":0.0,"d20":0.0,"dr20":0.0,"loss20":0.0,"d50":0.0,"dr50":0.0,"loss50":0.0,"d100":0.0,"dr100":0.0,"loss100":0.0,"d200":0.0,"dr200":0.0,"loss200":0.0,"d500":0.0,"dr500":0.0,"loss500":0.0},"geometry":{"type":"Polygon","coordinates":[[[34.52790971650878,0.9206270664750269],[34.53330028349122,0.9206270664750269],[34.53330028349122,0.926016933524973],[34.52790971650878,0.926016933524973],[34.52790971650878,0.9206270664750269]]]}},{"type":"Feature","properties":{"id":"NZA-0284","cls":"informal_iron_sheet","area":12,"cost":8400,"tiv":100000.0,"tivCsv":1010000.0,"lat":0.76954,"lon":35.1688,"where":"KE","d10":0.0,"dr10":0.0,"loss10":0.0,"d20":0.0,"dr20":0.0,"loss20":0.0,"d50":0.0,"dr50":0.0,"loss50":0.0,"d100":0.0,"dr100":0.0,"loss100":0.0,"d200":0.0,"dr200":0.0,"loss200":0.0,"d500":0.0,"dr500":0.0,"loss500":0.0},"geometry":{"type":"Polygon","coordinates":[[[35.16610982338524,0.7668440664750269],[35.17150017661476,0.7668440664750269],[35.17150017661476,0.772233933524973],[35.16610982338524,0.772233933524973],[35.16610982338524,0.7668440664750269]]]}},{"type":"Feature","properties":{"id":"NZA-0285","cls":"permanent_masonry","area":103,"cost":35400,"tiv":3645000.0,"tivCsv":36460000.0,"lat":0.57486,"lon":34.65764,"where":"KE","d10":0.0,"dr10":0.0,"loss10":0.0,"d20":0.0,"dr20":0.0,"loss20":0.0,"d50":0.0,"dr50":0.0,"loss50":0.0,"d100":0.0,"dr100":0.0,"loss100":0.0,"d200":0.0,"dr200":0.0,"loss200":0.0,"d500":0.0,"dr500":0.0,"loss500":0.0},"geometry":{"type":"Polygon","coordinates":[[[34.65494193082411,0.5721700664750269],[34.660332069175894,0.5721700664750269],[34.660332069175894,0.577559933524973],[34.65494193082411,0.577559933524973],[34.65494193082411,0.5721700664750269]]]}},{"type":"Feature","properties":{"id":"NZA-0286","cls":"permanent_masonry","area":59,"cost":54900,"tiv":3240000.0,"tivCsv":32390000.0,"lat":0.17849,"lon":33.90102,"where":"LAKE","d10":0.23999999463558197,"dr10":0.09,"loss10":291600.0,"d20":0.2800000011920929,"dr20":0.105,"loss20":340200.0,"d50":0.33000001311302185,"dr50":0.123,"loss50":398520.0,"d100":0.3700000047683716,"dr100":0.138,"loss100":447120.0,"d200":0.4000000059604645,"dr200":0.15,"loss200":486000.0,"d500":0.44999998807907104,"dr500":0.168,"loss500":544320.0},"geometry":{"type":"Polygon","coordinates":[[[33.89832205339776,0.17579806647502697],[33.90371194660224,0.17579806647502697],[33.90371194660224,0.18118793352497306],[33.89832205339776,0.18118793352497306],[33.89832205339776,0.17579806647502697]]]}},{"type":"Feature","properties":{"id":"NZA-0287","cls":"semi_permanent","area":39,"cost":12600,"tiv":490000.0,"tivCsv":4915000.0,"lat":-0.03224,"lon":33.86616,"where":"LAKE","d10":0.4699999988079071,"dr10":0.223,"loss10":109270.0,"d20":0.5199999809265137,"dr20":0.241,"loss20":118090.0,"d50":0.5799999833106995,"dr50":0.262,"loss50":128380.0,"d100":0.6200000047683716,"dr100":0.276,"loss100":135240.0,"d200":0.6600000262260437,"dr200":0.29,"loss200":142100.0,"d500":0.699999988079071,"dr500":0.305,"loss500":149450.0},"geometry":{"type":"Polygon","coordinates":[[[33.863467066048464,-0.03493193352497305],[33.86885693395154,-0.03493193352497305],[33.86885693395154,-0.02954206647502695],[33.863467066048464,-0.02954206647502695],[33.863467066048464,-0.03493193352497305]]]}},{"type":"Feature","properties":{"id":"NZA-0288","cls":"permanent_masonry","area":166,"cost":51200,"tiv":8500000.0,"tivCsv":84990000.0,"lat":1.019,"lon":34.38673,"where":"UG","d10":0.0,"dr10":0.0,"loss10":0.0,"d20":0.0,"dr20":0.0,"loss20":0.0,"d50":0.0,"dr50":0.0,"loss50":0.0,"d100":0.0,"dr100":0.0,"loss100":0.0,"d200":0.0,"dr200":0.0,"loss200":0.0,"d500":0.0,"dr500":0.0,"loss500":0.0},"geometry":{"type":"Polygon","coordinates":[[[34.38403864020709,1.0163100664750269],[34.389429359792906,1.0163100664750269],[34.389429359792906,1.021699933524973],[34.38403864020709,1.021699933524973],[34.38403864020709,1.0163100664750269]]]}},{"type":"Feature","properties":{"id":"NZA-0289","cls":"semi_permanent","area":45,"cost":11400,"tiv":515000.0,"tivCsv":5130000.0,"lat":0.87648,"lon":35.27038,"where":"KE","d10":0.0,"dr10":0.0,"loss10":0.0,"d20":0.0,"dr20":0.0,"loss20":0.0,"d50":0.0,"dr50":0.0,"loss50":0.0,"d100":0.0,"dr100":0.0,"loss100":0.0,"d200":0.0,"dr200":0.0,"loss200":0.0,"d500":0.0,"dr500":0.0,"loss500":0.0},"geometry":{"type":"Polygon","coordinates":[[[35.26768375112043,0.873785066475027],[35.27307424887957,0.873785066475027],[35.27307424887957,0.8791749335249731],[35.26768375112043,0.8791749335249731],[35.26768375112043,0.873785066475027]]]}},{"type":"Feature","properties":{"id":"NZA-0290","cls":"informal_iron_sheet","area":14,"cost":6400,"tiv":90000.0,"tivCsv":895000.0,"lat":0.7279,"lon":34.98623,"where":"KE","d10":0.0,"dr10":0.0,"loss10":0.0,"d20":0.0,"dr20":0.0,"loss20":0.0,"d50":0.0,"dr50":0.0,"loss50":0.0,"d100":0.0,"dr100":0.0,"loss100":0.0,"d200":0.0,"dr200":0.0,"loss200":0.0,"d500":0.0,"dr500":0.0,"loss500":0.0},"geometry":{"type":"Polygon","coordinates":[[[34.98353784898135,0.725206066475027],[34.98892815101865,0.725206066475027],[34.98892815101865,0.7305959335249731],[34.98353784898135,0.7305959335249731],[34.98353784898135,0.725206066475027]]]}},{"type":"Feature","properties":{"id":"NZA-0291","cls":"concrete_rcc","area":329,"cost":67200,"tiv":22110000.0,"tivCsv":221090000.0,"lat":1.18206,"lon":35.23179,"where":"KE","d10":0.0,"dr10":0.0,"loss10":0.0,"d20":0.0,"dr20":0.0,"loss20":0.0,"d50":0.0,"dr50":0.0,"loss50":0.0,"d100":0.0,"dr100":0.0,"loss100":0.0,"d200":0.0,"dr200":0.0,"loss200":0.0,"d500":0.0,"dr500":0.0,"loss500":0.0},"geometry":{"type":"Polygon","coordinates":[[[35.22909949284606,1.179368066475027],[35.234490507153936,1.179368066475027],[35.234490507153936,1.1847579335249732],[35.22909949284606,1.1847579335249732],[35.22909949284606,1.179368066475027]]]}},{"type":"Feature","properties":{"id":"NZA-0292","cls":"informal_iron_sheet","area":14,"cost":9400,"tiv":130000.0,"tivCsv":1315000.0,"lat":0.95596,"lon":35.318,"where":"KE","d10":0.0,"dr10":0.0,"loss10":0.0,"d20":0.0,"dr20":0.0,"loss20":0.0,"d50":0.0,"dr50":0.0,"loss50":0.0,"d100":0.0,"dr100":0.0,"loss100":0.0,"d200":0.0,"dr200":0.0,"loss200":0.0,"d500":0.0,"dr500":0.0,"loss500":0.0},"geometry":{"type":"Polygon","coordinates":[[[35.31530869132705,0.953265066475027],[35.32069930867296,0.953265066475027],[35.32069930867296,0.9586549335249731],[35.31530869132705,0.9586549335249731],[35.31530869132705,0.953265066475027]]]}},{"type":"Feature","properties":{"id":"NZA-0293","cls":"permanent_masonry","area":58,"cost":36800,"tiv":2135000.0,"tivCsv":21345000.0,"lat":1.1539,"lon":34.96682,"where":"KE","d10":0.0,"dr10":0.0,"loss10":0.0,"d20":0.0,"dr20":0.0,"loss20":0.0,"d50":0.0,"dr50":0.0,"loss50":0.0,"d100":0.0,"dr100":0.0,"loss100":0.0,"d200":0.0,"dr200":0.0,"loss200":0.0,"d500":0.0,"dr500":0.0,"loss500":0.0},"geometry":{"type":"Polygon","coordinates":[[[34.964125519857824,1.151206066475027],[34.96951648014218,1.151206066475027],[34.96951648014218,1.1565959335249731],[34.964125519857824,1.1565959335249731],[34.964125519857824,1.151206066475027]]]}},{"type":"Feature","properties":{"id":"NZA-0294","cls":"concrete_rcc","area":274,"cost":51700,"tiv":14165000.0,"tivCsv":141660000.0,"lat":0.96549,"lon":34.37468,"where":"UG","d10":0.0,"dr10":0.0,"loss10":0.0,"d20":0.0,"dr20":0.0,"loss20":0.0,"d50":0.0,"dr50":0.0,"loss50":0.0,"d100":0.0,"dr100":0.0,"loss100":0.0,"d200":0.0,"dr200":0.0,"loss200":0.0,"d500":0.0,"dr500":0.0,"loss500":0.0},"geometry":{"type":"Polygon","coordinates":[[[34.371981683809935,0.962794066475027],[34.37737231619006,0.962794066475027],[34.37737231619006,0.9681839335249731],[34.371981683809935,0.9681839335249731],[34.371981683809935,0.962794066475027]]]}},{"type":"Feature","properties":{"id":"NZA-0295","cls":"concrete_rcc","area":576,"cost":67000,"tiv":38590000.0,"tivCsv":385920000.0,"lat":0.36837,"lon":34.14827,"where":"KE","d10":0.0,"dr10":0.0,"loss10":0.0,"d20":0.0,"dr20":0.0,"loss20":0.0,"d50":0.0,"dr50":0.0,"loss50":0.0,"d100":0.0,"dr100":0.0,"loss100":0.0,"d200":0.0,"dr200":0.0,"loss200":0.0,"d500":0.0,"dr500":0.0,"loss500":0.0},"geometry":{"type":"Polygon","coordinates":[[[34.14557601077615,0.3656740664750269],[34.15096598922385,0.3656740664750269],[34.15096598922385,0.3710639335249731],[34.14557601077615,0.3710639335249731],[34.14557601077615,0.3656740664750269]]]}},{"type":"Feature","properties":{"id":"NZA-0296","cls":"semi_permanent","area":46,"cost":9400,"tiv":430000.0,"tivCsv":4325000.0,"lat":0.83471,"lon":35.0244,"where":"KE","d10":0.0,"dr10":0.0,"loss10":0.0,"d20":0.0,"dr20":0.0,"loss20":0.0,"d50":0.0,"dr50":0.0,"loss50":0.0,"d100":0.0,"dr100":0.0,"loss100":0.0,"d200":0.0,"dr200":0.0,"loss200":0.0,"d500":0.0,"dr500":0.0,"loss500":0.0},"geometry":{"type":"Polygon","coordinates":[[[35.0217007804608,0.8320200664750269],[35.02709121953921,0.8320200664750269],[35.02709121953921,0.8374099335249731],[35.0217007804608,0.8374099335249731],[35.0217007804608,0.8320200664750269]]]}},{"type":"Feature","properties":{"id":"NZA-0297","cls":"informal_iron_sheet","area":17,"cost":5100,"tiv":85000.0,"tivCsv":865000.0,"lat":0.91083,"lon":35.06072,"where":"KE","d10":0.0,"dr10":0.0,"loss10":0.0,"d20":0.0,"dr20":0.0,"loss20":0.0,"d50":0.0,"dr50":0.0,"loss50":0.0,"d100":0.0,"dr100":0.0,"loss100":0.0,"d200":0.0,"dr200":0.0,"loss200":0.0,"d500":0.0,"dr500":0.0,"loss500":0.0},"geometry":{"type":"Polygon","coordinates":[[[35.05802172591388,0.9081370664750269],[35.06341227408611,0.9081370664750269],[35.06341227408611,0.913526933524973],[35.05802172591388,0.913526933524973],[35.05802172591388,0.9081370664750269]]]}},{"type":"Feature","properties":{"id":"NZA-0298","cls":"informal_iron_sheet","area":23,"cost":5300,"tiv":120000.0,"tivCsv":1220000.0,"lat":0.35965,"lon":35.32417,"where":"KE","d10":0.0,"dr10":0.0,"loss10":0.0,"d20":0.0,"dr20":0.0,"loss20":0.0,"d50":0.0,"dr50":0.0,"loss50":0.0,"d100":0.0,"dr100":0.0,"loss100":0.0,"d200":0.0,"dr200":0.0,"loss200":0.0,"d500":0.0,"dr500":0.0,"loss500":0.0},"geometry":{"type":"Polygon","coordinates":[[[35.321473013381684,0.35695506647502695],[35.326862986618316,0.35695506647502695],[35.326862986618316,0.3623449335249731],[35.321473013381684,0.3623449335249731],[35.321473013381684,0.35695506647502695]]]}},{"type":"Feature","properties":{"id":"NZA-0299","cls":"semi_permanent","area":27,"cost":8800,"tiv":240000.0,"tivCsv":2375000.0,"lat":0.15318,"lon":34.77922,"where":"KE","d10":0.0,"dr10":0.0,"loss10":0.0,"d20":0.0,"dr20":0.0,"loss20":0.0,"d50":0.0,"dr50":0.0,"loss50":0.0,"d100":0.0,"dr100":0.0,"loss100":0.0,"d200":0.0,"dr200":0.0,"loss200":0.0,"d500":0.0,"dr500":0.0,"loss500":0.0},"geometry":{"type":"Polygon","coordinates":[[[34.77652205684413,0.15048306647502696],[34.781911943155876,0.15048306647502696],[34.781911943155876,0.15587293352497306],[34.77652205684413,0.15587293352497306],[34.77652205684413,0.15048306647502696]]]}},{"type":"Feature","properties":{"id":"NZA-0300","cls":"semi_permanent","area":24,"cost":15000,"tiv":360000.0,"tivCsv":3600000.0,"lat":0.45855,"lon":35.18356,"where":"KE","d10":0.0,"dr10":0.0,"loss10":0.0,"d20":0.0,"dr20":0.0,"loss20":0.0,"d50":0.0,"dr50":0.0,"loss50":0.0,"d100":0.0,"dr100":0.0,"loss100":0.0,"d200":0.0,"dr200":0.0,"loss200":0.0,"d500":0.0,"dr500":0.0,"loss500":0.0},"geometry":{"type":"Polygon","coordinates":[[[35.18086498016418,0.45585906647502694],[35.18625501983582,0.45585906647502694],[35.18625501983582,0.4612489335249731],[35.18086498016418,0.4612489335249731],[35.18086498016418,0.45585906647502694]]]}},{"type":"Feature","properties":{"id":"NZA-0301","cls":"permanent_masonry","area":128,"cost":62300,"tiv":7975000.0,"tivCsv":79745000.0,"lat":-0.16218,"lon":34.16056,"where":"KE","d10":0.0,"dr10":0.0,"loss10":0.0,"d20":0.0,"dr20":0.0,"loss20":0.0,"d50":0.0,"dr50":0.0,"loss50":0.0,"d100":0.0,"dr100":0.0,"loss100":0.0,"d200":0.0,"dr200":0.0,"loss200":0.0,"d500":0.0,"dr500":0.0,"loss500":0.0},"geometry":{"type":"Polygon","coordinates":[[[34.15786205567848,-0.16487793352497304],[34.163251944321516,-0.16487793352497304],[34.163251944321516,-0.15948806647502695],[34.15786205567848,-0.15948806647502695],[34.15786205567848,-0.16487793352497304]]]}},{"type":"Feature","properties":{"id":"NZA-0302","cls":"semi_permanent","area":51,"cost":15100,"tiv":770000.0,"tivCsv":7700000.0,"lat":0.3084,"lon":34.17723,"where":"KE","d10":0.0,"dr10":0.0,"loss10":0.0,"d20":0.0,"dr20":0.0,"loss20":0.0,"d50":0.0,"dr50":0.0,"loss50":0.0,"d100":0.0,"dr100":0.0,"loss100":0.0,"d200":0.0,"dr200":0.0,"loss200":0.0,"d500":0.0,"dr500":0.0,"loss500":0.0},"geometry":{"type":"Polygon","coordinates":[[[34.174539027435806,0.30570306647502693],[34.17992897256419,0.30570306647502693],[34.17992897256419,0.3110929335249731],[34.174539027435806,0.3110929335249731],[34.174539027435806,0.30570306647502693]]]}},{"type":"Feature","properties":{"id":"NZA-0303","cls":"informal_iron_sheet","area":14,"cost":6400,"tiv":90000.0,"tivCsv":895000.0,"lat":0.94962,"lon":34.47535,"where":"UG","d10":0.0,"dr10":0.0,"loss10":0.0,"d20":0.0,"dr20":0.0,"loss20":0.0,"d50":0.0,"dr50":0.0,"loss50":0.0,"d100":0.0,"dr100":0.0,"loss100":0.0,"d200":0.0,"dr200":0.0,"loss200":0.0,"d500":0.0,"dr500":0.0,"loss500":0.0},"geometry":{"type":"Polygon","coordinates":[[[34.47265169628635,0.946926066475027],[34.47804230371365,0.946926066475027],[34.47804230371365,0.9523159335249731],[34.47265169628635,0.9523159335249731],[34.47265169628635,0.946926066475027]]]}},{"type":"Feature","properties":{"id":"NZA-0304","cls":"concrete_rcc","area":403,"cost":63900,"tiv":25750000.0,"tivCsv":257515000.0,"lat":0.66816,"lon":33.95703,"where":"UG","d10":0.0,"dr10":0.0,"loss10":0.0,"d20":0.0,"dr20":0.0,"loss20":0.0,"d50":0.0,"dr50":0.0,"loss50":0.0,"d100":0.0,"dr100":0.0,"loss100":0.0,"d200":0.0,"dr200":0.0,"loss200":0.0,"d500":0.0,"dr500":0.0,"loss500":0.0},"geometry":{"type":"Polygon","coordinates":[[[33.95433988322006,0.665463066475027],[33.95973011677994,0.665463066475027],[33.95973011677994,0.6708529335249731],[33.95433988322006,0.6708529335249731],[33.95433988322006,0.665463066475027]]]}},{"type":"Feature","properties":{"id":"NZA-0305","cls":"informal_iron_sheet","area":13,"cost":5600,"tiv":75000.0,"tivCsv":730000.0,"lat":0.98095,"lon":35.1486,"where":"KE","d10":0.0,"dr10":0.0,"loss10":0.0,"d20":0.0,"dr20":0.0,"loss20":0.0,"d50":0.0,"dr50":0.0,"loss50":0.0,"d100":0.0,"dr100":0.0,"loss100":0.0,"d200":0.0,"dr200":0.0,"loss200":0.0,"d500":0.0,"dr500":0.0,"loss500":0.0},"geometry":{"type":"Polygon","coordinates":[[[35.14590167145619,0.978253066475027],[35.15129232854382,0.978253066475027],[35.15129232854382,0.9836429335249731],[35.14590167145619,0.9836429335249731],[35.14590167145619,0.978253066475027]]]}},{"type":"Feature","properties":{"id":"NZA-0306","cls":"permanent_masonry","area":92,"cost":37300,"tiv":3430000.0,"tivCsv":34315000.0,"lat":0.33244,"lon":35.07999,"where":"KE","d10":0.0,"dr10":0.0,"loss10":0.0,"d20":0.0,"dr20":0.0,"loss20":0.0,"d50":0.0,"dr50":0.0,"loss50":0.0,"d100":0.0,"dr100":0.0,"loss100":0.0,"d200":0.0,"dr200":0.0,"loss200":0.0,"d500":0.0,"dr500":0.0,"loss500":0.0},"geometry":{"type":"Polygon","coordinates":[[[35.07729702111246,0.3297420664750269],[35.08268697888754,0.3297420664750269],[35.08268697888754,0.33513193352497306],[35.07729702111246,0.33513193352497306],[35.07729702111246,0.3297420664750269]]]}},{"type":"Feature","properties":{"id":"NZA-0307","cls":"concrete_rcc","area":389,"cost":79400,"tiv":30885000.0,"tivCsv":308865000.0,"lat":1.25029,"lon":35.24125,"where":"KE","d10":0.0,"dr10":0.0,"loss10":0.0,"d20":0.0,"dr20":0.0,"loss20":0.0,"d50":0.0,"dr50":0.0,"loss50":0.0,"d100":0.0,"dr100":0.0,"loss100":0.0,"d200":0.0,"dr200":0.0,"loss200":0.0,"d500":0.0,"dr500":0.0,"loss500":0.0},"geometry":{"type":"Polygon","coordinates":[[[35.23855242469933,1.247599066475027],[35.24394357530067,1.247599066475027],[35.24394357530067,1.252988933524973],[35.23855242469933,1.252988933524973],[35.23855242469933,1.247599066475027]]]}},{"type":"Feature","properties":{"id":"NZA-0308","cls":"permanent_masonry","area":198,"cost":62200,"tiv":12315000.0,"tivCsv":123155000.0,"lat":0.69431,"lon":33.99654,"where":"UG","d10":0.0,"dr10":0.0,"loss10":0.0,"d20":0.0,"dr20":0.0,"loss20":0.0,"d50":0.0,"dr50":0.0,"loss50":0.0,"d100":0.0,"dr100":0.0,"loss100":0.0,"d200":0.0,"dr200":0.0,"loss200":0.0,"d500":0.0,"dr500":0.0,"loss500":0.0},"geometry":{"type":"Polygon","coordinates":[[[33.9938418685942,0.691613066475027],[33.99923213140579,0.691613066475027],[33.99923213140579,0.6970029335249731],[33.9938418685942,0.6970029335249731],[33.9938418685942,0.691613066475027]]]}},{"type":"Feature","properties":{"id":"NZA-0309","cls":"semi_permanent","area":65,"cost":11300,"tiv":735000.0,"tivCsv":7345000.0,"lat":1.00907,"lon":34.81464,"where":"KE","d10":0.0,"dr10":0.0,"loss10":0.0,"d20":0.0,"dr20":0.0,"loss20":0.0,"d50":0.0,"dr50":0.0,"loss50":0.0,"d100":0.0,"dr100":0.0,"loss100":0.0,"d200":0.0,"dr200":0.0,"loss200":0.0,"d500":0.0,"dr500":0.0,"loss500":0.0},"geometry":{"type":"Polygon","coordinates":[[[34.81194964847961,1.0063750664750268],[34.817340351520386,1.0063750664750268],[34.817340351520386,1.011764933524973],[34.81194964847961,1.011764933524973],[34.81194964847961,1.0063750664750268]]]}},{"type":"Feature","properties":{"id":"NZA-0310","cls":"informal_iron_sheet","area":16,"cost":7700,"tiv":125000.0,"tivCsv":1230000.0,"lat":-0.13807,"lon":33.74636,"where":"LAKE","d10":0.3199999928474426,"dr10":0.213,"loss10":26625.0,"d20":0.36000001430511475,"dr20":0.232,"loss20":29000.0,"d50":0.4099999964237213,"dr50":0.256,"loss50":32000.0,"d100":0.4399999976158142,"dr100":0.27,"loss100":33750.0,"d200":0.47999998927116394,"dr200":0.289,"loss200":36125.0,"d500":0.5099999904632568,"dr500":0.304,"loss500":38000.0},"geometry":{"type":"Polygon","coordinates":[[[33.74366205864979,-0.14076893352497305],[33.74905194135022,-0.14076893352497305],[33.74905194135022,-0.13537906647502695],[33.74366205864979,-0.13537906647502695],[33.74366205864979,-0.14076893352497305]]]}},{"type":"Feature","properties":{"id":"NZA-0311","cls":"semi_permanent","area":44,"cost":8600,"tiv":380000.0,"tivCsv":3785000.0,"lat":0.15697,"lon":33.87402,"where":"LAKE","d10":0.6299999952316284,"dr10":0.28,"loss10":106400.0,"d20":0.8100000023841858,"dr20":0.344,"loss20":130720.0,"d50":1.1100000143051147,"dr50":0.447,"loss50":169860.0,"d100":1.25,"dr100":0.49,"loss100":186200.0,"d200":1.350000023841858,"dr200":0.513,"loss200":194940.0,"d500":1.4500000476837158,"dr500":0.537,"loss500":204060.0},"geometry":{"type":"Polygon","coordinates":[[[33.8713210563619,0.15427106647502695],[33.876710943638095,0.15427106647502695],[33.876710943638095,0.15966093352497304],[33.8713210563619,0.15966093352497304],[33.8713210563619,0.15427106647502695]]]}},{"type":"Feature","properties":{"id":"NZA-0312","cls":"informal_iron_sheet","area":15,"cost":6000,"tiv":90000.0,"tivCsv":900000.0,"lat":-0.21694,"lon":34.61091,"where":"LAKE","d10":0.38999998569488525,"dr10":0.246,"loss10":22140.0,"d20":0.5400000214576721,"dr20":0.318,"loss20":28620.0,"d50":0.699999988079071,"dr50":0.394,"loss50":35460.0,"d100":0.8500000238418579,"dr100":0.464,"loss100":41760.0,"d200":1.0,"dr200":0.524,"loss200":47160.0,"d500":1.1399999856948853,"dr500":0.569,"loss500":51210.0},"geometry":{"type":"Polygon","coordinates":[[[34.60822004715665,-0.21963893352497305],[34.61360995284335,-0.21963893352497305],[34.61360995284335,-0.21424906647502695],[34.60822004715665,-0.21424906647502695],[34.60822004715665,-0.21963893352497305]]]}},{"type":"Feature","properties":{"id":"NZA-0313","cls":"permanent_masonry","area":101,"cost":52500,"tiv":5300000.0,"tivCsv":53025000.0,"lat":-0.26466,"lon":34.91086,"where":"KE","d10":0.0,"dr10":0.0,"loss10":0.0,"d20":0.0,"dr20":0.0,"loss20":0.0,"d50":0.0,"dr50":0.0,"loss50":0.0,"d100":0.0,"dr100":0.0,"loss100":0.0,"d200":0.0,"dr200":0.0,"loss200":0.0,"d500":0.0,"dr500":0.0,"loss500":0.0},"geometry":{"type":"Polygon","coordinates":[[[34.90816103772314,-0.2673589335249731],[34.913550962276865,-0.2673589335249731],[34.913550962276865,-0.26196906647502693],[34.90816103772314,-0.26196906647502693],[34.90816103772314,-0.2673589335249731]]]}},{"type":"Feature","properties":{"id":"NZA-0314","cls":"permanent_masonry","area":93,"cost":51900,"tiv":4825000.0,"tivCsv":48265000.0,"lat":0.03925,"lon":34.80993,"where":"KE","d10":0.0,"dr10":0.0,"loss10":0.0,"d20":0.0,"dr20":0.0,"loss20":0.0,"d50":0.0,"dr50":0.0,"loss50":0.0,"d100":0.0,"dr100":0.0,"loss100":0.0,"d200":0.0,"dr200":0.0,"loss200":0.0,"d500":0.0,"dr500":0.0,"loss500":0.0},"geometry":{"type":"Polygon","coordinates":[[[34.80723706584282,0.036551066475026955],[34.81262693415719,0.036551066475026955],[34.81262693415719,0.04194093352497305],[34.80723706584282,0.04194093352497305],[34.80723706584282,0.036551066475026955]]]}},{"type":"Feature","properties":{"id":"NZA-0315","cls":"permanent_masonry","area":59,"cost":63800,"tiv":3765000.0,"tivCsv":37640000.0,"lat":1.12451,"lon":33.89229,"where":"UG","d10":0.0,"dr10":0.0,"loss10":0.0,"d20":0.0,"dr20":0.0,"loss20":0.0,"d50":0.0,"dr50":0.0,"loss50":0.0,"d100":0.0,"dr100":0.0,"loss100":0.0,"d200":0.0,"dr200":0.0,"loss200":0.0,"d500":0.0,"dr500":0.0,"loss500":0.0},"geometry":{"type":"Polygon","coordinates":[[[33.88959954735706,1.121811066475027],[33.894990452642936,1.121811066475027],[33.894990452642936,1.127200933524973],[33.88959954735706,1.127200933524973],[33.88959954735706,1.121811066475027]]]}},{"type":"Feature","properties":{"id":"NZA-0316","cls":"informal_iron_sheet","area":16,"cost":5800,"tiv":95000.0,"tivCsv":930000.0,"lat":0.34547,"lon":34.2568,"where":"KE","d10":0.0,"dr10":0.0,"loss10":0.0,"d20":0.0,"dr20":0.0,"loss20":0.0,"d50":0.0,"dr50":0.0,"loss50":0.0,"d100":0.0,"dr100":0.0,"loss100":0.0,"d200":0.0,"dr200":0.0,"loss200":0.0,"d500":0.0,"dr500":0.0,"loss500":0.0},"geometry":{"type":"Polygon","coordinates":[[[34.25410901748671,0.34277206647502695],[34.25949898251329,0.34277206647502695],[34.25949898251329,0.3481619335249731],[34.25410901748671,0.3481619335249731],[34.25410901748671,0.34277206647502695]]]}},{"type":"Feature","properties":{"id":"NZA-0317","cls":"semi_permanent","area":41,"cost":13200,"tiv":540000.0,"tivCsv":5410000.0,"lat":-0.19775,"lon":34.54715,"where":"LAKE","d10":0.12999999523162842,"dr10":0.064,"loss10":34560.0,"d20":0.3799999952316284,"dr20":0.188,"loss20":101520.0,"d50":0.6899999976158142,"dr50":0.301,"loss50":162540.0,"d100":0.8500000238418579,"dr100":0.357,"loss100":192780.0,"d200":0.9900000095367432,"dr200":0.406,"loss200":219240.0,"d500":1.1200000047683716,"dr500":0.45,"loss500":243000.0},"geometry":{"type":"Polygon","coordinates":[[[34.54445305042381,-0.20044493352497306],[34.54984294957619,-0.20044493352497306],[34.54984294957619,-0.19505506647502696],[34.54445305042381,-0.19505506647502696],[34.54445305042381,-0.20044493352497306]]]}},{"type":"Feature","properties":{"id":"NZA-0318","cls":"informal_iron_sheet","area":15,"cost":6400,"tiv":95000.0,"tivCsv":960000.0,"lat":-0.18008,"lon":33.71561,"where":"LAKE","d10":0.4699999988079071,"dr10":0.285,"loss10":27075.0,"d20":0.5199999809265137,"dr20":0.309,"loss20":29355.0,"d50":0.5799999833106995,"dr50":0.337,"loss50":32015.0,"d100":0.6200000047683716,"dr100":0.357,"loss100":33915.0,"d200":0.6600000262260437,"dr200":0.375,"loss200":35625.0,"d500":0.699999988079071,"dr500":0.394,"loss500":37430.0},"geometry":{"type":"Polygon","coordinates":[[[33.71292005316463,-0.18277193352497303],[33.71830994683537,-0.18277193352497303],[33.71830994683537,-0.17738206647502694],[33.71292005316463,-0.17738206647502694],[33.71292005316463,-0.18277193352497303]]]}},{"type":"Feature","properties":{"id":"NZA-0319","cls":"informal_iron_sheet","area":12,"cost":6800,"tiv":80000.0,"tivCsv":815000.0,"lat":0.74257,"lon":34.69327,"where":"KE","d10":0.0,"dr10":0.0,"loss10":0.0,"d20":0.0,"dr20":0.0,"loss20":0.0,"d50":0.0,"dr50":0.0,"loss50":0.0,"d100":0.0,"dr100":0.0,"loss100":0.0,"d200":0.0,"dr200":0.0,"loss200":0.0,"d500":0.0,"dr500":0.0,"loss500":0.0},"geometry":{"type":"Polygon","coordinates":[[[34.690579840123895,0.7398790664750269],[34.695970159876104,0.7398790664750269],[34.695970159876104,0.745268933524973],[34.690579840123895,0.745268933524973],[34.690579840123895,0.7398790664750269]]]}},{"type":"Feature","properties":{"id":"NZA-0320","cls":"semi_permanent","area":25,"cost":14800,"tiv":370000.0,"tivCsv":3700000.0,"lat":0.76767,"lon":34.54783,"where":"KE","d10":0.0,"dr10":0.0,"loss10":0.0,"d20":0.0,"dr20":0.0,"loss20":0.0,"d50":0.0,"dr50":0.0,"loss50":0.0,"d100":0.0,"dr100":0.0,"loss100":0.0,"d200":0.0,"dr200":0.0,"loss200":0.0,"d500":0.0,"dr500":0.0,"loss500":0.0},"geometry":{"type":"Polygon","coordinates":[[[34.545129824564064,0.7649760664750269],[34.55052017543594,0.7649760664750269],[34.55052017543594,0.7703659335249731],[34.545129824564064,0.7703659335249731],[34.545129824564064,0.7649760664750269]]]}},{"type":"Feature","properties":{"id":"NZA-0321","cls":"concrete_rcc","area":186,"cost":66900,"tiv":12445000.0,"tivCsv":124435000.0,"lat":0.27631,"lon":34.64447,"where":"KE","d10":0.0,"dr10":0.0,"loss10":0.0,"d20":0.0,"dr20":0.0,"loss20":0.0,"d50":0.0,"dr50":0.0,"loss50":0.0,"d100":0.0,"dr100":0.0,"loss100":0.0,"d200":0.0,"dr200":0.0,"loss200":0.0,"d500":0.0,"dr500":0.0,"loss500":0.0},"geometry":{"type":"Polygon","coordinates":[[[34.64177503513824,0.27361006647502695],[34.64716496486176,0.27361006647502695],[34.64716496486176,0.2789999335249731],[34.64177503513824,0.2789999335249731],[34.64177503513824,0.27361006647502695]]]}},{"type":"Feature","properties":{"id":"NZA-0322","cls":"permanent_masonry","area":47,"cost":39100,"tiv":1840000.0,"tivCsv":18375000.0,"lat":1.25903,"lon":35.39337,"where":"KE","d10":0.0,"dr10":0.0,"loss10":0.0,"d20":0.0,"dr20":0.0,"loss20":0.0,"d50":0.0,"dr50":0.0,"loss50":0.0,"d100":0.0,"dr100":0.0,"loss100":0.0,"d200":0.0,"dr200":0.0,"loss200":0.0,"d500":0.0,"dr500":0.0,"loss500":0.0},"geometry":{"type":"Polygon","coordinates":[[[35.39067641569781,1.256335066475027],[35.39606758430219,1.256335066475027],[35.39606758430219,1.2617249335249732],[35.39067641569781,1.2617249335249732],[35.39067641569781,1.256335066475027]]]}},{"type":"Feature","properties":{"id":"NZA-0323","cls":"informal_iron_sheet","area":23,"cost":8500,"tiv":195000.0,"tivCsv":1955000.0,"lat":-0.29655,"lon":34.47055,"where":"LAKE","d10":3.119999885559082,"dr10":0.909,"loss10":177255.0,"d20":3.2300000190734863,"dr20":0.916,"loss20":178620.0,"d50":3.3499999046325684,"dr50":0.924,"loss50":180180.0,"d100":3.430000066757202,"dr100":0.929,"loss100":181155.0,"d200":3.5,"dr200":0.934,"loss200":182130.0,"d500":3.5799999237060547,"dr500":0.939,"loss500":183105.0},"geometry":{"type":"Polygon","coordinates":[[[34.467859030379046,-0.2992399335249731],[34.473248969620954,-0.2992399335249731],[34.473248969620954,-0.2938500664750269],[34.467859030379046,-0.2938500664750269],[34.467859030379046,-0.2992399335249731]]]}},{"type":"Feature","properties":{"id":"NZA-0324","cls":"semi_permanent","area":45,"cost":9800,"tiv":440000.0,"tivCsv":4410000.0,"lat":0.03314,"lon":35.34221,"where":"KE","d10":0.0,"dr10":0.0,"loss10":0.0,"d20":0.0,"dr20":0.0,"loss20":0.0,"d50":0.0,"dr50":0.0,"loss50":0.0,"d100":0.0,"dr100":0.0,"loss100":0.0,"d200":0.0,"dr200":0.0,"loss200":0.0,"d500":0.0,"dr500":0.0,"loss500":0.0},"geometry":{"type":"Polygon","coordinates":[[[35.33951306602432,0.03044206647502695],[35.34490293397568,0.03044206647502695],[35.34490293397568,0.03583193352497305],[35.33951306602432,0.03583193352497305],[35.33951306602432,0.03044206647502695]]]}},{"type":"Feature","properties":{"id":"NZA-0325","cls":"semi_permanent","area":35,"cost":10100,"tiv":355000.0,"tivCsv":3535000.0,"lat":0.59429,"lon":34.69312,"where":"KE","d10":0.0,"dr10":0.0,"loss10":0.0,"d20":0.0,"dr20":0.0,"loss20":0.0,"d50":0.0,"dr50":0.0,"loss50":0.0,"d100":0.0,"dr100":0.0,"loss100":0.0,"d200":0.0,"dr200":0.0,"loss200":0.0,"d500":0.0,"dr500":0.0,"loss500":0.0},"geometry":{"type":"Polygon","coordinates":[[[34.690424921503315,0.5915910664750269],[34.695815078496686,0.5915910664750269],[34.695815078496686,0.5969809335249731],[34.690424921503315,0.5969809335249731],[34.690424921503315,0.5915910664750269]]]}},{"type":"Feature","properties":{"id":"NZA-0326","cls":"permanent_masonry","area":68,"cost":44300,"tiv":3010000.0,"tivCsv":30125000.0,"lat":0.11503,"lon":34.47282,"where":"KE","d10":0.0,"dr10":0.0,"loss10":0.0,"d20":0.0,"dr20":0.0,"loss20":0.0,"d50":0.0,"dr50":0.0,"loss50":0.0,"d100":0.0,"dr100":0.0,"loss100":0.0,"d200":0.0,"dr200":0.0,"loss200":0.0,"d500":0.0,"dr500":0.0,"loss500":0.0},"geometry":{"type":"Polygon","coordinates":[[[34.47012206104345,0.11233906647502695],[34.47551193895655,0.11233906647502695],[34.47551193895655,0.11772893352497305],[34.47012206104345,0.11772893352497305],[34.47012206104345,0.11233906647502695]]]}},{"type":"Feature","properties":{"id":"NZA-0327","cls":"concrete_rcc","area":995,"cost":72800,"tiv":72435000.0,"tivCsv":724360000.0,"lat":1.00142,"lon":34.03869,"where":"UG","d10":0.0,"dr10":0.0,"loss10":0.0,"d20":0.0,"dr20":0.0,"loss20":0.0,"d50":0.0,"dr50":0.0,"loss50":0.0,"d100":0.0,"dr100":0.0,"loss100":0.0,"d200":0.0,"dr200":0.0,"loss200":0.0,"d500":0.0,"dr500":0.0,"loss500":0.0},"geometry":{"type":"Polygon","coordinates":[[[34.03599765479671,0.9987220664750269],[34.041388345203295,0.9987220664750269],[34.041388345203295,1.004111933524973],[34.03599765479671,1.004111933524973],[34.03599765479671,0.9987220664750269]]]}},{"type":"Feature","properties":{"id":"NZA-0328","cls":"semi_permanent","area":45,"cost":10900,"tiv":490000.0,"tivCsv":4905000.0,"lat":-0.10435,"lon":35.09238,"where":"KE","d10":0.0,"dr10":0.0,"loss10":0.0,"d20":0.0,"dr20":0.0,"loss20":0.0,"d50":0.0,"dr50":0.0,"loss50":0.0,"d100":0.0,"dr100":0.0,"loss100":0.0,"d200":0.0,"dr200":0.0,"loss200":0.0,"d500":0.0,"dr500":0.0,"loss500":0.0},"geometry":{"type":"Polygon","coordinates":[[[35.08968506200579,-0.10704193352497304],[35.095074937994205,-0.10704193352497304],[35.095074937994205,-0.10165206647502695],[35.08968506200579,-0.10165206647502695],[35.08968506200579,-0.10704193352497304]]]}},{"type":"Feature","properties":{"id":"NZA-0329","cls":"concrete_rcc","area":288,"cost":64000,"tiv":18430000.0,"tivCsv":184320000.0,"lat":0.29516,"lon":34.23813,"where":"KE","d10":0.0,"dr10":0.0,"loss10":0.0,"d20":0.0,"dr20":0.0,"loss20":0.0,"d50":0.0,"dr50":0.0,"loss50":0.0,"d100":0.0,"dr100":0.0,"loss100":0.0,"d200":0.0,"dr200":0.0,"loss200":0.0,"d500":0.0,"dr500":0.0,"loss500":0.0},"geometry":{"type":"Polygon","coordinates":[[[34.235437030716646,0.2924600664750269],[34.240826969283354,0.2924600664750269],[34.240826969283354,0.2978499335249731],[34.235437030716646,0.2978499335249731],[34.235437030716646,0.2924600664750269]]]}},{"type":"Feature","properties":{"id":"NZA-0330","cls":"semi_permanent","area":47,"cost":15700,"tiv":740000.0,"tivCsv":7380000.0,"lat":0.78048,"lon":34.17398,"where":"UG","d10":0.0,"dr10":0.0,"loss10":0.0,"d20":0.0,"dr20":0.0,"loss20":0.0,"d50":0.0,"dr50":0.0,"loss50":0.0,"d100":0.0,"dr100":0.0,"loss100":0.0,"d200":0.0,"dr200":0.0,"loss200":0.0,"d500":0.0,"dr500":0.0,"loss500":0.0},"geometry":{"type":"Polygon","coordinates":[[[34.17128381642326,0.7777850664750269],[34.17667418357674,0.7777850664750269],[34.17667418357674,0.783174933524973],[34.17128381642326,0.783174933524973],[34.17128381642326,0.7777850664750269]]]}},{"type":"Feature","properties":{"id":"NZA-0331","cls":"concrete_rcc","area":910,"cost":60100,"tiv":54690000.0,"tivCsv":546910000.0,"lat":-0.10939,"lon":34.34128,"where":"KE","d10":0.0,"dr10":0.0,"loss10":0.0,"d20":0.0,"dr20":0.0,"loss20":0.0,"d50":0.0,"dr50":0.0,"loss50":0.0,"d100":0.0,"dr100":0.0,"loss100":0.0,"d200":0.0,"dr200":0.0,"loss200":0.0,"d500":0.0,"dr500":0.0,"loss500":0.0},"geometry":{"type":"Polygon","coordinates":[[[34.338581061563275,-0.11208593352497305],[34.343970938436726,-0.11208593352497305],[34.343970938436726,-0.10669606647502695],[34.338581061563275,-0.10669606647502695],[34.338581061563275,-0.11208593352497305]]]}},{"type":"Feature","properties":{"id":"NZA-0332","cls":"informal_iron_sheet","area":24,"cost":9700,"tiv":235000.0,"tivCsv":2330000.0,"lat":0.04839,"lon":34.56501,"where":"KE","d10":0.0,"dr10":0.0,"loss10":0.0,"d20":0.0,"dr20":0.0,"loss20":0.0,"d50":0.0,"dr50":0.0,"loss50":0.0,"d100":0.0,"dr100":0.0,"loss100":0.0,"d200":0.0,"dr200":0.0,"loss200":0.0,"d500":0.0,"dr500":0.0,"loss500":0.0},"geometry":{"type":"Polygon","coordinates":[[[34.56231606551377,0.04569806647502695],[34.56770593448623,0.04569806647502695],[34.56770593448623,0.051087933524973046],[34.56231606551377,0.051087933524973046],[34.56231606551377,0.04569806647502695]]]}},{"type":"Feature","properties":{"id":"NZA-0333","cls":"informal_iron_sheet","area":16,"cost":5500,"tiv":90000.0,"tivCsv":880000.0,"lat":0.25734,"lon":34.32124,"where":"KE","d10":0.0,"dr10":0.0,"loss10":0.0,"d20":0.0,"dr20":0.0,"loss20":0.0,"d50":0.0,"dr50":0.0,"loss50":0.0,"d100":0.0,"dr100":0.0,"loss100":0.0,"d200":0.0,"dr200":0.0,"loss200":0.0,"d500":0.0,"dr500":0.0,"loss500":0.0},"geometry":{"type":"Polygon","coordinates":[[[34.31854603929242,0.25464506647502694],[34.32393596070758,0.25464506647502694],[34.32393596070758,0.2600349335249731],[34.31854603929242,0.2600349335249731],[34.31854603929242,0.25464506647502694]]]}},{"type":"Feature","properties":{"id":"NZA-0334","cls":"permanent_masonry","area":106,"cost":58300,"tiv":6180000.0,"tivCsv":61800000.0,"lat":0.69927,"lon":35.03155,"where":"KE","d10":0.0,"dr10":0.0,"loss10":0.0,"d20":0.0,"dr20":0.0,"loss20":0.0,"d50":0.0,"dr50":0.0,"loss50":0.0,"d100":0.0,"dr100":0.0,"loss100":0.0,"d200":0.0,"dr200":0.0,"loss200":0.0,"d500":0.0,"dr500":0.0,"loss500":0.0},"geometry":{"type":"Polygon","coordinates":[[[35.02885186575554,0.6965750664750269],[35.034242134244465,0.6965750664750269],[35.034242134244465,0.701964933524973],[35.02885186575554,0.701964933524973],[35.02885186575554,0.6965750664750269]]]}},{"type":"Feature","properties":{"id":"NZA-0335","cls":"concrete_rcc","area":585,"cost":78200,"tiv":45745000.0,"tivCsv":457470000.0,"lat":0.48194,"lon":34.06682,"where":"UG","d10":0.0,"dr10":0.0,"loss10":0.0,"d20":0.0,"dr20":0.0,"loss20":0.0,"d50":0.0,"dr50":0.0,"loss50":0.0,"d100":0.0,"dr100":0.0,"loss100":0.0,"d200":0.0,"dr200":0.0,"loss200":0.0,"d500":0.0,"dr500":0.0,"loss500":0.0},"geometry":{"type":"Polygon","coordinates":[[[34.06412797113423,0.4792490664750269],[34.069518028865765,0.4792490664750269],[34.069518028865765,0.48463893352497306],[34.06412797113423,0.48463893352497306],[34.06412797113423,0.4792490664750269]]]}},{"type":"Feature","properties":{"id":"NZA-0336","cls":"permanent_masonry","area":64,"cost":56000,"tiv":3585000.0,"tivCsv":35840000.0,"lat":1.24174,"lon":34.09135,"where":"UG","d10":0.0,"dr10":0.0,"loss10":0.0,"d20":0.0,"dr20":0.0,"loss20":0.0,"d50":0.0,"dr50":0.0,"loss50":0.0,"d100":0.0,"dr100":0.0,"loss100":0.0,"d200":0.0,"dr200":0.0,"loss200":0.0,"d500":0.0,"dr500":0.0,"loss500":0.0},"geometry":{"type":"Polygon","coordinates":[[[34.088656433450495,1.2390470664750268],[34.094047566549506,1.2390470664750268],[34.094047566549506,1.244436933524973],[34.088656433450495,1.244436933524973],[34.088656433450495,1.2390470664750268]]]}},{"type":"Feature","properties":{"id":"NZA-0337","cls":"informal_iron_sheet","area":19,"cost":5900,"tiv":110000.0,"tivCsv":1120000.0,"lat":1.19873,"lon":34.75527,"where":"KE","d10":0.0,"dr10":0.0,"loss10":0.0,"d20":0.0,"dr20":0.0,"loss20":0.0,"d50":0.0,"dr50":0.0,"loss50":0.0,"d100":0.0,"dr100":0.0,"loss100":0.0,"d200":0.0,"dr200":0.0,"loss200":0.0,"d500":0.0,"dr500":0.0,"loss500":0.0},"geometry":{"type":"Polygon","coordinates":[[[34.752573476556734,1.1960310664750269],[34.75796452344326,1.1960310664750269],[34.75796452344326,1.201420933524973],[34.752573476556734,1.201420933524973],[34.752573476556734,1.1960310664750269]]]}},{"type":"Feature","properties":{"id":"NZA-0338","cls":"semi_permanent","area":63,"cost":8900,"tiv":560000.0,"tivCsv":5605000.0,"lat":0.44666,"lon":33.73663,"where":"UG","d10":0.0,"dr10":0.0,"loss10":0.0,"d20":0.0,"dr20":0.0,"loss20":0.0,"d50":0.0,"dr50":0.0,"loss50":0.0,"d100":0.0,"dr100":0.0,"loss100":0.0,"d200":0.0,"dr200":0.0,"loss200":0.0,"d500":0.0,"dr500":0.0,"loss500":0.0},"geometry":{"type":"Polygon","coordinates":[[[33.7339399845826,0.4439680664750269],[33.7393300154174,0.4439680664750269],[33.7393300154174,0.44935793352497305],[33.7339399845826,0.44935793352497305],[33.7339399845826,0.4439680664750269]]]}},{"type":"Feature","properties":{"id":"NZA-0339","cls":"permanent_masonry","area":106,"cost":47000,"tiv":4980000.0,"tivCsv":49820000.0,"lat":0.02477,"lon":34.30548,"where":"KE","d10":0.0,"dr10":0.0,"loss10":0.0,"d20":0.0,"dr20":0.0,"loss20":0.0,"d50":0.0,"dr50":0.0,"loss50":0.0,"d100":0.0,"dr100":0.0,"loss100":0.0,"d200":0.0,"dr200":0.0,"loss200":0.0,"d500":0.0,"dr500":0.0,"loss500":0.0},"geometry":{"type":"Polygon","coordinates":[[[34.30278506622315,0.022077066475026948],[34.308174933776854,0.022077066475026948],[34.308174933776854,0.02746693352497305],[34.30278506622315,0.02746693352497305],[34.30278506622315,0.022077066475026948]]]}},{"type":"Feature","properties":{"id":"NZA-0340","cls":"permanent_masonry","area":106,"cost":43500,"tiv":4610000.0,"tivCsv":46110000.0,"lat":0.17157,"lon":35.11162,"where":"KE","d10":0.0,"dr10":0.0,"loss10":0.0,"d20":0.0,"dr20":0.0,"loss20":0.0,"d50":0.0,"dr50":0.0,"loss50":0.0,"d100":0.0,"dr100":0.0,"loss100":0.0,"d200":0.0,"dr200":0.0,"loss200":0.0,"d500":0.0,"dr500":0.0,"loss500":0.0},"geometry":{"type":"Polygon","coordinates":[[[35.10892505439224,0.16887706647502695],[35.11431494560777,0.16887706647502695],[35.11431494560777,0.17426693352497305],[35.10892505439224,0.17426693352497305],[35.10892505439224,0.16887706647502695]]]}},{"type":"Feature","properties":{"id":"NZA-0341","cls":"semi_permanent","area":70,"cost":9600,"tiv":670000.0,"tivCsv":6720000.0,"lat":0.79524,"lon":35.29274,"where":"KE","d10":0.0,"dr10":0.0,"loss10":0.0,"d20":0.0,"dr20":0.0,"loss20":0.0,"d50":0.0,"dr50":0.0,"loss50":0.0,"d100":0.0,"dr100":0.0,"loss100":0.0,"d200":0.0,"dr200":0.0,"loss200":0.0,"d500":0.0,"dr500":0.0,"loss500":0.0},"geometry":{"type":"Polygon","coordinates":[[[35.290043806877996,0.792541066475027],[35.295434193122,0.792541066475027],[35.295434193122,0.7979309335249731],[35.290043806877996,0.7979309335249731],[35.290043806877996,0.792541066475027]]]}},{"type":"Feature","properties":{"id":"NZA-0342","cls":"informal_iron_sheet","area":13,"cost":8000,"tiv":105000.0,"tivCsv":1040000.0,"lat":-0.126,"lon":34.84036,"where":"KE","d10":0.0,"dr10":0.0,"loss10":0.0,"d20":0.0,"dr20":0.0,"loss20":0.0,"d50":0.0,"dr50":0.0,"loss50":0.0,"d100":0.0,"dr100":0.0,"loss100":0.0,"d200":0.0,"dr200":0.0,"loss200":0.0,"d500":0.0,"dr500":0.0,"loss500":0.0},"geometry":{"type":"Polygon","coordinates":[[[34.837665059958105,-0.12869893352497305],[34.84305494004189,-0.12869893352497305],[34.84305494004189,-0.12330906647502696],[34.837665059958105,-0.12330906647502696],[34.837665059958105,-0.12869893352497305]]]}},{"type":"Feature","properties":{"id":"NZA-0343","cls":"concrete_rcc","area":343,"cost":71500,"tiv":24525000.0,"tivCsv":245245000.0,"lat":-0.19974,"lon":34.0264,"where":"LAKE","d10":0.4000000059604645,"dr10":0.106,"loss10":2599650.0,"d20":0.44999998807907104,"dr20":0.119,"loss20":2918475.0,"d50":0.5099999904632568,"dr50":0.135,"loss50":3310875.0,"d100":0.550000011920929,"dr100":0.145,"loss100":3556125.0,"d200":0.5899999737739563,"dr200":0.156,"loss200":3825900.0,"d500":0.6399999856948853,"dr500":0.168,"loss500":4120200.0},"geometry":{"type":"Polygon","coordinates":[[[34.023704050098964,-0.20243593352497305],[34.02909394990103,-0.20243593352497305],[34.02909394990103,-0.19704606647502695],[34.023704050098964,-0.19704606647502695],[34.023704050098964,-0.20243593352497305]]]}},{"type":"Feature","properties":{"id":"NZA-0344","cls":"concrete_rcc","area":492,"cost":69000,"tiv":33950000.0,"tivCsv":339480000.0,"lat":0.11109,"lon":34.30828,"where":"KE","d10":0.0,"dr10":0.0,"loss10":0.0,"d20":0.0,"dr20":0.0,"loss20":0.0,"d50":0.0,"dr50":0.0,"loss50":0.0,"d100":0.0,"dr100":0.0,"loss100":0.0,"d200":0.0,"dr200":0.0,"loss200":0.0,"d500":0.0,"dr500":0.0,"loss500":0.0},"geometry":{"type":"Polygon","coordinates":[[[34.30558706140979,0.10839206647502696],[34.31097693859021,0.10839206647502696],[34.31097693859021,0.11378193352497305],[34.30558706140979,0.11378193352497305],[34.30558706140979,0.10839206647502696]]]}},{"type":"Feature","properties":{"id":"NZA-0345","cls":"semi_permanent","area":43,"cost":15700,"tiv":675000.0,"tivCsv":6750000.0,"lat":0.62473,"lon":34.42192,"where":"KE","d10":0.0,"dr10":0.0,"loss10":0.0,"d20":0.0,"dr20":0.0,"loss20":0.0,"d50":0.0,"dr50":0.0,"loss50":0.0,"d100":0.0,"dr100":0.0,"loss100":0.0,"d200":0.0,"dr200":0.0,"loss200":0.0,"d500":0.0,"dr500":0.0,"loss500":0.0},"geometry":{"type":"Polygon","coordinates":[[[34.419222906268416,0.622036066475027],[34.42461309373158,0.622036066475027],[34.42461309373158,0.6274259335249731],[34.419222906268416,0.6274259335249731],[34.419222906268416,0.622036066475027]]]}},{"type":"Feature","properties":{"id":"NZA-0346","cls":"semi_permanent","area":35,"cost":12100,"tiv":425000.0,"tivCsv":4235000.0,"lat":1.24072,"lon":35.14881,"where":"KE","d10":0.0,"dr10":0.0,"loss10":0.0,"d20":0.0,"dr20":0.0,"loss20":0.0,"d50":0.0,"dr50":0.0,"loss50":0.0,"d100":0.0,"dr100":0.0,"loss100":0.0,"d200":0.0,"dr200":0.0,"loss200":0.0,"d500":0.0,"dr500":0.0,"loss500":0.0},"geometry":{"type":"Polygon","coordinates":[[[35.14611643449533,1.238022066475027],[35.151507565504666,1.238022066475027],[35.151507565504666,1.2434119335249731],[35.14611643449533,1.2434119335249731],[35.14611643449533,1.238022066475027]]]}},{"type":"Feature","properties":{"id":"NZA-0347","cls":"informal_iron_sheet","area":10,"cost":5600,"tiv":55000.0,"tivCsv":560000.0,"lat":0.2301,"lon":34.12453,"where":"KE","d10":0.0,"dr10":0.0,"loss10":0.0,"d20":0.0,"dr20":0.0,"loss20":0.0,"d50":0.0,"dr50":0.0,"loss50":0.0,"d100":0.0,"dr100":0.0,"loss100":0.0,"d200":0.0,"dr200":0.0,"loss200":0.0,"d500":0.0,"dr500":0.0,"loss500":0.0},"geometry":{"type":"Polygon","coordinates":[[[34.121835044742,0.22740806647502695],[34.127224955258,0.22740806647502695],[34.127224955258,0.23279793352497305],[34.121835044742,0.23279793352497305],[34.121835044742,0.22740806647502695]]]}},{"type":"Feature","properties":{"id":"NZA-0348","cls":"semi_permanent","area":41,"cost":12100,"tiv":495000.0,"tivCsv":4960000.0,"lat":-0.15849,"lon":34.96849,"where":"KE","d10":0.0,"dr10":0.0,"loss10":0.0,"d20":0.0,"dr20":0.0,"loss20":0.0,"d50":0.0,"dr50":0.0,"loss50":0.0,"d100":0.0,"dr100":0.0,"loss100":0.0,"d200":0.0,"dr200":0.0,"loss200":0.0,"d500":0.0,"dr500":0.0,"loss500":0.0},"geometry":{"type":"Polygon","coordinates":[[[34.96579005616496,-0.16118193352497304],[34.97117994383504,-0.16118193352497304],[34.97117994383504,-0.15579206647502694],[34.96579005616496,-0.15579206647502694],[34.96579005616496,-0.16118193352497304]]]}},{"type":"Feature","properties":{"id":"NZA-0349","cls":"permanent_masonry","area":148,"cost":40200,"tiv":5950000.0,"tivCsv":59495000.0,"lat":0.9648,"lon":34.43853,"where":"UG","d10":0.0,"dr10":0.0,"loss10":0.0,"d20":0.0,"dr20":0.0,"loss20":0.0,"d50":0.0,"dr50":0.0,"loss50":0.0,"d100":0.0,"dr100":0.0,"loss100":0.0,"d200":0.0,"dr200":0.0,"loss200":0.0,"d500":0.0,"dr500":0.0,"loss500":0.0},"geometry":{"type":"Polygon","coordinates":[[[34.43583868435913,0.9621010664750269],[34.44122931564086,0.9621010664750269],[34.44122931564086,0.9674909335249731],[34.43583868435913,0.9674909335249731],[34.43583868435913,0.9621010664750269]]]}},{"type":"Feature","properties":{"id":"NZA-0350","cls":"permanent_masonry","area":143,"cost":43800,"tiv":6265000.0,"tivCsv":62635000.0,"lat":1.0998,"lon":34.91544,"where":"KE","d10":0.0,"dr10":0.0,"loss10":0.0,"d20":0.0,"dr20":0.0,"loss20":0.0,"d50":0.0,"dr50":0.0,"loss50":0.0,"d100":0.0,"dr100":0.0,"loss100":0.0,"d200":0.0,"dr200":0.0,"loss200":0.0,"d500":0.0,"dr500":0.0,"loss500":0.0},"geometry":{"type":"Polygon","coordinates":[[[34.912740569920544,1.097105066475027],[34.918131430079455,1.097105066475027],[34.918131430079455,1.1024949335249732],[34.912740569920544,1.1024949335249732],[34.912740569920544,1.097105066475027]]]}},{"type":"Feature","properties":{"id":"NZA-0351","cls":"concrete_rcc","area":364,"cost":66900,"tiv":24350000.0,"tivCsv":243515000.0,"lat":0.2731,"lon":34.83805,"where":"KE","d10":0.0,"dr10":0.0,"loss10":0.0,"d20":0.0,"dr20":0.0,"loss20":0.0,"d50":0.0,"dr50":0.0,"loss50":0.0,"d100":0.0,"dr100":0.0,"loss100":0.0,"d200":0.0,"dr200":0.0,"loss200":0.0,"d500":0.0,"dr500":0.0,"loss500":0.0},"geometry":{"type":"Polygon","coordinates":[[[34.83535003586034,0.2704080664750269],[34.840739964139665,0.2704080664750269],[34.840739964139665,0.27579793352497306],[34.83535003586034,0.27579793352497306],[34.83535003586034,0.2704080664750269]]]}},{"type":"Feature","properties":{"id":"NZA-0352","cls":"informal_iron_sheet","area":8,"cost":9200,"tiv":75000.0,"tivCsv":735000.0,"lat":0.50889,"lon":35.21733,"where":"KE","d10":0.0,"dr10":0.0,"loss10":0.0,"d20":0.0,"dr20":0.0,"loss20":0.0,"d50":0.0,"dr50":0.0,"loss50":0.0,"d100":0.0,"dr100":0.0,"loss100":0.0,"d200":0.0,"dr200":0.0,"loss200":0.0,"d500":0.0,"dr500":0.0,"loss500":0.0},"geometry":{"type":"Polygon","coordinates":[[[35.21463996017253,0.5062000664750269],[35.22003003982746,0.5062000664750269],[35.22003003982746,0.5115899335249731],[35.21463996017253,0.5115899335249731],[35.21463996017253,0.5062000664750269]]]}},{"type":"Feature","properties":{"id":"NZA-0353","cls":"semi_permanent","area":49,"cost":15800,"tiv":775000.0,"tivCsv":7740000.0,"lat":0.79689,"lon":34.85097,"where":"KE","d10":0.0,"dr10":0.0,"loss10":0.0,"d20":0.0,"dr20":0.0,"loss20":0.0,"d50":0.0,"dr50":0.0,"loss50":0.0,"d100":0.0,"dr100":0.0,"loss100":0.0,"d200":0.0,"dr200":0.0,"loss200":0.0,"d500":0.0,"dr500":0.0,"loss500":0.0},"geometry":{"type":"Polygon","coordinates":[[[34.84827080579823,0.794193066475027],[34.85366119420177,0.794193066475027],[34.85366119420177,0.7995829335249731],[34.84827080579823,0.7995829335249731],[34.84827080579823,0.794193066475027]]]}},{"type":"Feature","properties":{"id":"NZA-0354","cls":"semi_permanent","area":57,"cost":13100,"tiv":745000.0,"tivCsv":7465000.0,"lat":0.78798,"lon":34.12649,"where":"UG","d10":0.0,"dr10":0.0,"loss10":0.0,"d20":0.0,"dr20":0.0,"loss20":0.0,"d50":0.0,"dr50":0.0,"loss50":0.0,"d100":0.0,"dr100":0.0,"loss100":0.0,"d200":0.0,"dr200":0.0,"loss200":0.0,"d500":0.0,"dr500":0.0,"loss500":0.0},"geometry":{"type":"Polygon","coordinates":[[[34.12379381159341,0.785286066475027],[34.12918418840659,0.785286066475027],[34.12918418840659,0.7906759335249731],[34.12379381159341,0.7906759335249731],[34.12379381159341,0.785286066475027]]]}},{"type":"Feature","properties":{"id":"NZA-0355","cls":"informal_iron_sheet","area":16,"cost":9700,"tiv":155000.0,"tivCsv":1550000.0,"lat":0.86414,"lon":34.4334,"where":"UG","d10":0.0,"dr10":0.0,"loss10":0.0,"d20":0.0,"dr20":0.0,"loss20":0.0,"d50":0.0,"dr50":0.0,"loss50":0.0,"d100":0.0,"dr100":0.0,"loss100":0.0,"d200":0.0,"dr200":0.0,"loss200":0.0,"d500":0.0,"dr500":0.0,"loss500":0.0},"geometry":{"type":"Polygon","coordinates":[[[34.43070375993996,0.8614430664750269],[34.436094240060044,0.8614430664750269],[34.436094240060044,0.866832933524973],[34.43070375993996,0.866832933524973],[34.43070375993996,0.8614430664750269]]]}},{"type":"Feature","properties":{"id":"NZA-0356","cls":"informal_iron_sheet","area":15,"cost":7400,"tiv":110000.0,"tivCsv":1110000.0,"lat":0.75526,"lon":34.40618,"where":"KE","d10":0.0,"dr10":0.0,"loss10":0.0,"d20":0.0,"dr20":0.0,"loss20":0.0,"d50":0.0,"dr50":0.0,"loss50":0.0,"d100":0.0,"dr100":0.0,"loss100":0.0,"d200":0.0,"dr200":0.0,"loss200":0.0,"d500":0.0,"dr500":0.0,"loss500":0.0},"geometry":{"type":"Polygon","coordinates":[[[34.40348883232339,0.752565066475027],[34.408879167676616,0.752565066475027],[34.408879167676616,0.7579549335249731],[34.40348883232339,0.7579549335249731],[34.40348883232339,0.752565066475027]]]}},{"type":"Feature","properties":{"id":"NZA-0357","cls":"semi_permanent","area":22,"cost":14100,"tiv":310000.0,"tivCsv":3100000.0,"lat":-0.27489,"lon":34.0001,"where":"LAKE","d10":0.5699999928474426,"dr10":0.258,"loss10":79980.0,"d20":0.6200000047683716,"dr20":0.276,"loss20":85560.0,"d50":0.6800000071525574,"dr50":0.298,"loss50":92380.0,"d100":0.7300000190734863,"dr100":0.315,"loss100":97650.0,"d200":0.7699999809265137,"dr200":0.33,"loss200":102300.0,"d500":0.8199999928474426,"dr500":0.347,"loss500":107570.0},"geometry":{"type":"Polygon","coordinates":[[[33.997403035458156,-0.27758593352497307],[34.00279296454185,-0.27758593352497307],[34.00279296454185,-0.2721960664750269],[33.997403035458156,-0.2721960664750269],[33.997403035458156,-0.27758593352497307]]]}},{"type":"Feature","properties":{"id":"NZA-0358","cls":"informal_iron_sheet","area":13,"cost":8600,"tiv":110000.0,"tivCsv":1120000.0,"lat":0.25742,"lon":35.24072,"where":"KE","d10":0.0,"dr10":0.0,"loss10":0.0,"d20":0.0,"dr20":0.0,"loss20":0.0,"d50":0.0,"dr50":0.0,"loss50":0.0,"d100":0.0,"dr100":0.0,"loss100":0.0,"d200":0.0,"dr200":0.0,"loss200":0.0,"d500":0.0,"dr500":0.0,"loss500":0.0},"geometry":{"type":"Polygon","coordinates":[[[35.23802403927594,0.2547230664750269],[35.243413960724055,0.2547230664750269],[35.243413960724055,0.26011293352497306],[35.23802403927594,0.26011293352497306],[35.23802403927594,0.2547230664750269]]]}},{"type":"Feature","properties":{"id":"NZA-0359","cls":"informal_iron_sheet","area":19,"cost":7900,"tiv":150000.0,"tivCsv":1500000.0,"lat":-0.17978,"lon":34.04073,"where":"LAKE","d10":0.3700000047683716,"dr10":0.237,"loss10":35550.0,"d20":0.4300000071525574,"dr20":0.265,"loss20":39750.0,"d50":0.49000000953674316,"dr50":0.294,"loss50":44100.0,"d100":0.5299999713897705,"dr100":0.313,"loss100":46950.0,"d200":0.5699999928474426,"dr200":0.333,"loss200":49950.0,"d500":0.6200000047683716,"dr500":0.357,"loss500":53550.0},"geometry":{"type":"Polygon","coordinates":[[[34.038035053208205,-0.18247693352497305],[34.0434249467918,-0.18247693352497305],[34.0434249467918,-0.17708706647502695],[34.038035053208205,-0.17708706647502695],[34.038035053208205,-0.18247693352497305]]]}},{"type":"Feature","properties":{"id":"NZA-0360","cls":"semi_permanent","area":46,"cost":14700,"tiv":675000.0,"tivCsv":6760000.0,"lat":-0.2119,"lon":34.21536,"where":"KE","d10":0.0,"dr10":0.0,"loss10":0.0,"d20":0.0,"dr20":0.0,"loss20":0.0,"d50":0.0,"dr50":0.0,"loss50":0.0,"d100":0.0,"dr100":0.0,"loss100":0.0,"d200":0.0,"dr200":0.0,"loss200":0.0,"d500":0.0,"dr500":0.0,"loss500":0.0},"geometry":{"type":"Polygon","coordinates":[[[34.21266704804522,-0.21459093352497305],[34.21805695195478,-0.21459093352497305],[34.21805695195478,-0.20920106647502695],[34.21266704804522,-0.20920106647502695],[34.21266704804522,-0.21459093352497305]]]}},{"type":"Feature","properties":{"id":"NZA-0361","cls":"semi_permanent","area":33,"cost":8900,"tiv":295000.0,"tivCsv":2935000.0,"lat":0.13667,"lon":35.35632,"where":"KE","d10":0.0,"dr10":0.0,"loss10":0.0,"d20":0.0,"dr20":0.0,"loss20":0.0,"d50":0.0,"dr50":0.0,"loss50":0.0,"d100":0.0,"dr100":0.0,"loss100":0.0,"d200":0.0,"dr200":0.0,"loss200":0.0,"d500":0.0,"dr500":0.0,"loss500":0.0},"geometry":{"type":"Polygon","coordinates":[[[35.35362205880834,0.13397306647502696],[35.35901194119165,0.13397306647502696],[35.35901194119165,0.13936293352497306],[35.35362205880834,0.13936293352497306],[35.35362205880834,0.13397306647502696]]]}},{"type":"Feature","properties":{"id":"NZA-0362","cls":"semi_permanent","area":32,"cost":10900,"tiv":350000.0,"tivCsv":3490000.0,"lat":0.99336,"lon":34.81099,"where":"KE","d10":0.0,"dr10":0.0,"loss10":0.0,"d20":0.0,"dr20":0.0,"loss20":0.0,"d50":0.0,"dr50":0.0,"loss50":0.0,"d100":0.0,"dr100":0.0,"loss100":0.0,"d200":0.0,"dr200":0.0,"loss200":0.0,"d500":0.0,"dr500":0.0,"loss500":0.0},"geometry":{"type":"Polygon","coordinates":[[[34.808294661393646,0.9906670664750269],[34.81368533860635,0.9906670664750269],[34.81368533860635,0.996056933524973],[34.808294661393646,0.996056933524973],[34.808294661393646,0.9906670664750269]]]}},{"type":"Feature","properties":{"id":"NZA-0363","cls":"informal_iron_sheet","area":17,"cost":7400,"tiv":125000.0,"tivCsv":1260000.0,"lat":0.09372,"lon":35.12526,"where":"KE","d10":0.0,"dr10":0.0,"loss10":0.0,"d20":0.0,"dr20":0.0,"loss20":0.0,"d50":0.0,"dr50":0.0,"loss50":0.0,"d100":0.0,"dr100":0.0,"loss100":0.0,"d200":0.0,"dr200":0.0,"loss200":0.0,"d500":0.0,"dr500":0.0,"loss500":0.0},"geometry":{"type":"Polygon","coordinates":[[[35.1225610628696,0.09102706647502695],[35.1279509371304,0.09102706647502695],[35.1279509371304,0.09641693352497305],[35.1225610628696,0.09641693352497305],[35.1225610628696,0.09102706647502695]]]}},{"type":"Feature","properties":{"id":"NZA-0364","cls":"semi_permanent","area":38,"cost":14000,"tiv":530000.0,"tivCsv":5320000.0,"lat":0.4818,"lon":33.71825,"where":"UG","d10":0.0,"dr10":0.0,"loss10":0.0,"d20":0.0,"dr20":0.0,"loss20":0.0,"d50":0.0,"dr50":0.0,"loss50":0.0,"d100":0.0,"dr100":0.0,"loss100":0.0,"d200":0.0,"dr200":0.0,"loss200":0.0,"d500":0.0,"dr500":0.0,"loss500":0.0},"geometry":{"type":"Polygon","coordinates":[[[33.71554997119041,0.47910706647502693],[33.72094002880959,0.47910706647502693],[33.72094002880959,0.4844969335249731],[33.71554997119041,0.4844969335249731],[33.71554997119041,0.47910706647502693]]]}},{"type":"Feature","properties":{"id":"NZA-0365","cls":"semi_permanent","area":48,"cost":14800,"tiv":710000.0,"tivCsv":7105000.0,"lat":0.80334,"lon":34.8134,"where":"KE","d10":0.0,"dr10":0.0,"loss10":0.0,"d20":0.0,"dr20":0.0,"loss20":0.0,"d50":0.0,"dr50":0.0,"loss50":0.0,"d100":0.0,"dr100":0.0,"loss100":0.0,"d200":0.0,"dr200":0.0,"loss200":0.0,"d500":0.0,"dr500":0.0,"loss500":0.0},"geometry":{"type":"Polygon","coordinates":[[[34.810706801559,0.8006460664750269],[34.81609719844101,0.8006460664750269],[34.81609719844101,0.806035933524973],[34.810706801559,0.806035933524973],[34.810706801559,0.8006460664750269]]]}},{"type":"Feature","properties":{"id":"NZA-0366","cls":"permanent_masonry","area":67,"cost":36500,"tiv":2445000.0,"tivCsv":24455000.0,"lat":0.43519,"lon":34.38318,"where":"KE","d10":0.0,"dr10":0.0,"loss10":0.0,"d20":0.0,"dr20":0.0,"loss20":0.0,"d50":0.0,"dr50":0.0,"loss50":0.0,"d100":0.0,"dr100":0.0,"loss100":0.0,"d200":0.0,"dr200":0.0,"loss200":0.0,"d500":0.0,"dr500":0.0,"loss500":0.0},"geometry":{"type":"Polygon","coordinates":[[[34.38048898873708,0.43249106647502694],[34.38587901126292,0.43249106647502694],[34.38587901126292,0.4378809335249731],[34.38048898873708,0.4378809335249731],[34.38048898873708,0.43249106647502694]]]}},{"type":"Feature","properties":{"id":"NZA-0367","cls":"informal_iron_sheet","area":14,"cost":7900,"tiv":110000.0,"tivCsv":1105000.0,"lat":0.79895,"lon":35.32958,"where":"KE","d10":0.0,"dr10":0.0,"loss10":0.0,"d20":0.0,"dr20":0.0,"loss20":0.0,"d50":0.0,"dr50":0.0,"loss50":0.0,"d100":0.0,"dr100":0.0,"loss100":0.0,"d200":0.0,"dr200":0.0,"loss200":0.0,"d500":0.0,"dr500":0.0,"loss500":0.0},"geometry":{"type":"Polygon","coordinates":[[[35.32688680444734,0.796255066475027],[35.33227719555266,0.796255066475027],[35.33227719555266,0.8016449335249731],[35.32688680444734,0.8016449335249731],[35.32688680444734,0.796255066475027]]]}},{"type":"Feature","properties":{"id":"NZA-0368","cls":"concrete_rcc","area":505,"cost":56000,"tiv":28280000.0,"tivCsv":282800000.0,"lat":1.14001,"lon":35.18746,"where":"KE","d10":0.0,"dr10":0.0,"loss10":0.0,"d20":0.0,"dr20":0.0,"loss20":0.0,"d50":0.0,"dr50":0.0,"loss50":0.0,"d100":0.0,"dr100":0.0,"loss100":0.0,"d200":0.0,"dr200":0.0,"loss200":0.0,"d500":0.0,"dr500":0.0,"loss500":0.0},"geometry":{"type":"Polygon","coordinates":[[[35.184763532937694,1.137319066475027],[35.1901544670623,1.137319066475027],[35.1901544670623,1.1427089335249732],[35.184763532937694,1.1427089335249732],[35.184763532937694,1.137319066475027]]]}},{"type":"Feature","properties":{"id":"NZA-0369","cls":"semi_permanent","area":39,"cost":13300,"tiv":520000.0,"tivCsv":5185000.0,"lat":1.15363,"lon":34.75947,"where":"KE","d10":0.0,"dr10":0.0,"loss10":0.0,"d20":0.0,"dr20":0.0,"loss20":0.0,"d50":0.0,"dr50":0.0,"loss50":0.0,"d100":0.0,"dr100":0.0,"loss100":0.0,"d200":0.0,"dr200":0.0,"loss200":0.0,"d500":0.0,"dr500":0.0,"loss500":0.0},"geometry":{"type":"Polygon","coordinates":[[[34.756770520117435,1.1509320664750269],[34.76216147988257,1.1509320664750269],[34.76216147988257,1.156321933524973],[34.756770520117435,1.156321933524973],[34.756770520117435,1.1509320664750269]]]}},{"type":"Feature","properties":{"id":"NZA-0370","cls":"permanent_masonry","area":115,"cost":47500,"tiv":5460000.0,"tivCsv":54625000.0,"lat":0.13493,"lon":35.29904,"where":"KE","d10":0.0,"dr10":0.0,"loss10":0.0,"d20":0.0,"dr20":0.0,"loss20":0.0,"d50":0.0,"dr50":0.0,"loss50":0.0,"d100":0.0,"dr100":0.0,"loss100":0.0,"d200":0.0,"dr200":0.0,"loss200":0.0,"d500":0.0,"dr500":0.0,"loss500":0.0},"geometry":{"type":"Polygon","coordinates":[[[35.29634005900243,0.13223206647502694],[35.301729940997575,0.13223206647502694],[35.301729940997575,0.13762193352497304],[35.29634005900243,0.13762193352497304],[35.29634005900243,0.13223206647502694]]]}},{"type":"Feature","properties":{"id":"NZA-0371","cls":"permanent_masonry","area":63,"cost":52400,"tiv":3300000.0,"tivCsv":33010000.0,"lat":0.41675,"lon":34.96691,"where":"KE","d10":0.0,"dr10":0.0,"loss10":0.0,"d20":0.0,"dr20":0.0,"loss20":0.0,"d50":0.0,"dr50":0.0,"loss50":0.0,"d100":0.0,"dr100":0.0,"loss100":0.0,"d200":0.0,"dr200":0.0,"loss200":0.0,"d500":0.0,"dr500":0.0,"loss500":0.0},"geometry":{"type":"Polygon","coordinates":[[[34.96421899518421,0.41405506647502693],[34.969609004815794,0.41405506647502693],[34.969609004815794,0.4194449335249731],[34.96421899518421,0.4194449335249731],[34.96421899518421,0.41405506647502693]]]}},{"type":"Feature","properties":{"id":"NZA-0372","cls":"informal_iron_sheet","area":15,"cost":6200,"tiv":95000.0,"tivCsv":930000.0,"lat":0.18823,"lon":33.87519,"where":"UG","d10":0.0,"dr10":0.0,"loss10":0.0,"d20":0.0,"dr20":0.0,"loss20":0.0,"d50":0.0,"dr50":0.0,"loss50":0.0,"d100":0.0,"dr100":0.0,"loss100":0.0,"d200":0.0,"dr200":0.0,"loss200":0.0,"d500":0.0,"dr500":0.0,"loss500":0.0},"geometry":{"type":"Polygon","coordinates":[[[33.87249405193254,0.18553206647502696],[33.877883948067456,0.18553206647502696],[33.877883948067456,0.19092193352497305],[33.87249405193254,0.19092193352497305],[33.87249405193254,0.18553206647502696]]]}},{"type":"Feature","properties":{"id":"NZA-0373","cls":"concrete_rcc","area":282,"cost":54300,"tiv":15315000.0,"tivCsv":153125000.0,"lat":1.00242,"lon":34.71064,"where":"KE","d10":0.0,"dr10":0.0,"loss10":0.0,"d20":0.0,"dr20":0.0,"loss20":0.0,"d50":0.0,"dr50":0.0,"loss50":0.0,"d100":0.0,"dr100":0.0,"loss100":0.0,"d200":0.0,"dr200":0.0,"loss200":0.0,"d500":0.0,"dr500":0.0,"loss500":0.0},"geometry":{"type":"Polygon","coordinates":[[[34.70794965397235,0.9997240664750269],[34.71334034602765,0.9997240664750269],[34.71334034602765,1.005113933524973],[34.70794965397235,1.005113933524973],[34.70794965397235,0.9997240664750269]]]}},{"type":"Feature","properties":{"id":"NZA-0374","cls":"semi_permanent","area":30,"cost":13100,"tiv":395000.0,"tivCsv":3930000.0,"lat":0.14801,"lon":35.31481,"where":"KE","d10":0.0,"dr10":0.0,"loss10":0.0,"d20":0.0,"dr20":0.0,"loss20":0.0,"d50":0.0,"dr50":0.0,"loss50":0.0,"d100":0.0,"dr100":0.0,"loss100":0.0,"d200":0.0,"dr200":0.0,"loss200":0.0,"d500":0.0,"dr500":0.0,"loss500":0.0},"geometry":{"type":"Polygon","coordinates":[[[35.31211305748266,0.14531806647502696],[35.317502942517336,0.14531806647502696],[35.317502942517336,0.15070793352497305],[35.31211305748266,0.15070793352497305],[35.31211305748266,0.14531806647502696]]]}},{"type":"Feature","properties":{"id":"NZA-0375","cls":"informal_iron_sheet","area":20,"cost":5500,"tiv":110000.0,"tivCsv":1100000.0,"lat":0.32855,"lon":33.93699,"where":"UG","d10":0.0,"dr10":0.0,"loss10":0.0,"d20":0.0,"dr20":0.0,"loss20":0.0,"d50":0.0,"dr50":0.0,"loss50":0.0,"d100":0.0,"dr100":0.0,"loss100":0.0,"d200":0.0,"dr200":0.0,"loss200":0.0,"d500":0.0,"dr500":0.0,"loss500":0.0},"geometry":{"type":"Polygon","coordinates":[[[33.93429402216761,0.32585306647502693],[33.93968397783238,0.32585306647502693],[33.93968397783238,0.3312429335249731],[33.93429402216761,0.3312429335249731],[33.93429402216761,0.32585306647502693]]]}},{"type":"Feature","properties":{"id":"NZA-0376","cls":"informal_iron_sheet","area":11,"cost":8100,"tiv":90000.0,"tivCsv":890000.0,"lat":-0.06128,"lon":34.73317,"where":"KE","d10":0.0,"dr10":0.0,"loss10":0.0,"d20":0.0,"dr20":0.0,"loss20":0.0,"d50":0.0,"dr50":0.0,"loss50":0.0,"d100":0.0,"dr100":0.0,"loss100":0.0,"d200":0.0,"dr200":0.0,"loss200":0.0,"d500":0.0,"dr500":0.0,"loss500":0.0},"geometry":{"type":"Polygon","coordinates":[[[34.73047306493349,-0.06397793352497305],[34.73586293506651,-0.06397793352497305],[34.73586293506651,-0.05858806647502695],[34.73047306493349,-0.05858806647502695],[34.73047306493349,-0.06397793352497305]]]}},{"type":"Feature","properties":{"id":"NZA-0377","cls":"concrete_rcc","area":578,"cost":73700,"tiv":42600000.0,"tivCsv":425985000.0,"lat":0.00876,"lon":33.82065,"where":"LAKE","d10":0.6200000047683716,"dr10":0.164,"loss10":6986400.0,"d20":0.6800000071525574,"dr20":0.175,"loss20":7455000.0,"d50":0.7400000095367432,"dr50":0.187,"loss50":7966200.0,"d100":0.7900000214576721,"dr100":0.196,"loss100":8349600.0,"d200":0.8299999833106995,"dr200":0.204,"loss200":8690400.0,"d500":0.8799999952316284,"dr500":0.213,"loss500":9073800.0},"geometry":{"type":"Polygon","coordinates":[[[33.817956066443514,0.0060670664750269495],[33.82334593355648,0.0060670664750269495],[33.82334593355648,0.011456933524973052],[33.817956066443514,0.011456933524973052],[33.817956066443514,0.0060670664750269495]]]}},{"type":"Feature","properties":{"id":"NZA-0378","cls":"semi_permanent","area":38,"cost":10300,"tiv":390000.0,"tivCsv":3915000.0,"lat":0.61603,"lon":34.41987,"where":"KE","d10":0.0,"dr10":0.0,"loss10":0.0,"d20":0.0,"dr20":0.0,"loss20":0.0,"d50":0.0,"dr50":0.0,"loss50":0.0,"d100":0.0,"dr100":0.0,"loss100":0.0,"d200":0.0,"dr200":0.0,"loss200":0.0,"d500":0.0,"dr500":0.0,"loss500":0.0},"geometry":{"type":"Polygon","coordinates":[[[34.417177910698626,0.613338066475027],[34.42256808930138,0.613338066475027],[34.42256808930138,0.6187279335249731],[34.417177910698626,0.6187279335249731],[34.417177910698626,0.613338066475027]]]}},{"type":"Feature","properties":{"id":"NZA-0379","cls":"semi_permanent","area":61,"cost":9400,"tiv":575000.0,"tivCsv":5735000.0,"lat":-0.24704,"lon":34.96071,"where":"KE","d10":0.0,"dr10":0.0,"loss10":0.0,"d20":0.0,"dr20":0.0,"loss20":0.0,"d50":0.0,"dr50":0.0,"loss50":0.0,"d100":0.0,"dr100":0.0,"loss100":0.0,"d200":0.0,"dr200":0.0,"loss200":0.0,"d500":0.0,"dr500":0.0,"loss500":0.0},"geometry":{"type":"Polygon","coordinates":[[[34.95801904142526,-0.24973293352497306],[34.963408958574746,-0.24973293352497306],[34.963408958574746,-0.24434306647502696],[34.95801904142526,-0.24434306647502696],[34.95801904142526,-0.24973293352497306]]]}},{"type":"Feature","properties":{"id":"NZA-0380","cls":"permanent_masonry","area":140,"cost":59300,"tiv":8300000.0,"tivCsv":83020000.0,"lat":1.02866,"lon":34.44016,"where":"UG","d10":0.0,"dr10":0.0,"loss10":0.0,"d20":0.0,"dr20":0.0,"loss20":0.0,"d50":0.0,"dr50":0.0,"loss50":0.0,"d100":0.0,"dr100":0.0,"loss100":0.0,"d200":0.0,"dr200":0.0,"loss200":0.0,"d500":0.0,"dr500":0.0,"loss500":0.0},"geometry":{"type":"Polygon","coordinates":[[[34.43746863208664,1.025969066475027],[34.442859367913364,1.025969066475027],[34.442859367913364,1.031358933524973],[34.43746863208664,1.031358933524973],[34.43746863208664,1.025969066475027]]]}},{"type":"Feature","properties":{"id":"NZA-0381","cls":"informal_iron_sheet","area":23,"cost":5000,"tiv":115000.0,"tivCsv":1150000.0,"lat":0.03298,"lon":35.31118,"where":"KE","d10":0.0,"dr10":0.0,"loss10":0.0,"d20":0.0,"dr20":0.0,"loss20":0.0,"d50":0.0,"dr50":0.0,"loss50":0.0,"d100":0.0,"dr100":0.0,"loss100":0.0,"d200":0.0,"dr200":0.0,"loss200":0.0,"d500":0.0,"dr500":0.0,"loss500":0.0},"geometry":{"type":"Polygon","coordinates":[[[35.30848906602857,0.03028506647502695],[35.313878933971424,0.03028506647502695],[35.313878933971424,0.03567493352497305],[35.30848906602857,0.03567493352497305],[35.30848906602857,0.03028506647502695]]]}},{"type":"Feature","properties":{"id":"NZA-0382","cls":"permanent_masonry","area":89,"cost":39800,"tiv":3540000.0,"tivCsv":35420000.0,"lat":0.13444,"lon":34.2494,"where":"KE","d10":0.0,"dr10":0.0,"loss10":0.0,"d20":0.0,"dr20":0.0,"loss20":0.0,"d50":0.0,"dr50":0.0,"loss50":0.0,"d100":0.0,"dr100":0.0,"loss100":0.0,"d200":0.0,"dr200":0.0,"loss200":0.0,"d500":0.0,"dr500":0.0,"loss500":0.0},"geometry":{"type":"Polygon","coordinates":[[[34.246709059056386,0.13174406647502696],[34.25209894094361,0.13174406647502696],[34.25209894094361,0.13713393352497305],[34.246709059056386,0.13713393352497305],[34.246709059056386,0.13174406647502696]]]}},{"type":"Feature","properties":{"id":"NZA-0383","cls":"concrete_rcc","area":468,"cost":79500,"tiv":37205000.0,"tivCsv":372060000.0,"lat":-0.27633,"lon":35.07798,"where":"KE","d10":0.0,"dr10":0.0,"loss10":0.0,"d20":0.0,"dr20":0.0,"loss20":0.0,"d50":0.0,"dr50":0.0,"loss50":0.0,"d100":0.0,"dr100":0.0,"loss100":0.0,"d200":0.0,"dr200":0.0,"loss200":0.0,"d500":0.0,"dr500":0.0,"loss500":0.0},"geometry":{"type":"Polygon","coordinates":[[[35.07528603513347,-0.2790209335249731],[35.08067596486653,-0.2790209335249731],[35.08067596486653,-0.27363106647502694],[35.07528603513347,-0.27363106647502694],[35.07528603513347,-0.2790209335249731]]]}},{"type":"Feature","properties":{"id":"NZA-0384","cls":"permanent_masonry","area":102,"cost":57600,"tiv":5875000.0,"tivCsv":58750000.0,"lat":1.27665,"lon":33.75126,"where":"UG","d10":0.0,"dr10":0.0,"loss10":0.0,"d20":0.0,"dr20":0.0,"loss20":0.0,"d50":0.0,"dr50":0.0,"loss50":0.0,"d100":0.0,"dr100":0.0,"loss100":0.0,"d200":0.0,"dr200":0.0,"loss200":0.0,"d500":0.0,"dr500":0.0,"loss500":0.0},"geometry":{"type":"Polygon","coordinates":[[[33.74856139735248,1.2739540664750268],[33.75395260264752,1.2739540664750268],[33.75395260264752,1.279343933524973],[33.74856139735248,1.279343933524973],[33.74856139735248,1.2739540664750268]]]}},{"type":"Feature","properties":{"id":"NZA-0385","cls":"informal_iron_sheet","area":18,"cost":8400,"tiv":150000.0,"tivCsv":1510000.0,"lat":1.25582,"lon":34.3415,"where":"UG","d10":0.0,"dr10":0.0,"loss10":0.0,"d20":0.0,"dr20":0.0,"loss20":0.0,"d50":0.0,"dr50":0.0,"loss50":0.0,"d100":0.0,"dr100":0.0,"loss100":0.0,"d200":0.0,"dr200":0.0,"loss200":0.0,"d500":0.0,"dr500":0.0,"loss500":0.0},"geometry":{"type":"Polygon","coordinates":[[[34.33880741901576,1.2531220664750269],[34.34419858098425,1.2531220664750269],[34.34419858098425,1.258511933524973],[34.33880741901576,1.258511933524973],[34.33880741901576,1.2531220664750269]]]}},{"type":"Feature","properties":{"id":"NZA-0386","cls":"semi_permanent","area":42,"cost":15600,"tiv":655000.0,"tivCsv":6550000.0,"lat":0.87799,"lon":35.21476,"where":"KE","d10":0.0,"dr10":0.0,"loss10":0.0,"d20":0.0,"dr20":0.0,"loss20":0.0,"d50":0.0,"dr50":0.0,"loss50":0.0,"d100":0.0,"dr100":0.0,"loss100":0.0,"d200":0.0,"dr200":0.0,"loss200":0.0,"d500":0.0,"dr500":0.0,"loss500":0.0},"geometry":{"type":"Polygon","coordinates":[[[35.21206675003569,0.875291066475027],[35.21745724996431,0.875291066475027],[35.21745724996431,0.8806809335249731],[35.21206675003569,0.8806809335249731],[35.21206675003569,0.875291066475027]]]}},{"type":"Feature","properties":{"id":"NZA-0387","cls":"informal_iron_sheet","area":14,"cost":8300,"tiv":115000.0,"tivCsv":1160000.0,"lat":0.84655,"lon":34.91434,"where":"KE","d10":0.0,"dr10":0.0,"loss10":0.0,"d20":0.0,"dr20":0.0,"loss20":0.0,"d50":0.0,"dr50":0.0,"loss50":0.0,"d100":0.0,"dr100":0.0,"loss100":0.0,"d200":0.0,"dr200":0.0,"loss200":0.0,"d500":0.0,"dr500":0.0,"loss500":0.0},"geometry":{"type":"Polygon","coordinates":[[[34.91164477228928,0.843859066475027],[34.91703522771073,0.843859066475027],[34.91703522771073,0.8492489335249731],[34.91164477228928,0.8492489335249731],[34.91164477228928,0.843859066475027]]]}},{"type":"Feature","properties":{"id":"NZA-0388","cls":"informal_iron_sheet","area":18,"cost":5700,"tiv":105000.0,"tivCsv":1025000.0,"lat":-0.29334,"lon":35.00159,"where":"KE","d10":0.0,"dr10":0.0,"loss10":0.0,"d20":0.0,"dr20":0.0,"loss20":0.0,"d50":0.0,"dr50":0.0,"loss50":0.0,"d100":0.0,"dr100":0.0,"loss100":0.0,"d200":0.0,"dr200":0.0,"loss200":0.0,"d500":0.0,"dr500":0.0,"loss500":0.0},"geometry":{"type":"Polygon","coordinates":[[[34.9988920311558,-0.2960319335249731],[35.004281968844204,-0.2960319335249731],[35.004281968844204,-0.29064206647502694],[34.9988920311558,-0.29064206647502694],[34.9988920311558,-0.2960319335249731]]]}},{"type":"Feature","properties":{"id":"NZA-0389","cls":"semi_permanent","area":52,"cost":14400,"tiv":750000.0,"tivCsv":7490000.0,"lat":0.40429,"lon":34.40947,"where":"KE","d10":0.0,"dr10":0.0,"loss10":0.0,"d20":0.0,"dr20":0.0,"loss20":0.0,"d50":0.0,"dr50":0.0,"loss50":0.0,"d100":0.0,"dr100":0.0,"loss100":0.0,"d200":0.0,"dr200":0.0,"loss200":0.0,"d500":0.0,"dr500":0.0,"loss500":0.0},"geometry":{"type":"Polygon","coordinates":[[[34.40677799938215,0.4015990664750269],[34.41216800061785,0.4015990664750269],[34.41216800061785,0.40698893352497306],[34.40677799938215,0.40698893352497306],[34.40677799938215,0.4015990664750269]]]}},{"type":"Feature","properties":{"id":"NZA-0390","cls":"informal_iron_sheet","area":18,"cost":5400,"tiv":95000.0,"tivCsv":970000.0,"lat":0.03338,"lon":34.71052,"where":"KE","d10":0.0,"dr10":0.0,"loss10":0.0,"d20":0.0,"dr20":0.0,"loss20":0.0,"d50":0.0,"dr50":0.0,"loss50":0.0,"d100":0.0,"dr100":0.0,"loss100":0.0,"d200":0.0,"dr200":0.0,"loss200":0.0,"d500":0.0,"dr500":0.0,"loss500":0.0},"geometry":{"type":"Polygon","coordinates":[[[34.707829066017624,0.03068706647502695],[34.713218933982375,0.03068706647502695],[34.713218933982375,0.03607693352497305],[34.707829066017624,0.03607693352497305],[34.707829066017624,0.03068706647502695]]]}},{"type":"Feature","properties":{"id":"NZA-0391","cls":"semi_permanent","area":30,"cost":13700,"tiv":410000.0,"tivCsv":4110000.0,"lat":0.78084,"lon":34.84743,"where":"KE","d10":0.0,"dr10":0.0,"loss10":0.0,"d20":0.0,"dr20":0.0,"loss20":0.0,"d50":0.0,"dr50":0.0,"loss50":0.0,"d100":0.0,"dr100":0.0,"loss100":0.0,"d200":0.0,"dr200":0.0,"loss200":0.0,"d500":0.0,"dr500":0.0,"loss500":0.0},"geometry":{"type":"Polygon","coordinates":[[[34.844731816191235,0.778147066475027],[34.85012218380877,0.778147066475027],[34.85012218380877,0.7835369335249731],[34.844731816191235,0.7835369335249731],[34.844731816191235,0.778147066475027]]]}},{"type":"Feature","properties":{"id":"NZA-0392","cls":"informal_iron_sheet","area":13,"cost":8400,"tiv":110000.0,"tivCsv":1090000.0,"lat":0.94594,"lon":34.46104,"where":"UG","d10":0.0,"dr10":0.0,"loss10":0.0,"d20":0.0,"dr20":0.0,"loss20":0.0,"d50":0.0,"dr50":0.0,"loss50":0.0,"d100":0.0,"dr100":0.0,"loss100":0.0,"d200":0.0,"dr200":0.0,"loss200":0.0,"d500":0.0,"dr500":0.0,"loss500":0.0},"geometry":{"type":"Polygon","coordinates":[[[34.45834569915336,0.943242066475027],[34.46373630084664,0.943242066475027],[34.46373630084664,0.9486319335249731],[34.45834569915336,0.9486319335249731],[34.45834569915336,0.943242066475027]]]}},{"type":"Feature","properties":{"id":"NZA-0393","cls":"permanent_masonry","area":96,"cost":40100,"tiv":3850000.0,"tivCsv":38495000.0,"lat":0.42372,"lon":34.73846,"where":"KE","d10":0.0,"dr10":0.0,"loss10":0.0,"d20":0.0,"dr20":0.0,"loss20":0.0,"d50":0.0,"dr50":0.0,"loss50":0.0,"d100":0.0,"dr100":0.0,"loss100":0.0,"d200":0.0,"dr200":0.0,"loss200":0.0,"d500":0.0,"dr500":0.0,"loss500":0.0},"geometry":{"type":"Polygon","coordinates":[[[34.735762992779584,0.4210250664750269],[34.74115300722042,0.4210250664750269],[34.74115300722042,0.42641493352497306],[34.735762992779584,0.42641493352497306],[34.735762992779584,0.4210250664750269]]]}},{"type":"Feature","properties":{"id":"NZA-0394","cls":"semi_permanent","area":39,"cost":14100,"tiv":550000.0,"tivCsv":5500000.0,"lat":0.34876,"lon":34.63128,"where":"KE","d10":0.0,"dr10":0.0,"loss10":0.0,"d20":0.0,"dr20":0.0,"loss20":0.0,"d50":0.0,"dr50":0.0,"loss50":0.0,"d100":0.0,"dr100":0.0,"loss100":0.0,"d200":0.0,"dr200":0.0,"loss200":0.0,"d500":0.0,"dr500":0.0,"loss500":0.0},"geometry":{"type":"Polygon","coordinates":[[[34.62858201654947,0.34606106647502693],[34.63397198345052,0.34606106647502693],[34.63397198345052,0.3514509335249731],[34.62858201654947,0.3514509335249731],[34.62858201654947,0.34606106647502693]]]}},{"type":"Feature","properties":{"id":"NZA-0395","cls":"permanent_masonry","area":143,"cost":49800,"tiv":7120000.0,"tivCsv":71215000.0,"lat":0.58525,"lon":34.36428,"where":"KE","d10":0.0,"dr10":0.0,"loss10":0.0,"d20":0.0,"dr20":0.0,"loss20":0.0,"d50":0.0,"dr50":0.0,"loss50":0.0,"d100":0.0,"dr100":0.0,"loss100":0.0,"d200":0.0,"dr200":0.0,"loss200":0.0,"d500":0.0,"dr500":0.0,"loss500":0.0},"geometry":{"type":"Polygon","coordinates":[[[34.361584925879484,0.5825530664750269],[34.36697507412052,0.5825530664750269],[34.36697507412052,0.5879429335249731],[34.361584925879484,0.5879429335249731],[34.361584925879484,0.5825530664750269]]]}},{"type":"Feature","properties":{"id":"NZA-0396","cls":"informal_iron_sheet","area":9,"cost":9100,"tiv":80000.0,"tivCsv":820000.0,"lat":-0.07498,"lon":34.58711,"where":"KE","d10":0.0,"dr10":0.0,"loss10":0.0,"d20":0.0,"dr20":0.0,"loss20":0.0,"d50":0.0,"dr50":0.0,"loss50":0.0,"d100":0.0,"dr100":0.0,"loss100":0.0,"d200":0.0,"dr200":0.0,"loss200":0.0,"d500":0.0,"dr500":0.0,"loss500":0.0},"geometry":{"type":"Polygon","coordinates":[[[34.58441706416753,-0.07767293352497305],[34.58980693583246,-0.07767293352497305],[34.58980693583246,-0.07228306647502696],[34.58441706416753,-0.07228306647502696],[34.58441706416753,-0.07767293352497305]]]}},{"type":"Feature","properties":{"id":"NZA-0397","cls":"informal_iron_sheet","area":18,"cost":9900,"tiv":180000.0,"tivCsv":1780000.0,"lat":-0.22939,"lon":34.64179,"where":"LAKE","d10":0.28999999165534973,"dr10":0.194,"loss10":34920.0,"d20":0.41999998688697815,"dr20":0.261,"loss20":46980.0,"d50":0.6399999856948853,"dr50":0.366,"loss50":65880.0,"d100":0.8399999737739563,"dr100":0.459,"loss100":82620.0,"d200":1.0,"dr200":0.524,"loss200":94320.0,"d500":1.1299999952316284,"dr500":0.566,"loss500":101880.0},"geometry":{"type":"Polygon","coordinates":[[[34.639093044876475,-0.23208493352497306],[34.64448295512352,-0.23208493352497306],[34.64448295512352,-0.22669506647502696],[34.639093044876475,-0.22669506647502696],[34.639093044876475,-0.23208493352497306]]]}},{"type":"Feature","properties":{"id":"NZA-0398","cls":"informal_iron_sheet","area":16,"cost":9900,"tiv":160000.0,"tivCsv":1585000.0,"lat":0.65053,"lon":34.74121,"where":"KE","d10":0.0,"dr10":0.0,"loss10":0.0,"d20":0.0,"dr20":0.0,"loss20":0.0,"d50":0.0,"dr50":0.0,"loss50":0.0,"d100":0.0,"dr100":0.0,"loss100":0.0,"d200":0.0,"dr200":0.0,"loss200":0.0,"d500":0.0,"dr500":0.0,"loss500":0.0},"geometry":{"type":"Polygon","coordinates":[[[34.738511892764244,0.6478320664750269],[34.74390210723576,0.6478320664750269],[34.74390210723576,0.653221933524973],[34.738511892764244,0.653221933524973],[34.738511892764244,0.6478320664750269]]]}},{"type":"Feature","properties":{"id":"NZA-0399","cls":"semi_permanent","area":63,"cost":15100,"tiv":950000.0,"tivCsv":9515000.0,"lat":0.88513,"lon":34.9391,"where":"KE","d10":0.0,"dr10":0.0,"loss10":0.0,"d20":0.0,"dr20":0.0,"loss20":0.0,"d50":0.0,"dr50":0.0,"loss50":0.0,"d100":0.0,"dr100":0.0,"loss100":0.0,"d200":0.0,"dr200":0.0,"loss200":0.0,"d500":0.0,"dr500":0.0,"loss500":0.0},"geometry":{"type":"Polygon","coordinates":[[[34.93640874486534,0.882434066475027],[34.94179925513466,0.882434066475027],[34.94179925513466,0.8878239335249731],[34.93640874486534,0.8878239335249731],[34.93640874486534,0.882434066475027]]]}},{"type":"Feature","properties":{"id":"NZA-0400","cls":"permanent_masonry","area":123,"cost":45800,"tiv":5635000.0,"tivCsv":56335000.0,"lat":0.56934,"lon":34.88271,"where":"KE","d10":0.0,"dr10":0.0,"loss10":0.0,"d20":0.0,"dr20":0.0,"loss20":0.0,"d50":0.0,"dr50":0.0,"loss50":0.0,"d100":0.0,"dr100":0.0,"loss100":0.0,"d200":0.0,"dr200":0.0,"loss200":0.0,"d500":0.0,"dr500":0.0,"loss500":0.0},"geometry":{"type":"Polygon","coordinates":[[[34.88001993341962,0.566644066475027],[34.88541006658038,0.566644066475027],[34.88541006658038,0.5720339335249731],[34.88001993341962,0.5720339335249731],[34.88001993341962,0.566644066475027]]]}},{"type":"Feature","properties":{"id":"NZA-0401","cls":"informal_iron_sheet","area":12,"cost":5600,"tiv":65000.0,"tivCsv":670000.0,"lat":0.69219,"lon":35.23225,"where":"KE","d10":0.0,"dr10":0.0,"loss10":0.0,"d20":0.0,"dr20":0.0,"loss20":0.0,"d50":0.0,"dr50":0.0,"loss50":0.0,"d100":0.0,"dr100":0.0,"loss100":0.0,"d200":0.0,"dr200":0.0,"loss200":0.0,"d500":0.0,"dr500":0.0,"loss500":0.0},"geometry":{"type":"Polygon","coordinates":[[[35.229551869799145,0.6894960664750269],[35.23494213020086,0.6894960664750269],[35.23494213020086,0.6948859335249731],[35.229551869799145,0.6948859335249731],[35.229551869799145,0.6894960664750269]]]}},{"type":"Feature","properties":{"id":"NZA-0402","cls":"permanent_masonry","area":135,"cost":58200,"tiv":7855000.0,"tivCsv":78570000.0,"lat":0.08428,"lon":35.34218,"where":"KE","d10":0.0,"dr10":0.0,"loss10":0.0,"d20":0.0,"dr20":0.0,"loss20":0.0,"d50":0.0,"dr50":0.0,"loss50":0.0,"d100":0.0,"dr100":0.0,"loss100":0.0,"d200":0.0,"dr200":0.0,"loss200":0.0,"d500":0.0,"dr500":0.0,"loss500":0.0},"geometry":{"type":"Polygon","coordinates":[[[35.3394820635596,0.08158306647502696],[35.3448719364404,0.08158306647502696],[35.3448719364404,0.08697293352497305],[35.3394820635596,0.08697293352497305],[35.3394820635596,0.08158306647502696]]]}},{"type":"Feature","properties":{"id":"NZA-0403","cls":"concrete_rcc","area":338,"cost":63900,"tiv":21600000.0,"tivCsv":215980000.0,"lat":0.71924,"lon":33.71535,"where":"UG","d10":0.0,"dr10":0.0,"loss10":0.0,"d20":0.0,"dr20":0.0,"loss20":0.0,"d50":0.0,"dr50":0.0,"loss50":0.0,"d100":0.0,"dr100":0.0,"loss100":0.0,"d200":0.0,"dr200":0.0,"loss200":0.0,"d500":0.0,"dr500":0.0,"loss500":0.0},"geometry":{"type":"Polygon","coordinates":[[[33.712656854129,0.7165410664750269],[33.718047145871004,0.7165410664750269],[33.718047145871004,0.7219309335249731],[33.712656854129,0.7219309335249731],[33.712656854129,0.7165410664750269]]]}},{"type":"Feature","properties":{"id":"NZA-0404","cls":"semi_permanent","area":21,"cost":13500,"tiv":285000.0,"tivCsv":2835000.0,"lat":-0.06886,"lon":34.89757,"where":"KE","d10":0.0,"dr10":0.0,"loss10":0.0,"d20":0.0,"dr20":0.0,"loss20":0.0,"d50":0.0,"dr50":0.0,"loss50":0.0,"d100":0.0,"dr100":0.0,"loss100":0.0,"d200":0.0,"dr200":0.0,"loss200":0.0,"d500":0.0,"dr500":0.0,"loss500":0.0},"geometry":{"type":"Polygon","coordinates":[[[34.8948780645288,-0.07155393352497305],[34.900267935471206,-0.07155393352497305],[34.900267935471206,-0.06616406647502696],[34.8948780645288,-0.06616406647502696],[34.8948780645288,-0.07155393352497305]]]}},{"type":"Feature","properties":{"id":"NZA-0405","cls":"permanent_masonry","area":121,"cost":52100,"tiv":6305000.0,"tivCsv":63040000.0,"lat":-0.24922,"lon":35.14729,"where":"KE","d10":0.0,"dr10":0.0,"loss10":0.0,"d20":0.0,"dr20":0.0,"loss20":0.0,"d50":0.0,"dr50":0.0,"loss50":0.0,"d100":0.0,"dr100":0.0,"loss100":0.0,"d200":0.0,"dr200":0.0,"loss200":0.0,"d500":0.0,"dr500":0.0,"loss500":0.0},"geometry":{"type":"Polygon","coordinates":[[[35.14459204098018,-0.25191793352497305],[35.14998195901982,-0.25191793352497305],[35.14998195901982,-0.24652806647502695],[35.14459204098018,-0.24652806647502695],[35.14459204098018,-0.25191793352497305]]]}},{"type":"Feature","properties":{"id":"NZA-0406","cls":"informal_iron_sheet","area":14,"cost":9700,"tiv":135000.0,"tivCsv":1360000.0,"lat":0.14455,"lon":34.67217,"where":"KE","d10":0.0,"dr10":0.0,"loss10":0.0,"d20":0.0,"dr20":0.0,"loss20":0.0,"d50":0.0,"dr50":0.0,"loss50":0.0,"d100":0.0,"dr100":0.0,"loss100":0.0,"d200":0.0,"dr200":0.0,"loss200":0.0,"d500":0.0,"dr500":0.0,"loss500":0.0},"geometry":{"type":"Polygon","coordinates":[[[34.66947705789912,0.14185006647502696],[34.674866942100884,0.14185006647502696],[34.674866942100884,0.14723993352497305],[34.66947705789912,0.14723993352497305],[34.66947705789912,0.14185006647502696]]]}},{"type":"Feature","properties":{"id":"NZA-0407","cls":"informal_iron_sheet","area":12,"cost":7500,"tiv":90000.0,"tivCsv":900000.0,"lat":-0.09259,"lon":33.94515,"where":"LAKE","d10":0.3400000035762787,"dr10":0.222,"loss10":19980.0,"d20":0.38999998569488525,"dr20":0.246,"loss20":22140.0,"d50":0.4399999976158142,"dr50":0.27,"loss50":24300.0,"d100":0.49000000953674316,"dr100":0.294,"loss100":26460.0,"d200":0.5299999713897705,"dr200":0.313,"loss200":28170.0,"d500":0.5799999833106995,"dr500":0.337,"loss500":30330.0},"geometry":{"type":"Polygon","coordinates":[[[33.94246006295617,-0.09528493352497305],[33.94784993704383,-0.09528493352497305],[33.94784993704383,-0.08989506647502696],[33.94246006295617,-0.08989506647502696],[33.94246006295617,-0.09528493352497305]]]}},{"type":"Feature","properties":{"id":"NZA-0408","cls":"permanent_masonry","area":88,"cost":58400,"tiv":5140000.0,"tivCsv":51390000.0,"lat":0.60691,"lon":35.34448,"where":"KE","d10":0.0,"dr10":0.0,"loss10":0.0,"d20":0.0,"dr20":0.0,"loss20":0.0,"d50":0.0,"dr50":0.0,"loss50":0.0,"d100":0.0,"dr100":0.0,"loss100":0.0,"d200":0.0,"dr200":0.0,"loss200":0.0,"d500":0.0,"dr500":0.0,"loss500":0.0},"geometry":{"type":"Polygon","coordinates":[[[35.34178791527904,0.604214066475027],[35.34717808472095,0.604214066475027],[35.34717808472095,0.6096039335249731],[35.34178791527904,0.6096039335249731],[35.34178791527904,0.604214066475027]]]}},{"type":"Feature","properties":{"id":"NZA-0409","cls":"semi_permanent","area":33,"cost":12000,"tiv":395000.0,"tivCsv":3960000.0,"lat":1.10873,"lon":35.0007,"where":"KE","d10":0.0,"dr10":0.0,"loss10":0.0,"d20":0.0,"dr20":0.0,"loss20":0.0,"d50":0.0,"dr50":0.0,"loss50":0.0,"d100":0.0,"dr100":0.0,"loss100":0.0,"d200":0.0,"dr200":0.0,"loss200":0.0,"d500":0.0,"dr500":0.0,"loss500":0.0},"geometry":{"type":"Polygon","coordinates":[[[34.998003561822834,1.106035066475027],[35.00339443817716,1.106035066475027],[35.00339443817716,1.111424933524973],[34.998003561822834,1.111424933524973],[34.998003561822834,1.106035066475027]]]}},{"type":"Feature","properties":{"id":"NZA-0410","cls":"semi_permanent","area":55,"cost":14300,"tiv":785000.0,"tivCsv":7865000.0,"lat":0.06354,"lon":34.23076,"where":"KE","d10":0.0,"dr10":0.0,"loss10":0.0,"d20":0.0,"dr20":0.0,"loss20":0.0,"d50":0.0,"dr50":0.0,"loss50":0.0,"d100":0.0,"dr100":0.0,"loss100":0.0,"d200":0.0,"dr200":0.0,"loss200":0.0,"d500":0.0,"dr500":0.0,"loss500":0.0},"geometry":{"type":"Polygon","coordinates":[[[34.22806306481796,0.06084306647502695],[34.233452935182044,0.06084306647502695],[34.233452935182044,0.06623293352497304],[34.22806306481796,0.06623293352497304],[34.22806306481796,0.06084306647502695]]]}},{"type":"Feature","properties":{"id":"NZA-0411","cls":"informal_iron_sheet","area":11,"cost":8400,"tiv":90000.0,"tivCsv":925000.0,"lat":0.86484,"lon":34.21568,"where":"UG","d10":0.0,"dr10":0.0,"loss10":0.0,"d20":0.0,"dr20":0.0,"loss20":0.0,"d50":0.0,"dr50":0.0,"loss50":0.0,"d100":0.0,"dr100":0.0,"loss100":0.0,"d200":0.0,"dr200":0.0,"loss200":0.0,"d500":0.0,"dr500":0.0,"loss500":0.0},"geometry":{"type":"Polygon","coordinates":[[[34.212981759438115,0.8621500664750269],[34.218372240561884,0.8621500664750269],[34.218372240561884,0.867539933524973],[34.212981759438115,0.867539933524973],[34.212981759438115,0.8621500664750269]]]}},{"type":"Feature","properties":{"id":"NZA-0412","cls":"permanent_masonry","area":129,"cost":61800,"tiv":7970000.0,"tivCsv":79720000.0,"lat":0.53816,"lon":33.83332,"where":"UG","d10":0.0,"dr10":0.0,"loss10":0.0,"d20":0.0,"dr20":0.0,"loss20":0.0,"d50":0.0,"dr50":0.0,"loss50":0.0,"d100":0.0,"dr100":0.0,"loss100":0.0,"d200":0.0,"dr200":0.0,"loss200":0.0,"d500":0.0,"dr500":0.0,"loss500":0.0},"geometry":{"type":"Polygon","coordinates":[[[33.83062494759471,0.535464066475027],[33.836015052405294,0.535464066475027],[33.836015052405294,0.5408539335249731],[33.83062494759471,0.5408539335249731],[33.83062494759471,0.535464066475027]]]}},{"type":"Feature","properties":{"id":"NZA-0413","cls":"permanent_masonry","area":129,"cost":63200,"tiv":8155000.0,"tivCsv":81530000.0,"lat":0.42845,"lon":34.24076,"where":"KE","d10":0.0,"dr10":0.0,"loss10":0.0,"d20":0.0,"dr20":0.0,"loss20":0.0,"d50":0.0,"dr50":0.0,"loss50":0.0,"d100":0.0,"dr100":0.0,"loss100":0.0,"d200":0.0,"dr200":0.0,"loss200":0.0,"d500":0.0,"dr500":0.0,"loss500":0.0},"geometry":{"type":"Polygon","coordinates":[[[34.23805999112328,0.4257600664750269],[34.24345000887672,0.4257600664750269],[34.24345000887672,0.43114993352497305],[34.23805999112328,0.43114993352497305],[34.23805999112328,0.4257600664750269]]]}},{"type":"Feature","properties":{"id":"NZA-0414","cls":"concrete_rcc","area":840,"cost":57800,"tiv":48550000.0,"tivCsv":485520000.0,"lat":0.64772,"lon":34.48405,"where":"KE","d10":0.0,"dr10":0.0,"loss10":0.0,"d20":0.0,"dr20":0.0,"loss20":0.0,"d50":0.0,"dr50":0.0,"loss50":0.0,"d100":0.0,"dr100":0.0,"loss100":0.0,"d200":0.0,"dr200":0.0,"loss200":0.0,"d500":0.0,"dr500":0.0,"loss500":0.0},"geometry":{"type":"Polygon","coordinates":[[[34.4813578942618,0.6450220664750269],[34.48674810573821,0.6450220664750269],[34.48674810573821,0.6504119335249731],[34.4813578942618,0.6504119335249731],[34.4813578942618,0.6450220664750269]]]}},{"type":"Feature","properties":{"id":"NZA-0415","cls":"informal_iron_sheet","area":20,"cost":7500,"tiv":150000.0,"tivCsv":1500000.0,"lat":0.4135,"lon":34.16079,"where":"KE","d10":0.0,"dr10":0.0,"loss10":0.0,"d20":0.0,"dr20":0.0,"loss20":0.0,"d50":0.0,"dr50":0.0,"loss50":0.0,"d100":0.0,"dr100":0.0,"loss100":0.0,"d200":0.0,"dr200":0.0,"loss200":0.0,"d500":0.0,"dr500":0.0,"loss500":0.0},"geometry":{"type":"Polygon","coordinates":[[[34.15809799629215,0.41080406647502693],[34.16348800370785,0.41080406647502693],[34.16348800370785,0.4161939335249731],[34.15809799629215,0.4161939335249731],[34.15809799629215,0.41080406647502693]]]}},{"type":"Feature","properties":{"id":"NZA-0416","cls":"permanent_masonry","area":152,"cost":50500,"tiv":7675000.0,"tivCsv":76760000.0,"lat":0.54968,"lon":33.844,"where":"UG","d10":0.0,"dr10":0.0,"loss10":0.0,"d20":0.0,"dr20":0.0,"loss20":0.0,"d50":0.0,"dr50":0.0,"loss50":0.0,"d100":0.0,"dr100":0.0,"loss100":0.0,"d200":0.0,"dr200":0.0,"loss200":0.0,"d500":0.0,"dr500":0.0,"loss500":0.0},"geometry":{"type":"Polygon","coordinates":[[[33.8413009424518,0.546981066475027],[33.84669105754819,0.546981066475027],[33.84669105754819,0.5523709335249731],[33.8413009424518,0.5523709335249731],[33.8413009424518,0.546981066475027]]]}},{"type":"Feature","properties":{"id":"NZA-0417","cls":"informal_iron_sheet","area":9,"cost":5200,"tiv":45000.0,"tivCsv":470000.0,"lat":0.08007,"lon":34.05539,"where":"KE","d10":0.6299999952316284,"dr10":0.361,"loss10":16245.0,"d20":0.7400000095367432,"dr20":0.413,"loss20":18585.0,"d50":0.8799999952316284,"dr50":0.478,"loss50":21510.0,"d100":0.9700000286102295,"dr100":0.515,"loss100":23175.0,"d200":1.059999942779541,"dr200":0.544,"loss200":24480.0,"d500":1.1699999570846558,"dr500":0.579,"loss500":26055.0},"geometry":{"type":"Polygon","coordinates":[[[34.05269906384347,0.07737506647502695],[34.05808893615653,0.07737506647502695],[34.05808893615653,0.08276493352497305],[34.05269906384347,0.08276493352497305],[34.05269906384347,0.07737506647502695]]]}},{"type":"Feature","properties":{"id":"NZA-0418","cls":"concrete_rcc","area":540,"cost":53100,"tiv":28675000.0,"tivCsv":286740000.0,"lat":1.07094,"lon":33.78399,"where":"UG","d10":0.0,"dr10":0.0,"loss10":0.0,"d20":0.0,"dr20":0.0,"loss20":0.0,"d50":0.0,"dr50":0.0,"loss50":0.0,"d100":0.0,"dr100":0.0,"loss100":0.0,"d200":0.0,"dr200":0.0,"loss200":0.0,"d500":0.0,"dr500":0.0,"loss500":0.0},"geometry":{"type":"Polygon","coordinates":[[[33.78129659564531,1.068242066475027],[33.78668740435469,1.068242066475027],[33.78668740435469,1.073631933524973],[33.78129659564531,1.073631933524973],[33.78129659564531,1.068242066475027]]]}},{"type":"Feature","properties":{"id":"NZA-0419","cls":"informal_iron_sheet","area":13,"cost":7300,"tiv":95000.0,"tivCsv":950000.0,"lat":0.51704,"lon":34.37181,"where":"KE","d10":0.0,"dr10":0.0,"loss10":0.0,"d20":0.0,"dr20":0.0,"loss20":0.0,"d50":0.0,"dr50":0.0,"loss50":0.0,"d100":0.0,"dr100":0.0,"loss100":0.0,"d200":0.0,"dr200":0.0,"loss200":0.0,"d500":0.0,"dr500":0.0,"loss500":0.0},"geometry":{"type":"Polygon","coordinates":[[[34.36911895674239,0.514345066475027],[34.37450904325761,0.514345066475027],[34.37450904325761,0.5197349335249731],[34.36911895674239,0.5197349335249731],[34.36911895674239,0.514345066475027]]]}},{"type":"Feature","properties":{"id":"NZA-0420","cls":"permanent_masonry","area":68,"cost":60100,"tiv":4085000.0,"tivCsv":40870000.0,"lat":0.77362,"lon":34.73496,"where":"KE","d10":0.0,"dr10":0.0,"loss10":0.0,"d20":0.0,"dr20":0.0,"loss20":0.0,"d50":0.0,"dr50":0.0,"loss50":0.0,"d100":0.0,"dr100":0.0,"loss100":0.0,"d200":0.0,"dr200":0.0,"loss200":0.0,"d500":0.0,"dr500":0.0,"loss500":0.0},"geometry":{"type":"Polygon","coordinates":[[[34.73226382080182,0.7709220664750269],[34.73765417919819,0.7709220664750269],[34.73765417919819,0.7763119335249731],[34.73226382080182,0.7763119335249731],[34.73226382080182,0.7709220664750269]]]}},{"type":"Feature","properties":{"id":"NZA-0421","cls":"permanent_masonry","area":70,"cost":36200,"tiv":2535000.0,"tivCsv":25340000.0,"lat":0.01011,"lon":35.13795,"where":"KE","d10":0.0,"dr10":0.0,"loss10":0.0,"d20":0.0,"dr20":0.0,"loss20":0.0,"d50":0.0,"dr50":0.0,"loss50":0.0,"d100":0.0,"dr100":0.0,"loss100":0.0,"d200":0.0,"dr200":0.0,"loss200":0.0,"d500":0.0,"dr500":0.0,"loss500":0.0},"geometry":{"type":"Polygon","coordinates":[[[35.13525106643304,0.0074190664750269485],[35.14064093356696,0.0074190664750269485],[35.14064093356696,0.012808933524973051],[35.13525106643304,0.012808933524973051],[35.13525106643304,0.0074190664750269485]]]}},{"type":"Feature","properties":{"id":"NZA-0422","cls":"informal_iron_sheet","area":10,"cost":6400,"tiv":65000.0,"tivCsv":640000.0,"lat":0.43547,"lon":35.13452,"where":"KE","d10":0.0,"dr10":0.0,"loss10":0.0,"d20":0.0,"dr20":0.0,"loss20":0.0,"d50":0.0,"dr50":0.0,"loss50":0.0,"d100":0.0,"dr100":0.0,"loss100":0.0,"d200":0.0,"dr200":0.0,"loss200":0.0,"d500":0.0,"dr500":0.0,"loss500":0.0},"geometry":{"type":"Polygon","coordinates":[[[35.13182198863487,0.43277706647502695],[35.137212011365136,0.43277706647502695],[35.137212011365136,0.4381669335249731],[35.13182198863487,0.4381669335249731],[35.13182198863487,0.43277706647502695]]]}},{"type":"Feature","properties":{"id":"NZA-0423","cls":"permanent_masonry","area":159,"cost":61000,"tiv":9700000.0,"tivCsv":96990000.0,"lat":-0.19897,"lon":34.28117,"where":"KE","d10":0.0,"dr10":0.0,"loss10":0.0,"d20":0.0,"dr20":0.0,"loss20":0.0,"d50":0.0,"dr50":0.0,"loss50":0.0,"d100":0.0,"dr100":0.0,"loss100":0.0,"d200":0.0,"dr200":0.0,"loss200":0.0,"d500":0.0,"dr500":0.0,"loss500":0.0},"geometry":{"type":"Polygon","coordinates":[[[34.27847405022563,-0.20166193352497305],[34.283863949774364,-0.20166193352497305],[34.283863949774364,-0.19627206647502696],[34.27847405022563,-0.19627206647502696],[34.27847405022563,-0.20166193352497305]]]}},{"type":"Feature","properties":{"id":"NZA-0424","cls":"informal_iron_sheet","area":11,"cost":8200,"tiv":90000.0,"tivCsv":900000.0,"lat":-0.24364,"lon":34.69602,"where":"LAKE","d10":2.740000009536743,"dr10":0.878,"loss10":79020.0,"d20":2.9100000858306885,"dr20":0.892,"loss20":80280.0,"d50":3.119999885559082,"dr50":0.909,"loss50":81810.0,"d100":3.2100000381469727,"dr100":0.915,"loss100":82350.0,"d200":3.299999952316284,"dr200":0.921,"loss200":82890.0,"d500":3.390000104904175,"dr500":0.926,"loss500":83340.0},"geometry":{"type":"Polygon","coordinates":[[[34.69332804210984,-0.24633393352497304],[34.69871795789015,-0.24633393352497304],[34.69871795789015,-0.24094406647502695],[34.69332804210984,-0.24094406647502695],[34.69332804210984,-0.24633393352497304]]]}},{"type":"Feature","properties":{"id":"NZA-0425","cls":"semi_permanent","area":37,"cost":13800,"tiv":510000.0,"tivCsv":5105000.0,"lat":0.44565,"lon":34.7871,"where":"KE","d10":0.0,"dr10":0.0,"loss10":0.0,"d20":0.0,"dr20":0.0,"loss20":0.0,"d50":0.0,"dr50":0.0,"loss50":0.0,"d100":0.0,"dr100":0.0,"loss100":0.0,"d200":0.0,"dr200":0.0,"loss200":0.0,"d500":0.0,"dr500":0.0,"loss500":0.0},"geometry":{"type":"Polygon","coordinates":[[[34.78440298495254,0.44295806647502695],[34.78979301504746,0.44295806647502695],[34.78979301504746,0.4483479335249731],[34.78440298495254,0.4483479335249731],[34.78440298495254,0.44295806647502695]]]}},{"type":"Feature","properties":{"id":"NZA-0426","cls":"permanent_masonry","area":128,"cost":54600,"tiv":6990000.0,"tivCsv":69890000.0,"lat":1.10865,"lon":33.95418,"where":"UG","d10":0.0,"dr10":0.0,"loss10":0.0,"d20":0.0,"dr20":0.0,"loss20":0.0,"d50":0.0,"dr50":0.0,"loss50":0.0,"d100":0.0,"dr100":0.0,"loss100":0.0,"d200":0.0,"dr200":0.0,"loss200":0.0,"d500":0.0,"dr500":0.0,"loss500":0.0},"geometry":{"type":"Polygon","coordinates":[[[33.95148156189112,1.1059600664750269],[33.95687243810888,1.1059600664750269],[33.95687243810888,1.111349933524973],[33.95148156189112,1.111349933524973],[33.95148156189112,1.1059600664750269]]]}},{"type":"Feature","properties":{"id":"NZA-0427","cls":"concrete_rcc","area":552,"cost":59700,"tiv":32955000.0,"tivCsv":329545000.0,"lat":0.60342,"lon":34.78168,"where":"KE","d10":0.0,"dr10":0.0,"loss10":0.0,"d20":0.0,"dr20":0.0,"loss20":0.0,"d50":0.0,"dr50":0.0,"loss50":0.0,"d100":0.0,"dr100":0.0,"loss100":0.0,"d200":0.0,"dr200":0.0,"loss200":0.0,"d500":0.0,"dr500":0.0,"loss500":0.0},"geometry":{"type":"Polygon","coordinates":[[[34.778983917014,0.6007220664750269],[34.78437408298599,0.6007220664750269],[34.78437408298599,0.6061119335249731],[34.778983917014,0.6061119335249731],[34.778983917014,0.6007220664750269]]]}},{"type":"Feature","properties":{"id":"NZA-0428","cls":"informal_iron_sheet","area":12,"cost":9600,"tiv":115000.0,"tivCsv":1150000.0,"lat":-0.27813,"lon":34.46811,"where":"LAKE","d10":0.6399999856948853,"dr10":0.366,"loss10":42090.0,"d20":1.100000023841858,"dr20":0.556,"loss20":63940.0,"d50":1.2100000381469727,"dr50":0.591,"loss50":67965.0,"d100":1.2799999713897705,"dr100":0.612,"loss100":70380.0,"d200":1.340000033378601,"dr200":0.629,"loss200":72335.0,"d500":1.399999976158142,"dr500":0.645,"loss500":74175.0},"geometry":{"type":"Polygon","coordinates":[[[34.46541303472291,-0.28082493352497306],[34.470802965277095,-0.28082493352497306],[34.470802965277095,-0.2754350664750269],[34.46541303472291,-0.2754350664750269],[34.46541303472291,-0.28082493352497306]]]}},{"type":"Feature","properties":{"id":"NZA-0429","cls":"semi_permanent","area":60,"cost":15900,"tiv":955000.0,"tivCsv":9540000.0,"lat":0.28354,"lon":34.65482,"where":"KE","d10":0.0,"dr10":0.0,"loss10":0.0,"d20":0.0,"dr20":0.0,"loss20":0.0,"d50":0.0,"dr50":0.0,"loss50":0.0,"d100":0.0,"dr100":0.0,"loss100":0.0,"d200":0.0,"dr200":0.0,"loss200":0.0,"d500":0.0,"dr500":0.0,"loss500":0.0},"geometry":{"type":"Polygon","coordinates":[[[34.65212803347634,0.2808420664750269],[34.65751796652366,0.2808420664750269],[34.65751796652366,0.28623193352497306],[34.65212803347634,0.28623193352497306],[34.65212803347634,0.2808420664750269]]]}},{"type":"Feature","properties":{"id":"NZA-0430","cls":"informal_iron_sheet","area":16,"cost":6000,"tiv":95000.0,"tivCsv":960000.0,"lat":0.13785,"lon":35.21501,"where":"KE","d10":0.0,"dr10":0.0,"loss10":0.0,"d20":0.0,"dr20":0.0,"loss20":0.0,"d50":0.0,"dr50":0.0,"loss50":0.0,"d100":0.0,"dr100":0.0,"loss100":0.0,"d200":0.0,"dr200":0.0,"loss200":0.0,"d500":0.0,"dr500":0.0,"loss500":0.0},"geometry":{"type":"Polygon","coordinates":[[[35.212315058674704,0.13515906647502696],[35.217704941325294,0.13515906647502696],[35.217704941325294,0.14054893352497305],[35.212315058674704,0.14054893352497305],[35.212315058674704,0.13515906647502696]]]}},{"type":"Feature","properties":{"id":"NZA-0431","cls":"informal_iron_sheet","area":15,"cost":6400,"tiv":95000.0,"tivCsv":960000.0,"lat":0.73505,"lon":34.15299,"where":"UG","d10":0.0,"dr10":0.0,"loss10":0.0,"d20":0.0,"dr20":0.0,"loss20":0.0,"d50":0.0,"dr50":0.0,"loss50":0.0,"d100":0.0,"dr100":0.0,"loss100":0.0,"d200":0.0,"dr200":0.0,"loss200":0.0,"d500":0.0,"dr500":0.0,"loss500":0.0},"geometry":{"type":"Polygon","coordinates":[[[34.15029984468729,0.7323560664750269],[34.155690155312705,0.7323560664750269],[34.155690155312705,0.7377459335249731],[34.15029984468729,0.7377459335249731],[34.15029984468729,0.7323560664750269]]]}},{"type":"Feature","properties":{"id":"NZA-0432","cls":"informal_iron_sheet","area":22,"cost":9900,"tiv":220000.0,"tivCsv":2180000.0,"lat":0.13921,"lon":33.85235,"where":"LAKE","d10":0.019999999552965164,"dr10":0.013,"loss10":2860.0,"d20":0.05000000074505806,"dr20":0.033,"loss20":7260.0,"d50":0.12999999523162842,"dr50":0.087,"loss50":19140.0,"d100":0.25,"dr100":0.167,"loss100":36740.0,"d200":0.3499999940395355,"dr200":0.227,"loss200":49940.0,"d500":0.44999998807907104,"dr500":0.275,"loss500":60500.0},"geometry":{"type":"Polygon","coordinates":[[[33.8496550585205,0.13651506647502695],[33.855044941479505,0.13651506647502695],[33.855044941479505,0.14190493352497305],[33.8496550585205,0.14190493352497305],[33.8496550585205,0.13651506647502695]]]}},{"type":"Feature","properties":{"id":"NZA-0433","cls":"semi_permanent","area":28,"cost":8100,"tiv":225000.0,"tivCsv":2270000.0,"lat":0.74147,"lon":34.51286,"where":"KE","d10":0.0,"dr10":0.0,"loss10":0.0,"d20":0.0,"dr20":0.0,"loss20":0.0,"d50":0.0,"dr50":0.0,"loss50":0.0,"d100":0.0,"dr100":0.0,"loss100":0.0,"d200":0.0,"dr200":0.0,"loss200":0.0,"d500":0.0,"dr500":0.0,"loss500":0.0},"geometry":{"type":"Polygon","coordinates":[[[34.510169840795875,0.7387760664750269],[34.51556015920412,0.7387760664750269],[34.51556015920412,0.7441659335249731],[34.510169840795875,0.7441659335249731],[34.510169840795875,0.7387760664750269]]]}},{"type":"Feature","properties":{"id":"NZA-0434","cls":"semi_permanent","area":61,"cost":11600,"tiv":710000.0,"tivCsv":7075000.0,"lat":0.86609,"lon":33.79795,"where":"UG","d10":0.0,"dr10":0.0,"loss10":0.0,"d20":0.1899999976158142,"dr20":0.094,"loss20":66740.0,"d50":0.4099999964237213,"dr50":0.202,"loss50":143420.0,"d100":0.5600000023841858,"dr100":0.255,"loss100":181050.0,"d200":0.7200000286102295,"dr200":0.312,"loss200":221520.0,"d500":0.9300000071525574,"dr500":0.385,"loss500":273350.0},"geometry":{"type":"Polygon","coordinates":[[[33.7952547585534,0.863395066475027],[33.8006452414466,0.863395066475027],[33.8006452414466,0.8687849335249731],[33.7952547585534,0.8687849335249731],[33.7952547585534,0.863395066475027]]]}},{"type":"Feature","properties":{"id":"NZA-0435","cls":"semi_permanent","area":33,"cost":11600,"tiv":385000.0,"tivCsv":3830000.0,"lat":0.31663,"lon":35.32957,"where":"KE","d10":0.0,"dr10":0.0,"loss10":0.0,"d20":0.0,"dr20":0.0,"loss20":0.0,"d50":0.0,"dr50":0.0,"loss50":0.0,"d100":0.0,"dr100":0.0,"loss100":0.0,"d200":0.0,"dr200":0.0,"loss200":0.0,"d500":0.0,"dr500":0.0,"loss500":0.0},"geometry":{"type":"Polygon","coordinates":[[[35.32687602532435,0.31393306647502695],[35.33226597467565,0.31393306647502695],[35.33226597467565,0.3193229335249731],[35.32687602532435,0.3193229335249731],[35.32687602532435,0.31393306647502695]]]}},{"type":"Feature","properties":{"id":"NZA-0436","cls":"semi_permanent","area":26,"cost":12000,"tiv":310000.0,"tivCsv":3120000.0,"lat":0.34323,"lon":35.12082,"where":"KE","d10":0.0,"dr10":0.0,"loss10":0.0,"d20":0.0,"dr20":0.0,"loss20":0.0,"d50":0.0,"dr50":0.0,"loss50":0.0,"d100":0.0,"dr100":0.0,"loss100":0.0,"d200":0.0,"dr200":0.0,"loss200":0.0,"d500":0.0,"dr500":0.0,"loss500":0.0},"geometry":{"type":"Polygon","coordinates":[[[35.11812501811881,0.34053606647502693],[35.12351498188119,0.34053606647502693],[35.12351498188119,0.3459259335249731],[35.11812501811881,0.3459259335249731],[35.11812501811881,0.34053606647502693]]]}},{"type":"Feature","properties":{"id":"NZA-0437","cls":"informal_iron_sheet","area":21,"cost":9800,"tiv":205000.0,"tivCsv":2060000.0,"lat":1.06791,"lon":34.03301,"where":"UG","d10":0.0,"dr10":0.0,"loss10":0.0,"d20":0.0,"dr20":0.0,"loss20":0.0,"d50":0.0,"dr50":0.0,"loss50":0.0,"d100":0.0,"dr100":0.0,"loss100":0.0,"d200":0.0,"dr200":0.0,"loss200":0.0,"d500":0.0,"dr500":0.0,"loss500":0.0},"geometry":{"type":"Polygon","coordinates":[[[34.03031959830616,1.0652120664750269],[34.03571040169384,1.0652120664750269],[34.03571040169384,1.070601933524973],[34.03031959830616,1.070601933524973],[34.03031959830616,1.0652120664750269]]]}},{"type":"Feature","properties":{"id":"NZA-0438","cls":"informal_iron_sheet","area":14,"cost":7900,"tiv":110000.0,"tivCsv":1105000.0,"lat":0.07217,"lon":34.48833,"where":"KE","d10":0.0,"dr10":0.0,"loss10":0.0,"d20":0.0,"dr20":0.0,"loss20":0.0,"d50":0.0,"dr50":0.0,"loss50":0.0,"d100":0.0,"dr100":0.0,"loss100":0.0,"d200":0.0,"dr200":0.0,"loss200":0.0,"d500":0.0,"dr500":0.0,"loss500":0.0},"geometry":{"type":"Polygon","coordinates":[[[34.48563806433719,0.06947406647502695],[34.49102793566281,0.06947406647502695],[34.49102793566281,0.07486393352497304],[34.48563806433719,0.07486393352497304],[34.48563806433719,0.06947406647502695]]]}},{"type":"Feature","properties":{"id":"NZA-0439","cls":"permanent_masonry","area":166,"cost":43300,"tiv":7190000.0,"tivCsv":71880000.0,"lat":1.14079,"lon":35.27821,"where":"KE","d10":0.0,"dr10":0.0,"loss10":0.0,"d20":0.0,"dr20":0.0,"loss20":0.0,"d50":0.0,"dr50":0.0,"loss50":0.0,"d100":0.0,"dr100":0.0,"loss100":0.0,"d200":0.0,"dr200":0.0,"loss200":0.0,"d500":0.0,"dr500":0.0,"loss500":0.0},"geometry":{"type":"Polygon","coordinates":[[[35.27551253221379,1.138092066475027],[35.28090346778621,1.138092066475027],[35.28090346778621,1.143481933524973],[35.27551253221379,1.143481933524973],[35.27551253221379,1.138092066475027]]]}},{"type":"Feature","properties":{"id":"NZA-0440","cls":"informal_iron_sheet","area":13,"cost":8600,"tiv":110000.0,"tivCsv":1120000.0,"lat":0.16606,"lon":33.73617,"where":"LAKE","d10":0.4399999976158142,"dr10":0.27,"loss10":29700.0,"d20":0.49000000953674316,"dr20":0.294,"loss20":32340.0,"d50":0.550000011920929,"dr50":0.323,"loss50":35530.0,"d100":0.5899999737739563,"dr100":0.342,"loss100":37620.0,"d200":0.6299999952316284,"dr200":0.361,"loss200":39710.0,"d500":0.6800000071525574,"dr500":0.385,"loss500":42350.0},"geometry":{"type":"Polygon","coordinates":[[[33.73347605515571,0.16336806647502694],[33.738865944844285,0.16336806647502694],[33.738865944844285,0.16875793352497304],[33.73347605515571,0.16875793352497304],[33.73347605515571,0.16336806647502694]]]}},{"type":"Feature","properties":{"id":"NZA-0441","cls":"informal_iron_sheet","area":15,"cost":6800,"tiv":100000.0,"tivCsv":1020000.0,"lat":0.7822,"lon":34.97599,"where":"KE","d10":0.0,"dr10":0.0,"loss10":0.0,"d20":0.0,"dr20":0.0,"loss20":0.0,"d50":0.0,"dr50":0.0,"loss50":0.0,"d100":0.0,"dr100":0.0,"loss100":0.0,"d200":0.0,"dr200":0.0,"loss200":0.0,"d500":0.0,"dr500":0.0,"loss500":0.0},"geometry":{"type":"Polygon","coordinates":[[[34.97329981531727,0.7795090664750269],[34.978690184682726,0.7795090664750269],[34.978690184682726,0.7848989335249731],[34.97329981531727,0.7848989335249731],[34.97329981531727,0.7795090664750269]]]}},{"type":"Feature","properties":{"id":"NZA-0442","cls":"informal_iron_sheet","area":11,"cost":5300,"tiv":60000.0,"tivCsv":585000.0,"lat":0.24136,"lon":34.40865,"where":"KE","d10":0.0,"dr10":0.0,"loss10":0.0,"d20":0.0,"dr20":0.0,"loss20":0.0,"d50":0.0,"dr50":0.0,"loss50":0.0,"d100":0.0,"dr100":0.0,"loss100":0.0,"d200":0.0,"dr200":0.0,"loss200":0.0,"d500":0.0,"dr500":0.0,"loss500":0.0},"geometry":{"type":"Polygon","coordinates":[[[34.40595804256354,0.23866506647502694],[34.41134795743646,0.23866506647502694],[34.41134795743646,0.24405493352497304],[34.40595804256354,0.24405493352497304],[34.40595804256354,0.23866506647502694]]]}},{"type":"Feature","properties":{"id":"NZA-0443","cls":"semi_permanent","area":41,"cost":13300,"tiv":545000.0,"tivCsv":5455000.0,"lat":1.24182,"lon":33.92461,"where":"UG","d10":0.0,"dr10":0.0,"loss10":0.0,"d20":0.0,"dr20":0.0,"loss20":0.0,"d50":0.0,"dr50":0.0,"loss50":0.0,"d100":0.0,"dr100":0.0,"loss100":0.0,"d200":0.0,"dr200":0.0,"loss200":0.0,"d500":0.0,"dr500":0.0,"loss500":0.0},"geometry":{"type":"Polygon","coordinates":[[[33.92191843337299,1.239123066475027],[33.92730956662701,1.239123066475027],[33.92730956662701,1.2445129335249732],[33.92191843337299,1.2445129335249732],[33.92191843337299,1.239123066475027]]]}},{"type":"Feature","properties":{"id":"NZA-0444","cls":"permanent_masonry","area":138,"cost":40800,"tiv":5630000.0,"tivCsv":56305000.0,"lat":-0.03322,"lon":35.19799,"where":"KE","d10":0.0,"dr10":0.0,"loss10":0.0,"d20":0.0,"dr20":0.0,"loss20":0.0,"d50":0.0,"dr50":0.0,"loss50":0.0,"d100":0.0,"dr100":0.0,"loss100":0.0,"d200":0.0,"dr200":0.0,"loss200":0.0,"d500":0.0,"dr500":0.0,"loss500":0.0},"geometry":{"type":"Polygon","coordinates":[[[35.195291066022,-0.03591693352497305],[35.200680933978,-0.03591693352497305],[35.200680933978,-0.03052706647502695],[35.195291066022,-0.03052706647502695],[35.195291066022,-0.03591693352497305]]]}},{"type":"Feature","properties":{"id":"NZA-0445","cls":"informal_iron_sheet","area":12,"cost":9700,"tiv":115000.0,"tivCsv":1165000.0,"lat":0.73821,"lon":34.83425,"where":"KE","d10":0.0,"dr10":0.0,"loss10":0.0,"d20":0.0,"dr20":0.0,"loss20":0.0,"d50":0.0,"dr50":0.0,"loss50":0.0,"d100":0.0,"dr100":0.0,"loss100":0.0,"d200":0.0,"dr200":0.0,"loss200":0.0,"d500":0.0,"dr500":0.0,"loss500":0.0},"geometry":{"type":"Polygon","coordinates":[[[34.831555842773696,0.7355200664750269],[34.83694615722631,0.7355200664750269],[34.83694615722631,0.740909933524973],[34.831555842773696,0.740909933524973],[34.831555842773696,0.7355200664750269]]]}},{"type":"Feature","properties":{"id":"NZA-0446","cls":"permanent_masonry","area":110,"cost":41000,"tiv":4510000.0,"tivCsv":45100000.0,"lat":0.36026,"lon":34.38607,"where":"KE","d10":0.0,"dr10":0.0,"loss10":0.0,"d20":0.0,"dr20":0.0,"loss20":0.0,"d50":0.0,"dr50":0.0,"loss50":0.0,"d100":0.0,"dr100":0.0,"loss100":0.0,"d200":0.0,"dr200":0.0,"loss200":0.0,"d500":0.0,"dr500":0.0,"loss500":0.0},"geometry":{"type":"Polygon","coordinates":[[[34.38338001320113,0.3575660664750269],[34.38876998679886,0.3575660664750269],[34.38876998679886,0.3629559335249731],[34.38338001320113,0.3629559335249731],[34.38338001320113,0.3575660664750269]]]}},{"type":"Feature","properties":{"id":"NZA-0447","cls":"semi_permanent","area":38,"cost":8100,"tiv":310000.0,"tivCsv":3080000.0,"lat":-0.0105,"lon":34.05087,"where":"KE","d10":0.0,"dr10":0.0,"loss10":0.0,"d20":0.0,"dr20":0.0,"loss20":0.0,"d50":0.0,"dr50":0.0,"loss50":0.0,"d100":0.0,"dr100":0.0,"loss100":0.0,"d200":0.0,"dr200":0.0,"loss200":0.0,"d500":0.0,"dr500":0.0,"loss500":0.0},"geometry":{"type":"Polygon","coordinates":[[[34.04817006642979,-0.013192933524973052],[34.05355993357021,-0.013192933524973052],[34.05355993357021,-0.007803066475026949],[34.04817006642979,-0.007803066475026949],[34.04817006642979,-0.013192933524973052]]]}},{"type":"Feature","properties":{"id":"NZA-0448","cls":"informal_iron_sheet","area":12,"cost":8400,"tiv":100000.0,"tivCsv":1010000.0,"lat":0.63496,"lon":35.20891,"where":"KE","d10":0.0,"dr10":0.0,"loss10":0.0,"d20":0.0,"dr20":0.0,"loss20":0.0,"d50":0.0,"dr50":0.0,"loss50":0.0,"d100":0.0,"dr100":0.0,"loss100":0.0,"d200":0.0,"dr200":0.0,"loss200":0.0,"d500":0.0,"dr500":0.0,"loss500":0.0},"geometry":{"type":"Polygon","coordinates":[[[35.206209900981015,0.6322610664750269],[35.21160009901899,0.6322610664750269],[35.21160009901899,0.637650933524973],[35.206209900981015,0.637650933524973],[35.206209900981015,0.6322610664750269]]]}},{"type":"Feature","properties":{"id":"NZA-0449","cls":"informal_iron_sheet","area":16,"cost":8200,"tiv":130000.0,"tivCsv":1310000.0,"lat":1.13851,"lon":33.95647,"where":"UG","d10":0.0,"dr10":0.0,"loss10":0.0,"d20":0.0,"dr20":0.0,"loss20":0.0,"d50":0.0,"dr50":0.0,"loss50":0.0,"d100":0.0,"dr100":0.0,"loss100":0.0,"d200":0.0,"dr200":0.0,"loss200":0.0,"d500":0.0,"dr500":0.0,"loss500":0.0},"geometry":{"type":"Polygon","coordinates":[[[33.95377153434384,1.135816066475027],[33.95916246565616,1.135816066475027],[33.95916246565616,1.1412059335249731],[33.95377153434384,1.1412059335249731],[33.95377153434384,1.135816066475027]]]}},{"type":"Feature","properties":{"id":"NZA-0450","cls":"semi_permanent","area":34,"cost":15800,"tiv":535000.0,"tivCsv":5370000.0,"lat":0.02588,"lon":34.75262,"where":"KE","d10":0.0,"dr10":0.0,"loss10":0.0,"d20":0.0,"dr20":0.0,"loss20":0.0,"d50":0.0,"dr50":0.0,"loss50":0.0,"d100":0.0,"dr100":0.0,"loss100":0.0,"d200":0.0,"dr200":0.0,"loss200":0.0,"d500":0.0,"dr500":0.0,"loss500":0.0},"geometry":{"type":"Polygon","coordinates":[[[34.7499220662002,0.02318106647502695],[34.7553119337998,0.02318106647502695],[34.7553119337998,0.02857093352497305],[34.7499220662002,0.02857093352497305],[34.7499220662002,0.02318106647502695]]]}},{"type":"Feature","properties":{"id":"NZA-0451","cls":"semi_permanent","area":40,"cost":10900,"tiv":435000.0,"tivCsv":4360000.0,"lat":-0.23939,"lon":34.77485,"where":"LAKE","d10":0.550000011920929,"dr10":0.251,"loss10":109185.0,"d20":0.6499999761581421,"dr20":0.287,"loss20":124845.0,"d50":0.7699999809265137,"dr50":0.33,"loss50":143550.0,"d100":0.8500000238418579,"dr100":0.357,"loss100":155295.0,"d200":0.9200000166893005,"dr200":0.382,"loss200":166170.0,"d500":1.0099999904632568,"dr500":0.412,"loss500":179220.0},"geometry":{"type":"Polygon","coordinates":[[[34.772158042951894,-0.24208693352497304],[34.77754795704811,-0.24208693352497304],[34.77754795704811,-0.23669706647502695],[34.772158042951894,-0.23669706647502695],[34.772158042951894,-0.24208693352497304]]]}},{"type":"Feature","properties":{"id":"NZA-0452","cls":"permanent_masonry","area":76,"cost":36300,"tiv":2760000.0,"tivCsv":27590000.0,"lat":0.98601,"lon":34.25589,"where":"UG","d10":0.0,"dr10":0.0,"loss10":0.0,"d20":0.0,"dr20":0.0,"loss20":0.0,"d50":0.0,"dr50":0.0,"loss50":0.0,"d100":0.0,"dr100":0.0,"loss100":0.0,"d200":0.0,"dr200":0.0,"loss200":0.0,"d500":0.0,"dr500":0.0,"loss500":0.0},"geometry":{"type":"Polygon","coordinates":[[[34.2531936673667,0.9833170664750269],[34.258584332633305,0.9833170664750269],[34.258584332633305,0.9887069335249731],[34.2531936673667,0.9887069335249731],[34.2531936673667,0.9833170664750269]]]}},{"type":"Feature","properties":{"id":"NZA-0453","cls":"informal_iron_sheet","area":15,"cost":7300,"tiv":110000.0,"tivCsv":1095000.0,"lat":0.38134,"lon":35.34377,"where":"KE","d10":0.0,"dr10":0.0,"loss10":0.0,"d20":0.0,"dr20":0.0,"loss20":0.0,"d50":0.0,"dr50":0.0,"loss50":0.0,"d100":0.0,"dr100":0.0,"loss100":0.0,"d200":0.0,"dr200":0.0,"loss200":0.0,"d500":0.0,"dr500":0.0,"loss500":0.0},"geometry":{"type":"Polygon","coordinates":[[[35.341077006783856,0.37864706647502694],[35.34646699321615,0.37864706647502694],[35.34646699321615,0.3840369335249731],[35.341077006783856,0.3840369335249731],[35.341077006783856,0.37864706647502694]]]}},{"type":"Feature","properties":{"id":"NZA-0454","cls":"semi_permanent","area":52,"cost":15300,"tiv":795000.0,"tivCsv":7955000.0,"lat":0.98779,"lon":35.35111,"where":"KE","d10":0.0,"dr10":0.0,"loss10":0.0,"d20":0.0,"dr20":0.0,"loss20":0.0,"d50":0.0,"dr50":0.0,"loss50":0.0,"d100":0.0,"dr100":0.0,"loss100":0.0,"d200":0.0,"dr200":0.0,"loss200":0.0,"d500":0.0,"dr500":0.0,"loss500":0.0},"geometry":{"type":"Polygon","coordinates":[[[35.34841666592992,0.985090066475027],[35.35380733407008,0.985090066475027],[35.35380733407008,0.9904799335249731],[35.34841666592992,0.9904799335249731],[35.34841666592992,0.985090066475027]]]}},{"type":"Feature","properties":{"id":"NZA-0455","cls":"semi_permanent","area":44,"cost":12100,"tiv":530000.0,"tivCsv":5325000.0,"lat":0.3847,"lon":35.08455,"where":"KE","d10":0.0,"dr10":0.0,"loss10":0.0,"d20":0.0,"dr20":0.0,"loss20":0.0,"d50":0.0,"dr50":0.0,"loss50":0.0,"d100":0.0,"dr100":0.0,"loss100":0.0,"d200":0.0,"dr200":0.0,"loss200":0.0,"d500":0.0,"dr500":0.0,"loss500":0.0},"geometry":{"type":"Polygon","coordinates":[[[35.081859005727324,0.3820070664750269],[35.08724899427267,0.3820070664750269],[35.08724899427267,0.38739693352497306],[35.081859005727324,0.38739693352497306],[35.081859005727324,0.3820070664750269]]]}},{"type":"Feature","properties":{"id":"NZA-0456","cls":"semi_permanent","area":41,"cost":12500,"tiv":510000.0,"tivCsv":5125000.0,"lat":-0.27382,"lon":34.0474,"where":"LAKE","d10":0.7099999785423279,"dr10":0.308,"loss10":157080.0,"d20":0.7699999809265137,"dr20":0.33,"loss20":168300.0,"d50":0.8399999737739563,"dr50":0.354,"loss50":180540.0,"d100":0.8899999856948853,"dr100":0.371,"loss100":189210.0,"d200":0.9399999976158142,"dr200":0.388,"loss200":197880.0,"d500":1.0,"dr500":0.409,"loss500":208590.0},"geometry":{"type":"Polygon","coordinates":[[[34.04470103569825,-0.27651993352497306],[34.050090964301745,-0.27651993352497306],[34.050090964301745,-0.2711300664750269],[34.04470103569825,-0.2711300664750269],[34.04470103569825,-0.27651993352497306]]]}},{"type":"Feature","properties":{"id":"NZA-0457","cls":"informal_iron_sheet","area":14,"cost":9700,"tiv":135000.0,"tivCsv":1360000.0,"lat":0.86715,"lon":35.3905,"where":"KE","d10":0.0,"dr10":0.0,"loss10":0.0,"d20":0.0,"dr20":0.0,"loss20":0.0,"d50":0.0,"dr50":0.0,"loss50":0.0,"d100":0.0,"dr100":0.0,"loss100":0.0,"d200":0.0,"dr200":0.0,"loss200":0.0,"d500":0.0,"dr500":0.0,"loss500":0.0},"geometry":{"type":"Polygon","coordinates":[[[35.38780875780056,0.864453066475027],[35.39319924219944,0.864453066475027],[35.39319924219944,0.8698429335249731],[35.38780875780056,0.8698429335249731],[35.38780875780056,0.864453066475027]]]}},{"type":"Feature","properties":{"id":"NZA-0458","cls":"informal_iron_sheet","area":14,"cost":6200,"tiv":85000.0,"tivCsv":870000.0,"lat":1.1531,"lon":35.24673,"where":"KE","d10":0.0,"dr10":0.0,"loss10":0.0,"d20":0.0,"dr20":0.0,"loss20":0.0,"d50":0.0,"dr50":0.0,"loss50":0.0,"d100":0.0,"dr100":0.0,"loss100":0.0,"d200":0.0,"dr200":0.0,"loss200":0.0,"d500":0.0,"dr500":0.0,"loss500":0.0},"geometry":{"type":"Polygon","coordinates":[[[35.24403052061942,1.150402066475027],[35.24942147938059,1.150402066475027],[35.24942147938059,1.1557919335249731],[35.24403052061942,1.1557919335249731],[35.24403052061942,1.150402066475027]]]}},{"type":"Feature","properties":{"id":"NZA-0459","cls":"permanent_masonry","area":74,"cost":51700,"tiv":3825000.0,"tivCsv":38260000.0,"lat":0.88922,"lon":35.3286,"where":"KE","d10":0.0,"dr10":0.0,"loss10":0.0,"d20":0.0,"dr20":0.0,"loss20":0.0,"d50":0.0,"dr50":0.0,"loss50":0.0,"d100":0.0,"dr100":0.0,"loss100":0.0,"d200":0.0,"dr200":0.0,"loss200":0.0,"d500":0.0,"dr500":0.0,"loss500":0.0},"geometry":{"type":"Polygon","coordinates":[[[35.32590474188672,0.8865230664750269],[35.331295258113286,0.8865230664750269],[35.331295258113286,0.891912933524973],[35.32590474188672,0.891912933524973],[35.32590474188672,0.8865230664750269]]]}},{"type":"Feature","properties":{"id":"NZA-0460","cls":"informal_iron_sheet","area":16,"cost":8000,"tiv":130000.0,"tivCsv":1280000.0,"lat":0.95724,"lon":35.19988,"where":"KE","d10":0.0,"dr10":0.0,"loss10":0.0,"d20":0.0,"dr20":0.0,"loss20":0.0,"d50":0.0,"dr50":0.0,"loss50":0.0,"d100":0.0,"dr100":0.0,"loss100":0.0,"d200":0.0,"dr200":0.0,"loss200":0.0,"d500":0.0,"dr500":0.0,"loss500":0.0},"geometry":{"type":"Polygon","coordinates":[[[35.19718469031849,0.9545490664750269],[35.202575309681514,0.9545490664750269],[35.202575309681514,0.9599389335249731],[35.19718469031849,0.9599389335249731],[35.19718469031849,0.9545490664750269]]]}},{"type":"Feature","properties":{"id":"NZA-0461","cls":"permanent_masonry","area":66,"cost":56400,"tiv":3720000.0,"tivCsv":37225000.0,"lat":1.07287,"lon":34.63743,"where":"KE","d10":0.0,"dr10":0.0,"loss10":0.0,"d20":0.0,"dr20":0.0,"loss20":0.0,"d50":0.0,"dr50":0.0,"loss50":0.0,"d100":0.0,"dr100":0.0,"loss100":0.0,"d200":0.0,"dr200":0.0,"loss200":0.0,"d500":0.0,"dr500":0.0,"loss500":0.0},"geometry":{"type":"Polygon","coordinates":[[[34.634731593940344,1.070179066475027],[34.64012240605966,1.070179066475027],[34.64012240605966,1.0755689335249732],[34.634731593940344,1.0755689335249732],[34.634731593940344,1.070179066475027]]]}},{"type":"Feature","properties":{"id":"NZA-0462","cls":"semi_permanent","area":39,"cost":13400,"tiv":525000.0,"tivCsv":5225000.0,"lat":1.10076,"lon":33.87628,"where":"UG","d10":0.0,"dr10":0.0,"loss10":0.0,"d20":0.0,"dr20":0.0,"loss20":0.0,"d50":0.0,"dr50":0.0,"loss50":0.0,"d100":0.0,"dr100":0.0,"loss100":0.0,"d200":0.0,"dr200":0.0,"loss200":0.0,"d500":0.0,"dr500":0.0,"loss500":0.0},"geometry":{"type":"Polygon","coordinates":[[[33.873588569049545,1.098069066475027],[33.87897943095045,1.098069066475027],[33.87897943095045,1.1034589335249732],[33.873588569049545,1.1034589335249732],[33.873588569049545,1.098069066475027]]]}},{"type":"Feature","properties":{"id":"NZA-0463","cls":"informal_iron_sheet","area":14,"cost":7100,"tiv":100000.0,"tivCsv":995000.0,"lat":0.65455,"lon":34.37497,"where":"KE","d10":0.0,"dr10":0.0,"loss10":0.0,"d20":0.0,"dr20":0.0,"loss20":0.0,"d50":0.0,"dr50":0.0,"loss50":0.0,"d100":0.0,"dr100":0.0,"loss100":0.0,"d200":0.0,"dr200":0.0,"loss200":0.0,"d500":0.0,"dr500":0.0,"loss500":0.0},"geometry":{"type":"Polygon","coordinates":[[[34.37227389061164,0.651850066475027],[34.37766410938836,0.651850066475027],[34.37766410938836,0.6572399335249731],[34.37227389061164,0.6572399335249731],[34.37227389061164,0.651850066475027]]]}},{"type":"Feature","properties":{"id":"NZA-0464","cls":"informal_iron_sheet","area":12,"cost":7800,"tiv":95000.0,"tivCsv":935000.0,"lat":0.1468,"lon":34.44359,"where":"KE","d10":0.0,"dr10":0.0,"loss10":0.0,"d20":0.0,"dr20":0.0,"loss20":0.0,"d50":0.0,"dr50":0.0,"loss50":0.0,"d100":0.0,"dr100":0.0,"loss100":0.0,"d200":0.0,"dr200":0.0,"loss200":0.0,"d500":0.0,"dr500":0.0,"loss500":0.0},"geometry":{"type":"Polygon","coordinates":[[[34.44089605762969,0.14410306647502696],[34.4462859423703,0.14410306647502696],[34.4462859423703,0.14949293352497306],[34.44089605762969,0.14949293352497306],[34.44089605762969,0.14410306647502696]]]}},{"type":"Feature","properties":{"id":"NZA-0465","cls":"permanent_masonry","area":53,"cost":55800,"tiv":2955000.0,"tivCsv":29575000.0,"lat":0.90777,"lon":34.6529,"where":"KE","d10":0.0,"dr10":0.0,"loss10":0.0,"d20":0.0,"dr20":0.0,"loss20":0.0,"d50":0.0,"dr50":0.0,"loss50":0.0,"d100":0.0,"dr100":0.0,"loss100":0.0,"d200":0.0,"dr200":0.0,"loss200":0.0,"d500":0.0,"dr500":0.0,"loss500":0.0},"geometry":{"type":"Polygon","coordinates":[[[34.65020872819632,0.9050800664750269],[34.65559927180368,0.9050800664750269],[34.65559927180368,0.9104699335249731],[34.65020872819632,0.9104699335249731],[34.65020872819632,0.9050800664750269]]]}},{"type":"Feature","properties":{"id":"NZA-0466","cls":"informal_iron_sheet","area":13,"cost":7300,"tiv":95000.0,"tivCsv":950000.0,"lat":1.18105,"lon":35.00973,"where":"KE","d10":0.0,"dr10":0.0,"loss10":0.0,"d20":0.0,"dr20":0.0,"loss20":0.0,"d50":0.0,"dr50":0.0,"loss50":0.0,"d100":0.0,"dr100":0.0,"loss100":0.0,"d200":0.0,"dr200":0.0,"loss200":0.0,"d500":0.0,"dr500":0.0,"loss500":0.0},"geometry":{"type":"Polygon","coordinates":[[[35.007038493825114,1.178359066475027],[35.01242950617489,1.178359066475027],[35.01242950617489,1.1837489335249731],[35.007038493825114,1.1837489335249731],[35.007038493825114,1.178359066475027]]]}},{"type":"Feature","properties":{"id":"NZA-0467","cls":"semi_permanent","area":38,"cost":14500,"tiv":550000.0,"tivCsv":5510000.0,"lat":0.33711,"lon":34.99909,"where":"KE","d10":0.0,"dr10":0.0,"loss10":0.0,"d20":0.0,"dr20":0.0,"loss20":0.0,"d50":0.0,"dr50":0.0,"loss50":0.0,"d100":0.0,"dr100":0.0,"loss100":0.0,"d200":0.0,"dr200":0.0,"loss200":0.0,"d500":0.0,"dr500":0.0,"loss500":0.0},"geometry":{"type":"Polygon","coordinates":[[[34.996400019829004,0.3344120664750269],[35.00178998017099,0.3344120664750269],[35.00178998017099,0.33980193352497307],[34.996400019829004,0.33980193352497307],[34.996400019829004,0.3344120664750269]]]}},{"type":"Feature","properties":{"id":"NZA-0468","cls":"semi_permanent","area":66,"cost":12300,"tiv":810000.0,"tivCsv":8120000.0,"lat":1.24273,"lon":34.29157,"where":"UG","d10":0.0,"dr10":0.0,"loss10":0.0,"d20":0.0,"dr20":0.0,"loss20":0.0,"d50":0.0,"dr50":0.0,"loss50":0.0,"d100":0.0,"dr100":0.0,"loss100":0.0,"d200":0.0,"dr200":0.0,"loss200":0.0,"d500":0.0,"dr500":0.0,"loss500":0.0},"geometry":{"type":"Polygon","coordinates":[[[34.28887543243745,1.2400400664750268],[34.294266567562545,1.2400400664750268],[34.294266567562545,1.245429933524973],[34.28887543243745,1.245429933524973],[34.28887543243745,1.2400400664750268]]]}},{"type":"Feature","properties":{"id":"NZA-0469","cls":"concrete_rcc","area":566,"cost":77400,"tiv":43810000.0,"tivCsv":438085000.0,"lat":0.53693,"lon":35.01334,"where":"KE","d10":0.0,"dr10":0.0,"loss10":0.0,"d20":0.0,"dr20":0.0,"loss20":0.0,"d50":0.0,"dr50":0.0,"loss50":0.0,"d100":0.0,"dr100":0.0,"loss100":0.0,"d200":0.0,"dr200":0.0,"loss200":0.0,"d500":0.0,"dr500":0.0,"loss500":0.0},"geometry":{"type":"Polygon","coordinates":[[[35.01064594813531,0.534239066475027],[35.01603605186468,0.534239066475027],[35.01603605186468,0.5396289335249731],[35.01064594813531,0.5396289335249731],[35.01064594813531,0.534239066475027]]]}},{"type":"Feature","properties":{"id":"NZA-0470","cls":"permanent_masonry","area":226,"cost":60300,"tiv":13630000.0,"tivCsv":136280000.0,"lat":-0.0824,"lon":34.03905,"where":"LAKE","d10":0.0,"dr10":0.0,"loss10":0.0,"d20":0.0,"dr20":0.0,"loss20":0.0,"d50":0.0,"dr50":0.0,"loss50":0.0,"d100":0.0,"dr100":0.0,"loss100":0.0,"d200":0.0,"dr200":0.0,"loss200":0.0,"d500":0.0,"dr500":0.0,"loss500":0.0},"geometry":{"type":"Polygon","coordinates":[[[34.03635906368802,-0.08509593352497305],[34.04174893631198,-0.08509593352497305],[34.04174893631198,-0.07970606647502695],[34.03635906368802,-0.07970606647502695],[34.03635906368802,-0.08509593352497305]]]}},{"type":"Feature","properties":{"id":"NZA-0471","cls":"concrete_rcc","area":704,"cost":56800,"tiv":39985000.0,"tivCsv":399870000.0,"lat":0.73522,"lon":34.4601,"where":"KE","d10":0.0,"dr10":0.0,"loss10":0.0,"d20":0.0,"dr20":0.0,"loss20":0.0,"d50":0.0,"dr50":0.0,"loss50":0.0,"d100":0.0,"dr100":0.0,"loss100":0.0,"d200":0.0,"dr200":0.0,"loss200":0.0,"d500":0.0,"dr500":0.0,"loss500":0.0},"geometry":{"type":"Polygon","coordinates":[[[34.45740184458649,0.732523066475027],[34.4627921554135,0.732523066475027],[34.4627921554135,0.7379129335249731],[34.45740184458649,0.7379129335249731],[34.45740184458649,0.732523066475027]]]}},{"type":"Feature","properties":{"id":"NZA-0472","cls":"informal_iron_sheet","area":14,"cost":5900,"tiv":85000.0,"tivCsv":825000.0,"lat":0.59496,"lon":35.09933,"where":"KE","d10":0.0,"dr10":0.0,"loss10":0.0,"d20":0.0,"dr20":0.0,"loss20":0.0,"d50":0.0,"dr50":0.0,"loss50":0.0,"d100":0.0,"dr100":0.0,"loss100":0.0,"d200":0.0,"dr200":0.0,"loss200":0.0,"d500":0.0,"dr500":0.0,"loss500":0.0},"geometry":{"type":"Polygon","coordinates":[[[35.09663192117624,0.592261066475027],[35.102022078823765,0.592261066475027],[35.102022078823765,0.5976509335249731],[35.09663192117624,0.5976509335249731],[35.09663192117624,0.592261066475027]]]}},{"type":"Feature","properties":{"id":"NZA-0473","cls":"semi_permanent","area":24,"cost":14500,"tiv":350000.0,"tivCsv":3480000.0,"lat":0.77091,"lon":34.81744,"where":"KE","d10":0.0,"dr10":0.0,"loss10":0.0,"d20":0.0,"dr20":0.0,"loss20":0.0,"d50":0.0,"dr50":0.0,"loss50":0.0,"d100":0.0,"dr100":0.0,"loss100":0.0,"d200":0.0,"dr200":0.0,"loss200":0.0,"d500":0.0,"dr500":0.0,"loss500":0.0},"geometry":{"type":"Polygon","coordinates":[[[34.814745822519505,0.768213066475027],[34.8201361774805,0.768213066475027],[34.8201361774805,0.7736029335249731],[34.814745822519505,0.7736029335249731],[34.814745822519505,0.768213066475027]]]}},{"type":"Feature","properties":{"id":"NZA-0474","cls":"semi_permanent","area":24,"cost":12300,"tiv":295000.0,"tivCsv":2950000.0,"lat":0.90959,"lon":33.75629,"where":"UG","d10":0.0,"dr10":0.0,"loss10":0.0,"d20":0.0,"dr20":0.0,"loss20":0.0,"d50":0.0,"dr50":0.0,"loss50":0.0,"d100":0.0,"dr100":0.0,"loss100":0.0,"d200":0.0,"dr200":0.0,"loss200":0.0,"d500":0.0,"dr500":0.0,"loss500":0.0},"geometry":{"type":"Polygon","coordinates":[[[33.753598726845105,0.9068910664750269],[33.75898927315489,0.9068910664750269],[33.75898927315489,0.9122809335249731],[33.753598726845105,0.9122809335249731],[33.753598726845105,0.9068910664750269]]]}},{"type":"Feature","properties":{"id":"NZA-0475","cls":"permanent_masonry","area":110,"cost":51100,"tiv":5620000.0,"tivCsv":56210000.0,"lat":1.13265,"lon":35.26065,"where":"KE","d10":0.0,"dr10":0.0,"loss10":0.0,"d20":0.0,"dr20":0.0,"loss20":0.0,"d50":0.0,"dr50":0.0,"loss50":0.0,"d100":0.0,"dr100":0.0,"loss100":0.0,"d200":0.0,"dr200":0.0,"loss200":0.0,"d500":0.0,"dr500":0.0,"loss500":0.0},"geometry":{"type":"Polygon","coordinates":[[[35.25795953981219,1.1299520664750269],[35.26335046018781,1.1299520664750269],[35.26335046018781,1.135341933524973],[35.25795953981219,1.135341933524973],[35.25795953981219,1.1299520664750269]]]}},{"type":"Feature","properties":{"id":"NZA-0476","cls":"concrete_rcc","area":576,"cost":55900,"tiv":32200000.0,"tivCsv":321985000.0,"lat":0.14086,"lon":35.06039,"where":"KE","d10":0.0,"dr10":0.0,"loss10":0.0,"d20":0.0,"dr20":0.0,"loss20":0.0,"d50":0.0,"dr50":0.0,"loss50":0.0,"d100":0.0,"dr100":0.0,"loss100":0.0,"d200":0.0,"dr200":0.0,"loss200":0.0,"d500":0.0,"dr500":0.0,"loss500":0.0},"geometry":{"type":"Polygon","coordinates":[[[35.057692058330694,0.13816606647502694],[35.0630819416693,0.13816606647502694],[35.0630819416693,0.14355593352497303],[35.057692058330694,0.14355593352497303],[35.057692058330694,0.13816606647502694]]]}},{"type":"Feature","properties":{"id":"NZA-0477","cls":"semi_permanent","area":34,"cost":15700,"tiv":535000.0,"tivCsv":5340000.0,"lat":-0.26811,"lon":34.53076,"where":"LAKE","d10":0.6299999952316284,"dr10":0.28,"loss10":149800.0,"d20":0.7900000214576721,"dr20":0.337,"loss20":180295.0,"d50":1.0099999904632568,"dr50":0.412,"loss50":220420.0,"d100":1.1100000143051147,"dr100":0.447,"loss100":239145.0,"d200":1.1799999475479126,"dr200":0.471,"loss200":251985.0,"d500":1.25,"dr500":0.49,"loss500":262150.0},"geometry":{"type":"Polygon","coordinates":[[[34.52806603697042,-0.2708009335249731],[34.533455963029574,-0.2708009335249731],[34.533455963029574,-0.26541106647502694],[34.52806603697042,-0.26541106647502694],[34.52806603697042,-0.2708009335249731]]]}},{"type":"Feature","properties":{"id":"NZA-0478","cls":"informal_iron_sheet","area":13,"cost":9300,"tiv":120000.0,"tivCsv":1210000.0,"lat":-0.15721,"lon":34.44436,"where":"KE","d10":0.0,"dr10":0.0,"loss10":0.0,"d20":0.0,"dr20":0.0,"loss20":0.0,"d50":0.0,"dr50":0.0,"loss50":0.0,"d100":0.0,"dr100":0.0,"loss100":0.0,"d200":0.0,"dr200":0.0,"loss200":0.0,"d500":0.0,"dr500":0.0,"loss500":0.0},"geometry":{"type":"Polygon","coordinates":[[[34.441666056330305,-0.15990593352497304],[34.447055943669696,-0.15990593352497304],[34.447055943669696,-0.15451606647502694],[34.441666056330305,-0.15451606647502694],[34.441666056330305,-0.15990593352497304]]]}},{"type":"Feature","properties":{"id":"NZA-0479","cls":"permanent_masonry","area":140,"cost":58900,"tiv":8245000.0,"tivCsv":82460000.0,"lat":-0.17335,"lon":34.92268,"where":"KE","d10":0.0,"dr10":0.0,"loss10":0.0,"d20":0.0,"dr20":0.0,"loss20":0.0,"d50":0.0,"dr50":0.0,"loss50":0.0,"d100":0.0,"dr100":0.0,"loss100":0.0,"d200":0.0,"dr200":0.0,"loss200":0.0,"d500":0.0,"dr500":0.0,"loss500":0.0},"geometry":{"type":"Polygon","coordinates":[[[34.91998205414023,-0.17604693352497305],[34.92537194585977,-0.17604693352497305],[34.92537194585977,-0.17065706647502696],[34.91998205414023,-0.17065706647502696],[34.91998205414023,-0.17604693352497305]]]}},{"type":"Feature","properties":{"id":"NZA-0480","cls":"semi_permanent","area":34,"cost":14300,"tiv":485000.0,"tivCsv":4860000.0,"lat":0.65179,"lon":33.78885,"where":"UG","d10":0.0,"dr10":0.0,"loss10":0.0,"d20":0.0,"dr20":0.0,"loss20":0.0,"d50":0.0,"dr50":0.0,"loss50":0.0,"d100":0.0,"dr100":0.0,"loss100":0.0,"d200":0.0,"dr200":0.0,"loss200":0.0,"d500":0.0,"dr500":0.0,"loss500":0.0},"geometry":{"type":"Polygon","coordinates":[[[33.7861518920901,0.649093066475027],[33.79154210790989,0.649093066475027],[33.79154210790989,0.6544829335249731],[33.7861518920901,0.6544829335249731],[33.7861518920901,0.649093066475027]]]}},{"type":"Feature","properties":{"id":"NZA-0481","cls":"semi_permanent","area":59,"cost":10800,"tiv":635000.0,"tivCsv":6370000.0,"lat":0.29228,"lon":34.35619,"where":"KE","d10":0.0,"dr10":0.0,"loss10":0.0,"d20":0.0,"dr20":0.0,"loss20":0.0,"d50":0.0,"dr50":0.0,"loss50":0.0,"d100":0.0,"dr100":0.0,"loss100":0.0,"d200":0.0,"dr200":0.0,"loss200":0.0,"d500":0.0,"dr500":0.0,"loss500":0.0},"geometry":{"type":"Polygon","coordinates":[[[34.35349103140988,0.2895850664750269],[34.35888096859012,0.2895850664750269],[34.35888096859012,0.29497493352497306],[34.35349103140988,0.29497493352497306],[34.35349103140988,0.2895850664750269]]]}},{"type":"Feature","properties":{"id":"NZA-0482","cls":"semi_permanent","area":43,"cost":15100,"tiv":650000.0,"tivCsv":6495000.0,"lat":0.13092,"lon":34.3516,"where":"KE","d10":0.0,"dr10":0.0,"loss10":0.0,"d20":0.0,"dr20":0.0,"loss20":0.0,"d50":0.0,"dr50":0.0,"loss50":0.0,"d100":0.0,"dr100":0.0,"loss100":0.0,"d200":0.0,"dr200":0.0,"loss200":0.0,"d500":0.0,"dr500":0.0,"loss500":0.0},"geometry":{"type":"Polygon","coordinates":[[[34.348904059440216,0.12822006647502696],[34.354293940559785,0.12822006647502696],[34.354293940559785,0.13360993352497305],[34.348904059440216,0.13360993352497305],[34.348904059440216,0.12822006647502696]]]}},{"type":"Feature","properties":{"id":"NZA-0483","cls":"semi_permanent","area":51,"cost":9600,"tiv":490000.0,"tivCsv":4895000.0,"lat":0.49171,"lon":35.22414,"where":"KE","d10":0.0,"dr10":0.0,"loss10":0.0,"d20":0.0,"dr20":0.0,"loss20":0.0,"d50":0.0,"dr50":0.0,"loss50":0.0,"d100":0.0,"dr100":0.0,"loss100":0.0,"d200":0.0,"dr200":0.0,"loss200":0.0,"d500":0.0,"dr500":0.0,"loss500":0.0},"geometry":{"type":"Polygon","coordinates":[[[35.22144596722943,0.4890190664750269],[35.22683603277058,0.4890190664750269],[35.22683603277058,0.49440893352497306],[35.22144596722943,0.49440893352497306],[35.22144596722943,0.4890190664750269]]]}},{"type":"Feature","properties":{"id":"NZA-0484","cls":"semi_permanent","area":52,"cost":8500,"tiv":440000.0,"tivCsv":4420000.0,"lat":0.41912,"lon":34.11669,"where":"KE","d10":0.0,"dr10":0.0,"loss10":0.0,"d20":0.0,"dr20":0.0,"loss20":0.0,"d50":0.0,"dr50":0.0,"loss50":0.0,"d100":0.0,"dr100":0.0,"loss100":0.0,"d200":0.0,"dr200":0.0,"loss200":0.0,"d500":0.0,"dr500":0.0,"loss500":0.0},"geometry":{"type":"Polygon","coordinates":[[[34.11399499437208,0.41642206647502694],[34.11938500562792,0.41642206647502694],[34.11938500562792,0.4218119335249731],[34.11399499437208,0.4218119335249731],[34.11399499437208,0.41642206647502694]]]}},{"type":"Feature","properties":{"id":"NZA-0485","cls":"concrete_rcc","area":330,"cost":65000,"tiv":21450000.0,"tivCsv":214500000.0,"lat":0.14098,"lon":33.90515,"where":"LAKE","d10":1.25,"dr10":0.283,"loss10":6070350.0,"d20":1.2899999618530273,"dr20":0.291,"loss20":6241950.0,"d50":1.340000033378601,"dr50":0.3,"loss50":6435000.0,"d100":1.3700000047683716,"dr100":0.306,"loss100":6563700.0,"d200":1.409999966621399,"dr200":0.313,"loss200":6713850.0,"d500":1.4600000381469727,"dr500":0.322,"loss500":6906900.0},"geometry":{"type":"Polygon","coordinates":[[[33.90245505831693,0.13828506647502695],[33.90784494168307,0.13828506647502695],[33.90784494168307,0.14367493352497304],[33.90245505831693,0.14367493352497304],[33.90245505831693,0.13828506647502695]]]}},{"type":"Feature","properties":{"id":"NZA-0486","cls":"informal_iron_sheet","area":8,"cost":9700,"tiv":80000.0,"tivCsv":775000.0,"lat":-0.27943,"lon":34.68857,"where":"LAKE","d10":0.11999999731779099,"dr10":0.08,"loss10":6400.0,"d20":0.17000000178813934,"dr20":0.114,"loss20":9120.0,"d50":0.23000000417232513,"dr50":0.154,"loss50":12320.0,"d100":0.28999999165534973,"dr100":0.194,"loss100":15520.0,"d200":0.3499999940395355,"dr200":0.227,"loss200":18160.0,"d500":0.41999998688697815,"dr500":0.261,"loss500":20880.0},"geometry":{"type":"Polygon","coordinates":[[[34.68587903442424,-0.28212993352497306],[34.691268965575766,-0.28212993352497306],[34.691268965575766,-0.2767400664750269],[34.68587903442424,-0.2767400664750269],[34.68587903442424,-0.28212993352497306]]]}},{"type":"Feature","properties":{"id":"NZA-0487","cls":"semi_permanent","area":40,"cost":15600,"tiv":625000.0,"tivCsv":6240000.0,"lat":0.32714,"lon":34.29545,"where":"KE","d10":0.0,"dr10":0.0,"loss10":0.0,"d20":0.0,"dr20":0.0,"loss20":0.0,"d50":0.0,"dr50":0.0,"loss50":0.0,"d100":0.0,"dr100":0.0,"loss100":0.0,"d200":0.0,"dr200":0.0,"loss200":0.0,"d500":0.0,"dr500":0.0,"loss500":0.0},"geometry":{"type":"Polygon","coordinates":[[[34.29275102254656,0.3244450664750269],[34.298140977453436,0.3244450664750269],[34.298140977453436,0.32983493352497306],[34.29275102254656,0.32983493352497306],[34.29275102254656,0.3244450664750269]]]}},{"type":"Feature","properties":{"id":"NZA-0488","cls":"permanent_masonry","area":96,"cost":44200,"tiv":4245000.0,"tivCsv":42430000.0,"lat":1.28106,"lon":33.89973,"where":"UG","d10":0.0,"dr10":0.0,"loss10":0.0,"d20":0.0,"dr20":0.0,"loss20":0.0,"d50":0.0,"dr50":0.0,"loss50":0.0,"d100":0.0,"dr100":0.0,"loss100":0.0,"d200":0.0,"dr200":0.0,"loss200":0.0,"d500":0.0,"dr500":0.0,"loss500":0.0},"geometry":{"type":"Polygon","coordinates":[[[33.89703939272181,1.278363066475027],[33.90243060727819,1.278363066475027],[33.90243060727819,1.283752933524973],[33.89703939272181,1.283752933524973],[33.89703939272181,1.278363066475027]]]}},{"type":"Feature","properties":{"id":"NZA-0489","cls":"permanent_masonry","area":96,"cost":43600,"tiv":4185000.0,"tivCsv":41855000.0,"lat":-0.25295,"lon":34.67503,"where":"LAKE","d10":0.03999999910593033,"dr10":0.015,"loss10":62775.0,"d20":0.07000000029802322,"dr20":0.026,"loss20":108810.0,"d50":0.10999999940395355,"dr50":0.041,"loss50":171585.0,"d100":0.18000000715255737,"dr100":0.067,"loss100":280395.0,"d200":0.23999999463558197,"dr200":0.09,"loss200":376650.0,"d500":0.30000001192092896,"dr500":0.112,"loss500":468720.0},"geometry":{"type":"Polygon","coordinates":[[[34.67233404021216,-0.25564393352497305],[34.67772395978785,-0.25564393352497305],[34.67772395978785,-0.2502540664750269],[34.67233404021216,-0.2502540664750269],[34.67233404021216,-0.25564393352497305]]]}},{"type":"Feature","properties":{"id":"NZA-0490","cls":"informal_iron_sheet","area":12,"cost":7600,"tiv":90000.0,"tivCsv":910000.0,"lat":0.89106,"lon":34.59069,"where":"KE","d10":0.0,"dr10":0.0,"loss10":0.0,"d20":0.0,"dr20":0.0,"loss20":0.0,"d50":0.0,"dr50":0.0,"loss50":0.0,"d100":0.0,"dr100":0.0,"loss100":0.0,"d200":0.0,"dr200":0.0,"loss200":0.0,"d500":0.0,"dr500":0.0,"loss500":0.0},"geometry":{"type":"Polygon","coordinates":[[[34.587989740538234,0.888368066475027],[34.59338025946177,0.888368066475027],[34.59338025946177,0.8937579335249731],[34.587989740538234,0.8937579335249731],[34.587989740538234,0.888368066475027]]]}},{"type":"Feature","properties":{"id":"NZA-0491","cls":"semi_permanent","area":26,"cost":14500,"tiv":375000.0,"tivCsv":3770000.0,"lat":0.428,"lon":34.72166,"where":"KE","d10":0.0,"dr10":0.0,"loss10":0.0,"d20":0.0,"dr20":0.0,"loss20":0.0,"d50":0.0,"dr50":0.0,"loss50":0.0,"d100":0.0,"dr100":0.0,"loss100":0.0,"d200":0.0,"dr200":0.0,"loss200":0.0,"d500":0.0,"dr500":0.0,"loss500":0.0},"geometry":{"type":"Polygon","coordinates":[[[34.71896699128359,0.42530406647502694],[34.72435700871642,0.42530406647502694],[34.72435700871642,0.4306939335249731],[34.71896699128359,0.4306939335249731],[34.71896699128359,0.42530406647502694]]]}},{"type":"Feature","properties":{"id":"NZA-0492","cls":"informal_iron_sheet","area":14,"cost":7300,"tiv":100000.0,"tivCsv":1020000.0,"lat":0.22707,"lon":34.89631,"where":"KE","d10":0.0,"dr10":0.0,"loss10":0.0,"d20":0.0,"dr20":0.0,"loss20":0.0,"d50":0.0,"dr50":0.0,"loss50":0.0,"d100":0.0,"dr100":0.0,"loss100":0.0,"d200":0.0,"dr200":0.0,"loss200":0.0,"d500":0.0,"dr500":0.0,"loss500":0.0},"geometry":{"type":"Polygon","coordinates":[[[34.893615045310966,0.22437606647502695],[34.89900495468903,0.22437606647502695],[34.89900495468903,0.22976593352497304],[34.893615045310966,0.22976593352497304],[34.893615045310966,0.22437606647502695]]]}},{"type":"Feature","properties":{"id":"NZA-0493","cls":"informal_iron_sheet","area":12,"cost":5100,"tiv":60000.0,"tivCsv":610000.0,"lat":1.24244,"lon":34.86719,"where":"KE","d10":0.0,"dr10":0.0,"loss10":0.0,"d20":0.0,"dr20":0.0,"loss20":0.0,"d50":0.0,"dr50":0.0,"loss50":0.0,"d100":0.0,"dr100":0.0,"loss100":0.0,"d200":0.0,"dr200":0.0,"loss200":0.0,"d500":0.0,"dr500":0.0,"loss500":0.0},"geometry":{"type":"Polygon","coordinates":[[[34.864493432737476,1.2397460664750268],[34.86988456726253,1.2397460664750268],[34.86988456726253,1.245135933524973],[34.864493432737476,1.245135933524973],[34.864493432737476,1.2397460664750268]]]}},{"type":"Feature","properties":{"id":"NZA-0494","cls":"informal_iron_sheet","area":15,"cost":9200,"tiv":140000.0,"tivCsv":1380000.0,"lat":1.11979,"lon":35.14177,"where":"KE","d10":0.0,"dr10":0.0,"loss10":0.0,"d20":0.0,"dr20":0.0,"loss20":0.0,"d50":0.0,"dr50":0.0,"loss50":0.0,"d100":0.0,"dr100":0.0,"loss100":0.0,"d200":0.0,"dr200":0.0,"loss200":0.0,"d500":0.0,"dr500":0.0,"loss500":0.0},"geometry":{"type":"Polygon","coordinates":[[[35.13907455170466,1.117093066475027],[35.14446544829534,1.117093066475027],[35.14446544829534,1.122482933524973],[35.13907455170466,1.122482933524973],[35.13907455170466,1.117093066475027]]]}},{"type":"Feature","properties":{"id":"NZA-0495","cls":"permanent_masonry","area":121,"cost":45000,"tiv":5445000.0,"tivCsv":54450000.0,"lat":0.68827,"lon":34.15834,"where":"UG","d10":0.0,"dr10":0.0,"loss10":0.0,"d20":0.0,"dr20":0.0,"loss20":0.0,"d50":0.0,"dr50":0.0,"loss50":0.0,"d100":0.0,"dr100":0.0,"loss100":0.0,"d200":0.0,"dr200":0.0,"loss200":0.0,"d500":0.0,"dr500":0.0,"loss500":0.0},"geometry":{"type":"Polygon","coordinates":[[[34.15564887202229,0.6855730664750269],[34.16103912797771,0.6855730664750269],[34.16103912797771,0.6909629335249731],[34.15564887202229,0.6909629335249731],[34.15564887202229,0.6855730664750269]]]}},{"type":"Feature","properties":{"id":"NZA-0496","cls":"concrete_rcc","area":270,"cost":72600,"tiv":19600000.0,"tivCsv":196020000.0,"lat":0.87243,"lon":33.96272,"where":"UG","d10":0.0,"dr10":0.0,"loss10":0.0,"d20":0.0,"dr20":0.0,"loss20":0.0,"d50":0.0,"dr50":0.0,"loss50":0.0,"d100":0.0,"dr100":0.0,"loss100":0.0,"d200":0.0,"dr200":0.0,"loss200":0.0,"d500":0.0,"dr500":0.0,"loss500":0.0},"geometry":{"type":"Polygon","coordinates":[[[33.96001975403048,0.8697320664750269],[33.96541024596952,0.8697320664750269],[33.96541024596952,0.875121933524973],[33.96001975403048,0.875121933524973],[33.96001975403048,0.8697320664750269]]]}},{"type":"Feature","properties":{"id":"NZA-0497","cls":"permanent_masonry","area":55,"cost":39200,"tiv":2155000.0,"tivCsv":21560000.0,"lat":0.39468,"lon":34.49267,"where":"KE","d10":0.0,"dr10":0.0,"loss10":0.0,"d20":0.0,"dr20":0.0,"loss20":0.0,"d50":0.0,"dr50":0.0,"loss50":0.0,"d100":0.0,"dr100":0.0,"loss100":0.0,"d200":0.0,"dr200":0.0,"loss200":0.0,"d500":0.0,"dr500":0.0,"loss500":0.0},"geometry":{"type":"Polygon","coordinates":[[[34.48997400253388,0.3919890664750269],[34.49536399746612,0.3919890664750269],[34.49536399746612,0.39737893352497305],[34.48997400253388,0.39737893352497305],[34.48997400253388,0.3919890664750269]]]}},{"type":"Feature","properties":{"id":"NZA-0498","cls":"permanent_masonry","area":45,"cost":44700,"tiv":2010000.0,"tivCsv":20115000.0,"lat":1.13702,"lon":34.06953,"where":"UG","d10":0.0,"dr10":0.0,"loss10":0.0,"d20":0.0,"dr20":0.0,"loss20":0.0,"d50":0.0,"dr50":0.0,"loss50":0.0,"d100":0.0,"dr100":0.0,"loss100":0.0,"d200":0.0,"dr200":0.0,"loss200":0.0,"d500":0.0,"dr500":0.0,"loss500":0.0},"geometry":{"type":"Polygon","coordinates":[[[34.06683153573412,1.1343280664750268],[34.072222464265884,1.1343280664750268],[34.072222464265884,1.139717933524973],[34.06683153573412,1.139717933524973],[34.06683153573412,1.1343280664750268]]]}},{"type":"Feature","properties":{"id":"NZA-0499","cls":"permanent_masonry","area":145,"cost":40200,"tiv":5830000.0,"tivCsv":58290000.0,"lat":0.19828,"lon":34.11839,"where":"KE","d10":0.0,"dr10":0.0,"loss10":0.0,"d20":0.0,"dr20":0.0,"loss20":0.0,"d50":0.0,"dr50":0.0,"loss50":0.0,"d100":0.0,"dr100":0.0,"loss100":0.0,"d200":0.0,"dr200":0.0,"loss200":0.0,"d500":0.0,"dr500":0.0,"loss500":0.0},"geometry":{"type":"Polygon","coordinates":[[[34.115700050337495,0.19558606647502697],[34.121089949662505,0.19558606647502697],[34.121089949662505,0.20097593352497306],[34.115700050337495,0.20097593352497306],[34.115700050337495,0.19558606647502697]]]}}]}