{"type":"FeatureCollection","features":[{"type":"Feature","properties":{"id":"RFB-0000","cls":"permanent_masonry","area":103,"cost":43000,"tiv":4430000.0,"tivCsv":4430000.0,"lat":0.53707,"lon":34.72856,"where":"KE","settlement":"Webuye","density_class":"peri_urban","stratum":"floodplain","d10":0.0,"dr10":0.0,"loss10":0.0,"d20":0.0,"dr20":0.0,"loss20":0.0,"d50":0.0,"dr50":0.0,"loss50":0.0,"d100":0.0,"dr100":0.0,"loss100":0.0,"d200":0.0,"dr200":0.0,"loss200":0.0,"d500":0.0,"dr500":0.0,"loss500":0.0},"geometry":{"type":"Polygon","coordinates":[[[34.72586394807756,0.5343700664750269],[34.731254051922434,0.5343700664750269],[34.731254051922434,0.5397599335249731],[34.72586394807756,0.5397599335249731],[34.72586394807756,0.5343700664750269]]]}},{"type":"Feature","properties":{"id":"RFB-0001","cls":"semi_permanent","area":32,"cost":12200,"tiv":390000.0,"tivCsv":390000.0,"lat":0.13412,"lon":34.02887,"where":"KE","settlement":"Port Victoria","density_class":"peri_urban","stratum":"floodplain","d10":0.0,"dr10":0.0,"loss10":0.0,"d20":0.0,"dr20":0.0,"loss20":0.0,"d50":0.0,"dr50":0.0,"loss50":0.0,"d100":0.0,"dr100":0.0,"loss100":0.0,"d200":0.0,"dr200":0.0,"loss200":0.0,"d500":0.0,"dr500":0.0,"loss500":0.0},"geometry":{"type":"Polygon","coordinates":[[[34.02617105909166,0.13142406647502694],[34.03156094090834,0.13142406647502694],[34.03156094090834,0.13681393352497304],[34.02617105909166,0.13681393352497304],[34.02617105909166,0.13142406647502694]]]}},{"type":"Feature","properties":{"id":"RFB-0002","cls":"semi_permanent","area":54,"cost":12500,"tiv":675000.0,"tivCsv":675000.0,"lat":0.34806,"lon":34.49102,"where":"KE","settlement":"Mumias","density_class":"urban","stratum":"floodplain","d10":0.0,"dr10":0.0,"loss10":0.0,"d20":0.0,"dr20":0.0,"loss20":0.0,"d50":0.0,"dr50":0.0,"loss50":0.0,"d100":0.0,"dr100":0.0,"loss100":0.0,"d200":0.0,"dr200":0.0,"loss200":0.0,"d500":0.0,"dr500":0.0,"loss500":0.0},"geometry":{"type":"Polygon","coordinates":[[[34.488329016749695,0.3453610664750269],[34.49371898325031,0.3453610664750269],[34.49371898325031,0.35075093352497305],[34.488329016749695,0.35075093352497305],[34.488329016749695,0.3453610664750269]]]}},{"type":"Feature","properties":{"id":"RFB-0003","cls":"permanent_masonry","area":187,"cost":59400,"tiv":11110000.0,"tivCsv":11110000.0,"lat":0.35994,"lon":34.4804,"where":"KE","settlement":"Mumias","density_class":"urban","stratum":"floodplain","d10":5.679999828338623,"dr10":0.838,"loss10":9310180.0,"d20":6.340000152587891,"dr20":0.85,"loss20":9443500.0,"d50":7.130000114440918,"dr50":0.85,"loss50":9443500.0,"d100":7.699999809265137,"dr100":0.85,"loss100":9443500.0,"d200":8.229999542236328,"dr200":0.85,"loss200":9443500.0,"d500":8.90999984741211,"dr500":0.85,"loss500":9443500.0},"geometry":{"type":"Polygon","coordinates":[[[34.47770501329603,0.3572450664750269],[34.483094986703975,0.3572450664750269],[34.483094986703975,0.36263493352497306],[34.47770501329603,0.36263493352497306],[34.47770501329603,0.3572450664750269]]]}},{"type":"Feature","properties":{"id":"RFB-0004","cls":"informal_iron_sheet","area":19,"cost":9100,"tiv":175000.0,"tivCsv":175000.0,"lat":0.36885,"lon":34.50208,"where":"KE","settlement":"Mumias","density_class":"urban","stratum":"floodplain","d10":6.28000020980835,"dr10":0.95,"loss10":166250.0,"d20":6.769999980926514,"dr20":0.95,"loss20":166250.0,"d50":7.340000152587891,"dr50":0.95,"loss50":166250.0,"d100":7.739999771118164,"dr100":0.95,"loss100":166250.0,"d200":8.119999885559082,"dr200":0.95,"loss200":166250.0,"d500":8.600000381469727,"dr500":0.95,"loss500":166250.0},"geometry":{"type":"Polygon","coordinates":[[[34.4993870106309,0.3661540664750269],[34.504776989369105,0.3661540664750269],[34.504776989369105,0.37154393352497306],[34.4993870106309,0.37154393352497306],[34.4993870106309,0.3661540664750269]]]}},{"type":"Feature","properties":{"id":"RFB-0005","cls":"semi_permanent","area":23,"cost":12400,"tiv":285000.0,"tivCsv":285000.0,"lat":0.06958,"lon":34.05554,"where":"KE","settlement":"Budalangi","density_class":"rural","stratum":"floodplain","d10":0.029999999329447746,"dr10":0.015,"loss10":4275.0,"d20":0.07000000029802322,"dr20":0.035,"loss20":9975.0,"d50":0.12999999523162842,"dr50":0.064,"loss50":18240.0,"d100":0.17000000178813934,"dr100":0.084,"loss100":23940.0,"d200":0.20999999344348907,"dr200":0.104,"loss200":29640.0,"d500":0.25999999046325684,"dr500":0.129,"loss500":36765.0},"geometry":{"type":"Polygon","coordinates":[[[34.052846064487596,0.06688906647502695],[34.0582359355124,0.06688906647502695],[34.0582359355124,0.07227893352497304],[34.052846064487596,0.07227893352497304],[34.052846064487596,0.06688906647502695]]]}},{"type":"Feature","properties":{"id":"RFB-0006","cls":"semi_permanent","area":31,"cost":12100,"tiv":375000.0,"tivCsv":375000.0,"lat":-0.1116,"lon":34.75051,"where":"KE","settlement":"Kisumu","density_class":"urban","stratum":"floodplain","d10":0.0,"dr10":0.0,"loss10":0.0,"d20":0.0,"dr20":0.0,"loss20":0.0,"d50":0.0,"dr50":0.0,"loss50":0.0,"d100":0.0,"dr100":0.0,"loss100":0.0,"d200":0.0,"dr200":0.0,"loss200":0.0,"d500":0.0,"dr500":0.0,"loss500":0.0},"geometry":{"type":"Polygon","coordinates":[[[34.74781806136326,-0.11429093352497305],[34.753207938636734,-0.11429093352497305],[34.753207938636734,-0.10890106647502695],[34.74781806136326,-0.10890106647502695],[34.74781806136326,-0.11429093352497305]]]}},{"type":"Feature","properties":{"id":"RFB-0007","cls":"semi_permanent","area":28,"cost":11600,"tiv":325000.0,"tivCsv":325000.0,"lat":0.54309,"lon":34.781,"where":"KE","settlement":"Kakamega","density_class":"peri_urban","stratum":"floodplain","d10":0.0,"dr10":0.0,"loss10":0.0,"d20":0.0,"dr20":0.0,"loss20":0.0,"d50":0.0,"dr50":0.0,"loss50":0.0,"d100":0.0,"dr100":0.0,"loss100":0.0,"d200":0.0,"dr200":0.0,"loss200":0.0,"d500":0.0,"dr500":0.0,"loss500":0.0},"geometry":{"type":"Polygon","coordinates":[[[34.778305945407006,0.5403930664750269],[34.783696054593,0.5403930664750269],[34.783696054593,0.5457829335249731],[34.778305945407006,0.5457829335249731],[34.778305945407006,0.5403930664750269]]]}},{"type":"Feature","properties":{"id":"RFB-0008","cls":"informal_iron_sheet","area":20,"cost":8000,"tiv":160000.0,"tivCsv":160000.0,"lat":0.12564,"lon":34.02776,"where":"KE","settlement":"Port Victoria","density_class":"peri_urban","stratum":"floodplain","d10":0.3799999952316284,"dr10":0.241,"loss10":38560.0,"d20":0.46000000834465027,"dr20":0.28,"loss20":44800.0,"d50":0.5600000023841858,"dr50":0.328,"loss50":52480.0,"d100":0.6299999952316284,"dr100":0.361,"loss100":57760.0,"d200":0.699999988079071,"dr200":0.394,"loss200":63040.0,"d500":0.7900000214576721,"dr500":0.436,"loss500":69760.0},"geometry":{"type":"Polygon","coordinates":[[[34.025067059995294,0.12294906647502696],[34.03045694000471,0.12294906647502696],[34.03045694000471,0.12833893352497305],[34.025067059995294,0.12833893352497305],[34.025067059995294,0.12294906647502696]]]}},{"type":"Feature","properties":{"id":"RFB-0009","cls":"permanent_masonry","area":211,"cost":51800,"tiv":10930000.0,"tivCsv":10930000.0,"lat":0.41336,"lon":34.58885,"where":"KE","settlement":"other","density_class":"peri_urban","stratum":"floodplain","d10":6.929999828338623,"dr10":0.85,"loss10":9290500.0,"d20":7.710000038146973,"dr20":0.85,"loss20":9290500.0,"d50":8.640000343322754,"dr50":0.85,"loss50":9290500.0,"d100":9.25,"dr100":0.85,"loss100":9290500.0,"d200":9.789999961853027,"dr200":0.85,"loss200":9290500.0,"d500":10.4399995803833,"dr500":0.85,"loss500":9290500.0},"geometry":{"type":"Polygon","coordinates":[[[34.58615099633933,0.41066506647502693],[34.591541003660666,0.41066506647502693],[34.591541003660666,0.4160549335249731],[34.58615099633933,0.4160549335249731],[34.58615099633933,0.41066506647502693]]]}},{"type":"Feature","properties":{"id":"RFB-0010","cls":"semi_permanent","area":42,"cost":14400,"tiv":605000.0,"tivCsv":605000.0,"lat":-0.13688,"lon":34.11592,"where":"KE","settlement":"other","density_class":"rural","stratum":"floodplain","d10":0.0,"dr10":0.0,"loss10":0.0,"d20":0.0,"dr20":0.0,"loss20":0.0,"d50":0.0,"dr50":0.0,"loss50":0.0,"d100":0.0,"dr100":0.0,"loss100":0.0,"d200":0.0,"dr200":0.0,"loss200":0.0,"d500":0.0,"dr500":0.0,"loss500":0.0},"geometry":{"type":"Polygon","coordinates":[[[34.11322005878477,-0.13957293352497305],[34.11860994121523,-0.13957293352497305],[34.11860994121523,-0.13418306647502695],[34.11322005878477,-0.13418306647502695],[34.11322005878477,-0.13957293352497305]]]}},{"type":"Feature","properties":{"id":"RFB-0011","cls":"informal_iron_sheet","area":12,"cost":9300,"tiv":110000.0,"tivCsv":110000.0,"lat":-0.1226,"lon":34.75784,"where":"KE","settlement":"Kisumu","density_class":"urban","stratum":"floodplain","d10":0.0,"dr10":0.0,"loss10":0.0,"d20":0.0,"dr20":0.0,"loss20":0.0,"d50":0.0,"dr50":0.0,"loss50":0.0,"d100":0.0,"dr100":0.0,"loss100":0.0,"d200":0.0,"dr200":0.0,"loss200":0.0,"d500":0.0,"dr500":0.0,"loss500":0.0},"geometry":{"type":"Polygon","coordinates":[[[34.75514006030506,-0.12529893352497307],[34.76052993969494,-0.12529893352497307],[34.76052993969494,-0.11990906647502696],[34.75514006030506,-0.11990906647502696],[34.75514006030506,-0.12529893352497307]]]}},{"type":"Feature","properties":{"id":"RFB-0012","cls":"permanent_masonry","area":83,"cost":43900,"tiv":3645000.0,"tivCsv":3645000.0,"lat":0.14565,"lon":34.17125,"where":"KE","settlement":"Rwambwa","density_class":"peri_urban","stratum":"floodplain","d10":0.0,"dr10":0.0,"loss10":0.0,"d20":0.0,"dr20":0.0,"loss20":0.0,"d50":0.0,"dr50":0.0,"loss50":0.0,"d100":0.0,"dr100":0.0,"loss100":0.0,"d200":0.0,"dr200":0.0,"loss200":0.0,"d500":0.0,"dr500":0.0,"loss500":0.0},"geometry":{"type":"Polygon","coordinates":[[[34.168551057767495,0.14295506647502695],[34.1739409422325,0.14295506647502695],[34.1739409422325,0.14834493352497305],[34.168551057767495,0.14834493352497305],[34.168551057767495,0.14295506647502695]]]}},{"type":"Feature","properties":{"id":"RFB-0013","cls":"permanent_masonry","area":181,"cost":58100,"tiv":10515000.0,"tivCsv":10515000.0,"lat":0.0897,"lon":33.97594,"where":"KE","settlement":"Port Victoria","density_class":"urban","stratum":"floodplain","d10":0.0,"dr10":0.0,"loss10":0.0,"d20":0.0,"dr20":0.0,"loss20":0.0,"d50":0.0,"dr50":0.0,"loss50":0.0,"d100":0.0,"dr100":0.0,"loss100":0.0,"d200":0.0,"dr200":0.0,"loss200":0.0,"d500":0.0,"dr500":0.0,"loss500":0.0},"geometry":{"type":"Polygon","coordinates":[[[33.97324506317241,0.08700506647502695],[33.97863493682759,0.08700506647502695],[33.97863493682759,0.09239493352497305],[33.97324506317241,0.09239493352497305],[33.97324506317241,0.08700506647502695]]]}},{"type":"Feature","properties":{"id":"RFB-0014","cls":"semi_permanent","area":32,"cost":15500,"tiv":495000.0,"tivCsv":495000.0,"lat":0.28458,"lon":34.40921,"where":"KE","settlement":"Mumias","density_class":"peri_urban","stratum":"floodplain","d10":6.369999885559082,"dr10":0.9,"loss10":445500.0,"d20":7.070000171661377,"dr20":0.9,"loss20":445500.0,"d50":7.889999866485596,"dr50":0.9,"loss50":445500.0,"d100":8.460000038146973,"dr100":0.9,"loss100":445500.0,"d200":9.0,"dr200":0.9,"loss200":445500.0,"d500":9.600000381469727,"dr500":0.9,"loss500":445500.0},"geometry":{"type":"Polygon","coordinates":[[[34.406518033234285,0.28188006647502695],[34.41190796676572,0.28188006647502695],[34.41190796676572,0.2872699335249731],[34.406518033234285,0.2872699335249731],[34.406518033234285,0.28188006647502695]]]}},{"type":"Feature","properties":{"id":"RFB-0015","cls":"semi_permanent","area":73,"cost":12200,"tiv":890000.0,"tivCsv":890000.0,"lat":-0.03882,"lon":34.01912,"where":"KE","settlement":"Budalangi","density_class":"peri_urban","stratum":"floodplain","d10":0.0,"dr10":0.0,"loss10":0.0,"d20":0.0,"dr20":0.0,"loss20":0.0,"d50":0.0,"dr50":0.0,"loss50":0.0,"d100":0.0,"dr100":0.0,"loss100":0.0,"d200":0.0,"dr200":0.0,"loss200":0.0,"d500":0.0,"dr500":0.0,"loss500":0.0},"geometry":{"type":"Polygon","coordinates":[[[34.01642306585656,-0.041511933524973045],[34.02181293414344,-0.041511933524973045],[34.02181293414344,-0.03612206647502695],[34.01642306585656,-0.03612206647502695],[34.01642306585656,-0.041511933524973045]]]}},{"type":"Feature","properties":{"id":"RFB-0016","cls":"permanent_masonry","area":237,"cost":48600,"tiv":11520000.0,"tivCsv":11520000.0,"lat":0.35461,"lon":34.49279,"where":"KE","settlement":"Mumias","density_class":"urban","stratum":"floodplain","d10":0.0,"dr10":0.0,"loss10":0.0,"d20":0.0,"dr20":0.0,"loss20":0.0,"d50":0.0,"dr50":0.0,"loss50":0.0,"d100":0.0,"dr100":0.0,"loss100":0.0,"d200":0.0,"dr200":0.0,"loss200":0.0,"d500":0.0,"dr500":0.0,"loss500":0.0},"geometry":{"type":"Polygon","coordinates":[[[34.490095014859634,0.35191406647502693],[34.495484985140365,0.35191406647502693],[34.495484985140365,0.3573039335249731],[34.490095014859634,0.3573039335249731],[34.490095014859634,0.35191406647502693]]]}},{"type":"Feature","properties":{"id":"RFB-0017","cls":"semi_permanent","area":48,"cost":9300,"tiv":445000.0,"tivCsv":445000.0,"lat":0.37149,"lon":34.46924,"where":"KE","settlement":"Mumias","density_class":"peri_urban","stratum":"floodplain","d10":0.0,"dr10":0.0,"loss10":0.0,"d20":0.0,"dr20":0.0,"loss20":0.0,"d50":0.0,"dr50":0.0,"loss50":0.0,"d100":0.0,"dr100":0.0,"loss100":0.0,"d200":0.0,"dr200":0.0,"loss200":0.0,"d500":0.0,"dr500":0.0,"loss500":0.0},"geometry":{"type":"Polygon","coordinates":[[[34.46654700982741,0.36879806647502694],[34.471936990172594,0.36879806647502694],[34.471936990172594,0.3741879335249731],[34.46654700982741,0.3741879335249731],[34.46654700982741,0.36879806647502694]]]}},{"type":"Feature","properties":{"id":"RFB-0018","cls":"semi_permanent","area":44,"cost":9000,"tiv":395000.0,"tivCsv":395000.0,"lat":0.43652,"lon":34.60706,"where":"KE","settlement":"other","density_class":"peri_urban","stratum":"floodplain","d10":0.0,"dr10":0.0,"loss10":0.0,"d20":0.0,"dr20":0.0,"loss20":0.0,"d50":0.0,"dr50":0.0,"loss50":0.0,"d100":0.0,"dr100":0.0,"loss100":0.0,"d200":0.0,"dr200":0.0,"loss200":0.0,"d500":0.0,"dr500":0.0,"loss500":0.0},"geometry":{"type":"Polygon","coordinates":[[[34.60436398825903,0.43382706647502695],[34.60975401174097,0.43382706647502695],[34.60975401174097,0.4392169335249731],[34.60436398825903,0.4392169335249731],[34.60436398825903,0.43382706647502695]]]}},{"type":"Feature","properties":{"id":"RFB-0019","cls":"permanent_masonry","area":162,"cost":55800,"tiv":9040000.0,"tivCsv":9040000.0,"lat":0.4806,"lon":34.66939,"where":"KE","settlement":"other","density_class":"peri_urban","stratum":"floodplain","d10":0.0,"dr10":0.0,"loss10":0.0,"d20":0.0,"dr20":0.0,"loss20":0.0,"d50":0.0,"dr50":0.0,"loss50":0.0,"d100":0.0,"dr100":0.0,"loss100":0.0,"d200":0.0,"dr200":0.0,"loss200":0.0,"d500":0.0,"dr500":0.0,"loss500":0.0},"geometry":{"type":"Polygon","coordinates":[[[34.66669397166566,0.4779040664750269],[34.672084028334346,0.4779040664750269],[34.672084028334346,0.4832939335249731],[34.66669397166566,0.4832939335249731],[34.66669397166566,0.4779040664750269]]]}},{"type":"Feature","properties":{"id":"RFB-0020","cls":"semi_permanent","area":38,"cost":10100,"tiv":385000.0,"tivCsv":385000.0,"lat":0.26994,"lon":34.40289,"where":"KE","settlement":"Mumias","density_class":"peri_urban","stratum":"floodplain","d10":0.0,"dr10":0.0,"loss10":0.0,"d20":0.0,"dr20":0.0,"loss20":0.0,"d50":0.0,"dr50":0.0,"loss50":0.0,"d100":0.0,"dr100":0.0,"loss100":0.0,"d200":0.0,"dr200":0.0,"loss200":0.0,"d500":0.0,"dr500":0.0,"loss500":0.0},"geometry":{"type":"Polygon","coordinates":[[[34.4001920365656,0.2672440664750269],[34.4055819634344,0.2672440664750269],[34.4055819634344,0.27263393352497306],[34.4001920365656,0.27263393352497306],[34.4001920365656,0.2672440664750269]]]}},{"type":"Feature","properties":{"id":"RFB-0021","cls":"permanent_masonry","area":111,"cost":50400,"tiv":5595000.0,"tivCsv":5595000.0,"lat":0.35704,"lon":34.48998,"where":"KE","settlement":"Mumias","density_class":"urban","stratum":"floodplain","d10":0.0,"dr10":0.0,"loss10":0.0,"d20":0.0,"dr20":0.0,"loss20":0.0,"d50":0.0,"dr50":0.0,"loss50":0.0,"d100":0.0,"dr100":0.0,"loss100":0.0,"d200":0.0,"dr200":0.0,"loss200":0.0,"d500":0.0,"dr500":0.0,"loss500":0.0},"geometry":{"type":"Polygon","coordinates":[[[34.487288014149506,0.35434506647502695],[34.4926779858505,0.35434506647502695],[34.4926779858505,0.3597349335249731],[34.487288014149506,0.3597349335249731],[34.487288014149506,0.35434506647502695]]]}},{"type":"Feature","properties":{"id":"RFB-0022","cls":"permanent_masonry","area":99,"cost":41500,"tiv":4110000.0,"tivCsv":4110000.0,"lat":0.12165,"lon":34.00612,"where":"KE","settlement":"Port Victoria","density_class":"peri_urban","stratum":"floodplain","d10":0.0,"dr10":0.0,"loss10":0.0,"d20":0.0,"dr20":0.0,"loss20":0.0,"d50":0.0,"dr50":0.0,"loss50":0.0,"d100":0.0,"dr100":0.0,"loss100":0.0,"d200":0.0,"dr200":0.0,"loss200":0.0,"d500":0.0,"dr500":0.0,"loss500":0.0},"geometry":{"type":"Polygon","coordinates":[[[34.003429060400904,0.11895306647502696],[34.008818939599095,0.11895306647502696],[34.008818939599095,0.12434293352497305],[34.003429060400904,0.12434293352497305],[34.003429060400904,0.11895306647502696]]]}},{"type":"Feature","properties":{"id":"RFB-0023","cls":"semi_permanent","area":37,"cost":14100,"tiv":520000.0,"tivCsv":520000.0,"lat":0.69352,"lon":34.88617,"where":"KE","settlement":"other","density_class":"peri_urban","stratum":"floodplain","d10":0.0,"dr10":0.0,"loss10":0.0,"d20":0.0,"dr20":0.0,"loss20":0.0,"d50":0.0,"dr50":0.0,"loss50":0.0,"d100":0.0,"dr100":0.0,"loss100":0.0,"d200":0.0,"dr200":0.0,"loss200":0.0,"d500":0.0,"dr500":0.0,"loss500":0.0},"geometry":{"type":"Polygon","coordinates":[[[34.8834748690403,0.6908300664750269],[34.8888651309597,0.6908300664750269],[34.8888651309597,0.696219933524973],[34.8834748690403,0.696219933524973],[34.8834748690403,0.6908300664750269]]]}},{"type":"Feature","properties":{"id":"RFB-0024","cls":"concrete_rcc","area":309,"cost":73600,"tiv":22740000.0,"tivCsv":22740000.0,"lat":0.35687,"lon":34.49585,"where":"KE","settlement":"Mumias","density_class":"urban","stratum":"floodplain","d10":0.0,"dr10":0.0,"loss10":0.0,"d20":0.0,"dr20":0.0,"loss20":0.0,"d50":0.0,"dr50":0.0,"loss50":0.0,"d100":0.0,"dr100":0.0,"loss100":0.0,"d200":0.0,"dr200":0.0,"loss200":0.0,"d500":0.0,"dr500":0.0,"loss500":0.0},"geometry":{"type":"Polygon","coordinates":[[[34.49315601419786,0.3541800664750269],[34.498545985802146,0.3541800664750269],[34.498545985802146,0.3595699335249731],[34.49315601419786,0.3595699335249731],[34.49315601419786,0.3541800664750269]]]}},{"type":"Feature","properties":{"id":"RFB-0025","cls":"concrete_rcc","area":249,"cost":71200,"tiv":17730000.0,"tivCsv":17730000.0,"lat":0.361,"lon":34.47962,"where":"KE","settlement":"Mumias","density_class":"urban","stratum":"floodplain","d10":5.679999828338623,"dr10":0.699,"loss10":12393270.0,"d20":6.340000152587891,"dr20":0.72,"loss20":12765600.0,"d50":7.130000114440918,"dr50":0.74,"loss50":13120200.0,"d100":7.699999809265137,"dr100":0.75,"loss100":13297500.0,"d200":8.229999542236328,"dr200":0.75,"loss200":13297500.0,"d500":8.90999984741211,"dr500":0.75,"loss500":13297500.0},"geometry":{"type":"Polygon","coordinates":[[[34.47692201298353,0.3583010664750269],[34.482311987016466,0.3583010664750269],[34.482311987016466,0.36369093352497306],[34.47692201298353,0.36369093352497306],[34.47692201298353,0.3583010664750269]]]}},{"type":"Feature","properties":{"id":"RFB-0026","cls":"semi_permanent","area":59,"cost":9500,"tiv":560000.0,"tivCsv":560000.0,"lat":0.51923,"lon":34.7475,"where":"KE","settlement":"Kakamega","density_class":"peri_urban","stratum":"floodplain","d10":0.0,"dr10":0.0,"loss10":0.0,"d20":0.0,"dr20":0.0,"loss20":0.0,"d50":0.0,"dr50":0.0,"loss50":0.0,"d100":0.0,"dr100":0.0,"loss100":0.0,"d200":0.0,"dr200":0.0,"loss200":0.0,"d500":0.0,"dr500":0.0,"loss500":0.0},"geometry":{"type":"Polygon","coordinates":[[[34.74480995581166,0.516533066475027],[34.75020004418833,0.516533066475027],[34.75020004418833,0.5219229335249731],[34.74480995581166,0.5219229335249731],[34.74480995581166,0.516533066475027]]]}},{"type":"Feature","properties":{"id":"RFB-0027","cls":"permanent_masonry","area":279,"cost":49400,"tiv":13785000.0,"tivCsv":13785000.0,"lat":0.16903,"lon":33.99309,"where":"KE","settlement":"Sio Port","density_class":"rural","stratum":"floodplain","d10":0.0,"dr10":0.0,"loss10":0.0,"d20":0.0,"dr20":0.0,"loss20":0.0,"d50":0.0,"dr50":0.0,"loss50":0.0,"d100":0.0,"dr100":0.0,"loss100":0.0,"d200":0.0,"dr200":0.0,"loss200":0.0,"d500":0.0,"dr500":0.0,"loss500":0.0},"geometry":{"type":"Polygon","coordinates":[[[33.99039305474832,0.16633006647502696],[33.99578294525168,0.16633006647502696],[33.99578294525168,0.17171993352497306],[33.99039305474832,0.17171993352497306],[33.99039305474832,0.16633006647502696]]]}},{"type":"Feature","properties":{"id":"RFB-0028","cls":"concrete_rcc","area":607,"cost":76700,"tiv":46555000.0,"tivCsv":46555000.0,"lat":0.35767,"lon":34.4894,"where":"KE","settlement":"Mumias","density_class":"urban","stratum":"floodplain","d10":0.0,"dr10":0.0,"loss10":0.0,"d20":0.0,"dr20":0.0,"loss20":0.0,"d50":0.0,"dr50":0.0,"loss50":0.0,"d100":0.0,"dr100":0.0,"loss100":0.0,"d200":0.0,"dr200":0.0,"loss200":0.0,"d500":0.0,"dr500":0.0,"loss500":0.0},"geometry":{"type":"Polygon","coordinates":[[[34.486706013963804,0.35497806647502694],[34.4920959860362,0.35497806647502694],[34.4920959860362,0.3603679335249731],[34.486706013963804,0.3603679335249731],[34.486706013963804,0.35497806647502694]]]}},{"type":"Feature","properties":{"id":"RFB-0029","cls":"informal_iron_sheet","area":15,"cost":7600,"tiv":115000.0,"tivCsv":115000.0,"lat":0.41005,"lon":34.60115,"where":"KE","settlement":"other","density_class":"peri_urban","stratum":"floodplain","d10":0.0,"dr10":0.0,"loss10":0.0,"d20":0.0,"dr20":0.0,"loss20":0.0,"d50":0.0,"dr50":0.0,"loss50":0.0,"d100":0.0,"dr100":0.0,"loss100":0.0,"d200":0.0,"dr200":0.0,"loss200":0.0,"d500":0.0,"dr500":0.0,"loss500":0.0},"geometry":{"type":"Polygon","coordinates":[[[34.598449997457415,0.40735706647502695],[34.60384000254259,0.40735706647502695],[34.60384000254259,0.4127469335249731],[34.598449997457415,0.4127469335249731],[34.598449997457415,0.40735706647502695]]]}},{"type":"Feature","properties":{"id":"RFB-0030","cls":"informal_iron_sheet","area":12,"cost":9200,"tiv":110000.0,"tivCsv":110000.0,"lat":0.50597,"lon":34.73815,"where":"KE","settlement":"Kakamega","density_class":"peri_urban","stratum":"floodplain","d10":0.0,"dr10":0.0,"loss10":0.0,"d20":0.0,"dr20":0.0,"loss20":0.0,"d50":0.0,"dr50":0.0,"loss50":0.0,"d100":0.0,"dr100":0.0,"loss100":0.0,"d200":0.0,"dr200":0.0,"loss200":0.0,"d500":0.0,"dr500":0.0,"loss500":0.0},"geometry":{"type":"Polygon","coordinates":[[[34.73545796139231,0.5032720664750269],[34.74084803860769,0.5032720664750269],[34.74084803860769,0.508661933524973],[34.73545796139231,0.508661933524973],[34.73545796139231,0.5032720664750269]]]}},{"type":"Feature","properties":{"id":"RFB-0031","cls":"permanent_masonry","area":70,"cost":55100,"tiv":3855000.0,"tivCsv":3855000.0,"lat":-0.06839,"lon":34.06584,"where":"KE","settlement":"other","density_class":"urban","stratum":"floodplain","d10":0.0,"dr10":0.0,"loss10":0.0,"d20":0.0,"dr20":0.0,"loss20":0.0,"d50":0.0,"dr50":0.0,"loss50":0.0,"d100":0.0,"dr100":0.0,"loss100":0.0,"d200":0.0,"dr200":0.0,"loss200":0.0,"d500":0.0,"dr500":0.0,"loss500":0.0},"geometry":{"type":"Polygon","coordinates":[[[34.063144064555495,-0.07107993352497305],[34.0685339354445,-0.07107993352497305],[34.0685339354445,-0.06569006647502695],[34.063144064555495,-0.06569006647502695],[34.063144064555495,-0.07107993352497305]]]}},{"type":"Feature","properties":{"id":"RFB-0032","cls":"semi_permanent","area":31,"cost":13200,"tiv":410000.0,"tivCsv":410000.0,"lat":0.06547,"lon":34.0517,"where":"KE","settlement":"Budalangi","density_class":"rural","stratum":"floodplain","d10":0.009999999776482582,"dr10":0.005,"loss10":2050.0,"d20":0.019999999552965164,"dr20":0.01,"loss20":4100.0,"d50":0.03999999910593033,"dr50":0.02,"loss50":8200.0,"d100":0.05999999865889549,"dr100":0.03,"loss100":12300.0,"d200":0.07999999821186066,"dr200":0.04,"loss200":16400.0,"d500":0.10999999940395355,"dr500":0.054,"loss500":22140.0},"geometry":{"type":"Polygon","coordinates":[[[34.04900806471561,0.06277606647502695],[34.0543979352844,0.06277606647502695],[34.0543979352844,0.06816593352497305],[34.04900806471561,0.06816593352497305],[34.04900806471561,0.06277606647502695]]]}},{"type":"Feature","properties":{"id":"RFB-0033","cls":"informal_iron_sheet","area":22,"cost":6100,"tiv":135000.0,"tivCsv":135000.0,"lat":0.16177,"lon":34.17289,"where":"KE","settlement":"Rwambwa","density_class":"peri_urban","stratum":"floodplain","d10":0.0,"dr10":0.0,"loss10":0.0,"d20":0.0,"dr20":0.0,"loss20":0.0,"d50":0.0,"dr50":0.0,"loss50":0.0,"d100":0.0,"dr100":0.0,"loss100":0.0,"d200":0.0,"dr200":0.0,"loss200":0.0,"d500":0.0,"dr500":0.0,"loss500":0.0},"geometry":{"type":"Polygon","coordinates":[[[34.17019805573287,0.15907906647502695],[34.175587944267136,0.15907906647502695],[34.175587944267136,0.16446893352497305],[34.17019805573287,0.16446893352497305],[34.17019805573287,0.15907906647502695]]]}},{"type":"Feature","properties":{"id":"RFB-0034","cls":"informal_iron_sheet","area":16,"cost":7000,"tiv":110000.0,"tivCsv":110000.0,"lat":0.3692,"lon":34.48669,"where":"KE","settlement":"Mumias","density_class":"urban","stratum":"floodplain","d10":6.079999923706055,"dr10":0.95,"loss10":104500.0,"d20":6.75,"dr20":0.95,"loss20":104500.0,"d50":7.559999942779541,"dr50":0.95,"loss50":104500.0,"d100":8.140000343322754,"dr100":0.95,"loss100":104500.0,"d200":8.670000076293945,"dr200":0.95,"loss200":104500.0,"d500":9.34000015258789,"dr500":0.95,"loss500":104500.0},"geometry":{"type":"Polygon","coordinates":[[[34.483990010524565,0.3665050664750269],[34.48937998947544,0.3665050664750269],[34.48937998947544,0.37189493352497305],[34.483990010524565,0.37189493352497305],[34.483990010524565,0.3665050664750269]]]}},{"type":"Feature","properties":{"id":"RFB-0035","cls":"permanent_masonry","area":71,"cost":50300,"tiv":3570000.0,"tivCsv":3570000.0,"lat":-0.1302,"lon":34.74383,"where":"KE","settlement":"Kisumu","density_class":"urban","stratum":"floodplain","d10":0.0,"dr10":0.0,"loss10":0.0,"d20":0.0,"dr20":0.0,"loss20":0.0,"d50":0.0,"dr50":0.0,"loss50":0.0,"d100":0.0,"dr100":0.0,"loss100":0.0,"d200":0.0,"dr200":0.0,"loss200":0.0,"d500":0.0,"dr500":0.0,"loss500":0.0},"geometry":{"type":"Polygon","coordinates":[[[34.74113605951685,-0.13289493352497306],[34.74652594048315,-0.13289493352497306],[34.74652594048315,-0.12750506647502696],[34.74113605951685,-0.12750506647502696],[34.74113605951685,-0.13289493352497306]]]}},{"type":"Feature","properties":{"id":"RFB-0036","cls":"semi_permanent","area":46,"cost":15900,"tiv":730000.0,"tivCsv":730000.0,"lat":0.20099,"lon":34.2376,"where":"KE","settlement":"other","density_class":"peri_urban","stratum":"floodplain","d10":0.0,"dr10":0.0,"loss10":0.0,"d20":0.0,"dr20":0.0,"loss20":0.0,"d50":0.0,"dr50":0.0,"loss50":0.0,"d100":0.0,"dr100":0.0,"loss100":0.0,"d200":0.0,"dr200":0.0,"loss200":0.0,"d500":0.0,"dr500":0.0,"loss500":0.0},"geometry":{"type":"Polygon","coordinates":[[[34.23490804989319,0.19829706647502696],[34.24029795010681,0.19829706647502696],[34.24029795010681,0.20368693352497305],[34.23490804989319,0.20368693352497305],[34.23490804989319,0.19829706647502696]]]}},{"type":"Feature","properties":{"id":"RFB-0037","cls":"permanent_masonry","area":96,"cost":54700,"tiv":5250000.0,"tivCsv":5250000.0,"lat":0.35502,"lon":34.48518,"where":"KE","settlement":"Mumias","density_class":"urban","stratum":"floodplain","d10":0.0,"dr10":0.0,"loss10":0.0,"d20":0.0,"dr20":0.0,"loss20":0.0,"d50":0.0,"dr50":0.0,"loss50":0.0,"d100":0.0,"dr100":0.0,"loss100":0.0,"d200":0.0,"dr200":0.0,"loss200":0.0,"d500":0.0,"dr500":0.0,"loss500":0.0},"geometry":{"type":"Polygon","coordinates":[[[34.48248401473992,0.3523250664750269],[34.48787398526009,0.3523250664750269],[34.48787398526009,0.3577149335249731],[34.48248401473992,0.3577149335249731],[34.48248401473992,0.3523250664750269]]]}},{"type":"Feature","properties":{"id":"RFB-0038","cls":"informal_iron_sheet","area":14,"cost":7600,"tiv":105000.0,"tivCsv":105000.0,"lat":-0.10953,"lon":34.74542,"where":"KE","settlement":"Kisumu","density_class":"peri_urban","stratum":"floodplain","d10":0.0,"dr10":0.0,"loss10":0.0,"d20":0.0,"dr20":0.0,"loss20":0.0,"d50":0.0,"dr50":0.0,"loss50":0.0,"d100":0.0,"dr100":0.0,"loss100":0.0,"d200":0.0,"dr200":0.0,"loss200":0.0,"d500":0.0,"dr500":0.0,"loss500":0.0},"geometry":{"type":"Polygon","coordinates":[[[34.74272706155105,-0.11222193352497305],[34.748116938448945,-0.11222193352497305],[34.748116938448945,-0.10683206647502695],[34.74272706155105,-0.10683206647502695],[34.74272706155105,-0.11222193352497305]]]}},{"type":"Feature","properties":{"id":"RFB-0039","cls":"informal_iron_sheet","area":14,"cost":8200,"tiv":115000.0,"tivCsv":115000.0,"lat":0.38906,"lon":34.55481,"where":"KE","settlement":"Mumias","density_class":"peri_urban","stratum":"floodplain","d10":6.190000057220459,"dr10":0.95,"loss10":109250.0,"d20":6.889999866485596,"dr20":0.95,"loss20":109250.0,"d50":7.650000095367432,"dr50":0.95,"loss50":109250.0,"d100":8.100000381469727,"dr100":0.95,"loss100":109250.0,"d200":8.5,"dr200":0.95,"loss200":109250.0,"d500":8.979999542236328,"dr500":0.95,"loss500":109250.0},"geometry":{"type":"Polygon","coordinates":[[[34.55211600434254,0.38636706647502694],[34.557505995657465,0.38636706647502694],[34.557505995657465,0.3917569335249731],[34.55211600434254,0.3917569335249731],[34.55211600434254,0.38636706647502694]]]}},{"type":"Feature","properties":{"id":"RFB-0040","cls":"concrete_rcc","area":602,"cost":72200,"tiv":43465000.0,"tivCsv":43465000.0,"lat":0.10644,"lon":34.0062,"where":"KE","settlement":"Port Victoria","density_class":"peri_urban","stratum":"floodplain","d10":1.0199999809265137,"dr10":0.24,"loss10":10431600.0,"d20":1.149999976158142,"dr20":0.265,"loss20":11518225.0,"d50":1.2999999523162842,"dr50":0.293,"loss50":12735245.0,"d100":1.399999976158142,"dr100":0.311,"loss100":13517615.0,"d200":1.4900000095367432,"dr200":0.328,"loss200":14256520.0,"d500":1.600000023841858,"dr500":0.348,"loss500":15125820.0},"geometry":{"type":"Polygon","coordinates":[[[34.003503061825135,0.10374006647502695],[34.00889293817486,0.10374006647502695],[34.00889293817486,0.10912993352497305],[34.003503061825135,0.10912993352497305],[34.003503061825135,0.10374006647502695]]]}},{"type":"Feature","properties":{"id":"RFB-0041","cls":"concrete_rcc","area":334,"cost":53500,"tiv":17870000.0,"tivCsv":17870000.0,"lat":0.38584,"lon":34.48985,"where":"KE","settlement":"Mumias","density_class":"peri_urban","stratum":"floodplain","d10":0.0,"dr10":0.0,"loss10":0.0,"d20":0.0,"dr20":0.0,"loss20":0.0,"d50":0.0,"dr50":0.0,"loss50":0.0,"d100":0.0,"dr100":0.0,"loss100":0.0,"d200":0.0,"dr200":0.0,"loss200":0.0,"d500":0.0,"dr500":0.0,"loss500":0.0},"geometry":{"type":"Polygon","coordinates":[[[34.487160005366434,0.3831480664750269],[34.49254999463356,0.3831480664750269],[34.49254999463356,0.38853793352497307],[34.487160005366434,0.38853793352497307],[34.487160005366434,0.3831480664750269]]]}},{"type":"Feature","properties":{"id":"RFB-0042","cls":"permanent_masonry","area":128,"cost":47700,"tiv":6105000.0,"tivCsv":6105000.0,"lat":0.45211,"lon":34.68208,"where":"KE","settlement":"other","density_class":"peri_urban","stratum":"floodplain","d10":0.0,"dr10":0.0,"loss10":0.0,"d20":0.0,"dr20":0.0,"loss20":0.0,"d50":0.0,"dr50":0.0,"loss50":0.0,"d100":0.0,"dr100":0.0,"loss100":0.0,"d200":0.0,"dr200":0.0,"loss200":0.0,"d500":0.0,"dr500":0.0,"loss500":0.0},"geometry":{"type":"Polygon","coordinates":[[[34.67938498257117,0.4494200664750269],[34.68477501742883,0.4494200664750269],[34.68477501742883,0.45480993352497306],[34.67938498257117,0.45480993352497306],[34.67938498257117,0.4494200664750269]]]}},{"type":"Feature","properties":{"id":"RFB-0043","cls":"semi_permanent","area":44,"cost":14300,"tiv":630000.0,"tivCsv":630000.0,"lat":0.10432,"lon":34.07073,"where":"KE","settlement":"Rwambwa","density_class":"rural","stratum":"floodplain","d10":1.9600000381469727,"dr10":0.646,"loss10":406980.0,"d20":2.130000114440918,"dr20":0.68,"loss20":428400.0,"d50":2.319999933242798,"dr50":0.719,"loss50":452970.0,"d100":2.440000057220459,"dr100":0.739,"loss100":465570.0,"d200":2.549999952316284,"dr200":0.75,"loss200":472500.0,"d500":2.6700000762939453,"dr500":0.761,"loss500":479430.0},"geometry":{"type":"Polygon","coordinates":[[[34.06803406200853,0.10162006647502696],[34.07342393799147,0.10162006647502696],[34.07342393799147,0.10700993352497305],[34.06803406200853,0.10700993352497305],[34.06803406200853,0.10162006647502696]]]}},{"type":"Feature","properties":{"id":"RFB-0044","cls":"permanent_masonry","area":122,"cost":60000,"tiv":7320000.0,"tivCsv":7320000.0,"lat":0.48095,"lon":34.68227,"where":"KE","settlement":"other","density_class":"peri_urban","stratum":"floodplain","d10":3.759999990463257,"dr10":0.75,"loss10":5490000.0,"d20":4.199999809265137,"dr20":0.777,"loss20":5687640.0,"d50":4.75,"dr50":0.802,"loss50":5870640.0,"d100":5.130000114440918,"dr100":0.818,"loss100":5987760.0,"d200":5.489999771118164,"dr200":0.831,"loss200":6082920.0,"d500":5.949999809265137,"dr500":0.848,"loss500":6207360.0},"geometry":{"type":"Polygon","coordinates":[[[34.6795799715283,0.47825206647502694],[34.684970028471696,0.47825206647502694],[34.684970028471696,0.4836419335249731],[34.6795799715283,0.4836419335249731],[34.6795799715283,0.47825206647502694]]]}},{"type":"Feature","properties":{"id":"RFB-0045","cls":"permanent_masonry","area":220,"cost":58300,"tiv":12825000.0,"tivCsv":12825000.0,"lat":0.3295,"lon":34.4738,"where":"KE","settlement":"Mumias","density_class":"peri_urban","stratum":"floodplain","d10":0.0,"dr10":0.0,"loss10":0.0,"d20":0.0,"dr20":0.0,"loss20":0.0,"d50":0.0,"dr50":0.0,"loss50":0.0,"d100":0.0,"dr100":0.0,"loss100":0.0,"d200":0.0,"dr200":0.0,"loss200":0.0,"d500":0.0,"dr500":0.0,"loss500":0.0},"geometry":{"type":"Polygon","coordinates":[[[34.47110902191128,0.3268020664750269],[34.47649897808872,0.3268020664750269],[34.47649897808872,0.33219193352497306],[34.47110902191128,0.33219193352497306],[34.47110902191128,0.3268020664750269]]]}},{"type":"Feature","properties":{"id":"RFB-0046","cls":"concrete_rcc","area":351,"cost":64700,"tiv":22710000.0,"tivCsv":22710000.0,"lat":0.18623,"lon":34.22075,"where":"KE","settlement":"other","density_class":"peri_urban","stratum":"floodplain","d10":0.0,"dr10":0.0,"loss10":0.0,"d20":0.0,"dr20":0.0,"loss20":0.0,"d50":0.0,"dr50":0.0,"loss50":0.0,"d100":0.0,"dr100":0.0,"loss100":0.0,"d200":0.0,"dr200":0.0,"loss200":0.0,"d500":0.0,"dr500":0.0,"loss500":0.0},"geometry":{"type":"Polygon","coordinates":[[[34.21805405223933,0.18353606647502696],[34.223443947760664,0.18353606647502696],[34.223443947760664,0.18892593352497306],[34.21805405223933,0.18892593352497306],[34.21805405223933,0.18353606647502696]]]}},{"type":"Feature","properties":{"id":"RFB-0047","cls":"permanent_masonry","area":298,"cost":52000,"tiv":15495000.0,"tivCsv":15495000.0,"lat":0.53164,"lon":34.75124,"where":"KE","settlement":"Kakamega","density_class":"peri_urban","stratum":"floodplain","d10":0.0,"dr10":0.0,"loss10":0.0,"d20":0.0,"dr20":0.0,"loss20":0.0,"d50":0.0,"dr50":0.0,"loss50":0.0,"d100":0.0,"dr100":0.0,"loss100":0.0,"d200":0.0,"dr200":0.0,"loss200":0.0,"d500":0.0,"dr500":0.0,"loss500":0.0},"geometry":{"type":"Polygon","coordinates":[[[34.74854295045661,0.5289470664750269],[34.75393304954339,0.5289470664750269],[34.75393304954339,0.534336933524973],[34.74854295045661,0.534336933524973],[34.74854295045661,0.5289470664750269]]]}},{"type":"Feature","properties":{"id":"RFB-0048","cls":"informal_iron_sheet","area":22,"cost":9200,"tiv":200000.0,"tivCsv":200000.0,"lat":0.09566,"lon":33.98649,"where":"KE","settlement":"Port Victoria","density_class":"urban","stratum":"floodplain","d10":0.0,"dr10":0.0,"loss10":0.0,"d20":0.0,"dr20":0.0,"loss20":0.0,"d50":0.0,"dr50":0.0,"loss50":0.0,"d100":0.0,"dr100":0.0,"loss100":0.0,"d200":0.0,"dr200":0.0,"loss200":0.0,"d500":0.0,"dr500":0.0,"loss500":0.0},"geometry":{"type":"Polygon","coordinates":[[[33.98379006271935,0.09296006647502696],[33.98917993728065,0.09296006647502696],[33.98917993728065,0.09834993352497305],[33.98379006271935,0.09834993352497305],[33.98379006271935,0.09296006647502696]]]}},{"type":"Feature","properties":{"id":"RFB-0049","cls":"semi_permanent","area":38,"cost":14100,"tiv":535000.0,"tivCsv":535000.0,"lat":0.23114,"lon":34.29768,"where":"KE","settlement":"other","density_class":"rural","stratum":"floodplain","d10":0.0,"dr10":0.0,"loss10":0.0,"d20":0.0,"dr20":0.0,"loss20":0.0,"d50":0.0,"dr50":0.0,"loss50":0.0,"d100":0.009999999776482582,"dr100":0.005,"loss100":2675.0,"d200":0.10000000149011612,"dr200":0.05,"loss200":26750.0,"d500":0.23999999463558197,"dr500":0.119,"loss500":63665.0},"geometry":{"type":"Polygon","coordinates":[[[34.29498204454567,0.22844506647502696],[34.30037195545433,0.22844506647502696],[34.30037195545433,0.23383493352497306],[34.29498204454567,0.23383493352497306],[34.29498204454567,0.22844506647502696]]]}},{"type":"Feature","properties":{"id":"RFB-0050","cls":"informal_iron_sheet","area":14,"cost":8600,"tiv":120000.0,"tivCsv":120000.0,"lat":0.15217,"lon":34.21295,"where":"KE","settlement":"other","density_class":"peri_urban","stratum":"floodplain","d10":5.880000114440918,"dr10":0.95,"loss10":114000.0,"d20":6.570000171661377,"dr20":0.95,"loss20":114000.0,"d50":7.400000095367432,"dr50":0.95,"loss50":114000.0,"d100":8.0,"dr100":0.95,"loss100":114000.0,"d200":8.5600004196167,"dr200":0.95,"loss200":114000.0,"d500":9.279999732971191,"dr500":0.95,"loss500":114000.0},"geometry":{"type":"Polygon","coordinates":[[[34.21025805697059,0.14947406647502695],[34.21564794302941,0.14947406647502695],[34.21564794302941,0.15486393352497305],[34.21025805697059,0.15486393352497305],[34.21025805697059,0.14947406647502695]]]}},{"type":"Feature","properties":{"id":"RFB-0051","cls":"semi_permanent","area":46,"cost":10300,"tiv":475000.0,"tivCsv":475000.0,"lat":0.36231,"lon":34.47682,"where":"KE","settlement":"Mumias","density_class":"urban","stratum":"floodplain","d10":5.679999828338623,"dr10":0.9,"loss10":427500.0,"d20":6.340000152587891,"dr20":0.9,"loss20":427500.0,"d50":7.130000114440918,"dr50":0.9,"loss50":427500.0,"d100":7.699999809265137,"dr100":0.9,"loss100":427500.0,"d200":8.229999542236328,"dr200":0.9,"loss200":427500.0,"d500":8.90999984741211,"dr500":0.9,"loss500":427500.0},"geometry":{"type":"Polygon","coordinates":[[[34.4741260125943,0.3596120664750269],[34.479515987405705,0.3596120664750269],[34.479515987405705,0.36500193352497307],[34.4741260125943,0.36500193352497307],[34.4741260125943,0.3596120664750269]]]}},{"type":"Feature","properties":{"id":"RFB-0052","cls":"informal_iron_sheet","area":13,"cost":7100,"tiv":90000.0,"tivCsv":90000.0,"lat":0.35427,"lon":34.46521,"where":"KE","settlement":"Mumias","density_class":"peri_urban","stratum":"floodplain","d10":0.0,"dr10":0.0,"loss10":0.0,"d20":0.0,"dr20":0.0,"loss20":0.0,"d50":0.0,"dr50":0.0,"loss50":0.0,"d100":0.0,"dr100":0.0,"loss100":0.0,"d200":0.0,"dr200":0.0,"loss200":0.0,"d500":0.0,"dr500":0.0,"loss500":0.0},"geometry":{"type":"Polygon","coordinates":[[[34.462514014958856,0.35157306647502695],[34.46790398504115,0.35157306647502695],[34.46790398504115,0.3569629335249731],[34.462514014958856,0.3569629335249731],[34.462514014958856,0.35157306647502695]]]}},{"type":"Feature","properties":{"id":"RFB-0053","cls":"informal_iron_sheet","area":26,"cost":6400,"tiv":165000.0,"tivCsv":165000.0,"lat":0.32072,"lon":34.40526,"where":"KE","settlement":"Mumias","density_class":"peri_urban","stratum":"floodplain","d10":0.0,"dr10":0.0,"loss10":0.0,"d20":0.0,"dr20":0.0,"loss20":0.0,"d50":0.0,"dr50":0.0,"loss50":0.0,"d100":0.0,"dr100":0.0,"loss100":0.0,"d200":0.0,"dr200":0.0,"loss200":0.0,"d500":0.0,"dr500":0.0,"loss500":0.0},"geometry":{"type":"Polygon","coordinates":[[[34.402566024254355,0.3180230664750269],[34.40795597574565,0.3180230664750269],[34.40795597574565,0.3234129335249731],[34.402566024254355,0.3234129335249731],[34.402566024254355,0.3180230664750269]]]}},{"type":"Feature","properties":{"id":"RFB-0054","cls":"permanent_masonry","area":66,"cost":58000,"tiv":3830000.0,"tivCsv":3830000.0,"lat":0.347,"lon":34.48471,"where":"KE","settlement":"Mumias","density_class":"urban","stratum":"floodplain","d10":0.0,"dr10":0.0,"loss10":0.0,"d20":0.0,"dr20":0.0,"loss20":0.0,"d50":0.0,"dr50":0.0,"loss50":0.0,"d100":0.0,"dr100":0.0,"loss100":0.0,"d200":0.0,"dr200":0.0,"loss200":0.0,"d500":0.0,"dr500":0.0,"loss500":0.0},"geometry":{"type":"Polygon","coordinates":[[[34.48201901704983,0.3443090664750269],[34.487408982950164,0.3443090664750269],[34.487408982950164,0.34969893352497305],[34.48201901704983,0.34969893352497305],[34.48201901704983,0.3443090664750269]]]}},{"type":"Feature","properties":{"id":"RFB-0055","cls":"permanent_masonry","area":123,"cost":50000,"tiv":6150000.0,"tivCsv":6150000.0,"lat":0.10984,"lon":34.05657,"where":"KE","settlement":"Rwambwa","density_class":"rural","stratum":"floodplain","d10":5.340000152587891,"dr10":0.826,"loss10":5079900.0,"d20":5.46999979019165,"dr20":0.831,"loss20":5110650.0,"d50":5.619999885559082,"dr50":0.836,"loss50":5141400.0,"d100":5.71999979019165,"dr100":0.84,"loss100":5166000.0,"d200":5.820000171661377,"dr200":0.843,"loss200":5184450.0,"d500":5.929999828338623,"dr500":0.847,"loss500":5209050.0},"geometry":{"type":"Polygon","coordinates":[[[34.05387206152269,0.10714706647502695],[34.05926193847731,0.10714706647502695],[34.05926193847731,0.11253693352497304],[34.05387206152269,0.11253693352497304],[34.05387206152269,0.10714706647502695]]]}},{"type":"Feature","properties":{"id":"RFB-0056","cls":"informal_iron_sheet","area":20,"cost":6300,"tiv":125000.0,"tivCsv":125000.0,"lat":0.19108,"lon":34.01261,"where":"KE","settlement":"Sio Port","density_class":"rural","stratum":"floodplain","d10":0.0,"dr10":0.0,"loss10":0.0,"d20":0.0,"dr20":0.0,"loss20":0.0,"d50":0.0,"dr50":0.0,"loss50":0.0,"d100":0.0,"dr100":0.0,"loss100":0.0,"d200":0.0,"dr200":0.0,"loss200":0.0,"d500":0.0,"dr500":0.0,"loss500":0.0},"geometry":{"type":"Polygon","coordinates":[[[34.009915051487724,0.18838906647502696],[34.01530494851228,0.18838906647502696],[34.01530494851228,0.19377893352497305],[34.009915051487724,0.19377893352497305],[34.009915051487724,0.18838906647502696]]]}},{"type":"Feature","properties":{"id":"RFB-0057","cls":"permanent_masonry","area":217,"cost":45300,"tiv":9830000.0,"tivCsv":9830000.0,"lat":0.36424,"lon":34.51143,"where":"KE","settlement":"Mumias","density_class":"peri_urban","stratum":"floodplain","d10":0.0,"dr10":0.0,"loss10":0.0,"d20":0.0,"dr20":0.0,"loss20":0.0,"d50":0.0,"dr50":0.0,"loss50":0.0,"d100":0.0,"dr100":0.0,"loss100":0.0,"d200":0.0,"dr200":0.0,"loss200":0.0,"d500":0.0,"dr500":0.0,"loss500":0.0},"geometry":{"type":"Polygon","coordinates":[[[34.50873701201692,0.3615480664750269],[34.514126987983076,0.3615480664750269],[34.514126987983076,0.36693793352497306],[34.50873701201692,0.36693793352497306],[34.50873701201692,0.3615480664750269]]]}},{"type":"Feature","properties":{"id":"RFB-0058","cls":"informal_iron_sheet","area":14,"cost":5200,"tiv":75000.0,"tivCsv":75000.0,"lat":0.70557,"lon":34.88768,"where":"KE","settlement":"other","density_class":"peri_urban","stratum":"floodplain","d10":0.0,"dr10":0.0,"loss10":0.0,"d20":0.0,"dr20":0.0,"loss20":0.0,"d50":0.0,"dr50":0.0,"loss50":0.0,"d100":0.0,"dr100":0.0,"loss100":0.0,"d200":0.0,"dr200":0.0,"loss200":0.0,"d500":0.0,"dr500":0.0,"loss500":0.0},"geometry":{"type":"Polygon","coordinates":[[[34.88498186212229,0.702875066475027],[34.890372137877705,0.702875066475027],[34.890372137877705,0.7082649335249731],[34.88498186212229,0.7082649335249731],[34.88498186212229,0.702875066475027]]]}},{"type":"Feature","properties":{"id":"RFB-0059","cls":"permanent_masonry","area":163,"cost":56900,"tiv":9275000.0,"tivCsv":9275000.0,"lat":0.06489,"lon":33.9878,"where":"KE","settlement":"Budalangi","density_class":"peri_urban","stratum":"floodplain","d10":1.2400000095367432,"dr10":0.384,"loss10":3561600.0,"d20":1.340000033378601,"dr20":0.41,"loss20":3802750.0,"d50":1.440000057220459,"dr50":0.436,"loss50":4043900.0,"d100":1.5099999904632568,"dr100":0.453,"loss100":4201575.0,"d200":1.5800000429153442,"dr200":0.466,"loss200":4322150.0,"d500":1.659999966621399,"dr500":0.48,"loss500":4452000.0},"geometry":{"type":"Polygon","coordinates":[[[33.985107064746906,0.06219106647502695],[33.9904969352531,0.06219106647502695],[33.9904969352531,0.06758093352497305],[33.985107064746906,0.06758093352497305],[33.985107064746906,0.06219106647502695]]]}},{"type":"Feature","properties":{"id":"RFB-0060","cls":"semi_permanent","area":39,"cost":12500,"tiv":490000.0,"tivCsv":490000.0,"lat":0.27776,"lon":34.38275,"where":"KE","settlement":"other","density_class":"rural","stratum":"floodplain","d10":0.0,"dr10":0.0,"loss10":0.0,"d20":0.0,"dr20":0.0,"loss20":0.0,"d50":0.0,"dr50":0.0,"loss50":0.0,"d100":0.0,"dr100":0.0,"loss100":0.0,"d200":0.0,"dr200":0.0,"loss200":0.0,"d500":0.0,"dr500":0.0,"loss500":0.0},"geometry":{"type":"Polygon","coordinates":[[[34.38005703480642,0.27506906647502694],[34.38544696519359,0.27506906647502694],[34.38544696519359,0.2804589335249731],[34.38005703480642,0.2804589335249731],[34.38005703480642,0.27506906647502694]]]}},{"type":"Feature","properties":{"id":"RFB-0061","cls":"permanent_masonry","area":169,"cost":47900,"tiv":8095000.0,"tivCsv":8095000.0,"lat":0.38272,"lon":34.48888,"where":"KE","settlement":"Mumias","density_class":"urban","stratum":"floodplain","d10":0.0,"dr10":0.0,"loss10":0.0,"d20":0.0,"dr20":0.0,"loss20":0.0,"d50":0.0,"dr50":0.0,"loss50":0.0,"d100":0.0,"dr100":0.0,"loss100":0.0,"d200":0.0,"dr200":0.0,"loss200":0.0,"d500":0.0,"dr500":0.0,"loss500":0.0},"geometry":{"type":"Polygon","coordinates":[[[34.486189006350415,0.38002906647502693],[34.49157899364958,0.38002906647502693],[34.49157899364958,0.3854189335249731],[34.486189006350415,0.3854189335249731],[34.486189006350415,0.38002906647502693]]]}},{"type":"Feature","properties":{"id":"RFB-0062","cls":"informal_iron_sheet","area":21,"cost":9000,"tiv":190000.0,"tivCsv":190000.0,"lat":0.31167,"lon":34.40247,"where":"KE","settlement":"Mumias","density_class":"rural","stratum":"floodplain","d10":0.0,"dr10":0.0,"loss10":0.0,"d20":0.0,"dr20":0.0,"loss20":0.0,"d50":0.0,"dr50":0.0,"loss50":0.0,"d100":0.0,"dr100":0.0,"loss100":0.0,"d200":0.0,"dr200":0.0,"loss200":0.0,"d500":0.0,"dr500":0.0,"loss500":0.0},"geometry":{"type":"Polygon","coordinates":[[[34.39977402660276,0.3089760664750269],[34.405163973397244,0.3089760664750269],[34.405163973397244,0.31436593352497305],[34.39977402660276,0.31436593352497305],[34.39977402660276,0.3089760664750269]]]}},{"type":"Feature","properties":{"id":"RFB-0063","cls":"permanent_masonry","area":165,"cost":54900,"tiv":9060000.0,"tivCsv":9060000.0,"lat":0.59402,"lon":34.78688,"where":"KE","settlement":"Webuye","density_class":"urban","stratum":"floodplain","d10":0.0,"dr10":0.0,"loss10":0.0,"d20":0.0,"dr20":0.0,"loss20":0.0,"d50":0.0,"dr50":0.0,"loss50":0.0,"d100":0.0,"dr100":0.0,"loss100":0.0,"d200":0.0,"dr200":0.0,"loss200":0.0,"d500":0.0,"dr500":0.0,"loss500":0.0},"geometry":{"type":"Polygon","coordinates":[[[34.78418292163112,0.5913290664750269],[34.78957307836888,0.5913290664750269],[34.78957307836888,0.5967189335249731],[34.78418292163112,0.5967189335249731],[34.78418292163112,0.5913290664750269]]]}},{"type":"Feature","properties":{"id":"RFB-0064","cls":"permanent_masonry","area":69,"cost":54300,"tiv":3745000.0,"tivCsv":3745000.0,"lat":-0.11082,"lon":34.75126,"where":"KE","settlement":"Kisumu","density_class":"urban","stratum":"floodplain","d10":0.0,"dr10":0.0,"loss10":0.0,"d20":0.0,"dr20":0.0,"loss20":0.0,"d50":0.0,"dr50":0.0,"loss50":0.0,"d100":0.0,"dr100":0.0,"loss100":0.0,"d200":0.0,"dr200":0.0,"loss200":0.0,"d500":0.0,"dr500":0.0,"loss500":0.0},"geometry":{"type":"Polygon","coordinates":[[[34.7485610614341,-0.11351493352497305],[34.75395093856589,-0.11351493352497305],[34.75395093856589,-0.10812506647502695],[34.7485610614341,-0.10812506647502695],[34.7485610614341,-0.11351493352497305]]]}},{"type":"Feature","properties":{"id":"RFB-0065","cls":"semi_permanent","area":74,"cost":9100,"tiv":675000.0,"tivCsv":675000.0,"lat":-0.25248,"lon":34.26141,"where":"KE","settlement":"other","density_class":"rural","stratum":"floodplain","d10":0.0,"dr10":0.0,"loss10":0.0,"d20":0.0,"dr20":0.0,"loss20":0.0,"d50":0.0,"dr50":0.0,"loss50":0.0,"d100":0.0,"dr100":0.0,"loss100":0.0,"d200":0.0,"dr200":0.0,"loss200":0.0,"d500":0.0,"dr500":0.0,"loss500":0.0},"geometry":{"type":"Polygon","coordinates":[[[34.258717040310074,-0.2551719335249731],[34.264106959689926,-0.2551719335249731],[34.264106959689926,-0.24978206647502696],[34.258717040310074,-0.24978206647502696],[34.258717040310074,-0.2551719335249731]]]}},{"type":"Feature","properties":{"id":"RFB-0066","cls":"permanent_masonry","area":203,"cost":50100,"tiv":10170000.0,"tivCsv":10170000.0,"lat":0.63783,"lon":34.82314,"where":"KE","settlement":"Webuye","density_class":"peri_urban","stratum":"floodplain","d10":0.0,"dr10":0.0,"loss10":0.0,"d20":0.0,"dr20":0.0,"loss20":0.0,"d50":0.0,"dr50":0.0,"loss50":0.0,"d100":0.0,"dr100":0.0,"loss100":0.0,"d200":0.0,"dr200":0.0,"loss200":0.0,"d500":0.0,"dr500":0.0,"loss500":0.0},"geometry":{"type":"Polygon","coordinates":[[[34.82044389947939,0.6351350664750269],[34.8258341005206,0.6351350664750269],[34.8258341005206,0.6405249335249731],[34.82044389947939,0.6405249335249731],[34.82044389947939,0.6351350664750269]]]}},{"type":"Feature","properties":{"id":"RFB-0067","cls":"permanent_masonry","area":168,"cost":41800,"tiv":7020000.0,"tivCsv":7020000.0,"lat":0.37204,"lon":34.50345,"where":"KE","settlement":"Mumias","density_class":"urban","stratum":"floodplain","d10":6.28000020980835,"dr10":0.85,"loss10":5967000.0,"d20":6.769999980926514,"dr20":0.85,"loss20":5967000.0,"d50":7.340000152587891,"dr50":0.85,"loss50":5967000.0,"d100":7.739999771118164,"dr100":0.85,"loss100":5967000.0,"d200":8.119999885559082,"dr200":0.85,"loss200":5967000.0,"d500":8.600000381469727,"dr500":0.85,"loss500":5967000.0},"geometry":{"type":"Polygon","coordinates":[[[34.500754009659545,0.36934806647502694],[34.50614399034046,0.36934806647502694],[34.50614399034046,0.3747379335249731],[34.500754009659545,0.3747379335249731],[34.500754009659545,0.36934806647502694]]]}},{"type":"Feature","properties":{"id":"RFB-0068","cls":"permanent_masonry","area":214,"cost":55000,"tiv":11770000.0,"tivCsv":11770000.0,"lat":0.09756,"lon":33.98982,"where":"KE","settlement":"Port Victoria","density_class":"urban","stratum":"floodplain","d10":0.0,"dr10":0.0,"loss10":0.0,"d20":0.0,"dr20":0.0,"loss20":0.0,"d50":0.0,"dr50":0.0,"loss50":0.0,"d100":0.0,"dr100":0.0,"loss100":0.0,"d200":0.0,"dr200":0.0,"loss200":0.0,"d500":0.0,"dr500":0.0,"loss500":0.0},"geometry":{"type":"Polygon","coordinates":[[[33.987127062568184,0.09486606647502695],[33.99251693743181,0.09486606647502695],[33.99251693743181,0.10025593352497304],[33.987127062568184,0.10025593352497304],[33.987127062568184,0.09486606647502695]]]}},{"type":"Feature","properties":{"id":"RFB-0069","cls":"semi_permanent","area":49,"cost":9900,"tiv":485000.0,"tivCsv":485000.0,"lat":0.3864,"lon":34.48611,"where":"KE","settlement":"Mumias","density_class":"peri_urban","stratum":"floodplain","d10":0.0,"dr10":0.0,"loss10":0.0,"d20":0.0,"dr20":0.0,"loss20":0.0,"d50":0.0,"dr50":0.0,"loss50":0.0,"d100":0.0,"dr100":0.0,"loss100":0.0,"d200":0.0,"dr200":0.0,"loss200":0.0,"d500":0.0,"dr500":0.0,"loss500":0.0},"geometry":{"type":"Polygon","coordinates":[[[34.48341700519051,0.38370306647502694],[34.48880699480949,0.38370306647502694],[34.48880699480949,0.3890929335249731],[34.48341700519051,0.3890929335249731],[34.48341700519051,0.38370306647502694]]]}},{"type":"Feature","properties":{"id":"RFB-0070","cls":"permanent_masonry","area":141,"cost":48200,"tiv":6795000.0,"tivCsv":6795000.0,"lat":0.20586,"lon":34.28009,"where":"KE","settlement":"other","density_class":"peri_urban","stratum":"floodplain","d10":4.400000095367432,"dr10":0.786,"loss10":5340870.0,"d20":4.889999866485596,"dr20":0.808,"loss20":5490360.0,"d50":5.5,"dr50":0.832,"loss50":5653440.0,"d100":5.929999828338623,"dr100":0.847,"loss100":5755365.0,"d200":6.340000152587891,"dr200":0.85,"loss200":5775750.0,"d500":6.880000114440918,"dr500":0.85,"loss500":5775750.0},"geometry":{"type":"Polygon","coordinates":[[[34.27739404908041,0.20316406647502694],[34.28278395091959,0.20316406647502694],[34.28278395091959,0.20855393352497303],[34.27739404908041,0.20855393352497303],[34.27739404908041,0.20316406647502694]]]}},{"type":"Feature","properties":{"id":"RFB-0071","cls":"informal_iron_sheet","area":17,"cost":5500,"tiv":95000.0,"tivCsv":95000.0,"lat":0.36104,"lon":34.51763,"where":"KE","settlement":"Mumias","density_class":"rural","stratum":"floodplain","d10":0.0,"dr10":0.0,"loss10":0.0,"d20":0.0,"dr20":0.0,"loss20":0.0,"d50":0.0,"dr50":0.0,"loss50":0.0,"d100":0.0,"dr100":0.0,"loss100":0.0,"d200":0.0,"dr200":0.0,"loss200":0.0,"d500":0.0,"dr500":0.0,"loss500":0.0},"geometry":{"type":"Polygon","coordinates":[[[34.51494001297078,0.3583440664750269],[34.520329987029214,0.3583440664750269],[34.520329987029214,0.3637339335249731],[34.51494001297078,0.3637339335249731],[34.51494001297078,0.3583440664750269]]]}},{"type":"Feature","properties":{"id":"RFB-0072","cls":"permanent_masonry","area":116,"cost":41900,"tiv":4860000.0,"tivCsv":4860000.0,"lat":0.08016,"lon":34.00142,"where":"KE","settlement":"Port Victoria","density_class":"peri_urban","stratum":"floodplain","d10":2.200000047683716,"dr10":0.571,"loss10":2775060.0,"d20":2.3399999141693115,"dr20":0.593,"loss20":2881980.0,"d50":2.490000009536743,"dr50":0.616,"loss50":2993760.0,"d100":2.5899999141693115,"dr100":0.631,"loss100":3066660.0,"d200":2.680000066757202,"dr200":0.645,"loss200":3134700.0,"d500":2.7899999618530273,"dr500":0.662,"loss500":3217320.0},"geometry":{"type":"Polygon","coordinates":[[[33.99872406383781,0.07746106647502696],[34.004113936162184,0.07746106647502696],[34.004113936162184,0.08285093352497305],[33.99872406383781,0.08285093352497305],[33.99872406383781,0.07746106647502696]]]}},{"type":"Feature","properties":{"id":"RFB-0073","cls":"permanent_masonry","area":132,"cost":42900,"tiv":5665000.0,"tivCsv":5665000.0,"lat":-0.13174,"lon":34.74515,"where":"KE","settlement":"Kisumu","density_class":"urban","stratum":"floodplain","d10":0.0,"dr10":0.0,"loss10":0.0,"d20":0.0,"dr20":0.0,"loss20":0.0,"d50":0.0,"dr50":0.0,"loss50":0.0,"d100":0.0,"dr100":0.0,"loss100":0.0,"d200":0.0,"dr200":0.0,"loss200":0.0,"d500":0.0,"dr500":0.0,"loss500":0.0},"geometry":{"type":"Polygon","coordinates":[[[34.742454059351594,-0.13443193352497304],[34.7478439406484,-0.13443193352497304],[34.7478439406484,-0.12904206647502695],[34.742454059351594,-0.12904206647502695],[34.742454059351594,-0.13443193352497304]]]}},{"type":"Feature","properties":{"id":"RFB-0074","cls":"semi_permanent","area":48,"cost":12000,"tiv":575000.0,"tivCsv":575000.0,"lat":-0.10752,"lon":34.06563,"where":"LAKE","settlement":"other","density_class":"peri_urban","stratum":"floodplain","d10":0.0,"dr10":0.0,"loss10":0.0,"d20":0.0,"dr20":0.0,"loss20":0.0,"d50":0.0,"dr50":0.0,"loss50":0.0,"d100":0.0,"dr100":0.0,"loss100":0.0,"d200":0.0,"dr200":0.0,"loss200":0.0,"d500":0.0,"dr500":0.0,"loss500":0.0},"geometry":{"type":"Polygon","coordinates":[[[34.06293106172968,-0.11021693352497305],[34.068320938270325,-0.11021693352497305],[34.068320938270325,-0.10482706647502696],[34.06293106172968,-0.10482706647502696],[34.06293106172968,-0.11021693352497305]]]}},{"type":"Feature","properties":{"id":"RFB-0075","cls":"semi_permanent","area":43,"cost":13800,"tiv":595000.0,"tivCsv":595000.0,"lat":0.15238,"lon":34.19742,"where":"KE","settlement":"other","density_class":"rural","stratum":"floodplain","d10":0.0,"dr10":0.0,"loss10":0.0,"d20":0.0,"dr20":0.0,"loss20":0.0,"d50":0.0,"dr50":0.0,"loss50":0.0,"d100":0.0,"dr100":0.0,"loss100":0.0,"d200":0.0,"dr200":0.0,"loss200":0.0,"d500":0.0,"dr500":0.0,"loss500":0.0},"geometry":{"type":"Polygon","coordinates":[[[34.194728056944214,0.14968506647502694],[34.20011794305579,0.14968506647502694],[34.20011794305579,0.15507493352497304],[34.194728056944214,0.15507493352497304],[34.194728056944214,0.14968506647502694]]]}},{"type":"Feature","properties":{"id":"RFB-0076","cls":"informal_iron_sheet","area":13,"cost":6700,"tiv":85000.0,"tivCsv":85000.0,"lat":0.57195,"lon":34.80207,"where":"KE","settlement":"Webuye","density_class":"peri_urban","stratum":"floodplain","d10":0.0,"dr10":0.0,"loss10":0.0,"d20":0.0,"dr20":0.0,"loss20":0.0,"d50":0.0,"dr50":0.0,"loss50":0.0,"d100":0.0,"dr100":0.0,"loss100":0.0,"d200":0.0,"dr200":0.0,"loss200":0.0,"d500":0.0,"dr500":0.0,"loss500":0.0},"geometry":{"type":"Polygon","coordinates":[[[34.799373932195444,0.5692570664750269],[34.80476406780456,0.5692570664750269],[34.80476406780456,0.5746469335249731],[34.799373932195444,0.5746469335249731],[34.799373932195444,0.5692570664750269]]]}},{"type":"Feature","properties":{"id":"RFB-0077","cls":"informal_iron_sheet","area":25,"cost":8500,"tiv":210000.0,"tivCsv":210000.0,"lat":-0.12993,"lon":34.74432,"where":"KE","settlement":"Kisumu","density_class":"urban","stratum":"floodplain","d10":0.0,"dr10":0.0,"loss10":0.0,"d20":0.0,"dr20":0.0,"loss20":0.0,"d50":0.0,"dr50":0.0,"loss50":0.0,"d100":0.0,"dr100":0.0,"loss100":0.0,"d200":0.0,"dr200":0.0,"loss200":0.0,"d500":0.0,"dr500":0.0,"loss500":0.0},"geometry":{"type":"Polygon","coordinates":[[[34.741620059545355,-0.13262793352497304],[34.747009940454646,-0.13262793352497304],[34.747009940454646,-0.12723806647502695],[34.741620059545355,-0.12723806647502695],[34.741620059545355,-0.13262793352497304]]]}},{"type":"Feature","properties":{"id":"RFB-0078","cls":"permanent_masonry","area":132,"cost":49100,"tiv":6480000.0,"tivCsv":6480000.0,"lat":0.68542,"lon":34.87575,"where":"KE","settlement":"other","density_class":"peri_urban","stratum":"floodplain","d10":0.0,"dr10":0.0,"loss10":0.0,"d20":0.0,"dr20":0.0,"loss20":0.0,"d50":0.0,"dr50":0.0,"loss50":0.0,"d100":0.0,"dr100":0.0,"loss100":0.0,"d200":0.0,"dr200":0.0,"loss200":0.0,"d500":0.0,"dr500":0.0,"loss500":0.0},"geometry":{"type":"Polygon","coordinates":[[[34.87305787363,0.682722066475027],[34.87844812637,0.682722066475027],[34.87844812637,0.6881119335249731],[34.87305787363,0.6881119335249731],[34.87305787363,0.682722066475027]]]}},{"type":"Feature","properties":{"id":"RFB-0079","cls":"semi_permanent","area":38,"cost":14700,"tiv":560000.0,"tivCsv":560000.0,"lat":0.41354,"lon":34.58856,"where":"KE","settlement":"other","density_class":"peri_urban","stratum":"floodplain","d10":6.929999828338623,"dr10":0.9,"loss10":504000.0,"d20":7.710000038146973,"dr20":0.9,"loss20":504000.0,"d50":8.640000343322754,"dr50":0.9,"loss50":504000.0,"d100":9.25,"dr100":0.9,"loss100":504000.0,"d200":9.789999961853027,"dr200":0.9,"loss200":504000.0,"d500":10.4399995803833,"dr500":0.9,"loss500":504000.0},"geometry":{"type":"Polygon","coordinates":[[[34.58586599627925,0.4108420664750269],[34.591256003720744,0.4108420664750269],[34.591256003720744,0.41623193352497306],[34.58586599627925,0.41623193352497306],[34.58586599627925,0.4108420664750269]]]}},{"type":"Feature","properties":{"id":"RFB-0080","cls":"permanent_masonry","area":214,"cost":45400,"tiv":9715000.0,"tivCsv":9715000.0,"lat":0.43716,"lon":34.64919,"where":"KE","settlement":"other","density_class":"peri_urban","stratum":"floodplain","d10":0.0,"dr10":0.0,"loss10":0.0,"d20":0.0,"dr20":0.0,"loss20":0.0,"d50":0.0,"dr50":0.0,"loss50":0.0,"d100":0.0,"dr100":0.0,"loss100":0.0,"d200":0.0,"dr200":0.0,"loss200":0.0,"d500":0.0,"dr500":0.0,"loss500":0.0},"geometry":{"type":"Polygon","coordinates":[[[34.64649298803059,0.43446406647502694],[34.65188301196942,0.43446406647502694],[34.65188301196942,0.4398539335249731],[34.64649298803059,0.4398539335249731],[34.64649298803059,0.43446406647502694]]]}},{"type":"Feature","properties":{"id":"RFB-0081","cls":"permanent_masonry","area":124,"cost":58100,"tiv":7205000.0,"tivCsv":7205000.0,"lat":0.11531,"lon":33.9969,"where":"KE","settlement":"Port Victoria","density_class":"peri_urban","stratum":"floodplain","d10":0.0,"dr10":0.0,"loss10":0.0,"d20":0.0,"dr20":0.0,"loss20":0.0,"d50":0.0,"dr50":0.0,"loss50":0.0,"d100":0.0,"dr100":0.0,"loss100":0.0,"d200":0.0,"dr200":0.0,"loss200":0.0,"d500":0.0,"dr500":0.0,"loss500":0.0},"geometry":{"type":"Polygon","coordinates":[[[33.99420506101697,0.11261906647502695],[33.99959493898302,0.11261906647502695],[33.99959493898302,0.11800893352497305],[33.99420506101697,0.11800893352497305],[33.99420506101697,0.11261906647502695]]]}},{"type":"Feature","properties":{"id":"RFB-0082","cls":"semi_permanent","area":64,"cost":9400,"tiv":600000.0,"tivCsv":600000.0,"lat":0.32927,"lon":34.41442,"where":"KE","settlement":"Mumias","density_class":"peri_urban","stratum":"floodplain","d10":0.0,"dr10":0.0,"loss10":0.0,"d20":0.0,"dr20":0.0,"loss20":0.0,"d50":0.0,"dr50":0.0,"loss50":0.0,"d100":0.0,"dr100":0.0,"loss100":0.0,"d200":0.0,"dr200":0.0,"loss200":0.0,"d500":0.0,"dr500":0.0,"loss500":0.0},"geometry":{"type":"Polygon","coordinates":[[[34.41172102197321,0.32657306647502693],[34.4171109780268,0.32657306647502693],[34.4171109780268,0.3319629335249731],[34.41172102197321,0.3319629335249731],[34.41172102197321,0.32657306647502693]]]}},{"type":"Feature","properties":{"id":"RFB-0083","cls":"semi_permanent","area":29,"cost":8800,"tiv":255000.0,"tivCsv":255000.0,"lat":0.5965,"lon":34.7866,"where":"KE","settlement":"Webuye","density_class":"urban","stratum":"floodplain","d10":0.0,"dr10":0.0,"loss10":0.0,"d20":0.0,"dr20":0.0,"loss20":0.0,"d50":0.0,"dr50":0.0,"loss50":0.0,"d100":0.0,"dr100":0.0,"loss100":0.0,"d200":0.0,"dr200":0.0,"loss200":0.0,"d500":0.0,"dr500":0.0,"loss500":0.0},"geometry":{"type":"Polygon","coordinates":[[[34.78390292042303,0.593801066475027],[34.789293079576964,0.593801066475027],[34.789293079576964,0.5991909335249731],[34.78390292042303,0.5991909335249731],[34.78390292042303,0.593801066475027]]]}},{"type":"Feature","properties":{"id":"RFB-0084","cls":"semi_permanent","area":40,"cost":11500,"tiv":460000.0,"tivCsv":460000.0,"lat":0.69751,"lon":34.8896,"where":"KE","settlement":"other","density_class":"peri_urban","stratum":"floodplain","d10":0.0,"dr10":0.0,"loss10":0.0,"d20":0.0,"dr20":0.0,"loss20":0.0,"d50":0.0,"dr50":0.0,"loss50":0.0,"d100":0.0,"dr100":0.0,"loss100":0.0,"d200":0.0,"dr200":0.0,"loss200":0.0,"d500":0.0,"dr500":0.0,"loss500":0.0},"geometry":{"type":"Polygon","coordinates":[[[34.886904866767004,0.6948110664750269],[34.892295133233,0.6948110664750269],[34.892295133233,0.700200933524973],[34.886904866767004,0.700200933524973],[34.886904866767004,0.6948110664750269]]]}},{"type":"Feature","properties":{"id":"RFB-0085","cls":"informal_iron_sheet","area":19,"cost":7700,"tiv":145000.0,"tivCsv":145000.0,"lat":0.16455,"lon":34.13742,"where":"KE","settlement":"Rwambwa","density_class":"rural","stratum":"floodplain","d10":0.0,"dr10":0.0,"loss10":0.0,"d20":0.0,"dr20":0.0,"loss20":0.0,"d50":0.0,"dr50":0.0,"loss50":0.0,"d100":0.0,"dr100":0.0,"loss100":0.0,"d200":0.0,"dr200":0.0,"loss200":0.0,"d500":0.0,"dr500":0.0,"loss500":0.0},"geometry":{"type":"Polygon","coordinates":[[[34.13472705536158,0.16185106647502695],[34.14011694463842,0.16185106647502695],[34.14011694463842,0.16724093352497305],[34.13472705536158,0.16724093352497305],[34.13472705536158,0.16185106647502695]]]}},{"type":"Feature","properties":{"id":"RFB-0086","cls":"informal_iron_sheet","area":10,"cost":8100,"tiv":80000.0,"tivCsv":80000.0,"lat":0.33202,"lon":34.46408,"where":"KE","settlement":"Mumias","density_class":"peri_urban","stratum":"floodplain","d10":0.0,"dr10":0.0,"loss10":0.0,"d20":0.0,"dr20":0.0,"loss20":0.0,"d50":0.0,"dr50":0.0,"loss50":0.0,"d100":0.0,"dr100":0.0,"loss100":0.0,"d200":0.0,"dr200":0.0,"loss200":0.0,"d500":0.0,"dr500":0.0,"loss500":0.0},"geometry":{"type":"Polygon","coordinates":[[[34.4613820212262,0.3293250664750269],[34.46677197877381,0.3293250664750269],[34.46677197877381,0.33471493352497306],[34.4613820212262,0.33471493352497306],[34.4613820212262,0.3293250664750269]]]}},{"type":"Feature","properties":{"id":"RFB-0087","cls":"semi_permanent","area":35,"cost":11500,"tiv":400000.0,"tivCsv":400000.0,"lat":0.17392,"lon":34.23569,"where":"KE","settlement":"other","density_class":"peri_urban","stratum":"floodplain","d10":0.0,"dr10":0.0,"loss10":0.0,"d20":0.0,"dr20":0.0,"loss20":0.0,"d50":0.0,"dr50":0.0,"loss50":0.0,"d100":0.0,"dr100":0.0,"loss100":0.0,"d200":0.0,"dr200":0.0,"loss200":0.0,"d500":0.0,"dr500":0.0,"loss500":0.0},"geometry":{"type":"Polygon","coordinates":[[[34.232995054059685,0.17122206647502694],[34.23838494594031,0.17122206647502694],[34.23838494594031,0.17661193352497304],[34.232995054059685,0.17661193352497304],[34.232995054059685,0.17122206647502694]]]}},{"type":"Feature","properties":{"id":"RFB-0088","cls":"semi_permanent","area":26,"cost":13000,"tiv":340000.0,"tivCsv":340000.0,"lat":0.20775,"lon":34.24737,"where":"KE","settlement":"Bumala","density_class":"peri_urban","stratum":"floodplain","d10":0.0,"dr10":0.0,"loss10":0.0,"d20":0.0,"dr20":0.0,"loss20":0.0,"d50":0.0,"dr50":0.0,"loss50":0.0,"d100":0.0,"dr100":0.0,"loss100":0.0,"d200":0.0,"dr200":0.0,"loss200":0.0,"d500":0.0,"dr500":0.0,"loss500":0.0},"geometry":{"type":"Polygon","coordinates":[[[34.24467404875869,0.20505906647502695],[34.25006395124131,0.20505906647502695],[34.25006395124131,0.21044893352497304],[34.24467404875869,0.21044893352497304],[34.24467404875869,0.20505906647502695]]]}},{"type":"Feature","properties":{"id":"RFB-0089","cls":"informal_iron_sheet","area":16,"cost":6200,"tiv":100000.0,"tivCsv":100000.0,"lat":-0.10126,"lon":34.74384,"where":"KE","settlement":"Kisumu","density_class":"peri_urban","stratum":"floodplain","d10":0.0,"dr10":0.0,"loss10":0.0,"d20":0.0,"dr20":0.0,"loss20":0.0,"d50":0.0,"dr50":0.0,"loss50":0.0,"d100":0.0,"dr100":0.0,"loss100":0.0,"d200":0.0,"dr200":0.0,"loss200":0.0,"d500":0.0,"dr500":0.0,"loss500":0.0},"geometry":{"type":"Polygon","coordinates":[[[34.74114106226615,-0.10395693352497305],[34.74653093773385,-0.10395693352497305],[34.74653093773385,-0.09856706647502696],[34.74114106226615,-0.09856706647502696],[34.74114106226615,-0.10395693352497305]]]}},{"type":"Feature","properties":{"id":"RFB-0090","cls":"permanent_masonry","area":215,"cost":54200,"tiv":11655000.0,"tivCsv":11655000.0,"lat":-0.12439,"lon":34.75294,"where":"KE","settlement":"Kisumu","density_class":"urban","stratum":"floodplain","d10":0.0,"dr10":0.0,"loss10":0.0,"d20":0.0,"dr20":0.0,"loss20":0.0,"d50":0.0,"dr50":0.0,"loss50":0.0,"d100":0.0,"dr100":0.0,"loss100":0.0,"d200":0.0,"dr200":0.0,"loss200":0.0,"d500":0.0,"dr500":0.0,"loss500":0.0},"geometry":{"type":"Polygon","coordinates":[[[34.7502400601244,-0.12708093352497304],[34.755629939875604,-0.12708093352497304],[34.755629939875604,-0.12169106647502695],[34.7502400601244,-0.12169106647502695],[34.7502400601244,-0.12708093352497304]]]}},{"type":"Feature","properties":{"id":"RFB-0091","cls":"permanent_masonry","area":148,"cost":58200,"tiv":8615000.0,"tivCsv":8615000.0,"lat":0.53161,"lon":34.75255,"where":"KE","settlement":"Kakamega","density_class":"peri_urban","stratum":"floodplain","d10":0.0,"dr10":0.0,"loss10":0.0,"d20":0.0,"dr20":0.0,"loss20":0.0,"d50":0.0,"dr50":0.0,"loss50":0.0,"d100":0.0,"dr100":0.0,"loss100":0.0,"d200":0.0,"dr200":0.0,"loss200":0.0,"d500":0.0,"dr500":0.0,"loss500":0.0},"geometry":{"type":"Polygon","coordinates":[[[34.749854950469704,0.5289170664750269],[34.755245049530295,0.5289170664750269],[34.755245049530295,0.534306933524973],[34.749854950469704,0.534306933524973],[34.749854950469704,0.5289170664750269]]]}},{"type":"Feature","properties":{"id":"RFB-0092","cls":"permanent_masonry","area":124,"cost":49000,"tiv":6075000.0,"tivCsv":6075000.0,"lat":-0.12833,"lon":34.74537,"where":"KE","settlement":"Kisumu","density_class":"urban","stratum":"floodplain","d10":0.0,"dr10":0.0,"loss10":0.0,"d20":0.0,"dr20":0.0,"loss20":0.0,"d50":0.0,"dr50":0.0,"loss50":0.0,"d100":0.0,"dr100":0.0,"loss100":0.0,"d200":0.0,"dr200":0.0,"loss200":0.0,"d500":0.0,"dr500":0.0,"loss500":0.0},"geometry":{"type":"Polygon","coordinates":[[[34.74267305971529,-0.13102493352497305],[34.74806294028471,-0.13102493352497305],[34.74806294028471,-0.12563506647502695],[34.74267305971529,-0.12563506647502695],[34.74267305971529,-0.13102493352497305]]]}},{"type":"Feature","properties":{"id":"RFB-0093","cls":"informal_iron_sheet","area":12,"cost":8700,"tiv":105000.0,"tivCsv":105000.0,"lat":0.06715,"lon":33.9937,"where":"KE","settlement":"Budalangi","density_class":"peri_urban","stratum":"floodplain","d10":3.0,"dr10":0.899,"loss10":94395.0,"d20":3.119999885559082,"dr20":0.909,"loss20":95445.0,"d50":3.240000009536743,"dr50":0.917,"loss50":96285.0,"d100":3.3299999237060547,"dr100":0.923,"loss100":96915.0,"d200":3.4000000953674316,"dr200":0.927,"loss200":97335.0,"d500":3.5,"dr500":0.934,"loss500":98070.0},"geometry":{"type":"Polygon","coordinates":[[[33.991004064624036,0.06445806647502696],[33.99639393537596,0.06445806647502696],[33.99639393537596,0.06984793352497305],[33.991004064624036,0.06984793352497305],[33.991004064624036,0.06445806647502696]]]}},{"type":"Feature","properties":{"id":"RFB-0094","cls":"informal_iron_sheet","area":16,"cost":5900,"tiv":95000.0,"tivCsv":95000.0,"lat":0.13823,"lon":34.01328,"where":"KE","settlement":"Port Victoria","density_class":"peri_urban","stratum":"floodplain","d10":0.0,"dr10":0.0,"loss10":0.0,"d20":0.0,"dr20":0.0,"loss20":0.0,"d50":0.0,"dr50":0.0,"loss50":0.0,"d100":0.0,"dr100":0.0,"loss100":0.0,"d200":0.0,"dr200":0.0,"loss200":0.0,"d500":0.0,"dr500":0.0,"loss500":0.0},"geometry":{"type":"Polygon","coordinates":[[[34.01058605863209,0.13553506647502694],[34.015975941367905,0.13553506647502694],[34.015975941367905,0.14092493352497304],[34.01058605863209,0.14092493352497304],[34.01058605863209,0.13553506647502694]]]}},{"type":"Feature","properties":{"id":"RFB-0095","cls":"informal_iron_sheet","area":19,"cost":8400,"tiv":160000.0,"tivCsv":160000.0,"lat":0.12642,"lon":34.12193,"where":"KE","settlement":"Rwambwa","density_class":"peri_urban","stratum":"floodplain","d10":6.96999979019165,"dr10":0.95,"loss10":152000.0,"d20":7.25,"dr20":0.95,"loss20":152000.0,"d50":7.559999942779541,"dr50":0.95,"loss50":152000.0,"d100":7.769999980926514,"dr100":0.95,"loss100":152000.0,"d200":7.96999979019165,"dr200":0.95,"loss200":152000.0,"d500":8.199999809265137,"dr500":0.95,"loss500":152000.0},"geometry":{"type":"Polygon","coordinates":[[[34.119231059915215,0.12372306647502695],[34.12462094008479,0.12372306647502695],[34.12462094008479,0.12911293352497305],[34.119231059915215,0.12911293352497305],[34.119231059915215,0.12372306647502695]]]}},{"type":"Feature","properties":{"id":"RFB-0096","cls":"semi_permanent","area":77,"cost":11800,"tiv":910000.0,"tivCsv":910000.0,"lat":0.23927,"lon":34.35213,"where":"KE","settlement":"other","density_class":"peri_urban","stratum":"floodplain","d10":0.0,"dr10":0.0,"loss10":0.0,"d20":0.0,"dr20":0.0,"loss20":0.0,"d50":0.0,"dr50":0.0,"loss50":0.0,"d100":0.0,"dr100":0.0,"loss100":0.0,"d200":0.0,"dr200":0.0,"loss200":0.0,"d500":0.0,"dr500":0.0,"loss500":0.0},"geometry":{"type":"Polygon","coordinates":[[[34.34943004297547,0.23657706647502696],[34.35481995702453,0.23657706647502696],[34.35481995702453,0.24196693352497306],[34.34943004297547,0.24196693352497306],[34.34943004297547,0.23657706647502696]]]}},{"type":"Feature","properties":{"id":"RFB-0097","cls":"concrete_rcc","area":265,"cost":72300,"tiv":19160000.0,"tivCsv":19160000.0,"lat":-0.12426,"lon":34.75621,"where":"KE","settlement":"Kisumu","density_class":"urban","stratum":"floodplain","d10":0.0,"dr10":0.0,"loss10":0.0,"d20":0.0,"dr20":0.0,"loss20":0.0,"d50":0.0,"dr50":0.0,"loss50":0.0,"d100":0.0,"dr100":0.0,"loss100":0.0,"d200":0.0,"dr200":0.0,"loss200":0.0,"d500":0.0,"dr500":0.0,"loss500":0.0},"geometry":{"type":"Polygon","coordinates":[[[34.75351006013695,-0.12695793352497306],[34.75889993986305,-0.12695793352497306],[34.75889993986305,-0.12156806647502695],[34.75351006013695,-0.12156806647502695],[34.75351006013695,-0.12695793352497306]]]}},{"type":"Feature","properties":{"id":"RFB-0098","cls":"permanent_masonry","area":149,"cost":61200,"tiv":9120000.0,"tivCsv":9120000.0,"lat":0.47126,"lon":34.6554,"where":"KE","settlement":"other","density_class":"peri_urban","stratum":"floodplain","d10":0.0,"dr10":0.0,"loss10":0.0,"d20":0.0,"dr20":0.0,"loss20":0.0,"d50":0.0,"dr50":0.0,"loss50":0.0,"d100":0.0,"dr100":0.0,"loss100":0.0,"d200":0.0,"dr200":0.0,"loss200":0.0,"d500":0.0,"dr500":0.0,"loss500":0.0},"geometry":{"type":"Polygon","coordinates":[[[34.65270197531502,0.4685640664750269],[34.65809202468498,0.4685640664750269],[34.65809202468498,0.47395393352497306],[34.65270197531502,0.47395393352497306],[34.65270197531502,0.4685640664750269]]]}},{"type":"Feature","properties":{"id":"RFB-0099","cls":"semi_permanent","area":41,"cost":14000,"tiv":575000.0,"tivCsv":575000.0,"lat":0.1696,"lon":34.22427,"where":"KE","settlement":"other","density_class":"peri_urban","stratum":"floodplain","d10":0.0,"dr10":0.0,"loss10":0.0,"d20":0.0,"dr20":0.0,"loss20":0.0,"d50":0.0,"dr50":0.0,"loss50":0.0,"d100":0.0,"dr100":0.0,"loss100":0.0,"d200":0.0,"dr200":0.0,"loss200":0.0,"d500":0.0,"dr500":0.0,"loss500":0.0},"geometry":{"type":"Polygon","coordinates":[[[34.22157505466797,0.16690806647502696],[34.22696494533202,0.16690806647502696],[34.22696494533202,0.17229793352497305],[34.22157505466797,0.17229793352497305],[34.22157505466797,0.16690806647502696]]]}},{"type":"Feature","properties":{"id":"RFB-0100","cls":"semi_permanent","area":33,"cost":13900,"tiv":460000.0,"tivCsv":460000.0,"lat":0.01384,"lon":34.00691,"where":"KE","settlement":"Budalangi","density_class":"rural","stratum":"floodplain","d10":0.15000000596046448,"dr10":0.074,"loss10":34040.0,"d20":0.20000000298023224,"dr20":0.099,"loss20":45540.0,"d50":0.25999999046325684,"dr50":0.129,"loss50":59340.0,"d100":0.30000001192092896,"dr100":0.149,"loss100":68540.0,"d200":0.3400000035762787,"dr200":0.168,"loss200":77280.0,"d500":0.3799999952316284,"dr500":0.188,"loss500":86480.0},"geometry":{"type":"Polygon","coordinates":[[[34.00421406639635,0.011150066475026948],[34.00960393360365,0.011150066475026948],[34.00960393360365,0.01653993352497305],[34.00421406639635,0.01653993352497305],[34.00421406639635,0.011150066475026948]]]}},{"type":"Feature","properties":{"id":"RFB-0101","cls":"permanent_masonry","area":64,"cost":52400,"tiv":3355000.0,"tivCsv":3355000.0,"lat":0.5897,"lon":34.79918,"where":"KE","settlement":"Webuye","density_class":"urban","stratum":"floodplain","d10":0.0,"dr10":0.0,"loss10":0.0,"d20":0.0,"dr20":0.0,"loss20":0.0,"d50":0.0,"dr50":0.0,"loss50":0.0,"d100":0.0,"dr100":0.0,"loss100":0.0,"d200":0.0,"dr200":0.0,"loss200":0.0,"d500":0.0,"dr500":0.0,"loss500":0.0},"geometry":{"type":"Polygon","coordinates":[[[34.79648792373416,0.5870010664750269],[34.80187807626584,0.5870010664750269],[34.80187807626584,0.5923909335249731],[34.79648792373416,0.5923909335249731],[34.79648792373416,0.5870010664750269]]]}},{"type":"Feature","properties":{"id":"RFB-0102","cls":"semi_permanent","area":34,"cost":15300,"tiv":520000.0,"tivCsv":520000.0,"lat":0.15643,"lon":34.13233,"where":"KE","settlement":"Rwambwa","density_class":"peri_urban","stratum":"floodplain","d10":0.0,"dr10":0.0,"loss10":0.0,"d20":0.0,"dr20":0.0,"loss20":0.0,"d50":0.0,"dr50":0.0,"loss50":0.0,"d100":0.0,"dr100":0.0,"loss100":0.0,"d200":0.0,"dr200":0.0,"loss200":0.0,"d500":0.0,"dr500":0.0,"loss500":0.0},"geometry":{"type":"Polygon","coordinates":[[[34.1296360564306,0.15373706647502694],[34.1350259435694,0.15373706647502694],[34.1350259435694,0.15912693352497304],[34.1296360564306,0.15912693352497304],[34.1296360564306,0.15373706647502694]]]}},{"type":"Feature","properties":{"id":"RFB-0103","cls":"permanent_masonry","area":201,"cost":58900,"tiv":11840000.0,"tivCsv":11840000.0,"lat":0.36447,"lon":34.50721,"where":"KE","settlement":"Mumias","density_class":"urban","stratum":"floodplain","d10":0.0,"dr10":0.0,"loss10":0.0,"d20":0.0,"dr20":0.0,"loss20":0.0,"d50":0.0,"dr50":0.0,"loss50":0.0,"d100":0.0,"dr100":0.0,"loss100":0.0,"d200":0.0,"dr200":0.0,"loss200":0.0,"d500":0.0,"dr500":0.0,"loss500":0.0},"geometry":{"type":"Polygon","coordinates":[[[34.50451801194842,0.36177706647502694],[34.50990798805158,0.36177706647502694],[34.50990798805158,0.3671669335249731],[34.50451801194842,0.3671669335249731],[34.50451801194842,0.36177706647502694]]]}},{"type":"Feature","properties":{"id":"RFB-0104","cls":"permanent_masonry","area":274,"cost":43700,"tiv":11975000.0,"tivCsv":11975000.0,"lat":0.08713,"lon":34.05779,"where":"KE","settlement":"Rwambwa","density_class":"peri_urban","stratum":"floodplain","d10":0.0,"dr10":0.0,"loss10":0.0,"d20":0.0,"dr20":0.0,"loss20":0.0,"d50":0.009999999776482582,"dr50":0.004,"loss50":47900.0,"d100":0.019999999552965164,"dr100":0.007,"loss100":83825.0,"d200":0.03999999910593033,"dr200":0.015,"loss200":179625.0,"d500":0.07000000029802322,"dr500":0.026,"loss500":311350.0},"geometry":{"type":"Polygon","coordinates":[[[34.05510006335866,0.08443906647502696],[34.06048993664134,0.08443906647502696],[34.06048993664134,0.08982893352497305],[34.05510006335866,0.08982893352497305],[34.05510006335866,0.08443906647502696]]]}},{"type":"Feature","properties":{"id":"RFB-0105","cls":"informal_iron_sheet","area":26,"cost":6800,"tiv":175000.0,"tivCsv":175000.0,"lat":0.62869,"lon":34.84092,"where":"KE","settlement":"Webuye","density_class":"peri_urban","stratum":"floodplain","d10":5.239999771118164,"dr10":0.95,"loss10":166250.0,"d20":5.860000133514404,"dr20":0.95,"loss20":166250.0,"d50":6.619999885559082,"dr50":0.95,"loss50":166250.0,"d100":7.139999866485596,"dr100":0.95,"loss100":166250.0,"d200":7.639999866485596,"dr200":0.95,"loss200":166250.0,"d500":8.270000457763672,"dr500":0.95,"loss500":166250.0},"geometry":{"type":"Polygon","coordinates":[[[34.83821990423087,0.6259960664750269],[34.84361009576914,0.6259960664750269],[34.84361009576914,0.6313859335249731],[34.83821990423087,0.6313859335249731],[34.83821990423087,0.6259960664750269]]]}},{"type":"Feature","properties":{"id":"RFB-0106","cls":"semi_permanent","area":48,"cost":10300,"tiv":495000.0,"tivCsv":495000.0,"lat":0.16101,"lon":34.16976,"where":"KE","settlement":"Rwambwa","density_class":"peri_urban","stratum":"floodplain","d10":0.0,"dr10":0.0,"loss10":0.0,"d20":0.0,"dr20":0.0,"loss20":0.0,"d50":0.0,"dr50":0.0,"loss50":0.0,"d100":0.0,"dr100":0.0,"loss100":0.0,"d200":0.0,"dr200":0.0,"loss200":0.0,"d500":0.0,"dr500":0.0,"loss500":0.0},"geometry":{"type":"Polygon","coordinates":[[[34.16706205583369,0.15831806647502694],[34.172451944166305,0.15831806647502694],[34.172451944166305,0.16370793352497304],[34.16706205583369,0.16370793352497304],[34.16706205583369,0.15831806647502694]]]}},{"type":"Feature","properties":{"id":"RFB-0107","cls":"semi_permanent","area":66,"cost":10200,"tiv":675000.0,"tivCsv":675000.0,"lat":-0.07008,"lon":34.04308,"where":"KE","settlement":"other","density_class":"peri_urban","stratum":"floodplain","d10":0.0,"dr10":0.0,"loss10":0.0,"d20":0.0,"dr20":0.0,"loss20":0.0,"d50":0.0,"dr50":0.0,"loss50":0.0,"d100":0.0,"dr100":0.0,"loss100":0.0,"d200":0.0,"dr200":0.0,"loss200":0.0,"d500":0.0,"dr500":0.0,"loss500":0.0},"geometry":{"type":"Polygon","coordinates":[[[34.040382064459045,-0.07277693352497305],[34.04577193554095,-0.07277693352497305],[34.04577193554095,-0.06738706647502696],[34.040382064459045,-0.06738706647502696],[34.040382064459045,-0.07277693352497305]]]}},{"type":"Feature","properties":{"id":"RFB-0108","cls":"informal_iron_sheet","area":13,"cost":5400,"tiv":70000.0,"tivCsv":70000.0,"lat":0.14857,"lon":34.06573,"where":"KE","settlement":"Rwambwa","density_class":"peri_urban","stratum":"floodplain","d10":0.0,"dr10":0.0,"loss10":0.0,"d20":0.0,"dr20":0.0,"loss20":0.0,"d50":0.0,"dr50":0.0,"loss50":0.0,"d100":0.0,"dr100":0.0,"loss100":0.0,"d200":0.0,"dr200":0.0,"loss200":0.0,"d500":0.0,"dr500":0.0,"loss500":0.0},"geometry":{"type":"Polygon","coordinates":[[[34.06303205741523,0.14587206647502696],[34.06842194258478,0.14587206647502696],[34.06842194258478,0.15126193352497305],[34.06303205741523,0.15126193352497305],[34.06303205741523,0.14587206647502696]]]}},{"type":"Feature","properties":{"id":"RFB-0109","cls":"semi_permanent","area":51,"cost":8600,"tiv":440000.0,"tivCsv":440000.0,"lat":0.38659,"lon":34.56943,"where":"KE","settlement":"Mumias","density_class":"peri_urban","stratum":"floodplain","d10":0.0,"dr10":0.0,"loss10":0.0,"d20":0.0,"dr20":0.0,"loss20":0.0,"d50":0.0,"dr50":0.0,"loss50":0.0,"d100":0.0,"dr100":0.0,"loss100":0.0,"d200":0.0,"dr200":0.0,"loss200":0.0,"d500":0.0,"dr500":0.0,"loss500":0.0},"geometry":{"type":"Polygon","coordinates":[[[34.56673400512832,0.3838990664750269],[34.57212399487168,0.3838990664750269],[34.57212399487168,0.38928893352497307],[34.56673400512832,0.38928893352497307],[34.56673400512832,0.3838990664750269]]]}},{"type":"Feature","properties":{"id":"RFB-0110","cls":"informal_iron_sheet","area":15,"cost":6200,"tiv":95000.0,"tivCsv":95000.0,"lat":0.13208,"lon":34.09024,"where":"KE","settlement":"Rwambwa","density_class":"peri_urban","stratum":"floodplain","d10":1.25,"dr10":0.604,"loss10":57380.0,"d20":1.4199999570846558,"dr20":0.651,"loss20":61845.0,"d50":1.6200000047683716,"dr50":0.706,"loss50":67070.0,"d100":1.7599999904632568,"dr100":0.745,"loss100":70775.0,"d200":1.8899999856948853,"dr200":0.778,"loss200":73910.0,"d500":2.0399999618530273,"dr500":0.798,"loss500":75810.0},"geometry":{"type":"Polygon","coordinates":[[[34.087546059314235,0.12938706647502696],[34.09293594068576,0.12938706647502696],[34.09293594068576,0.13477693352497305],[34.087546059314235,0.13477693352497305],[34.087546059314235,0.12938706647502696]]]}},{"type":"Feature","properties":{"id":"RFB-0111","cls":"permanent_masonry","area":62,"cost":53600,"tiv":3325000.0,"tivCsv":3325000.0,"lat":0.37584,"lon":34.57455,"where":"KE","settlement":"Mumias","density_class":"peri_urban","stratum":"floodplain","d10":0.0,"dr10":0.0,"loss10":0.0,"d20":0.0,"dr20":0.0,"loss20":0.0,"d50":0.0,"dr50":0.0,"loss50":0.0,"d100":0.0,"dr100":0.0,"loss100":0.0,"d200":0.0,"dr200":0.0,"loss200":0.0,"d500":0.0,"dr500":0.0,"loss500":0.0},"geometry":{"type":"Polygon","coordinates":[[[34.57185500849515,0.37314106647502693],[34.577244991504855,0.37314106647502693],[34.577244991504855,0.3785309335249731],[34.57185500849515,0.3785309335249731],[34.57185500849515,0.37314106647502693]]]}},{"type":"Feature","properties":{"id":"RFB-0112","cls":"permanent_masonry","area":233,"cost":49300,"tiv":11485000.0,"tivCsv":11485000.0,"lat":0.11888,"lon":34.10508,"where":"KE","settlement":"Rwambwa","density_class":"peri_urban","stratum":"floodplain","d10":7.809999942779541,"dr10":0.85,"loss10":9762250.0,"d20":8.050000190734863,"dr20":0.85,"loss20":9762250.0,"d50":8.300000190734863,"dr50":0.85,"loss50":9762250.0,"d100":8.470000267028809,"dr100":0.85,"loss100":9762250.0,"d200":8.630000114440918,"dr200":0.85,"loss200":9762250.0,"d500":8.8100004196167,"dr500":0.85,"loss500":9762250.0},"geometry":{"type":"Polygon","coordinates":[[[34.102381060673984,0.11618706647502695],[34.10777093932601,0.11618706647502695],[34.10777093932601,0.12157693352497305],[34.102381060673984,0.12157693352497305],[34.102381060673984,0.11618706647502695]]]}},{"type":"Feature","properties":{"id":"RFB-0113","cls":"permanent_masonry","area":190,"cost":58900,"tiv":11190000.0,"tivCsv":11190000.0,"lat":0.58695,"lon":34.7859,"where":"KE","settlement":"Webuye","density_class":"urban","stratum":"floodplain","d10":0.0,"dr10":0.0,"loss10":0.0,"d20":0.0,"dr20":0.0,"loss20":0.0,"d50":0.0,"dr50":0.0,"loss50":0.0,"d100":0.0,"dr100":0.0,"loss100":0.0,"d200":0.0,"dr200":0.0,"loss200":0.0,"d500":0.0,"dr500":0.0,"loss500":0.0},"geometry":{"type":"Polygon","coordinates":[[[34.783203925059546,0.584257066475027],[34.788594074940455,0.584257066475027],[34.788594074940455,0.5896469335249731],[34.783203925059546,0.5896469335249731],[34.783203925059546,0.584257066475027]]]}},{"type":"Feature","properties":{"id":"RFB-0114","cls":"semi_permanent","area":52,"cost":15500,"tiv":805000.0,"tivCsv":805000.0,"lat":0.44042,"lon":34.62206,"where":"KE","settlement":"other","density_class":"peri_urban","stratum":"floodplain","d10":0.0,"dr10":0.0,"loss10":0.0,"d20":0.0,"dr20":0.0,"loss20":0.0,"d50":0.0,"dr50":0.0,"loss50":0.0,"d100":0.0,"dr100":0.0,"loss100":0.0,"d200":0.0,"dr200":0.0,"loss200":0.0,"d500":0.0,"dr500":0.0,"loss500":0.0},"geometry":{"type":"Polygon","coordinates":[[[34.61936898685551,0.43772606647502693],[34.62475901314449,0.43772606647502693],[34.62475901314449,0.4431159335249731],[34.61936898685551,0.4431159335249731],[34.61936898685551,0.43772606647502693]]]}},{"type":"Feature","properties":{"id":"RFB-0115","cls":"semi_permanent","area":32,"cost":8400,"tiv":270000.0,"tivCsv":270000.0,"lat":0.67939,"lon":34.86509,"where":"KE","settlement":"other","density_class":"peri_urban","stratum":"floodplain","d10":4.329999923706055,"dr10":0.877,"loss10":236790.0,"d20":4.849999904632568,"dr20":0.9,"loss20":243000.0,"d50":5.480000019073486,"dr50":0.9,"loss50":243000.0,"d100":5.920000076293945,"dr100":0.9,"loss100":243000.0,"d200":6.349999904632568,"dr200":0.9,"loss200":243000.0,"d500":6.880000114440918,"dr500":0.9,"loss500":243000.0},"geometry":{"type":"Polygon","coordinates":[[[34.86239187700841,0.6766920664750269],[34.86778212299159,0.6766920664750269],[34.86778212299159,0.682081933524973],[34.86239187700841,0.682081933524973],[34.86239187700841,0.6766920664750269]]]}},{"type":"Feature","properties":{"id":"RFB-0116","cls":"semi_permanent","area":31,"cost":10200,"tiv":315000.0,"tivCsv":315000.0,"lat":0.60677,"lon":34.78503,"where":"KE","settlement":"Webuye","density_class":"peri_urban","stratum":"floodplain","d10":0.0,"dr10":0.0,"loss10":0.0,"d20":0.0,"dr20":0.0,"loss20":0.0,"d50":0.0,"dr50":0.0,"loss50":0.0,"d100":0.0,"dr100":0.0,"loss100":0.0,"d200":0.0,"dr200":0.0,"loss200":0.0,"d500":0.0,"dr500":0.0,"loss500":0.0},"geometry":{"type":"Polygon","coordinates":[[[34.782331915349786,0.6040720664750269],[34.78772208465021,0.6040720664750269],[34.78772208465021,0.609461933524973],[34.782331915349786,0.609461933524973],[34.782331915349786,0.6040720664750269]]]}},{"type":"Feature","properties":{"id":"RFB-0117","cls":"semi_permanent","area":45,"cost":12300,"tiv":555000.0,"tivCsv":555000.0,"lat":0.21723,"lon":34.29866,"where":"KE","settlement":"other","density_class":"rural","stratum":"floodplain","d10":4.869999885559082,"dr10":0.9,"loss10":499500.0,"d20":5.440000057220459,"dr20":0.9,"loss20":499500.0,"d50":6.139999866485596,"dr50":0.9,"loss50":499500.0,"d100":6.630000114440918,"dr100":0.9,"loss100":499500.0,"d200":7.110000133514404,"dr200":0.9,"loss200":499500.0,"d500":7.71999979019165,"dr500":0.9,"loss500":499500.0},"geometry":{"type":"Polygon","coordinates":[[[34.29596604710497,0.21453906647502696],[34.30135595289504,0.21453906647502696],[34.30135595289504,0.21992893352497306],[34.29596604710497,0.21992893352497306],[34.29596604710497,0.21453906647502696]]]}},{"type":"Feature","properties":{"id":"RFB-0118","cls":"semi_permanent","area":53,"cost":13400,"tiv":710000.0,"tivCsv":710000.0,"lat":0.47146,"lon":34.63081,"where":"KE","settlement":"other","density_class":"peri_urban","stratum":"floodplain","d10":0.0,"dr10":0.0,"loss10":0.0,"d20":0.0,"dr20":0.0,"loss20":0.0,"d50":0.0,"dr50":0.0,"loss50":0.0,"d100":0.0,"dr100":0.0,"loss100":0.0,"d200":0.0,"dr200":0.0,"loss200":0.0,"d500":0.0,"dr500":0.0,"loss500":0.0},"geometry":{"type":"Polygon","coordinates":[[[34.628111975238006,0.4687630664750269],[34.63350202476199,0.4687630664750269],[34.63350202476199,0.47415293352497306],[34.628111975238006,0.47415293352497306],[34.628111975238006,0.4687630664750269]]]}},{"type":"Feature","properties":{"id":"RFB-0119","cls":"permanent_masonry","area":94,"cost":47000,"tiv":4420000.0,"tivCsv":4420000.0,"lat":0.28632,"lon":34.42401,"where":"KE","settlement":"Mumias","density_class":"peri_urban","stratum":"floodplain","d10":0.0,"dr10":0.0,"loss10":0.0,"d20":0.0,"dr20":0.0,"loss20":0.0,"d50":0.0,"dr50":0.0,"loss50":0.0,"d100":0.0,"dr100":0.0,"loss100":0.0,"d200":0.0,"dr200":0.0,"loss200":0.0,"d500":0.0,"dr500":0.0,"loss500":0.0},"geometry":{"type":"Polygon","coordinates":[[[34.421312032825135,0.2836260664750269],[34.42670196717487,0.2836260664750269],[34.42670196717487,0.28901593352497307],[34.421312032825135,0.28901593352497307],[34.421312032825135,0.2836260664750269]]]}},{"type":"Feature","properties":{"id":"RFB-0120","cls":"semi_permanent","area":51,"cost":13300,"tiv":680000.0,"tivCsv":680000.0,"lat":0.13205,"lon":34.11968,"where":"KE","settlement":"Rwambwa","density_class":"peri_urban","stratum":"floodplain","d10":6.96999979019165,"dr10":0.9,"loss10":612000.0,"d20":7.25,"dr20":0.9,"loss20":612000.0,"d50":7.559999942779541,"dr50":0.9,"loss50":612000.0,"d100":7.769999980926514,"dr100":0.9,"loss100":612000.0,"d200":7.96999979019165,"dr200":0.9,"loss200":612000.0,"d500":8.199999809265137,"dr500":0.9,"loss500":612000.0},"geometry":{"type":"Polygon","coordinates":[[[34.116982059317706,0.12935506647502695],[34.1223719406823,0.12935506647502695],[34.1223719406823,0.13474493352497305],[34.116982059317706,0.13474493352497305],[34.116982059317706,0.12935506647502695]]]}},{"type":"Feature","properties":{"id":"RFB-0121","cls":"concrete_rcc","area":329,"cost":68200,"tiv":22440000.0,"tivCsv":22440000.0,"lat":-0.0703,"lon":34.06558,"where":"KE","settlement":"other","density_class":"urban","stratum":"floodplain","d10":0.0,"dr10":0.0,"loss10":0.0,"d20":0.0,"dr20":0.0,"loss20":0.0,"d50":0.0,"dr50":0.0,"loss50":0.0,"d100":0.0,"dr100":0.0,"loss100":0.0,"d200":0.0,"dr200":0.0,"loss200":0.0,"d500":0.0,"dr500":0.0,"loss500":0.0},"geometry":{"type":"Polygon","coordinates":[[[34.06288306444666,-0.07299193352497305],[34.068272935553345,-0.07299193352497305],[34.068272935553345,-0.06760206647502695],[34.06288306444666,-0.06760206647502695],[34.06288306444666,-0.07299193352497305]]]}},{"type":"Feature","properties":{"id":"RFB-0122","cls":"permanent_masonry","area":109,"cost":51400,"tiv":5605000.0,"tivCsv":5605000.0,"lat":0.37335,"lon":34.5018,"where":"KE","settlement":"Mumias","density_class":"urban","stratum":"floodplain","d10":6.28000020980835,"dr10":0.85,"loss10":4764250.0,"d20":6.769999980926514,"dr20":0.85,"loss20":4764250.0,"d50":7.340000152587891,"dr50":0.85,"loss50":4764250.0,"d100":7.739999771118164,"dr100":0.85,"loss100":4764250.0,"d200":8.119999885559082,"dr200":0.85,"loss200":4764250.0,"d500":8.600000381469727,"dr500":0.85,"loss500":4764250.0},"geometry":{"type":"Polygon","coordinates":[[[34.499103009258114,0.3706600664750269],[34.50449299074189,0.3706600664750269],[34.50449299074189,0.37604993352497307],[34.499103009258114,0.37604993352497307],[34.499103009258114,0.3706600664750269]]]}},{"type":"Feature","properties":{"id":"RFB-0123","cls":"informal_iron_sheet","area":15,"cost":5300,"tiv":80000.0,"tivCsv":80000.0,"lat":0.38693,"lon":34.54753,"where":"KE","settlement":"Mumias","density_class":"peri_urban","stratum":"floodplain","d10":0.0,"dr10":0.0,"loss10":0.0,"d20":0.0,"dr20":0.0,"loss20":0.0,"d50":0.25,"dr50":0.167,"loss50":13360.0,"d100":0.5,"dr100":0.299,"loss100":23920.0,"d200":0.7300000190734863,"dr200":0.408,"loss200":32640.0,"d500":1.0199999809265137,"dr500":0.531,"loss500":42480.0},"geometry":{"type":"Polygon","coordinates":[[[34.54483500502259,0.38423206647502695],[34.55022499497741,0.38423206647502695],[34.55022499497741,0.3896219335249731],[34.54483500502259,0.3896219335249731],[34.54483500502259,0.38423206647502695]]]}},{"type":"Feature","properties":{"id":"RFB-0124","cls":"permanent_masonry","area":85,"cost":46600,"tiv":3960000.0,"tivCsv":3960000.0,"lat":0.38389,"lon":34.49073,"where":"KE","settlement":"Mumias","density_class":"peri_urban","stratum":"floodplain","d10":0.0,"dr10":0.0,"loss10":0.0,"d20":0.0,"dr20":0.0,"loss20":0.0,"d50":0.0,"dr50":0.0,"loss50":0.0,"d100":0.0,"dr100":0.0,"loss100":0.0,"d200":0.0,"dr200":0.0,"loss200":0.0,"d500":0.0,"dr500":0.0,"loss500":0.0},"geometry":{"type":"Polygon","coordinates":[[[34.48803700598445,0.3811920664750269],[34.49342699401555,0.3811920664750269],[34.49342699401555,0.38658193352497305],[34.48803700598445,0.38658193352497305],[34.48803700598445,0.3811920664750269]]]}},{"type":"Feature","properties":{"id":"RFB-0125","cls":"permanent_masonry","area":54,"cost":44100,"tiv":2380000.0,"tivCsv":2380000.0,"lat":0.58798,"lon":34.78789,"where":"KE","settlement":"Webuye","density_class":"urban","stratum":"floodplain","d10":0.0,"dr10":0.0,"loss10":0.0,"d20":0.0,"dr20":0.0,"loss20":0.0,"d50":0.0,"dr50":0.0,"loss50":0.0,"d100":0.0,"dr100":0.0,"loss100":0.0,"d200":0.0,"dr200":0.0,"loss200":0.0,"d500":0.0,"dr500":0.0,"loss500":0.0},"geometry":{"type":"Polygon","coordinates":[[[34.78519692456518,0.5852820664750269],[34.79058707543482,0.5852820664750269],[34.79058707543482,0.590671933524973],[34.78519692456518,0.590671933524973],[34.78519692456518,0.5852820664750269]]]}},{"type":"Feature","properties":{"id":"RFB-0126","cls":"informal_iron_sheet","area":17,"cost":7700,"tiv":130000.0,"tivCsv":130000.0,"lat":0.11927,"lon":34.00155,"where":"KE","settlement":"Port Victoria","density_class":"peri_urban","stratum":"floodplain","d10":0.0,"dr10":0.0,"loss10":0.0,"d20":0.0,"dr20":0.0,"loss20":0.0,"d50":0.0,"dr50":0.0,"loss50":0.0,"d100":0.0,"dr100":0.0,"loss100":0.0,"d200":0.0,"dr200":0.0,"loss200":0.0,"d500":0.0,"dr500":0.0,"loss500":0.0},"geometry":{"type":"Polygon","coordinates":[[[33.998851060636156,0.11657406647502695],[34.00424093936384,0.11657406647502695],[34.00424093936384,0.12196393352497305],[33.998851060636156,0.12196393352497305],[33.998851060636156,0.11657406647502695]]]}},{"type":"Feature","properties":{"id":"RFB-0127","cls":"informal_iron_sheet","area":23,"cost":8100,"tiv":185000.0,"tivCsv":185000.0,"lat":-0.01775,"lon":34.06596,"where":"KE","settlement":"Budalangi","density_class":"rural","stratum":"floodplain","d10":0.0,"dr10":0.0,"loss10":0.0,"d20":0.0,"dr20":0.0,"loss20":0.0,"d50":0.0,"dr50":0.0,"loss50":0.0,"d100":0.0,"dr100":0.0,"loss100":0.0,"d200":0.0,"dr200":0.0,"loss200":0.0,"d500":0.0,"dr500":0.0,"loss500":0.0},"geometry":{"type":"Polygon","coordinates":[[[34.06326606634572,-0.020443933524973052],[34.068655933654284,-0.020443933524973052],[34.068655933654284,-0.01505406647502695],[34.06326606634572,-0.01505406647502695],[34.06326606634572,-0.020443933524973052]]]}},{"type":"Feature","properties":{"id":"RFB-0128","cls":"permanent_masonry","area":108,"cost":59300,"tiv":6405000.0,"tivCsv":6405000.0,"lat":0.33937,"lon":34.43815,"where":"KE","settlement":"Mumias","density_class":"peri_urban","stratum":"floodplain","d10":5.550000190734863,"dr10":0.834,"loss10":5341770.0,"d20":6.119999885559082,"dr20":0.85,"loss20":5444250.0,"d50":6.800000190734863,"dr50":0.85,"loss50":5444250.0,"d100":7.269999980926514,"dr100":0.85,"loss100":5444250.0,"d200":7.730000019073486,"dr200":0.85,"loss200":5444250.0,"d500":8.289999961853027,"dr500":0.85,"loss500":5444250.0},"geometry":{"type":"Polygon","coordinates":[[[34.43545901919923,0.3366800664750269],[34.440848980800766,0.3366800664750269],[34.440848980800766,0.34206993352497306],[34.43545901919923,0.34206993352497306],[34.43545901919923,0.3366800664750269]]]}},{"type":"Feature","properties":{"id":"RFB-0129","cls":"concrete_rcc","area":778,"cost":68700,"tiv":53450000.0,"tivCsv":53450000.0,"lat":0.21531,"lon":34.26915,"where":"KE","settlement":"other","density_class":"peri_urban","stratum":"floodplain","d10":0.0,"dr10":0.0,"loss10":0.0,"d20":0.0,"dr20":0.0,"loss20":0.0,"d50":0.0,"dr50":0.0,"loss50":0.0,"d100":0.0,"dr100":0.0,"loss100":0.0,"d200":0.0,"dr200":0.0,"loss200":0.0,"d500":0.0,"dr500":0.0,"loss500":0.0},"geometry":{"type":"Polygon","coordinates":[[[34.26645304744674,0.21261406647502695],[34.271842952553264,0.21261406647502695],[34.271842952553264,0.21800393352497305],[34.26645304744674,0.21800393352497305],[34.26645304744674,0.21261406647502695]]]}},{"type":"Feature","properties":{"id":"RFB-0130","cls":"permanent_masonry","area":214,"cost":49900,"tiv":10680000.0,"tivCsv":10680000.0,"lat":-0.12676,"lon":34.74898,"where":"KE","settlement":"Kisumu","density_class":"urban","stratum":"floodplain","d10":0.0,"dr10":0.0,"loss10":0.0,"d20":0.0,"dr20":0.0,"loss20":0.0,"d50":0.0,"dr50":0.0,"loss50":0.0,"d100":0.0,"dr100":0.0,"loss100":0.0,"d200":0.0,"dr200":0.0,"loss200":0.0,"d500":0.0,"dr500":0.0,"loss500":0.0},"geometry":{"type":"Polygon","coordinates":[[[34.746286059879466,-0.12945693352497306],[34.751675940120535,-0.12945693352497306],[34.751675940120535,-0.12406706647502697],[34.746286059879466,-0.12406706647502697],[34.746286059879466,-0.12945693352497306]]]}},{"type":"Feature","properties":{"id":"RFB-0131","cls":"informal_iron_sheet","area":15,"cost":8400,"tiv":125000.0,"tivCsv":125000.0,"lat":0.10669,"lon":34.05662,"where":"KE","settlement":"Rwambwa","density_class":"peri_urban","stratum":"floodplain","d10":1.340000033378601,"dr10":0.629,"loss10":78625.0,"d20":1.4700000286102295,"dr20":0.665,"loss20":83125.0,"d50":1.6200000047683716,"dr50":0.706,"loss50":88250.0,"d100":1.7200000286102295,"dr100":0.734,"loss100":91750.0,"d200":1.809999942779541,"dr200":0.758,"loss200":94750.0,"d500":1.9199999570846558,"dr500":0.782,"loss500":97750.0},"geometry":{"type":"Polygon","coordinates":[[[34.053921061802484,0.10399906647502695],[34.05931093819751,0.10399906647502695],[34.05931093819751,0.10938893352497304],[34.053921061802484,0.10938893352497304],[34.053921061802484,0.10399906647502695]]]}},{"type":"Feature","properties":{"id":"RFB-0132","cls":"concrete_rcc","area":250,"cost":68400,"tiv":17100000.0,"tivCsv":17100000.0,"lat":0.09474,"lon":34.09912,"where":"KE","settlement":"Rwambwa","density_class":"rural","stratum":"floodplain","d10":0.14000000059604645,"dr10":0.037,"loss10":632700.0,"d20":0.20999999344348907,"dr20":0.055,"loss20":940500.0,"d50":0.28999999165534973,"dr50":0.077,"loss50":1316700.0,"d100":0.3499999940395355,"dr100":0.092,"loss100":1573200.0,"d200":0.4099999964237213,"dr200":0.108,"loss200":1846800.0,"d500":0.49000000953674316,"dr500":0.129,"loss500":2205900.0},"geometry":{"type":"Polygon","coordinates":[[[34.09642606279062,0.09204806647502695],[34.10181593720937,0.09204806647502695],[34.10181593720937,0.09743793352497304],[34.09642606279062,0.09743793352497304],[34.09642606279062,0.09204806647502695]]]}},{"type":"Feature","properties":{"id":"RFB-0133","cls":"informal_iron_sheet","area":11,"cost":8800,"tiv":95000.0,"tivCsv":95000.0,"lat":-0.10389,"lon":34.74694,"where":"KE","settlement":"Kisumu","density_class":"peri_urban","stratum":"floodplain","d10":0.0,"dr10":0.0,"loss10":0.0,"d20":0.0,"dr20":0.0,"loss20":0.0,"d50":0.0,"dr50":0.0,"loss50":0.0,"d100":0.0,"dr100":0.0,"loss100":0.0,"d200":0.0,"dr200":0.0,"loss200":0.0,"d500":0.0,"dr500":0.0,"loss500":0.0},"geometry":{"type":"Polygon","coordinates":[[[34.744242062044854,-0.10658493352497304],[34.74963193795515,-0.10658493352497304],[34.74963193795515,-0.10119506647502695],[34.744242062044854,-0.10119506647502695],[34.744242062044854,-0.10658493352497304]]]}},{"type":"Feature","properties":{"id":"RFB-0134","cls":"permanent_masonry","area":170,"cost":57000,"tiv":9690000.0,"tivCsv":9690000.0,"lat":0.49525,"lon":34.71872,"where":"KE","settlement":"Kakamega","density_class":"peri_urban","stratum":"floodplain","d10":0.0,"dr10":0.0,"loss10":0.0,"d20":0.0,"dr20":0.0,"loss20":0.0,"d50":0.0,"dr50":0.0,"loss50":0.0,"d100":0.0,"dr100":0.0,"loss100":0.0,"d200":0.0,"dr200":0.0,"loss200":0.0,"d500":0.0,"dr500":0.0,"loss500":0.0},"geometry":{"type":"Polygon","coordinates":[[[34.716028965797676,0.49255306647502695],[34.72141903420233,0.49255306647502695],[34.72141903420233,0.4979429335249731],[34.716028965797676,0.4979429335249731],[34.716028965797676,0.49255306647502695]]]}},{"type":"Feature","properties":{"id":"RFB-0135","cls":"permanent_masonry","area":114,"cost":51100,"tiv":5825000.0,"tivCsv":5825000.0,"lat":0.13666,"lon":34.21324,"where":"KE","settlement":"other","density_class":"rural","stratum":"floodplain","d10":0.0,"dr10":0.0,"loss10":0.0,"d20":0.0,"dr20":0.0,"loss20":0.0,"d50":0.0,"dr50":0.0,"loss50":0.0,"d100":0.0,"dr100":0.0,"loss100":0.0,"d200":0.0,"dr200":0.0,"loss200":0.0,"d500":0.0,"dr500":0.0,"loss500":0.0},"geometry":{"type":"Polygon","coordinates":[[[34.21054205880924,0.13396506647502696],[34.21593194119076,0.13396506647502696],[34.21593194119076,0.13935493352497305],[34.21054205880924,0.13935493352497305],[34.21054205880924,0.13396506647502696]]]}},{"type":"Feature","properties":{"id":"RFB-0136","cls":"permanent_masonry","area":140,"cost":52900,"tiv":7405000.0,"tivCsv":7405000.0,"lat":0.09707,"lon":33.97923,"where":"KE","settlement":"Port Victoria","density_class":"urban","stratum":"floodplain","d10":0.0,"dr10":0.0,"loss10":0.0,"d20":0.0,"dr20":0.0,"loss20":0.0,"d50":0.0,"dr50":0.0,"loss50":0.0,"d100":0.0,"dr100":0.0,"loss100":0.0,"d200":0.0,"dr200":0.0,"loss200":0.0,"d500":0.0,"dr500":0.0,"loss500":0.0},"geometry":{"type":"Polygon","coordinates":[[[33.97653206260741,0.09437506647502696],[33.98192193739259,0.09437506647502696],[33.98192193739259,0.09976493352497305],[33.97653206260741,0.09976493352497305],[33.97653206260741,0.09437506647502696]]]}},{"type":"Feature","properties":{"id":"RFB-0137","cls":"permanent_masonry","area":62,"cost":47500,"tiv":2945000.0,"tivCsv":2945000.0,"lat":-0.06514,"lon":34.05422,"where":"KE","settlement":"other","density_class":"urban","stratum":"floodplain","d10":0.0,"dr10":0.0,"loss10":0.0,"d20":0.0,"dr20":0.0,"loss20":0.0,"d50":0.0,"dr50":0.0,"loss50":0.0,"d100":0.0,"dr100":0.0,"loss100":0.0,"d200":0.0,"dr200":0.0,"loss200":0.0,"d500":0.0,"dr500":0.0,"loss500":0.0},"geometry":{"type":"Polygon","coordinates":[[[34.05152906473324,-0.06783693352497305],[34.05691893526676,-0.06783693352497305],[34.05691893526676,-0.06244706647502696],[34.05152906473324,-0.06244706647502696],[34.05152906473324,-0.06783693352497305]]]}},{"type":"Feature","properties":{"id":"RFB-0138","cls":"concrete_rcc","area":510,"cost":78900,"tiv":40240000.0,"tivCsv":40240000.0,"lat":0.37068,"lon":34.48386,"where":"KE","settlement":"Mumias","density_class":"urban","stratum":"floodplain","d10":6.079999923706055,"dr10":0.712,"loss10":28650880.0,"d20":6.75,"dr20":0.731,"loss20":29415440.0,"d50":7.559999942779541,"dr50":0.75,"loss50":30180000.0,"d100":8.140000343322754,"dr100":0.75,"loss100":30180000.0,"d200":8.670000076293945,"dr200":0.75,"loss200":30180000.0,"d500":9.34000015258789,"dr500":0.75,"loss500":30180000.0},"geometry":{"type":"Polygon","coordinates":[[[34.48116301007447,0.36798706647502694],[34.48655298992553,0.36798706647502694],[34.48655298992553,0.3733769335249731],[34.48116301007447,0.3733769335249731],[34.48116301007447,0.36798706647502694]]]}},{"type":"Feature","properties":{"id":"RFB-0139","cls":"permanent_masonry","area":174,"cost":63000,"tiv":10960000.0,"tivCsv":10960000.0,"lat":0.10136,"lon":33.98568,"where":"KE","settlement":"Port Victoria","density_class":"urban","stratum":"floodplain","d10":0.0,"dr10":0.0,"loss10":0.0,"d20":0.0,"dr20":0.0,"loss20":0.0,"d50":0.0,"dr50":0.0,"loss50":0.0,"d100":0.0,"dr100":0.0,"loss100":0.0,"d200":0.0,"dr200":0.0,"loss200":0.0,"d500":0.0,"dr500":0.0,"loss500":0.0},"geometry":{"type":"Polygon","coordinates":[[[33.982985062258166,0.09866306647502696],[33.98837493774184,0.09866306647502696],[33.98837493774184,0.10405293352497305],[33.982985062258166,0.10405293352497305],[33.982985062258166,0.09866306647502696]]]}},{"type":"Feature","properties":{"id":"RFB-0140","cls":"permanent_masonry","area":111,"cost":45500,"tiv":5050000.0,"tivCsv":5050000.0,"lat":0.16032,"lon":34.13577,"where":"KE","settlement":"Rwambwa","density_class":"rural","stratum":"floodplain","d10":0.0,"dr10":0.0,"loss10":0.0,"d20":0.0,"dr20":0.0,"loss20":0.0,"d50":0.0,"dr50":0.0,"loss50":0.0,"d100":0.0,"dr100":0.0,"loss100":0.0,"d200":0.0,"dr200":0.0,"loss200":0.0,"d500":0.0,"dr500":0.0,"loss500":0.0},"geometry":{"type":"Polygon","coordinates":[[[34.13307505592576,0.15762006647502697],[34.138464944074244,0.15762006647502697],[34.138464944074244,0.16300993352497306],[34.13307505592576,0.16300993352497306],[34.13307505592576,0.15762006647502697]]]}},{"type":"Feature","properties":{"id":"RFB-0141","cls":"concrete_rcc","area":457,"cost":61500,"tiv":28105000.0,"tivCsv":28105000.0,"lat":0.36098,"lon":34.50108,"where":"KE","settlement":"Mumias","density_class":"urban","stratum":"floodplain","d10":0.0,"dr10":0.0,"loss10":0.0,"d20":0.0,"dr20":0.0,"loss20":0.0,"d50":0.0,"dr50":0.0,"loss50":0.0,"d100":0.0,"dr100":0.0,"loss100":0.0,"d200":0.0,"dr200":0.0,"loss200":0.0,"d500":0.0,"dr500":0.0,"loss500":0.0},"geometry":{"type":"Polygon","coordinates":[[[34.49838201298768,0.35828706647502695],[34.50377198701232,0.35828706647502695],[34.50377198701232,0.3636769335249731],[34.49838201298768,0.3636769335249731],[34.49838201298768,0.35828706647502695]]]}},{"type":"Feature","properties":{"id":"RFB-0142","cls":"permanent_masonry","area":239,"cost":56200,"tiv":13430000.0,"tivCsv":13430000.0,"lat":0.59579,"lon":34.78659,"where":"KE","settlement":"Webuye","density_class":"urban","stratum":"floodplain","d10":0.0,"dr10":0.0,"loss10":0.0,"d20":0.0,"dr20":0.0,"loss20":0.0,"d50":0.0,"dr50":0.0,"loss50":0.0,"d100":0.0,"dr100":0.0,"loss100":0.0,"d200":0.0,"dr200":0.0,"loss200":0.0,"d500":0.0,"dr500":0.0,"loss500":0.0},"geometry":{"type":"Polygon","coordinates":[[[34.78389492077102,0.5930900664750269],[34.789285079228975,0.5930900664750269],[34.789285079228975,0.5984799335249731],[34.78389492077102,0.5984799335249731],[34.78389492077102,0.5930900664750269]]]}},{"type":"Feature","properties":{"id":"RFB-0143","cls":"concrete_rcc","area":345,"cost":67600,"tiv":23320000.0,"tivCsv":23320000.0,"lat":0.36834,"lon":34.50378,"where":"KE","settlement":"Mumias","density_class":"urban","stratum":"floodplain","d10":6.28000020980835,"dr10":0.719,"loss10":16767080.0,"d20":6.769999980926514,"dr20":0.731,"loss20":17046920.0,"d50":7.340000152587891,"dr50":0.746,"loss50":17396720.0,"d100":7.739999771118164,"dr100":0.75,"loss100":17490000.0,"d200":8.119999885559082,"dr200":0.75,"loss200":17490000.0,"d500":8.600000381469727,"dr500":0.75,"loss500":17490000.0},"geometry":{"type":"Polygon","coordinates":[[[34.501087010786435,0.36564006647502695],[34.50647698921357,0.36564006647502695],[34.50647698921357,0.3710299335249731],[34.501087010786435,0.3710299335249731],[34.501087010786435,0.36564006647502695]]]}},{"type":"Feature","properties":{"id":"RFB-0144","cls":"permanent_masonry","area":102,"cost":45500,"tiv":4640000.0,"tivCsv":4640000.0,"lat":-0.13054,"lon":34.74723,"where":"KE","settlement":"Kisumu","density_class":"urban","stratum":"floodplain","d10":0.0,"dr10":0.0,"loss10":0.0,"d20":0.0,"dr20":0.0,"loss20":0.0,"d50":0.0,"dr50":0.0,"loss50":0.0,"d100":0.0,"dr100":0.0,"loss100":0.0,"d200":0.0,"dr200":0.0,"loss200":0.0,"d500":0.0,"dr500":0.0,"loss500":0.0},"geometry":{"type":"Polygon","coordinates":[[[34.74453305948057,-0.13323393352497304],[34.74992294051943,-0.13323393352497304],[34.74992294051943,-0.12784406647502694],[34.74453305948057,-0.12784406647502694],[34.74453305948057,-0.13323393352497304]]]}},{"type":"Feature","properties":{"id":"RFB-0145","cls":"permanent_masonry","area":117,"cost":51800,"tiv":6060000.0,"tivCsv":6060000.0,"lat":0.49399,"lon":34.72931,"where":"KE","settlement":"Kakamega","density_class":"peri_urban","stratum":"floodplain","d10":0.0,"dr10":0.0,"loss10":0.0,"d20":0.0,"dr20":0.0,"loss20":0.0,"d50":0.0,"dr50":0.0,"loss50":0.0,"d100":0.0,"dr100":0.0,"loss100":0.0,"d200":0.0,"dr200":0.0,"loss200":0.0,"d500":0.0,"dr500":0.0,"loss500":0.0},"geometry":{"type":"Polygon","coordinates":[[[34.726618966310134,0.4912910664750269],[34.73200903368987,0.4912910664750269],[34.73200903368987,0.49668093352497306],[34.726618966310134,0.49668093352497306],[34.726618966310134,0.4912910664750269]]]}},{"type":"Feature","properties":{"id":"RFB-0146","cls":"concrete_rcc","area":245,"cost":80600,"tiv":19745000.0,"tivCsv":19745000.0,"lat":0.59078,"lon":34.77882,"where":"KE","settlement":"Webuye","density_class":"urban","stratum":"floodplain","d10":0.0,"dr10":0.0,"loss10":0.0,"d20":0.0,"dr20":0.0,"loss20":0.0,"d50":0.0,"dr50":0.0,"loss50":0.0,"d100":0.0,"dr100":0.0,"loss100":0.0,"d200":0.0,"dr200":0.0,"loss200":0.0,"d500":0.0,"dr500":0.0,"loss500":0.0},"geometry":{"type":"Polygon","coordinates":[[[34.776124923206936,0.5880890664750269],[34.78151507679307,0.5880890664750269],[34.78151507679307,0.593478933524973],[34.776124923206936,0.593478933524973],[34.776124923206936,0.5880890664750269]]]}},{"type":"Feature","properties":{"id":"RFB-0147","cls":"concrete_rcc","area":150,"cost":81200,"tiv":12180000.0,"tivCsv":12180000.0,"lat":0.36327,"lon":34.47651,"where":"KE","settlement":"Mumias","density_class":"urban","stratum":"floodplain","d10":5.679999828338623,"dr10":0.699,"loss10":8513820.0,"d20":6.340000152587891,"dr20":0.72,"loss20":8769600.0,"d50":7.130000114440918,"dr50":0.74,"loss50":9013200.0,"d100":7.699999809265137,"dr100":0.75,"loss100":9135000.0,"d200":8.229999542236328,"dr200":0.75,"loss200":9135000.0,"d500":8.90999984741211,"dr500":0.75,"loss500":9135000.0},"geometry":{"type":"Polygon","coordinates":[[[34.47381801230778,0.36057406647502693],[34.47920798769221,0.36057406647502693],[34.47920798769221,0.3659639335249731],[34.47381801230778,0.3659639335249731],[34.47381801230778,0.36057406647502693]]]}},{"type":"Feature","properties":{"id":"RFB-0148","cls":"permanent_masonry","area":115,"cost":51100,"tiv":5875000.0,"tivCsv":5875000.0,"lat":0.59466,"lon":34.78552,"where":"KE","settlement":"Webuye","density_class":"urban","stratum":"floodplain","d10":0.0,"dr10":0.0,"loss10":0.0,"d20":0.0,"dr20":0.0,"loss20":0.0,"d50":0.0,"dr50":0.0,"loss50":0.0,"d100":0.0,"dr100":0.0,"loss100":0.0,"d200":0.0,"dr200":0.0,"loss200":0.0,"d500":0.0,"dr500":0.0,"loss500":0.0},"geometry":{"type":"Polygon","coordinates":[[[34.782824921322245,0.5919620664750269],[34.78821507867775,0.5919620664750269],[34.78821507867775,0.5973519335249731],[34.782824921322245,0.5973519335249731],[34.782824921322245,0.5919620664750269]]]}},{"type":"Feature","properties":{"id":"RFB-0149","cls":"informal_iron_sheet","area":20,"cost":8400,"tiv":170000.0,"tivCsv":170000.0,"lat":0.44905,"lon":34.61115,"where":"KE","settlement":"other","density_class":"peri_urban","stratum":"floodplain","d10":4.110000133514404,"dr10":0.95,"loss10":161500.0,"d20":4.590000152587891,"dr20":0.95,"loss20":161500.0,"d50":5.170000076293945,"dr50":0.95,"loss50":161500.0,"d100":5.579999923706055,"dr100":0.95,"loss100":161500.0,"d200":5.980000019073486,"dr200":0.95,"loss200":161500.0,"d500":6.480000019073486,"dr500":0.95,"loss500":161500.0},"geometry":{"type":"Polygon","coordinates":[[[34.608456983704585,0.4463560664750269],[34.61384701629541,0.4463560664750269],[34.61384701629541,0.45174593352497305],[34.608456983704585,0.45174593352497305],[34.608456983704585,0.4463560664750269]]]}},{"type":"Feature","properties":{"id":"RFB-0150","cls":"semi_permanent","area":78,"cost":14600,"tiv":1140000.0,"tivCsv":1140000.0,"lat":-0.12088,"lon":34.75153,"where":"KE","settlement":"Kisumu","density_class":"urban","stratum":"floodplain","d10":0.0,"dr10":0.0,"loss10":0.0,"d20":0.0,"dr20":0.0,"loss20":0.0,"d50":0.0,"dr50":0.0,"loss50":0.0,"d100":0.0,"dr100":0.0,"loss100":0.0,"d200":0.0,"dr200":0.0,"loss200":0.0,"d500":0.0,"dr500":0.0,"loss500":0.0},"geometry":{"type":"Polygon","coordinates":[[[34.748835060476964,-0.12357893352497305],[34.75422493952304,-0.12357893352497305],[34.75422493952304,-0.11818906647502696],[34.748835060476964,-0.11818906647502696],[34.748835060476964,-0.12357893352497305]]]}},{"type":"Feature","properties":{"id":"RFB-0151","cls":"semi_permanent","area":42,"cost":12900,"tiv":540000.0,"tivCsv":540000.0,"lat":0.3872,"lon":34.54401,"where":"KE","settlement":"Mumias","density_class":"peri_urban","stratum":"floodplain","d10":0.0,"dr10":0.0,"loss10":0.0,"d20":0.0,"dr20":0.0,"loss20":0.0,"d50":0.25,"dr50":0.124,"loss50":66960.0,"d100":0.5,"dr100":0.234,"loss100":126360.0,"d200":0.7300000190734863,"dr200":0.315,"loss200":170100.0,"d500":1.0199999809265137,"dr500":0.416,"loss500":224640.0},"geometry":{"type":"Polygon","coordinates":[[[34.54131700493552,0.38450606647502694],[34.54670699506448,0.38450606647502694],[34.54670699506448,0.3898959335249731],[34.54131700493552,0.3898959335249731],[34.54131700493552,0.38450606647502694]]]}},{"type":"Feature","properties":{"id":"RFB-0152","cls":"informal_iron_sheet","area":14,"cost":8500,"tiv":120000.0,"tivCsv":120000.0,"lat":0.18097,"lon":34.00345,"where":"KE","settlement":"Sio Port","density_class":"peri_urban","stratum":"floodplain","d10":0.0,"dr10":0.0,"loss10":0.0,"d20":0.0,"dr20":0.0,"loss20":0.0,"d50":0.0,"dr50":0.0,"loss50":0.0,"d100":0.0,"dr100":0.0,"loss100":0.0,"d200":0.0,"dr200":0.0,"loss200":0.0,"d500":0.0,"dr500":0.0,"loss500":0.0},"geometry":{"type":"Polygon","coordinates":[[[34.00075305303258,0.17827306647502694],[34.006142946967415,0.17827306647502694],[34.006142946967415,0.18366293352497304],[34.00075305303258,0.18366293352497304],[34.00075305303258,0.17827306647502694]]]}},{"type":"Feature","properties":{"id":"RFB-0153","cls":"concrete_rcc","area":544,"cost":64500,"tiv":35090000.0,"tivCsv":35090000.0,"lat":0.47239,"lon":34.69381,"where":"KE","settlement":"other","density_class":"peri_urban","stratum":"floodplain","d10":0.0,"dr10":0.0,"loss10":0.0,"d20":0.0,"dr20":0.0,"loss20":0.0,"d50":0.0,"dr50":0.0,"loss50":0.0,"d100":0.0,"dr100":0.0,"loss100":0.0,"d200":0.0,"dr200":0.0,"loss200":0.0,"d500":0.0,"dr500":0.0,"loss500":0.0},"geometry":{"type":"Polygon","coordinates":[[[34.69111797487614,0.4696970664750269],[34.696508025123855,0.4696970664750269],[34.696508025123855,0.47508693352497305],[34.69111797487614,0.47508693352497305],[34.69111797487614,0.4696970664750269]]]}},{"type":"Feature","properties":{"id":"RFB-0154","cls":"informal_iron_sheet","area":21,"cost":7500,"tiv":160000.0,"tivCsv":160000.0,"lat":0.11912,"lon":34.094,"where":"KE","settlement":"Rwambwa","density_class":"peri_urban","stratum":"floodplain","d10":7.25,"dr10":0.95,"loss10":152000.0,"d20":7.449999809265137,"dr20":0.95,"loss20":152000.0,"d50":7.659999847412109,"dr50":0.95,"loss50":152000.0,"d100":7.809999942779541,"dr100":0.95,"loss100":152000.0,"d200":7.929999828338623,"dr200":0.95,"loss200":152000.0,"d500":8.079999923706055,"dr500":0.95,"loss500":152000.0},"geometry":{"type":"Polygon","coordinates":[[[34.09130206065084,0.11642406647502695],[34.096691939349164,0.11642406647502695],[34.096691939349164,0.12181393352497305],[34.09130206065084,0.12181393352497305],[34.09130206065084,0.11642406647502695]]]}},{"type":"Feature","properties":{"id":"RFB-0155","cls":"concrete_rcc","area":254,"cost":73200,"tiv":18595000.0,"tivCsv":18595000.0,"lat":0.59064,"lon":34.78963,"where":"KE","settlement":"Webuye","density_class":"urban","stratum":"floodplain","d10":0.0,"dr10":0.0,"loss10":0.0,"d20":0.0,"dr20":0.0,"loss20":0.0,"d50":0.0,"dr50":0.0,"loss50":0.0,"d100":0.0,"dr100":0.0,"loss100":0.0,"d200":0.0,"dr200":0.0,"loss200":0.0,"d500":0.0,"dr500":0.0,"loss500":0.0},"geometry":{"type":"Polygon","coordinates":[[[34.78693292327628,0.5879460664750269],[34.79232307672372,0.5879460664750269],[34.79232307672372,0.593335933524973],[34.78693292327628,0.593335933524973],[34.78693292327628,0.5879460664750269]]]}},{"type":"Feature","properties":{"id":"RFB-0156","cls":"semi_permanent","area":24,"cost":13200,"tiv":315000.0,"tivCsv":315000.0,"lat":0.07451,"lon":34.02814,"where":"KE","settlement":"Budalangi","density_class":"rural","stratum":"floodplain","d10":0.5299999713897705,"dr10":0.244,"loss10":76860.0,"d20":0.6200000047683716,"dr20":0.276,"loss20":86940.0,"d50":0.7300000190734863,"dr50":0.315,"loss50":99225.0,"d100":0.8100000023841858,"dr100":0.344,"loss100":108360.0,"d200":0.8899999856948853,"dr200":0.371,"loss200":116865.0,"d500":0.9800000190734863,"dr500":0.402,"loss500":126630.0},"geometry":{"type":"Polygon","coordinates":[[[34.025442064196554,0.07181006647502695],[34.03083193580345,0.07181006647502695],[34.03083193580345,0.07719993352497305],[34.025442064196554,0.07719993352497305],[34.025442064196554,0.07181006647502695]]]}},{"type":"Feature","properties":{"id":"RFB-0157","cls":"semi_permanent","area":63,"cost":12200,"tiv":770000.0,"tivCsv":770000.0,"lat":0.35093,"lon":34.47828,"where":"KE","settlement":"Mumias","density_class":"urban","stratum":"floodplain","d10":6.579999923706055,"dr10":0.9,"loss10":693000.0,"d20":7.260000228881836,"dr20":0.9,"loss20":693000.0,"d50":8.069999694824219,"dr50":0.9,"loss50":693000.0,"d100":8.649999618530273,"dr100":0.9,"loss100":693000.0,"d200":9.1899995803833,"dr200":0.9,"loss200":693000.0,"d500":9.880000114440918,"dr500":0.9,"loss500":693000.0},"geometry":{"type":"Polygon","coordinates":[[[34.47559001592481,0.3482360664750269],[34.48097998407519,0.3482360664750269],[34.48097998407519,0.35362593352497307],[34.47559001592481,0.35362593352497307],[34.47559001592481,0.3482360664750269]]]}},{"type":"Feature","properties":{"id":"RFB-0158","cls":"permanent_masonry","area":65,"cost":48100,"tiv":3125000.0,"tivCsv":3125000.0,"lat":0.53591,"lon":34.77295,"where":"KE","settlement":"Kakamega","density_class":"peri_urban","stratum":"floodplain","d10":0.0,"dr10":0.0,"loss10":0.0,"d20":0.0,"dr20":0.0,"loss20":0.0,"d50":0.0,"dr50":0.0,"loss50":0.0,"d100":0.0,"dr100":0.0,"loss100":0.0,"d200":0.0,"dr200":0.0,"loss200":0.0,"d500":0.0,"dr500":0.0,"loss500":0.0},"geometry":{"type":"Polygon","coordinates":[[[34.77025394858584,0.533216066475027],[34.775644051414154,0.533216066475027],[34.775644051414154,0.5386059335249731],[34.77025394858584,0.5386059335249731],[34.77025394858584,0.533216066475027]]]}},{"type":"Feature","properties":{"id":"RFB-0159","cls":"permanent_masonry","area":216,"cost":45700,"tiv":9870000.0,"tivCsv":9870000.0,"lat":0.08707,"lon":33.98951,"where":"KE","settlement":"Port Victoria","density_class":"peri_urban","stratum":"floodplain","d10":1.149999976158142,"dr10":0.36,"loss10":3553200.0,"d20":1.2799999713897705,"dr20":0.394,"loss20":3888780.0,"d50":1.4199999570846558,"dr50":0.431,"loss50":4253970.0,"d100":1.5099999904632568,"dr100":0.453,"loss100":4471110.0,"d200":1.590000033378601,"dr200":0.467,"loss200":4609290.0,"d500":1.690000057220459,"dr500":0.485,"loss500":4786950.0},"geometry":{"type":"Polygon","coordinates":[[[33.98681706336288,0.08438006647502695],[33.99220693663712,0.08438006647502695],[33.99220693663712,0.08976993352497305],[33.98681706336288,0.08976993352497305],[33.98681706336288,0.08438006647502695]]]}},{"type":"Feature","properties":{"id":"RFB-0160","cls":"semi_permanent","area":43,"cost":12400,"tiv":535000.0,"tivCsv":535000.0,"lat":0.21879,"lon":34.28912,"where":"KE","settlement":"other","density_class":"peri_urban","stratum":"floodplain","d10":0.0,"dr10":0.0,"loss10":0.0,"d20":0.0,"dr20":0.0,"loss20":0.0,"d50":0.0,"dr50":0.0,"loss50":0.0,"d100":0.0,"dr100":0.0,"loss100":0.0,"d200":0.0,"dr200":0.0,"loss200":0.0,"d500":0.0,"dr500":0.0,"loss500":0.0},"geometry":{"type":"Polygon","coordinates":[[[34.2864280468263,0.21609606647502697],[34.29181795317369,0.21609606647502697],[34.29181795317369,0.22148593352497306],[34.2864280468263,0.22148593352497306],[34.2864280468263,0.21609606647502697]]]}},{"type":"Feature","properties":{"id":"RFB-0161","cls":"permanent_masonry","area":215,"cost":58200,"tiv":12515000.0,"tivCsv":12515000.0,"lat":0.35592,"lon":34.48811,"where":"KE","settlement":"Mumias","density_class":"urban","stratum":"floodplain","d10":0.0,"dr10":0.0,"loss10":0.0,"d20":0.0,"dr20":0.0,"loss20":0.0,"d50":0.0,"dr50":0.0,"loss50":0.0,"d100":0.0,"dr100":0.0,"loss100":0.0,"d200":0.0,"dr200":0.0,"loss200":0.0,"d500":0.0,"dr500":0.0,"loss500":0.0},"geometry":{"type":"Polygon","coordinates":[[[34.48541501447815,0.3532220664750269],[34.49080498552185,0.3532220664750269],[34.49080498552185,0.35861193352497306],[34.48541501447815,0.35861193352497306],[34.48541501447815,0.3532220664750269]]]}},{"type":"Feature","properties":{"id":"RFB-0162","cls":"semi_permanent","area":67,"cost":12400,"tiv":830000.0,"tivCsv":830000.0,"lat":0.46112,"lon":34.60089,"where":"KE","settlement":"other","density_class":"peri_urban","stratum":"floodplain","d10":0.0,"dr10":0.0,"loss10":0.0,"d20":0.0,"dr20":0.0,"loss20":0.0,"d50":0.0,"dr50":0.0,"loss50":0.0,"d100":0.0,"dr100":0.0,"loss100":0.0,"d200":0.0,"dr200":0.0,"loss200":0.0,"d500":0.0,"dr500":0.0,"loss500":0.0},"geometry":{"type":"Polygon","coordinates":[[[34.598195979197,0.45842106647502695],[34.60358602080299,0.45842106647502695],[34.60358602080299,0.4638109335249731],[34.598195979197,0.4638109335249731],[34.598195979197,0.45842106647502695]]]}},{"type":"Feature","properties":{"id":"RFB-0163","cls":"informal_iron_sheet","area":22,"cost":9500,"tiv":210000.0,"tivCsv":210000.0,"lat":0.07011,"lon":33.9902,"where":"KE","settlement":"Budalangi","density_class":"urban","stratum":"floodplain","d10":0.7699999809265137,"dr10":0.427,"loss10":89670.0,"d20":0.8700000047683716,"dr20":0.473,"loss20":99330.0,"d50":0.9900000095367432,"dr50":0.521,"loss50":109410.0,"d100":1.059999942779541,"dr100":0.544,"loss100":114240.0,"d200":1.1299999952316284,"dr200":0.566,"loss200":118860.0,"d500":1.2100000381469727,"dr500":0.591,"loss500":124110.0},"geometry":{"type":"Polygon","coordinates":[[[33.987505064457324,0.06741706647502695],[33.99289493554268,0.06741706647502695],[33.99289493554268,0.07280693352497304],[33.987505064457324,0.07280693352497304],[33.987505064457324,0.06741706647502695]]]}},{"type":"Feature","properties":{"id":"RFB-0164","cls":"concrete_rcc","area":214,"cost":75700,"tiv":16200000.0,"tivCsv":16200000.0,"lat":0.36401,"lon":34.48012,"where":"KE","settlement":"Mumias","density_class":"urban","stratum":"floodplain","d10":5.679999828338623,"dr10":0.699,"loss10":11323800.0,"d20":6.340000152587891,"dr20":0.72,"loss20":11664000.0,"d50":7.130000114440918,"dr50":0.74,"loss50":11988000.0,"d100":7.699999809265137,"dr100":0.75,"loss100":12150000.0,"d200":8.229999542236328,"dr200":0.75,"loss200":12150000.0,"d500":8.90999984741211,"dr500":0.75,"loss500":12150000.0},"geometry":{"type":"Polygon","coordinates":[[[34.477424012088065,0.36131006647502695],[34.48281398791194,0.36131006647502695],[34.48281398791194,0.3666999335249731],[34.477424012088065,0.3666999335249731],[34.477424012088065,0.36131006647502695]]]}},{"type":"Feature","properties":{"id":"RFB-0165","cls":"semi_permanent","area":43,"cost":12500,"tiv":540000.0,"tivCsv":540000.0,"lat":0.66407,"lon":34.83247,"where":"KE","settlement":"Webuye","density_class":"peri_urban","stratum":"floodplain","d10":0.0,"dr10":0.0,"loss10":0.0,"d20":0.0,"dr20":0.0,"loss20":0.0,"d50":0.0,"dr50":0.0,"loss50":0.0,"d100":0.0,"dr100":0.0,"loss100":0.0,"d200":0.0,"dr200":0.0,"loss200":0.0,"d500":0.0,"dr500":0.0,"loss500":0.0},"geometry":{"type":"Polygon","coordinates":[[[34.829773885457385,0.6613720664750269],[34.83516411454262,0.6613720664750269],[34.83516411454262,0.666761933524973],[34.829773885457385,0.666761933524973],[34.829773885457385,0.6613720664750269]]]}},{"type":"Feature","properties":{"id":"RFB-0166","cls":"permanent_masonry","area":197,"cost":52000,"tiv":10245000.0,"tivCsv":10245000.0,"lat":-0.12906,"lon":34.74344,"where":"KE","settlement":"Kisumu","density_class":"urban","stratum":"floodplain","d10":0.0,"dr10":0.0,"loss10":0.0,"d20":0.0,"dr20":0.0,"loss20":0.0,"d50":0.0,"dr50":0.0,"loss50":0.0,"d100":0.0,"dr100":0.0,"loss100":0.0,"d200":0.0,"dr200":0.0,"loss200":0.0,"d500":0.0,"dr500":0.0,"loss500":0.0},"geometry":{"type":"Polygon","coordinates":[[[34.74074705963827,-0.13175393352497305],[34.74613694036174,-0.13175393352497305],[34.74613694036174,-0.12636406647502696],[34.74074705963827,-0.12636406647502696],[34.74074705963827,-0.13175393352497305]]]}},{"type":"Feature","properties":{"id":"RFB-0167","cls":"semi_permanent","area":38,"cost":13700,"tiv":520000.0,"tivCsv":520000.0,"lat":0.68226,"lon":34.84296,"where":"KE","settlement":"Webuye","density_class":"peri_urban","stratum":"floodplain","d10":0.0,"dr10":0.0,"loss10":0.0,"d20":0.0,"dr20":0.0,"loss20":0.0,"d50":0.0,"dr50":0.0,"loss50":0.0,"d100":0.0,"dr100":0.0,"loss100":0.0,"d200":0.0,"dr200":0.0,"loss200":0.0,"d500":0.0,"dr500":0.0,"loss500":0.0},"geometry":{"type":"Polygon","coordinates":[[[34.84026587540361,0.679563066475027],[34.845656124596395,0.679563066475027],[34.845656124596395,0.6849529335249731],[34.84026587540361,0.6849529335249731],[34.84026587540361,0.679563066475027]]]}},{"type":"Feature","properties":{"id":"RFB-0168","cls":"semi_permanent","area":31,"cost":12200,"tiv":380000.0,"tivCsv":380000.0,"lat":0.58587,"lon":34.79052,"where":"KE","settlement":"Webuye","density_class":"urban","stratum":"floodplain","d10":0.0,"dr10":0.0,"loss10":0.0,"d20":0.0,"dr20":0.0,"loss20":0.0,"d50":0.0,"dr50":0.0,"loss50":0.0,"d100":0.0,"dr100":0.0,"loss100":0.0,"d200":0.0,"dr200":0.0,"loss200":0.0,"d500":0.0,"dr500":0.0,"loss500":0.0},"geometry":{"type":"Polygon","coordinates":[[[34.787820925578536,0.5831790664750269],[34.79321107442146,0.5831790664750269],[34.79321107442146,0.5885689335249731],[34.787820925578536,0.5885689335249731],[34.787820925578536,0.5831790664750269]]]}},{"type":"Feature","properties":{"id":"RFB-0169","cls":"permanent_masonry","area":168,"cost":49700,"tiv":8350000.0,"tivCsv":8350000.0,"lat":0.34272,"lon":34.48611,"where":"KE","settlement":"Mumias","density_class":"urban","stratum":"floodplain","d10":0.0,"dr10":0.0,"loss10":0.0,"d20":0.0,"dr20":0.0,"loss20":0.0,"d50":0.0,"dr50":0.0,"loss50":0.0,"d100":0.0,"dr100":0.0,"loss100":0.0,"d200":0.0,"dr200":0.0,"loss200":0.0,"d500":0.0,"dr500":0.0,"loss500":0.0},"geometry":{"type":"Polygon","coordinates":[[[34.483420018261846,0.3400280664750269],[34.48880998173815,0.3400280664750269],[34.48880998173815,0.3454179335249731],[34.483420018261846,0.3454179335249731],[34.483420018261846,0.3400280664750269]]]}},{"type":"Feature","properties":{"id":"RFB-0170","cls":"permanent_masonry","area":164,"cost":63000,"tiv":10330000.0,"tivCsv":10330000.0,"lat":0.50112,"lon":34.73262,"where":"KE","settlement":"Kakamega","density_class":"peri_urban","stratum":"floodplain","d10":0.0,"dr10":0.0,"loss10":0.0,"d20":0.0,"dr20":0.0,"loss20":0.0,"d50":0.0,"dr50":0.0,"loss50":0.0,"d100":0.0,"dr100":0.0,"loss100":0.0,"d200":0.0,"dr200":0.0,"loss200":0.0,"d500":0.0,"dr500":0.0,"loss500":0.0},"geometry":{"type":"Polygon","coordinates":[[[34.729919963396874,0.4984230664750269],[34.73531003660313,0.4984230664750269],[34.73531003660313,0.503812933524973],[34.729919963396874,0.503812933524973],[34.729919963396874,0.4984230664750269]]]}},{"type":"Feature","properties":{"id":"RFB-0171","cls":"permanent_masonry","area":133,"cost":45100,"tiv":6000000.0,"tivCsv":6000000.0,"lat":0.3785,"lon":34.50609,"where":"KE","settlement":"Mumias","density_class":"peri_urban","stratum":"floodplain","d10":0.0,"dr10":0.0,"loss10":0.0,"d20":0.0,"dr20":0.0,"loss20":0.0,"d50":0.0,"dr50":0.0,"loss50":0.0,"d100":0.0,"dr100":0.0,"loss100":0.0,"d200":0.0,"dr200":0.0,"loss200":0.0,"d500":0.0,"dr500":0.0,"loss500":0.0},"geometry":{"type":"Polygon","coordinates":[[[34.503394007670586,0.3758040664750269],[34.50878399232942,0.3758040664750269],[34.50878399232942,0.38119393352497305],[34.503394007670586,0.38119393352497305],[34.503394007670586,0.3758040664750269]]]}},{"type":"Feature","properties":{"id":"RFB-0172","cls":"semi_permanent","area":50,"cost":10400,"tiv":520000.0,"tivCsv":520000.0,"lat":0.20633,"lon":34.28544,"where":"KE","settlement":"other","density_class":"peri_urban","stratum":"floodplain","d10":5.590000152587891,"dr10":0.9,"loss10":468000.0,"d20":6.139999866485596,"dr20":0.9,"loss20":468000.0,"d50":6.820000171661377,"dr50":0.9,"loss50":468000.0,"d100":7.300000190734863,"dr100":0.9,"loss100":468000.0,"d200":7.75,"dr200":0.9,"loss200":468000.0,"d500":8.34000015258789,"dr500":0.9,"loss500":468000.0},"geometry":{"type":"Polygon","coordinates":[[[34.2827420490014,0.20363106647502696],[34.288131950998604,0.20363106647502696],[34.288131950998604,0.20902093352497306],[34.2827420490014,0.20902093352497306],[34.2827420490014,0.20363106647502696]]]}},{"type":"Feature","properties":{"id":"RFB-0173","cls":"permanent_masonry","area":95,"cost":56800,"tiv":5395000.0,"tivCsv":5395000.0,"lat":-0.12548,"lon":34.74678,"where":"KE","settlement":"Kisumu","density_class":"urban","stratum":"floodplain","d10":0.0,"dr10":0.0,"loss10":0.0,"d20":0.0,"dr20":0.0,"loss20":0.0,"d50":0.0,"dr50":0.0,"loss50":0.0,"d100":0.0,"dr100":0.0,"loss100":0.0,"d200":0.0,"dr200":0.0,"loss200":0.0,"d500":0.0,"dr500":0.0,"loss500":0.0},"geometry":{"type":"Polygon","coordinates":[[[34.744088060012096,-0.12817593352497306],[34.749477939987905,-0.12817593352497306],[34.749477939987905,-0.12278606647502696],[34.744088060012096,-0.12278606647502696],[34.744088060012096,-0.12817593352497306]]]}},{"type":"Feature","properties":{"id":"RFB-0174","cls":"semi_permanent","area":36,"cost":12600,"tiv":455000.0,"tivCsv":455000.0,"lat":-0.1295,"lon":34.74464,"where":"KE","settlement":"Kisumu","density_class":"urban","stratum":"floodplain","d10":0.0,"dr10":0.0,"loss10":0.0,"d20":0.0,"dr20":0.0,"loss20":0.0,"d50":0.0,"dr50":0.0,"loss50":0.0,"d100":0.0,"dr100":0.0,"loss100":0.0,"d200":0.0,"dr200":0.0,"loss200":0.0,"d500":0.0,"dr500":0.0,"loss500":0.0},"geometry":{"type":"Polygon","coordinates":[[[34.741948059591785,-0.13219193352497305],[34.74733794040822,-0.13219193352497305],[34.74733794040822,-0.12680206647502695],[34.741948059591785,-0.12680206647502695],[34.741948059591785,-0.13219193352497305]]]}},{"type":"Feature","properties":{"id":"RFB-0175","cls":"permanent_masonry","area":102,"cost":47500,"tiv":4845000.0,"tivCsv":4845000.0,"lat":0.62273,"lon":34.83157,"where":"KE","settlement":"Webuye","density_class":"peri_urban","stratum":"floodplain","d10":5.239999771118164,"dr10":0.822,"loss10":3982590.0,"d20":5.840000152587891,"dr20":0.844,"loss20":4089180.0,"d50":6.550000190734863,"dr50":0.85,"loss50":4118250.0,"d100":7.039999961853027,"dr100":0.85,"loss100":4118250.0,"d200":7.510000228881836,"dr200":0.85,"loss200":4118250.0,"d500":8.09000015258789,"dr500":0.85,"loss500":4118250.0},"geometry":{"type":"Polygon","coordinates":[[[34.828874907295145,0.6200310664750269],[34.834265092704854,0.6200310664750269],[34.834265092704854,0.6254209335249731],[34.828874907295145,0.6254209335249731],[34.828874907295145,0.6200310664750269]]]}},{"type":"Feature","properties":{"id":"RFB-0176","cls":"permanent_masonry","area":115,"cost":56800,"tiv":6530000.0,"tivCsv":6530000.0,"lat":-0.06092,"lon":34.06358,"where":"KE","settlement":"other","density_class":"urban","stratum":"floodplain","d10":0.0,"dr10":0.0,"loss10":0.0,"d20":0.0,"dr20":0.0,"loss20":0.0,"d50":0.0,"dr50":0.0,"loss50":0.0,"d100":0.0,"dr100":0.0,"loss100":0.0,"d200":0.0,"dr200":0.0,"loss200":0.0,"d500":0.0,"dr500":0.0,"loss500":0.0},"geometry":{"type":"Polygon","coordinates":[[[34.06088006495185,-0.06361193352497305],[34.06626993504815,-0.06361193352497305],[34.06626993504815,-0.05822206647502695],[34.06088006495185,-0.05822206647502695],[34.06088006495185,-0.06361193352497305]]]}},{"type":"Feature","properties":{"id":"RFB-0177","cls":"informal_iron_sheet","area":16,"cost":8600,"tiv":140000.0,"tivCsv":140000.0,"lat":0.55293,"lon":34.74755,"where":"KE","settlement":"Webuye","density_class":"peri_urban","stratum":"floodplain","d10":0.0,"dr10":0.0,"loss10":0.0,"d20":0.0,"dr20":0.0,"loss20":0.0,"d50":0.0,"dr50":0.0,"loss50":0.0,"d100":0.0,"dr100":0.0,"loss100":0.0,"d200":0.0,"dr200":0.0,"loss200":0.0,"d500":0.0,"dr500":0.0,"loss500":0.0},"geometry":{"type":"Polygon","coordinates":[[[34.74485894097992,0.5502330664750269],[34.750249059020085,0.5502330664750269],[34.750249059020085,0.555622933524973],[34.74485894097992,0.555622933524973],[34.74485894097992,0.5502330664750269]]]}},{"type":"Feature","properties":{"id":"RFB-0178","cls":"semi_permanent","area":44,"cost":9800,"tiv":430000.0,"tivCsv":430000.0,"lat":0.032,"lon":34.09423,"where":"KE","settlement":"Budalangi","density_class":"rural","stratum":"floodplain","d10":0.0,"dr10":0.0,"loss10":0.0,"d20":0.0,"dr20":0.0,"loss20":0.0,"d50":0.0,"dr50":0.0,"loss50":0.0,"d100":0.0,"dr100":0.0,"loss100":0.0,"d200":0.0,"dr200":0.0,"loss200":0.0,"d500":0.0,"dr500":0.0,"loss500":0.0},"geometry":{"type":"Polygon","coordinates":[[[34.091535066054846,0.02930006647502695],[34.09692493394516,0.02930006647502695],[34.09692493394516,0.03468993352497305],[34.091535066054846,0.03468993352497305],[34.091535066054846,0.02930006647502695]]]}},{"type":"Feature","properties":{"id":"RFB-0179","cls":"concrete_rcc","area":506,"cost":69100,"tiv":34965000.0,"tivCsv":34965000.0,"lat":0.41174,"lon":34.56725,"where":"KE","settlement":"other","density_class":"peri_urban","stratum":"floodplain","d10":0.0,"dr10":0.0,"loss10":0.0,"d20":0.0,"dr20":0.0,"loss20":0.0,"d50":0.0,"dr50":0.0,"loss50":0.0,"d100":0.0,"dr100":0.0,"loss100":0.0,"d200":0.0,"dr200":0.0,"loss200":0.0,"d500":0.0,"dr500":0.0,"loss500":0.0},"geometry":{"type":"Polygon","coordinates":[[[34.564552996889354,0.4090410664750269],[34.569943003110644,0.4090410664750269],[34.569943003110644,0.41443093352497307],[34.564552996889354,0.41443093352497307],[34.564552996889354,0.4090410664750269]]]}},{"type":"Feature","properties":{"id":"RFB-0180","cls":"informal_iron_sheet","area":13,"cost":8400,"tiv":110000.0,"tivCsv":110000.0,"lat":0.12732,"lon":35.21185,"where":"KE","settlement":"other","density_class":"peri_urban","stratum":"basin","d10":0.0,"dr10":0.0,"loss10":0.0,"d20":0.0,"dr20":0.0,"loss20":0.0,"d50":0.0,"dr50":0.0,"loss50":0.0,"d100":0.0,"dr100":0.0,"loss100":0.0,"d200":0.0,"dr200":0.0,"loss200":0.0,"d500":0.0,"dr500":0.0,"loss500":0.0},"geometry":{"type":"Polygon","coordinates":[[[35.20915405982137,0.12462406647502694],[35.21454394017863,0.12462406647502694],[35.21454394017863,0.13001393352497304],[35.20915405982137,0.13001393352497304],[35.20915405982137,0.12462406647502694]]]}},{"type":"Feature","properties":{"id":"RFB-0181","cls":"semi_permanent","area":32,"cost":10500,"tiv":335000.0,"tivCsv":335000.0,"lat":0.12433,"lon":34.40579,"where":"KE","settlement":"other","density_class":"rural","stratum":"basin","d10":0.0,"dr10":0.0,"loss10":0.0,"d20":0.0,"dr20":0.0,"loss20":0.0,"d50":0.0,"dr50":0.0,"loss50":0.0,"d100":0.0,"dr100":0.0,"loss100":0.0,"d200":0.0,"dr200":0.0,"loss200":0.0,"d500":0.0,"dr500":0.0,"loss500":0.0},"geometry":{"type":"Polygon","coordinates":[[[34.40309906013063,0.12163006647502696],[34.40848893986937,0.12163006647502696],[34.40848893986937,0.12701993352497307],[34.40309906013063,0.12701993352497307],[34.40309906013063,0.12163006647502696]]]}},{"type":"Feature","properties":{"id":"RFB-0182","cls":"permanent_masonry","area":146,"cost":57600,"tiv":8410000.0,"tivCsv":8410000.0,"lat":-0.02129,"lon":34.58226,"where":"KE","settlement":"other","density_class":"urban","stratum":"basin","d10":0.0,"dr10":0.0,"loss10":0.0,"d20":0.0,"dr20":0.0,"loss20":0.0,"d50":0.0,"dr50":0.0,"loss50":0.0,"d100":0.0,"dr100":0.0,"loss100":0.0,"d200":0.0,"dr200":0.0,"loss200":0.0,"d500":0.0,"dr500":0.0,"loss500":0.0},"geometry":{"type":"Polygon","coordinates":[[[34.579565066289014,-0.023982933524973053],[34.58495493371098,-0.023982933524973053],[34.58495493371098,-0.01859306647502695],[34.579565066289014,-0.01859306647502695],[34.579565066289014,-0.023982933524973053]]]}},{"type":"Feature","properties":{"id":"RFB-0183","cls":"informal_iron_sheet","area":19,"cost":6400,"tiv":120000.0,"tivCsv":120000.0,"lat":-0.18083,"lon":35.01106,"where":"KE","settlement":"other","density_class":"rural","stratum":"basin","d10":0.0,"dr10":0.0,"loss10":0.0,"d20":0.0,"dr20":0.0,"loss20":0.0,"d50":0.0,"dr50":0.0,"loss50":0.0,"d100":0.0,"dr100":0.0,"loss100":0.0,"d200":0.0,"dr200":0.0,"loss200":0.0,"d500":0.0,"dr500":0.0,"loss500":0.0},"geometry":{"type":"Polygon","coordinates":[[[35.008365053053225,-0.18352393352497304],[35.013754946946776,-0.18352393352497304],[35.013754946946776,-0.17813406647502694],[35.008365053053225,-0.17813406647502694],[35.008365053053225,-0.18352393352497304]]]}},{"type":"Feature","properties":{"id":"RFB-0184","cls":"informal_iron_sheet","area":15,"cost":6500,"tiv":100000.0,"tivCsv":100000.0,"lat":0.62133,"lon":34.60386,"where":"KE","settlement":"other","density_class":"peri_urban","stratum":"basin","d10":0.0,"dr10":0.0,"loss10":0.0,"d20":0.0,"dr20":0.0,"loss20":0.0,"d50":0.0,"dr50":0.0,"loss50":0.0,"d100":0.0,"dr100":0.0,"loss100":0.0,"d200":0.0,"dr200":0.0,"loss200":0.0,"d500":0.0,"dr500":0.0,"loss500":0.0},"geometry":{"type":"Polygon","coordinates":[[[34.60116390800552,0.6186400664750269],[34.60655409199448,0.6186400664750269],[34.60655409199448,0.624029933524973],[34.60116390800552,0.624029933524973],[34.60116390800552,0.6186400664750269]]]}},{"type":"Feature","properties":{"id":"RFB-0185","cls":"semi_permanent","area":30,"cost":13000,"tiv":390000.0,"tivCsv":390000.0,"lat":0.23066,"lon":34.80703,"where":"KE","settlement":"other","density_class":"peri_urban","stratum":"basin","d10":0.0,"dr10":0.0,"loss10":0.0,"d20":0.0,"dr20":0.0,"loss20":0.0,"d50":0.0,"dr50":0.0,"loss50":0.0,"d100":0.0,"dr100":0.0,"loss100":0.0,"d200":0.0,"dr200":0.0,"loss200":0.0,"d500":0.0,"dr500":0.0,"loss500":0.0},"geometry":{"type":"Polygon","coordinates":[[[34.80433404463741,0.22796106647502695],[34.80972395536259,0.22796106647502695],[34.80972395536259,0.23335093352497305],[34.80433404463741,0.23335093352497305],[34.80433404463741,0.22796106647502695]]]}},{"type":"Feature","properties":{"id":"RFB-0186","cls":"semi_permanent","area":57,"cost":11600,"tiv":660000.0,"tivCsv":660000.0,"lat":0.10674,"lon":34.7023,"where":"KE","settlement":"other","density_class":"peri_urban","stratum":"basin","d10":0.0,"dr10":0.0,"loss10":0.0,"d20":0.0,"dr20":0.0,"loss20":0.0,"d50":0.0,"dr50":0.0,"loss50":0.0,"d100":0.0,"dr100":0.0,"loss100":0.0,"d200":0.0,"dr200":0.0,"loss200":0.0,"d500":0.0,"dr500":0.0,"loss500":0.0},"geometry":{"type":"Polygon","coordinates":[[[34.69960506179819,0.10404806647502696],[34.704994938201814,0.10404806647502696],[34.704994938201814,0.10943793352497305],[34.69960506179819,0.10943793352497305],[34.69960506179819,0.10404806647502696]]]}},{"type":"Feature","properties":{"id":"RFB-0187","cls":"concrete_rcc","area":511,"cost":59900,"tiv":30610000.0,"tivCsv":30610000.0,"lat":1.00909,"lon":35.02219,"where":"KE","settlement":"Kitale","density_class":"urban","stratum":"basin","d10":0.0,"dr10":0.0,"loss10":0.0,"d20":0.0,"dr20":0.0,"loss20":0.0,"d50":0.0,"dr50":0.0,"loss50":0.0,"d100":0.0,"dr100":0.0,"loss100":0.0,"d200":0.0,"dr200":0.0,"loss200":0.0,"d500":0.0,"dr500":0.0,"loss500":0.0},"geometry":{"type":"Polygon","coordinates":[[[35.01949664846718,1.006390066475027],[35.02488735153281,1.006390066475027],[35.02488735153281,1.011779933524973],[35.01949664846718,1.011779933524973],[35.01949664846718,1.006390066475027]]]}},{"type":"Feature","properties":{"id":"RFB-0188","cls":"permanent_masonry","area":93,"cost":58900,"tiv":5480000.0,"tivCsv":5480000.0,"lat":0.19653,"lon":35.09038,"where":"KE","settlement":"other","density_class":"urban","stratum":"basin","d10":0.0,"dr10":0.0,"loss10":0.0,"d20":0.0,"dr20":0.0,"loss20":0.0,"d50":0.0,"dr50":0.0,"loss50":0.0,"d100":0.0,"dr100":0.0,"loss100":0.0,"d200":0.0,"dr200":0.0,"loss200":0.0,"d500":0.0,"dr500":0.0,"loss500":0.0},"geometry":{"type":"Polygon","coordinates":[[[35.087680050621415,0.19383406647502696],[35.09306994937859,0.19383406647502696],[35.09306994937859,0.19922393352497306],[35.087680050621415,0.19922393352497306],[35.087680050621415,0.19383406647502696]]]}},{"type":"Feature","properties":{"id":"RFB-0189","cls":"permanent_masonry","area":161,"cost":49900,"tiv":8035000.0,"tivCsv":8035000.0,"lat":0.57312,"lon":34.65514,"where":"KE","settlement":"other","density_class":"urban","stratum":"basin","d10":0.0,"dr10":0.0,"loss10":0.0,"d20":0.0,"dr20":0.0,"loss20":0.0,"d50":0.0,"dr50":0.0,"loss50":0.0,"d100":0.0,"dr100":0.0,"loss100":0.0,"d200":0.0,"dr200":0.0,"loss200":0.0,"d500":0.0,"dr500":0.0,"loss500":0.0},"geometry":{"type":"Polygon","coordinates":[[[34.652448931646894,0.570424066475027],[34.657839068353105,0.570424066475027],[34.657839068353105,0.5758139335249731],[34.652448931646894,0.5758139335249731],[34.652448931646894,0.570424066475027]]]}},{"type":"Feature","properties":{"id":"RFB-0190","cls":"permanent_masonry","area":184,"cost":56700,"tiv":10435000.0,"tivCsv":10435000.0,"lat":0.81587,"lon":34.80962,"where":"KE","settlement":"Bungoma","density_class":"peri_urban","stratum":"basin","d10":0.0,"dr10":0.0,"loss10":0.0,"d20":0.0,"dr20":0.0,"loss20":0.0,"d50":0.0,"dr50":0.0,"loss50":0.0,"d100":0.0,"dr100":0.0,"loss100":0.0,"d200":0.0,"dr200":0.0,"loss200":0.0,"d500":0.0,"dr500":0.0,"loss500":0.0},"geometry":{"type":"Polygon","coordinates":[[[34.806921793231204,0.8131740664750269],[34.8123122067688,0.8131740664750269],[34.8123122067688,0.818563933524973],[34.806921793231204,0.818563933524973],[34.806921793231204,0.8131740664750269]]]}},{"type":"Feature","properties":{"id":"RFB-0191","cls":"informal_iron_sheet","area":21,"cost":6900,"tiv":145000.0,"tivCsv":145000.0,"lat":0.32282,"lon":34.09698,"where":"KE","settlement":"Bumala","density_class":"peri_urban","stratum":"basin","d10":0.0,"dr10":0.0,"loss10":0.0,"d20":0.0,"dr20":0.0,"loss20":0.0,"d50":0.0,"dr50":0.0,"loss50":0.0,"d100":0.0,"dr100":0.0,"loss100":0.0,"d200":0.0,"dr200":0.0,"loss200":0.0,"d500":0.0,"dr500":0.0,"loss500":0.0},"geometry":{"type":"Polygon","coordinates":[[[34.09428002369804,0.3201290664750269],[34.09966997630196,0.3201290664750269],[34.09966997630196,0.3255189335249731],[34.09428002369804,0.3255189335249731],[34.09428002369804,0.3201290664750269]]]}},{"type":"Feature","properties":{"id":"RFB-0192","cls":"informal_iron_sheet","area":23,"cost":8600,"tiv":200000.0,"tivCsv":200000.0,"lat":0.46004,"lon":34.55906,"where":"KE","settlement":"other","density_class":"peri_urban","stratum":"basin","d10":0.0,"dr10":0.0,"loss10":0.0,"d20":0.0,"dr20":0.0,"loss20":0.0,"d50":0.0,"dr50":0.0,"loss50":0.0,"d100":0.0,"dr100":0.0,"loss100":0.0,"d200":0.0,"dr200":0.0,"loss200":0.0,"d500":0.0,"dr500":0.0,"loss500":0.0},"geometry":{"type":"Polygon","coordinates":[[[34.55636697960499,0.4573420664750269],[34.56175702039501,0.4573420664750269],[34.56175702039501,0.46273193352497305],[34.55636697960499,0.46273193352497305],[34.55636697960499,0.4573420664750269]]]}},{"type":"Feature","properties":{"id":"RFB-0193","cls":"informal_iron_sheet","area":13,"cost":9100,"tiv":120000.0,"tivCsv":120000.0,"lat":0.29819,"lon":35.36086,"where":"KE","settlement":"other","density_class":"rural","stratum":"basin","d10":0.0,"dr10":0.0,"loss10":0.0,"d20":0.0,"dr20":0.0,"loss20":0.0,"d50":0.0,"dr50":0.0,"loss50":0.0,"d100":0.0,"dr100":0.0,"loss100":0.0,"d200":0.0,"dr200":0.0,"loss200":0.0,"d500":0.0,"dr500":0.0,"loss500":0.0},"geometry":{"type":"Polygon","coordinates":[[[35.35816802997649,0.29549906647502694],[35.363557970023514,0.29549906647502694],[35.363557970023514,0.3008889335249731],[35.35816802997649,0.3008889335249731],[35.35816802997649,0.29549906647502694]]]}},{"type":"Feature","properties":{"id":"RFB-0194","cls":"informal_iron_sheet","area":21,"cost":7600,"tiv":160000.0,"tivCsv":160000.0,"lat":0.21122,"lon":34.58205,"where":"KE","settlement":"other","density_class":"peri_urban","stratum":"basin","d10":0.0,"dr10":0.0,"loss10":0.0,"d20":0.0,"dr20":0.0,"loss20":0.0,"d50":0.0,"dr50":0.0,"loss50":0.0,"d100":0.0,"dr100":0.0,"loss100":0.0,"d200":0.0,"dr200":0.0,"loss200":0.0,"d500":0.0,"dr500":0.0,"loss500":0.0},"geometry":{"type":"Polygon","coordinates":[[[34.5793540481628,0.20852406647502694],[34.5847439518372,0.20852406647502694],[34.5847439518372,0.21391393352497304],[34.5793540481628,0.21391393352497304],[34.5793540481628,0.20852406647502694]]]}},{"type":"Feature","properties":{"id":"RFB-0195","cls":"permanent_masonry","area":167,"cost":39100,"tiv":6530000.0,"tivCsv":6530000.0,"lat":0.40937,"lon":34.81411,"where":"KE","settlement":"Kakamega","density_class":"peri_urban","stratum":"basin","d10":0.0,"dr10":0.0,"loss10":0.0,"d20":0.0,"dr20":0.0,"loss20":0.0,"d50":0.0,"dr50":0.0,"loss50":0.0,"d100":0.0,"dr100":0.0,"loss100":0.0,"d200":0.0,"dr200":0.0,"loss200":0.0,"d500":0.0,"dr500":0.0,"loss500":0.0},"geometry":{"type":"Polygon","coordinates":[[[34.81141199768513,0.4066800664750269],[34.81680200231487,0.4066800664750269],[34.81680200231487,0.41206993352497306],[34.81141199768513,0.41206993352497306],[34.81141199768513,0.4066800664750269]]]}},{"type":"Feature","properties":{"id":"RFB-0196","cls":"permanent_masonry","area":187,"cost":50400,"tiv":9425000.0,"tivCsv":9425000.0,"lat":-0.08663,"lon":34.77703,"where":"KE","settlement":"Kisumu","density_class":"urban","stratum":"basin","d10":0.0,"dr10":0.0,"loss10":0.0,"d20":0.0,"dr20":0.0,"loss20":0.0,"d50":0.0,"dr50":0.0,"loss50":0.0,"d100":0.0,"dr100":0.0,"loss100":0.0,"d200":0.0,"dr200":0.0,"loss200":0.0,"d500":0.0,"dr500":0.0,"loss500":0.0},"geometry":{"type":"Polygon","coordinates":[[[34.774335063394325,-0.08932893352497305],[34.77972493660568,-0.08932893352497305],[34.77972493660568,-0.08393906647502695],[34.774335063394325,-0.08393906647502695],[34.774335063394325,-0.08932893352497305]]]}},{"type":"Feature","properties":{"id":"RFB-0197","cls":"informal_iron_sheet","area":26,"cost":6200,"tiv":160000.0,"tivCsv":160000.0,"lat":0.78727,"lon":34.7306,"where":"KE","settlement":"Bungoma","density_class":"urban","stratum":"basin","d10":0.0,"dr10":0.0,"loss10":0.0,"d20":0.0,"dr20":0.0,"loss20":0.0,"d50":0.0,"dr50":0.0,"loss50":0.0,"d100":0.0,"dr100":0.0,"loss100":0.0,"d200":0.0,"dr200":0.0,"loss200":0.0,"d500":0.0,"dr500":0.0,"loss500":0.0},"geometry":{"type":"Polygon","coordinates":[[[34.727908812050615,0.784579066475027],[34.733299187949385,0.784579066475027],[34.733299187949385,0.7899689335249731],[34.727908812050615,0.7899689335249731],[34.727908812050615,0.784579066475027]]]}},{"type":"Feature","properties":{"id":"RFB-0198","cls":"permanent_masonry","area":148,"cost":43100,"tiv":6380000.0,"tivCsv":6380000.0,"lat":0.60675,"lon":34.55472,"where":"KE","settlement":"other","density_class":"urban","stratum":"basin","d10":0.0,"dr10":0.0,"loss10":0.0,"d20":0.0,"dr20":0.0,"loss20":0.0,"d50":0.0,"dr50":0.0,"loss50":0.0,"d100":0.0,"dr100":0.0,"loss100":0.0,"d200":0.0,"dr200":0.0,"loss200":0.0,"d500":0.0,"dr500":0.0,"loss500":0.0},"geometry":{"type":"Polygon","coordinates":[[[34.55202391535726,0.6040570664750269],[34.55741408464274,0.6040570664750269],[34.55741408464274,0.609446933524973],[34.55202391535726,0.609446933524973],[34.55202391535726,0.6040570664750269]]]}},{"type":"Feature","properties":{"id":"RFB-0199","cls":"semi_permanent","area":59,"cost":13900,"tiv":820000.0,"tivCsv":820000.0,"lat":0.54787,"lon":35.31482,"where":"KE","settlement":"other","density_class":"urban","stratum":"basin","d10":0.0,"dr10":0.0,"loss10":0.0,"d20":0.0,"dr20":0.0,"loss20":0.0,"d50":0.0,"dr50":0.0,"loss50":0.0,"d100":0.0,"dr100":0.0,"loss100":0.0,"d200":0.0,"dr200":0.0,"loss200":0.0,"d500":0.0,"dr500":0.0,"loss500":0.0},"geometry":{"type":"Polygon","coordinates":[[[35.312122943264576,0.545177066475027],[35.31751305673543,0.545177066475027],[35.31751305673543,0.5505669335249731],[35.312122943264576,0.5505669335249731],[35.312122943264576,0.545177066475027]]]}},{"type":"Feature","properties":{"id":"RFB-0200","cls":"informal_iron_sheet","area":21,"cost":6000,"tiv":125000.0,"tivCsv":125000.0,"lat":0.07168,"lon":34.66379,"where":"KE","settlement":"other","density_class":"peri_urban","stratum":"basin","d10":0.0,"dr10":0.0,"loss10":0.0,"d20":0.0,"dr20":0.0,"loss20":0.0,"d50":0.0,"dr50":0.0,"loss50":0.0,"d100":0.0,"dr100":0.0,"loss100":0.0,"d200":0.0,"dr200":0.0,"loss200":0.0,"d500":0.0,"dr500":0.0,"loss500":0.0},"geometry":{"type":"Polygon","coordinates":[[[34.66109606436583,0.06898906647502695],[34.66648593563418,0.06898906647502695],[34.66648593563418,0.07437893352497305],[34.66109606436583,0.07437893352497305],[34.66109606436583,0.06898906647502695]]]}},{"type":"Feature","properties":{"id":"RFB-0201","cls":"permanent_masonry","area":188,"cost":46800,"tiv":8800000.0,"tivCsv":8800000.0,"lat":0.2028,"lon":34.78161,"where":"KE","settlement":"other","density_class":"urban","stratum":"basin","d10":0.0,"dr10":0.0,"loss10":0.0,"d20":0.0,"dr20":0.0,"loss20":0.0,"d50":0.0,"dr50":0.0,"loss50":0.0,"d100":0.0,"dr100":0.0,"loss100":0.0,"d200":0.0,"dr200":0.0,"loss200":0.0,"d500":0.0,"dr500":0.0,"loss500":0.0},"geometry":{"type":"Polygon","coordinates":[[[34.77891304959436,0.20010006647502696],[34.78430295040564,0.20010006647502696],[34.78430295040564,0.20548993352497305],[34.77891304959436,0.20548993352497305],[34.77891304959436,0.20010006647502696]]]}},{"type":"Feature","properties":{"id":"RFB-0202","cls":"semi_permanent","area":25,"cost":9600,"tiv":240000.0,"tivCsv":240000.0,"lat":0.74594,"lon":34.97256,"where":"KE","settlement":"other","density_class":"peri_urban","stratum":"basin","d10":0.0,"dr10":0.0,"loss10":0.0,"d20":0.0,"dr20":0.0,"loss20":0.0,"d50":0.0,"dr50":0.0,"loss50":0.0,"d100":0.0,"dr100":0.0,"loss100":0.0,"d200":0.0,"dr200":0.0,"loss200":0.0,"d500":0.0,"dr500":0.0,"loss500":0.0},"geometry":{"type":"Polygon","coordinates":[[[34.9698608380646,0.743249066475027],[34.9752511619354,0.743249066475027],[34.9752511619354,0.7486389335249731],[34.9698608380646,0.7486389335249731],[34.9698608380646,0.743249066475027]]]}},{"type":"Feature","properties":{"id":"RFB-0203","cls":"semi_permanent","area":64,"cost":11400,"tiv":730000.0,"tivCsv":730000.0,"lat":0.09321,"lon":34.20104,"where":"KE","settlement":"other","density_class":"rural","stratum":"basin","d10":0.0,"dr10":0.0,"loss10":0.0,"d20":0.0,"dr20":0.0,"loss20":0.0,"d50":0.0,"dr50":0.0,"loss50":0.0,"d100":0.0,"dr100":0.0,"loss100":0.0,"d200":0.0,"dr200":0.0,"loss200":0.0,"d500":0.0,"dr500":0.0,"loss500":0.0},"geometry":{"type":"Polygon","coordinates":[[[34.198342062908736,0.09051706647502696],[34.20373193709126,0.09051706647502696],[34.20373193709126,0.09590693352497305],[34.198342062908736,0.09590693352497305],[34.198342062908736,0.09051706647502696]]]}},{"type":"Feature","properties":{"id":"RFB-0204","cls":"informal_iron_sheet","area":16,"cost":8100,"tiv":130000.0,"tivCsv":130000.0,"lat":0.06897,"lon":34.4123,"where":"KE","settlement":"other","density_class":"rural","stratum":"basin","d10":0.0,"dr10":0.0,"loss10":0.0,"d20":0.0,"dr20":0.0,"loss20":0.0,"d50":0.0,"dr50":0.0,"loss50":0.0,"d100":0.0,"dr100":0.0,"loss100":0.0,"d200":0.0,"dr200":0.0,"loss200":0.0,"d500":0.0,"dr500":0.0,"loss500":0.0},"geometry":{"type":"Polygon","coordinates":[[[34.40960906452223,0.06628006647502695],[34.41499893547777,0.06628006647502695],[34.41499893547777,0.07166993352497304],[34.40960906452223,0.07166993352497304],[34.40960906452223,0.06628006647502695]]]}},{"type":"Feature","properties":{"id":"RFB-0205","cls":"informal_iron_sheet","area":17,"cost":7000,"tiv":120000.0,"tivCsv":120000.0,"lat":0.07866,"lon":35.14254,"where":"KE","settlement":"other","density_class":"rural","stratum":"basin","d10":0.0,"dr10":0.0,"loss10":0.0,"d20":0.0,"dr20":0.0,"loss20":0.0,"d50":0.0,"dr50":0.0,"loss50":0.0,"d100":0.0,"dr100":0.0,"loss100":0.0,"d200":0.0,"dr200":0.0,"loss200":0.0,"d500":0.0,"dr500":0.0,"loss500":0.0},"geometry":{"type":"Polygon","coordinates":[[[35.13984706393546,0.07596306647502696],[35.145236936064535,0.07596306647502696],[35.145236936064535,0.08135293352497305],[35.13984706393546,0.08135293352497305],[35.13984706393546,0.07596306647502696]]]}},{"type":"Feature","properties":{"id":"RFB-0206","cls":"permanent_masonry","area":178,"cost":56700,"tiv":10095000.0,"tivCsv":10095000.0,"lat":1.013,"lon":35.00256,"where":"KE","settlement":"Kitale","density_class":"urban","stratum":"basin","d10":0.0,"dr10":0.0,"loss10":0.0,"d20":0.0,"dr20":0.0,"loss20":0.0,"d50":0.0,"dr50":0.0,"loss50":0.0,"d100":0.0,"dr100":0.0,"loss100":0.0,"d200":0.0,"dr200":0.0,"loss200":0.0,"d500":0.0,"dr500":0.0,"loss500":0.0},"geometry":{"type":"Polygon","coordinates":[[[34.99986464522026,1.010301066475027],[35.00525535477974,1.010301066475027],[35.00525535477974,1.015690933524973],[34.99986464522026,1.015690933524973],[34.99986464522026,1.010301066475027]]]}},{"type":"Feature","properties":{"id":"RFB-0207","cls":"informal_iron_sheet","area":21,"cost":6700,"tiv":140000.0,"tivCsv":140000.0,"lat":0.73706,"lon":34.84419,"where":"KE","settlement":"other","density_class":"peri_urban","stratum":"basin","d10":0.0,"dr10":0.0,"loss10":0.0,"d20":0.0,"dr20":0.0,"loss20":0.0,"d50":0.0,"dr50":0.0,"loss50":0.0,"d100":0.0,"dr100":0.0,"loss100":0.0,"d200":0.0,"dr200":0.0,"loss200":0.0,"d500":0.0,"dr500":0.0,"loss500":0.0},"geometry":{"type":"Polygon","coordinates":[[[34.84149484347501,0.7343620664750269],[34.84688515652498,0.7343620664750269],[34.84688515652498,0.739751933524973],[34.84149484347501,0.739751933524973],[34.84149484347501,0.7343620664750269]]]}},{"type":"Feature","properties":{"id":"RFB-0208","cls":"semi_permanent","area":67,"cost":9500,"tiv":635000.0,"tivCsv":635000.0,"lat":-0.07867,"lon":34.80393,"where":"KE","settlement":"Kisumu","density_class":"peri_urban","stratum":"basin","d10":0.0,"dr10":0.0,"loss10":0.0,"d20":0.0,"dr20":0.0,"loss20":0.0,"d50":0.0,"dr50":0.0,"loss50":0.0,"d100":0.0,"dr100":0.0,"loss100":0.0,"d200":0.0,"dr200":0.0,"loss200":0.0,"d500":0.0,"dr500":0.0,"loss500":0.0},"geometry":{"type":"Polygon","coordinates":[[[34.80123306393443,-0.08136893352497304],[34.806622936065565,-0.08136893352497304],[34.806622936065565,-0.07597906647502695],[34.80123306393443,-0.07597906647502695],[34.80123306393443,-0.08136893352497304]]]}},{"type":"Feature","properties":{"id":"RFB-0209","cls":"informal_iron_sheet","area":18,"cost":7800,"tiv":140000.0,"tivCsv":140000.0,"lat":-0.07059,"lon":34.78622,"where":"KE","settlement":"Kisumu","density_class":"urban","stratum":"basin","d10":0.0,"dr10":0.0,"loss10":0.0,"d20":0.0,"dr20":0.0,"loss20":0.0,"d50":0.0,"dr50":0.0,"loss50":0.0,"d100":0.0,"dr100":0.0,"loss100":0.0,"d200":0.0,"dr200":0.0,"loss200":0.0,"d500":0.0,"dr500":0.0,"loss500":0.0},"geometry":{"type":"Polygon","coordinates":[[[34.78352406442978,-0.07328393352497305],[34.78891393557023,-0.07328393352497305],[34.78891393557023,-0.06789406647502695],[34.78352406442978,-0.06789406647502695],[34.78352406442978,-0.07328393352497305]]]}},{"type":"Feature","properties":{"id":"RFB-0210","cls":"concrete_rcc","area":414,"cost":63100,"tiv":26125000.0,"tivCsv":26125000.0,"lat":0.7473,"lon":34.80216,"where":"KE","settlement":"Bungoma","density_class":"peri_urban","stratum":"basin","d10":0.0,"dr10":0.0,"loss10":0.0,"d20":0.0,"dr20":0.0,"loss20":0.0,"d50":0.0,"dr50":0.0,"loss50":0.0,"d100":0.0,"dr100":0.0,"loss100":0.0,"d200":0.0,"dr200":0.0,"loss200":0.0,"d500":0.0,"dr500":0.0,"loss500":0.0},"geometry":{"type":"Polygon","coordinates":[[[34.799463837233986,0.744604066475027],[34.80485416276602,0.744604066475027],[34.80485416276602,0.7499939335249731],[34.799463837233986,0.7499939335249731],[34.799463837233986,0.744604066475027]]]}},{"type":"Feature","properties":{"id":"RFB-0211","cls":"semi_permanent","area":57,"cost":13200,"tiv":750000.0,"tivCsv":750000.0,"lat":0.3233,"lon":34.49853,"where":"KE","settlement":"Mumias","density_class":"urban","stratum":"basin","d10":0.0,"dr10":0.0,"loss10":0.0,"d20":0.0,"dr20":0.0,"loss20":0.0,"d50":0.0,"dr50":0.0,"loss50":0.0,"d100":0.0,"dr100":0.0,"loss100":0.0,"d200":0.0,"dr200":0.0,"loss200":0.0,"d500":0.0,"dr500":0.0,"loss500":0.0},"geometry":{"type":"Polygon","coordinates":[[[34.4958380235718,0.3206050664750269],[34.501227976428204,0.3206050664750269],[34.501227976428204,0.32599493352497305],[34.4958380235718,0.32599493352497305],[34.4958380235718,0.3206050664750269]]]}},{"type":"Feature","properties":{"id":"RFB-0212","cls":"informal_iron_sheet","area":13,"cost":8400,"tiv":110000.0,"tivCsv":110000.0,"lat":0.63402,"lon":34.37582,"where":"KE","settlement":"other","density_class":"peri_urban","stratum":"basin","d10":0.0,"dr10":0.0,"loss10":0.0,"d20":0.0,"dr20":0.0,"loss20":0.0,"d50":0.0,"dr50":0.0,"loss50":0.0,"d100":0.0,"dr100":0.0,"loss100":0.0,"d200":0.0,"dr200":0.0,"loss200":0.0,"d500":0.0,"dr500":0.0,"loss500":0.0},"geometry":{"type":"Polygon","coordinates":[[[34.37312890146964,0.6313230664750269],[34.37851909853036,0.6313230664750269],[34.37851909853036,0.636712933524973],[34.37312890146964,0.636712933524973],[34.37312890146964,0.6313230664750269]]]}},{"type":"Feature","properties":{"id":"RFB-0213","cls":"permanent_masonry","area":182,"cost":54700,"tiv":9955000.0,"tivCsv":9955000.0,"lat":0.50756,"lon":35.26222,"where":"KE","settlement":"other","density_class":"urban","stratum":"basin","d10":0.0,"dr10":0.0,"loss10":0.0,"d20":0.0,"dr20":0.0,"loss20":0.0,"d50":0.0,"dr50":0.0,"loss50":0.0,"d100":0.0,"dr100":0.0,"loss100":0.0,"d200":0.0,"dr200":0.0,"loss200":0.0,"d500":0.0,"dr500":0.0,"loss500":0.0},"geometry":{"type":"Polygon","coordinates":[[[35.25952696072872,0.5048670664750269],[35.26491703927128,0.5048670664750269],[35.26491703927128,0.510256933524973],[35.25952696072872,0.510256933524973],[35.25952696072872,0.5048670664750269]]]}},{"type":"Feature","properties":{"id":"RFB-0214","cls":"semi_permanent","area":51,"cost":12600,"tiv":645000.0,"tivCsv":645000.0,"lat":1.16587,"lon":34.87191,"where":"KE","settlement":"other","density_class":"rural","stratum":"basin","d10":0.0,"dr10":0.0,"loss10":0.0,"d20":0.0,"dr20":0.0,"loss20":0.0,"d50":0.0,"dr50":0.0,"loss50":0.0,"d100":0.0,"dr100":0.0,"loss100":0.0,"d200":0.0,"dr200":0.0,"loss200":0.0,"d500":0.0,"dr500":0.0,"loss500":0.0},"geometry":{"type":"Polygon","coordinates":[[[34.869218508457315,1.1631750664750269],[34.87460949154268,1.1631750664750269],[34.87460949154268,1.168564933524973],[34.869218508457315,1.168564933524973],[34.869218508457315,1.1631750664750269]]]}},{"type":"Feature","properties":{"id":"RFB-0215","cls":"permanent_masonry","area":244,"cost":54900,"tiv":13395000.0,"tivCsv":13395000.0,"lat":0.61543,"lon":34.66018,"where":"KE","settlement":"other","density_class":"urban","stratum":"basin","d10":0.0,"dr10":0.0,"loss10":0.0,"d20":0.0,"dr20":0.0,"loss20":0.0,"d50":0.0,"dr50":0.0,"loss50":0.0,"d100":0.0,"dr100":0.0,"loss100":0.0,"d200":0.0,"dr200":0.0,"loss200":0.0,"d500":0.0,"dr500":0.0,"loss500":0.0},"geometry":{"type":"Polygon","coordinates":[[[34.657482911003456,0.612735066475027],[34.66287308899655,0.612735066475027],[34.66287308899655,0.6181249335249731],[34.657482911003456,0.6181249335249731],[34.657482911003456,0.612735066475027]]]}},{"type":"Feature","properties":{"id":"RFB-0216","cls":"permanent_masonry","area":234,"cost":48400,"tiv":11325000.0,"tivCsv":11325000.0,"lat":0.62992,"lon":34.74551,"where":"KE","settlement":"Webuye","density_class":"peri_urban","stratum":"basin","d10":0.0,"dr10":0.0,"loss10":0.0,"d20":0.0,"dr20":0.0,"loss20":0.0,"d50":0.0,"dr50":0.0,"loss50":0.0,"d100":0.0,"dr100":0.0,"loss100":0.0,"d200":0.0,"dr200":0.0,"loss200":0.0,"d500":0.0,"dr500":0.0,"loss500":0.0},"geometry":{"type":"Polygon","coordinates":[[[34.74281890359641,0.6272240664750269],[34.74820909640359,0.6272240664750269],[34.74820909640359,0.6326139335249731],[34.74281890359641,0.6326139335249731],[34.74281890359641,0.6272240664750269]]]}},{"type":"Feature","properties":{"id":"RFB-0217","cls":"semi_permanent","area":57,"cost":14500,"tiv":825000.0,"tivCsv":825000.0,"lat":-0.09591,"lon":34.77798,"where":"KE","settlement":"Kisumu","density_class":"urban","stratum":"basin","d10":0.0,"dr10":0.0,"loss10":0.0,"d20":0.0,"dr20":0.0,"loss20":0.0,"d50":0.0,"dr50":0.0,"loss50":0.0,"d100":0.0,"dr100":0.0,"loss100":0.0,"d200":0.0,"dr200":0.0,"loss200":0.0,"d500":0.0,"dr500":0.0,"loss500":0.0},"geometry":{"type":"Polygon","coordinates":[[[34.775286062699685,-0.09859993352497305],[34.78067593730031,-0.09859993352497305],[34.78067593730031,-0.09321006647502696],[34.775286062699685,-0.09321006647502696],[34.775286062699685,-0.09859993352497305]]]}},{"type":"Feature","properties":{"id":"RFB-0218","cls":"informal_iron_sheet","area":14,"cost":6100,"tiv":85000.0,"tivCsv":85000.0,"lat":0.28063,"lon":34.51522,"where":"KE","settlement":"Mumias","density_class":"peri_urban","stratum":"basin","d10":0.0,"dr10":0.0,"loss10":0.0,"d20":0.0,"dr20":0.0,"loss20":0.0,"d50":0.0,"dr50":0.0,"loss50":0.0,"d100":0.0,"dr100":0.0,"loss100":0.0,"d200":0.0,"dr200":0.0,"loss200":0.0,"d500":0.0,"dr500":0.0,"loss500":0.0},"geometry":{"type":"Polygon","coordinates":[[[34.51252303415044,0.2779310664750269],[34.517912965849554,0.2779310664750269],[34.517912965849554,0.28332093352497306],[34.51252303415044,0.28332093352497306],[34.51252303415044,0.2779310664750269]]]}},{"type":"Feature","properties":{"id":"RFB-0219","cls":"concrete_rcc","area":436,"cost":66300,"tiv":28905000.0,"tivCsv":28905000.0,"lat":0.78567,"lon":34.71746,"where":"KE","settlement":"Bungoma","density_class":"urban","stratum":"basin","d10":0.0,"dr10":0.0,"loss10":0.0,"d20":0.0,"dr20":0.0,"loss20":0.0,"d50":0.0,"dr50":0.0,"loss50":0.0,"d100":0.0,"dr100":0.0,"loss100":0.0,"d200":0.0,"dr200":0.0,"loss200":0.0,"d500":0.0,"dr500":0.0,"loss500":0.0},"geometry":{"type":"Polygon","coordinates":[[[34.71476681308508,0.782977066475027],[34.72015718691492,0.782977066475027],[34.72015718691492,0.7883669335249731],[34.71476681308508,0.7883669335249731],[34.71476681308508,0.782977066475027]]]}},{"type":"Feature","properties":{"id":"RFB-0220","cls":"concrete_rcc","area":388,"cost":62100,"tiv":24095000.0,"tivCsv":24095000.0,"lat":0.49688,"lon":35.30087,"where":"KE","settlement":"other","density_class":"urban","stratum":"basin","d10":0.0,"dr10":0.0,"loss10":0.0,"d20":0.0,"dr20":0.0,"loss20":0.0,"d50":0.0,"dr50":0.0,"loss50":0.0,"d100":0.0,"dr100":0.0,"loss100":0.0,"d200":0.0,"dr200":0.0,"loss200":0.0,"d500":0.0,"dr500":0.0,"loss500":0.0},"geometry":{"type":"Polygon","coordinates":[[[35.298176965132214,0.4941870664750269],[35.30356703486778,0.4941870664750269],[35.30356703486778,0.49957693352497307],[35.298176965132214,0.49957693352497307],[35.298176965132214,0.4941870664750269]]]}},{"type":"Feature","properties":{"id":"RFB-0221","cls":"concrete_rcc","area":273,"cost":75600,"tiv":20640000.0,"tivCsv":20640000.0,"lat":0.42366,"lon":34.51228,"where":"KE","settlement":"Mumias","density_class":"peri_urban","stratum":"basin","d10":0.0,"dr10":0.0,"loss10":0.0,"d20":0.0,"dr20":0.0,"loss20":0.0,"d50":0.0,"dr50":0.0,"loss50":0.0,"d100":0.0,"dr100":0.0,"loss100":0.0,"d200":0.0,"dr200":0.0,"loss200":0.0,"d500":0.0,"dr500":0.0,"loss500":0.0},"geometry":{"type":"Polygon","coordinates":[[[34.509582992799764,0.4209670664750269],[34.51497300720024,0.4209670664750269],[34.51497300720024,0.42635693352497306],[34.509582992799764,0.42635693352497306],[34.509582992799764,0.4209670664750269]]]}},{"type":"Feature","properties":{"id":"RFB-0222","cls":"concrete_rcc","area":634,"cost":62800,"tiv":39815000.0,"tivCsv":39815000.0,"lat":0.22137,"lon":34.95573,"where":"KE","settlement":"other","density_class":"peri_urban","stratum":"basin","d10":0.0,"dr10":0.0,"loss10":0.0,"d20":0.0,"dr20":0.0,"loss20":0.0,"d50":0.0,"dr50":0.0,"loss50":0.0,"d100":0.0,"dr100":0.0,"loss100":0.0,"d200":0.0,"dr200":0.0,"loss200":0.0,"d500":0.0,"dr500":0.0,"loss500":0.0},"geometry":{"type":"Polygon","coordinates":[[[34.95303104636017,0.21867606647502696],[34.95842095363983,0.21867606647502696],[34.95842095363983,0.22406593352497306],[34.95303104636017,0.22406593352497306],[34.95303104636017,0.21867606647502696]]]}},{"type":"Feature","properties":{"id":"RFB-0223","cls":"informal_iron_sheet","area":13,"cost":8000,"tiv":105000.0,"tivCsv":105000.0,"lat":0.35458,"lon":35.18197,"where":"KE","settlement":"other","density_class":"rural","stratum":"basin","d10":0.0,"dr10":0.0,"loss10":0.0,"d20":0.0,"dr20":0.0,"loss20":0.0,"d50":0.0,"dr50":0.0,"loss50":0.0,"d100":0.0,"dr100":0.0,"loss100":0.0,"d200":0.0,"dr200":0.0,"loss200":0.0,"d500":0.0,"dr500":0.0,"loss500":0.0},"geometry":{"type":"Polygon","coordinates":[[[35.179271014867204,0.3518880664750269],[35.1846609851328,0.3518880664750269],[35.1846609851328,0.35727793352497306],[35.179271014867204,0.35727793352497306],[35.179271014867204,0.3518880664750269]]]}},{"type":"Feature","properties":{"id":"RFB-0224","cls":"semi_permanent","area":57,"cost":15100,"tiv":860000.0,"tivCsv":860000.0,"lat":0.49577,"lon":34.17089,"where":"KE","settlement":"other","density_class":"peri_urban","stratum":"basin","d10":0.0,"dr10":0.0,"loss10":0.0,"d20":0.0,"dr20":0.0,"loss20":0.0,"d50":0.0,"dr50":0.0,"loss50":0.0,"d100":0.0,"dr100":0.0,"loss100":0.0,"d200":0.0,"dr200":0.0,"loss200":0.0,"d500":0.0,"dr500":0.0,"loss500":0.0},"geometry":{"type":"Polygon","coordinates":[[[34.16819196558736,0.49307006647502694],[34.17358203441264,0.49307006647502694],[34.17358203441264,0.4984599335249731],[34.16819196558736,0.4984599335249731],[34.16819196558736,0.49307006647502694]]]}},{"type":"Feature","properties":{"id":"RFB-0225","cls":"informal_iron_sheet","area":17,"cost":8000,"tiv":135000.0,"tivCsv":135000.0,"lat":0.58068,"lon":34.38265,"where":"KE","settlement":"other","density_class":"peri_urban","stratum":"basin","d10":0.0,"dr10":0.0,"loss10":0.0,"d20":0.0,"dr20":0.0,"loss20":0.0,"d50":0.0,"dr50":0.0,"loss50":0.0,"d100":0.0,"dr100":0.0,"loss100":0.0,"d200":0.0,"dr200":0.0,"loss200":0.0,"d500":0.0,"dr500":0.0,"loss500":0.0},"geometry":{"type":"Polygon","coordinates":[[[34.379956928064345,0.5779880664750269],[34.385347071935655,0.5779880664750269],[34.385347071935655,0.583377933524973],[34.379956928064345,0.583377933524973],[34.379956928064345,0.5779880664750269]]]}},{"type":"Feature","properties":{"id":"RFB-0226","cls":"permanent_masonry","area":106,"cost":58000,"tiv":6150000.0,"tivCsv":6150000.0,"lat":0.29649,"lon":34.76378,"where":"KE","settlement":"other","density_class":"urban","stratum":"basin","d10":0.0,"dr10":0.0,"loss10":0.0,"d20":0.0,"dr20":0.0,"loss20":0.0,"d50":0.0,"dr50":0.0,"loss50":0.0,"d100":0.0,"dr100":0.0,"loss100":0.0,"d200":0.0,"dr200":0.0,"loss200":0.0,"d500":0.0,"dr500":0.0,"loss500":0.0},"geometry":{"type":"Polygon","coordinates":[[[34.7610860303917,0.29379806647502693],[34.7664759696083,0.29379806647502693],[34.7664759696083,0.2991879335249731],[34.7610860303917,0.2991879335249731],[34.7610860303917,0.29379806647502693]]]}},{"type":"Feature","properties":{"id":"RFB-0227","cls":"permanent_masonry","area":102,"cost":56600,"tiv":5775000.0,"tivCsv":5775000.0,"lat":-0.16969,"lon":34.94089,"where":"KE","settlement":"other","density_class":"urban","stratum":"basin","d10":0.0,"dr10":0.0,"loss10":0.0,"d20":0.0,"dr20":0.0,"loss20":0.0,"d50":0.0,"dr50":0.0,"loss50":0.0,"d100":0.0,"dr100":0.0,"loss100":0.0,"d200":0.0,"dr200":0.0,"loss200":0.0,"d500":0.0,"dr500":0.0,"loss500":0.0},"geometry":{"type":"Polygon","coordinates":[[[34.93820005465558,-0.17238693352497306],[34.943589945344414,-0.17238693352497306],[34.943589945344414,-0.16699706647502696],[34.93820005465558,-0.16699706647502696],[34.93820005465558,-0.17238693352497306]]]}},{"type":"Feature","properties":{"id":"RFB-0228","cls":"concrete_rcc","area":167,"cost":55700,"tiv":9300000.0,"tivCsv":9300000.0,"lat":0.32322,"lon":34.58183,"where":"KE","settlement":"Mumias","density_class":"urban","stratum":"basin","d10":0.0,"dr10":0.0,"loss10":0.0,"d20":0.0,"dr20":0.0,"loss20":0.0,"d50":0.0,"dr50":0.0,"loss50":0.0,"d100":0.0,"dr100":0.0,"loss100":0.0,"d200":0.0,"dr200":0.0,"loss200":0.0,"d500":0.0,"dr500":0.0,"loss500":0.0},"geometry":{"type":"Polygon","coordinates":[[[34.57913502359197,0.32052906647502694],[34.58452497640803,0.32052906647502694],[34.58452497640803,0.3259189335249731],[34.57913502359197,0.3259189335249731],[34.57913502359197,0.32052906647502694]]]}},{"type":"Feature","properties":{"id":"RFB-0229","cls":"permanent_masonry","area":84,"cost":53700,"tiv":4510000.0,"tivCsv":4510000.0,"lat":-0.07809,"lon":34.7738,"where":"KE","settlement":"Kisumu","density_class":"urban","stratum":"basin","d10":0.0,"dr10":0.0,"loss10":0.0,"d20":0.0,"dr20":0.0,"loss20":0.0,"d50":0.0,"dr50":0.0,"loss50":0.0,"d100":0.0,"dr100":0.0,"loss100":0.0,"d200":0.0,"dr200":0.0,"loss200":0.0,"d500":0.0,"dr500":0.0,"loss500":0.0},"geometry":{"type":"Polygon","coordinates":[[[34.77110406397175,-0.08078893352497304],[34.776493936028245,-0.08078893352497304],[34.776493936028245,-0.07539906647502695],[34.77110406397175,-0.07539906647502695],[34.77110406397175,-0.08078893352497304]]]}},{"type":"Feature","properties":{"id":"RFB-0230","cls":"permanent_masonry","area":91,"cost":53000,"tiv":4825000.0,"tivCsv":4825000.0,"lat":1.20308,"lon":35.00065,"where":"KE","settlement":"other","density_class":"peri_urban","stratum":"basin","d10":0.0,"dr10":0.0,"loss10":0.0,"d20":0.0,"dr20":0.0,"loss20":0.0,"d50":0.0,"dr50":0.0,"loss50":0.0,"d100":0.0,"dr100":0.0,"loss100":0.0,"d200":0.0,"dr200":0.0,"loss200":0.0,"d500":0.0,"dr500":0.0,"loss500":0.0},"geometry":{"type":"Polygon","coordinates":[[[34.997951472259814,1.2003880664750268],[35.00334252774019,1.2003880664750268],[35.00334252774019,1.205777933524973],[34.997951472259814,1.205777933524973],[34.997951472259814,1.2003880664750268]]]}},{"type":"Feature","properties":{"id":"RFB-0231","cls":"informal_iron_sheet","area":13,"cost":6500,"tiv":85000.0,"tivCsv":85000.0,"lat":0.74226,"lon":34.42369,"where":"KE","settlement":"other","density_class":"peri_urban","stratum":"basin","d10":0.0,"dr10":0.0,"loss10":0.0,"d20":0.0,"dr20":0.0,"loss20":0.0,"d50":0.0,"dr50":0.0,"loss50":0.0,"d100":0.0,"dr100":0.0,"loss100":0.0,"d200":0.0,"dr200":0.0,"loss200":0.0,"d500":0.0,"dr500":0.0,"loss500":0.0},"geometry":{"type":"Polygon","coordinates":[[[34.420990840313465,0.7395680664750269],[34.42638115968653,0.7395680664750269],[34.42638115968653,0.7449579335249731],[34.420990840313465,0.7449579335249731],[34.420990840313465,0.7395680664750269]]]}},{"type":"Feature","properties":{"id":"RFB-0232","cls":"informal_iron_sheet","area":19,"cost":7600,"tiv":145000.0,"tivCsv":145000.0,"lat":-0.05411,"lon":34.78035,"where":"KE","settlement":"Kisumu","density_class":"urban","stratum":"basin","d10":0.0,"dr10":0.0,"loss10":0.0,"d20":0.0,"dr20":0.0,"loss20":0.0,"d50":0.0,"dr50":0.0,"loss50":0.0,"d100":0.0,"dr100":0.0,"loss100":0.0,"d200":0.0,"dr200":0.0,"loss200":0.0,"d500":0.0,"dr500":0.0,"loss500":0.0},"geometry":{"type":"Polygon","coordinates":[[[34.777654065273154,-0.05680693352497305],[34.78304393472685,-0.05680693352497305],[34.78304393472685,-0.05141706647502695],[34.777654065273154,-0.05141706647502695],[34.777654065273154,-0.05680693352497305]]]}},{"type":"Feature","properties":{"id":"RFB-0233","cls":"permanent_masonry","area":198,"cost":54500,"tiv":10790000.0,"tivCsv":10790000.0,"lat":0.29593,"lon":34.05982,"where":"KE","settlement":"Sio Port","density_class":"peri_urban","stratum":"basin","d10":0.0,"dr10":0.0,"loss10":0.0,"d20":0.0,"dr20":0.0,"loss20":0.0,"d50":0.0,"dr50":0.0,"loss50":0.0,"d100":0.0,"dr100":0.0,"loss100":0.0,"d200":0.0,"dr200":0.0,"loss200":0.0,"d500":0.0,"dr500":0.0,"loss500":0.0},"geometry":{"type":"Polygon","coordinates":[[[34.05712503052861,0.29323506647502695],[34.062514969471394,0.29323506647502695],[34.062514969471394,0.2986249335249731],[34.05712503052861,0.2986249335249731],[34.05712503052861,0.29323506647502695]]]}},{"type":"Feature","properties":{"id":"RFB-0234","cls":"semi_permanent","area":61,"cost":12600,"tiv":770000.0,"tivCsv":770000.0,"lat":0.43083,"lon":34.38438,"where":"KE","settlement":"other","density_class":"peri_urban","stratum":"basin","d10":0.0,"dr10":0.0,"loss10":0.0,"d20":0.0,"dr20":0.0,"loss20":0.0,"d50":0.0,"dr50":0.0,"loss50":0.0,"d100":0.0,"dr100":0.0,"loss100":0.0,"d200":0.0,"dr200":0.0,"loss200":0.0,"d500":0.0,"dr500":0.0,"loss500":0.0},"geometry":{"type":"Polygon","coordinates":[[[34.38168199028663,0.42813206647502694],[34.38707200971337,0.42813206647502694],[34.38707200971337,0.4335219335249731],[34.38168199028663,0.4335219335249731],[34.38168199028663,0.42813206647502694]]]}},{"type":"Feature","properties":{"id":"RFB-0235","cls":"concrete_rcc","area":268,"cost":78800,"tiv":21120000.0,"tivCsv":21120000.0,"lat":0.53825,"lon":35.3013,"where":"KE","settlement":"other","density_class":"urban","stratum":"basin","d10":0.0,"dr10":0.0,"loss10":0.0,"d20":0.0,"dr20":0.0,"loss20":0.0,"d50":0.0,"dr50":0.0,"loss50":0.0,"d100":0.0,"dr100":0.0,"loss100":0.0,"d200":0.0,"dr200":0.0,"loss200":0.0,"d500":0.0,"dr500":0.0,"loss500":0.0},"geometry":{"type":"Polygon","coordinates":[[[35.29860494755626,0.5355510664750269],[35.30399505244374,0.5355510664750269],[35.30399505244374,0.5409409335249731],[35.29860494755626,0.5409409335249731],[35.29860494755626,0.5355510664750269]]]}},{"type":"Feature","properties":{"id":"RFB-0236","cls":"permanent_masonry","area":150,"cost":56700,"tiv":8505000.0,"tivCsv":8505000.0,"lat":0.59285,"lon":34.26242,"where":"KE","settlement":"other","density_class":"peri_urban","stratum":"basin","d10":0.0,"dr10":0.0,"loss10":0.0,"d20":0.0,"dr20":0.0,"loss20":0.0,"d50":0.0,"dr50":0.0,"loss50":0.0,"d100":0.0,"dr100":0.0,"loss100":0.0,"d200":0.0,"dr200":0.0,"loss200":0.0,"d500":0.0,"dr500":0.0,"loss500":0.0},"geometry":{"type":"Polygon","coordinates":[[[34.25972492220164,0.5901580664750269],[34.265115077798356,0.5901580664750269],[34.265115077798356,0.595547933524973],[34.25972492220164,0.595547933524973],[34.25972492220164,0.5901580664750269]]]}},{"type":"Feature","properties":{"id":"RFB-0237","cls":"permanent_masonry","area":174,"cost":50900,"tiv":8855000.0,"tivCsv":8855000.0,"lat":0.18142,"lon":34.94259,"where":"KE","settlement":"other","density_class":"urban","stratum":"basin","d10":0.0,"dr10":0.0,"loss10":0.0,"d20":0.0,"dr20":0.0,"loss20":0.0,"d50":0.0,"dr50":0.0,"loss50":0.0,"d100":0.0,"dr100":0.0,"loss100":0.0,"d200":0.0,"dr200":0.0,"loss200":0.0,"d500":0.0,"dr500":0.0,"loss500":0.0},"geometry":{"type":"Polygon","coordinates":[[[34.939896052964905,0.17872806647502695],[34.945285947035096,0.17872806647502695],[34.945285947035096,0.18411793352497305],[34.939896052964905,0.18411793352497305],[34.939896052964905,0.17872806647502695]]]}},{"type":"Feature","properties":{"id":"RFB-0238","cls":"concrete_rcc","area":716,"cost":76100,"tiv":54490000.0,"tivCsv":54490000.0,"lat":0.53776,"lon":35.25354,"where":"KE","settlement":"other","density_class":"urban","stratum":"basin","d10":0.0,"dr10":0.0,"loss10":0.0,"d20":0.0,"dr20":0.0,"loss20":0.0,"d50":0.0,"dr50":0.0,"loss50":0.0,"d100":0.0,"dr100":0.0,"loss100":0.0,"d200":0.0,"dr200":0.0,"loss200":0.0,"d500":0.0,"dr500":0.0,"loss500":0.0},"geometry":{"type":"Polygon","coordinates":[[[35.25084794777137,0.5350640664750269],[35.25623805222863,0.5350640664750269],[35.25623805222863,0.5404539335249731],[35.25084794777137,0.5404539335249731],[35.25084794777137,0.5350640664750269]]]}},{"type":"Feature","properties":{"id":"RFB-0239","cls":"concrete_rcc","area":491,"cost":72600,"tiv":35645000.0,"tivCsv":35645000.0,"lat":0.48417,"lon":35.25997,"where":"KE","settlement":"other","density_class":"urban","stratum":"basin","d10":0.0,"dr10":0.0,"loss10":0.0,"d20":0.0,"dr20":0.0,"loss20":0.0,"d50":0.0,"dr50":0.0,"loss50":0.0,"d100":0.0,"dr100":0.0,"loss100":0.0,"d200":0.0,"dr200":0.0,"loss200":0.0,"d500":0.0,"dr500":0.0,"loss500":0.0},"geometry":{"type":"Polygon","coordinates":[[[35.25727297025305,0.4814710664750269],[35.26266302974695,0.4814710664750269],[35.26266302974695,0.48686093352497306],[35.25727297025305,0.48686093352497306],[35.25727297025305,0.4814710664750269]]]}},{"type":"Feature","properties":{"id":"RFB-0240","cls":"semi_permanent","area":27,"cost":11000,"tiv":295000.0,"tivCsv":295000.0,"lat":0.0693,"lon":34.84242,"where":"KE","settlement":"other","density_class":"peri_urban","stratum":"basin","d10":0.0,"dr10":0.0,"loss10":0.0,"d20":0.0,"dr20":0.0,"loss20":0.0,"d50":0.0,"dr50":0.0,"loss50":0.0,"d100":0.0,"dr100":0.0,"loss100":0.0,"d200":0.0,"dr200":0.0,"loss200":0.0,"d500":0.0,"dr500":0.0,"loss500":0.0},"geometry":{"type":"Polygon","coordinates":[[[34.83972006450379,0.06660506647502695],[34.84510993549622,0.06660506647502695],[34.84510993549622,0.07199493352497305],[34.83972006450379,0.07199493352497305],[34.83972006450379,0.06660506647502695]]]}},{"type":"Feature","properties":{"id":"RFB-0241","cls":"concrete_rcc","area":414,"cost":59300,"tiv":24550000.0,"tivCsv":24550000.0,"lat":-0.12166,"lon":34.75957,"where":"KE","settlement":"Kisumu","density_class":"urban","stratum":"basin","d10":0.0,"dr10":0.0,"loss10":0.0,"d20":0.0,"dr20":0.0,"loss20":0.0,"d50":0.0,"dr50":0.0,"loss50":0.0,"d100":0.0,"dr100":0.0,"loss100":0.0,"d200":0.0,"dr200":0.0,"loss200":0.0,"d500":0.0,"dr500":0.0,"loss500":0.0},"geometry":{"type":"Polygon","coordinates":[[[34.7568720603999,-0.12435293352497305],[34.762261939600094,-0.12435293352497305],[34.762261939600094,-0.11896306647502695],[34.7568720603999,-0.11896306647502695],[34.7568720603999,-0.12435293352497305]]]}},{"type":"Feature","properties":{"id":"RFB-0242","cls":"informal_iron_sheet","area":13,"cost":7600,"tiv":100000.0,"tivCsv":100000.0,"lat":-0.27117,"lon":35.02608,"where":"KE","settlement":"other","density_class":"rural","stratum":"basin","d10":0.0,"dr10":0.0,"loss10":0.0,"d20":0.0,"dr20":0.0,"loss20":0.0,"d50":0.0,"dr50":0.0,"loss50":0.0,"d100":0.0,"dr100":0.0,"loss100":0.0,"d200":0.0,"dr200":0.0,"loss200":0.0,"d500":0.0,"dr500":0.0,"loss500":0.0},"geometry":{"type":"Polygon","coordinates":[[[35.02338103629108,-0.2738699335249731],[35.02877096370893,-0.2738699335249731],[35.02877096370893,-0.2684800664750269],[35.02338103629108,-0.2684800664750269],[35.02338103629108,-0.2738699335249731]]]}},{"type":"Feature","properties":{"id":"RFB-0243","cls":"semi_permanent","area":53,"cost":8800,"tiv":465000.0,"tivCsv":465000.0,"lat":0.44113,"lon":34.7905,"where":"KE","settlement":"Kakamega","density_class":"peri_urban","stratum":"basin","d10":0.0,"dr10":0.0,"loss10":0.0,"d20":0.0,"dr20":0.0,"loss20":0.0,"d50":0.0,"dr50":0.0,"loss50":0.0,"d100":0.0,"dr100":0.0,"loss100":0.0,"d200":0.0,"dr200":0.0,"loss200":0.0,"d500":0.0,"dr500":0.0,"loss500":0.0},"geometry":{"type":"Polygon","coordinates":[[[34.78780898659859,0.4384360664750269],[34.793199013401406,0.4384360664750269],[34.793199013401406,0.44382593352497307],[34.78780898659859,0.44382593352497307],[34.78780898659859,0.4384360664750269]]]}},{"type":"Feature","properties":{"id":"RFB-0244","cls":"semi_permanent","area":43,"cost":13200,"tiv":570000.0,"tivCsv":570000.0,"lat":0.8454,"lon":34.46369,"where":"KE","settlement":"other","density_class":"peri_urban","stratum":"basin","d10":0.0,"dr10":0.0,"loss10":0.0,"d20":0.0,"dr20":0.0,"loss20":0.0,"d50":0.0,"dr50":0.0,"loss50":0.0,"d100":0.0,"dr100":0.0,"loss100":0.0,"d200":0.0,"dr200":0.0,"loss200":0.0,"d500":0.0,"dr500":0.0,"loss500":0.0},"geometry":{"type":"Polygon","coordinates":[[[34.46099677309363,0.842701066475027],[34.46638722690637,0.842701066475027],[34.46638722690637,0.8480909335249731],[34.46099677309363,0.8480909335249731],[34.46099677309363,0.842701066475027]]]}},{"type":"Feature","properties":{"id":"RFB-0245","cls":"permanent_masonry","area":241,"cost":56100,"tiv":13520000.0,"tivCsv":13520000.0,"lat":1.13862,"lon":34.99687,"where":"KE","settlement":"other","density_class":"peri_urban","stratum":"basin","d10":0.0,"dr10":0.0,"loss10":0.0,"d20":0.0,"dr20":0.0,"loss20":0.0,"d50":0.0,"dr50":0.0,"loss50":0.0,"d100":0.0,"dr100":0.0,"loss100":0.0,"d200":0.0,"dr200":0.0,"loss200":0.0,"d500":0.0,"dr500":0.0,"loss500":0.0},"geometry":{"type":"Polygon","coordinates":[[[34.994177534245665,1.135921066475027],[34.999568465754336,1.135921066475027],[34.999568465754336,1.1413109335249731],[34.994177534245665,1.1413109335249731],[34.994177534245665,1.135921066475027]]]}},{"type":"Feature","properties":{"id":"RFB-0246","cls":"semi_permanent","area":29,"cost":9800,"tiv":285000.0,"tivCsv":285000.0,"lat":0.42346,"lon":34.9161,"where":"KE","settlement":"other","density_class":"peri_urban","stratum":"basin","d10":0.0,"dr10":0.0,"loss10":0.0,"d20":0.0,"dr20":0.0,"loss20":0.0,"d50":0.0,"dr50":0.0,"loss50":0.0,"d100":0.0,"dr100":0.0,"loss100":0.0,"d200":0.0,"dr200":0.0,"loss200":0.0,"d500":0.0,"dr500":0.0,"loss500":0.0},"geometry":{"type":"Polygon","coordinates":[[[34.913404992871044,0.4207620664750269],[34.918795007128956,0.4207620664750269],[34.918795007128956,0.42615193352497305],[34.913404992871044,0.42615193352497305],[34.913404992871044,0.4207620664750269]]]}},{"type":"Feature","properties":{"id":"RFB-0247","cls":"concrete_rcc","area":242,"cost":67600,"tiv":16360000.0,"tivCsv":16360000.0,"lat":1.0132,"lon":34.97127,"where":"KE","settlement":"Kitale","density_class":"peri_urban","stratum":"basin","d10":0.0,"dr10":0.0,"loss10":0.0,"d20":0.0,"dr20":0.0,"loss20":0.0,"d50":0.0,"dr50":0.0,"loss50":0.0,"d100":0.0,"dr100":0.0,"loss100":0.0,"d200":0.0,"dr200":0.0,"loss200":0.0,"d500":0.0,"dr500":0.0,"loss500":0.0},"geometry":{"type":"Polygon","coordinates":[[[34.96857764504972,1.010506066475027],[34.97396835495027,1.010506066475027],[34.97396835495027,1.015895933524973],[34.96857764504972,1.015895933524973],[34.96857764504972,1.010506066475027]]]}},{"type":"Feature","properties":{"id":"RFB-0248","cls":"informal_iron_sheet","area":19,"cost":7800,"tiv":150000.0,"tivCsv":150000.0,"lat":0.89594,"lon":35.13242,"where":"KE","settlement":"other","density_class":"peri_urban","stratum":"basin","d10":0.0,"dr10":0.0,"loss10":0.0,"d20":0.0,"dr20":0.0,"loss20":0.0,"d50":0.0,"dr50":0.0,"loss50":0.0,"d100":0.0,"dr100":0.0,"loss100":0.0,"d200":0.0,"dr200":0.0,"loss200":0.0,"d500":0.0,"dr500":0.0,"loss500":0.0},"geometry":{"type":"Polygon","coordinates":[[[35.129720736961715,0.8932430664750269],[35.13511126303828,0.8932430664750269],[35.13511126303828,0.8986329335249731],[35.129720736961715,0.8986329335249731],[35.129720736961715,0.8932430664750269]]]}},{"type":"Feature","properties":{"id":"RFB-0249","cls":"concrete_rcc","area":364,"cost":74000,"tiv":26935000.0,"tivCsv":26935000.0,"lat":0.6942,"lon":34.96365,"where":"KE","settlement":"other","density_class":"peri_urban","stratum":"basin","d10":0.0,"dr10":0.0,"loss10":0.0,"d20":0.0,"dr20":0.0,"loss20":0.0,"d50":0.0,"dr50":0.0,"loss50":0.0,"d100":0.0,"dr100":0.0,"loss100":0.0,"d200":0.0,"dr200":0.0,"loss200":0.0,"d500":0.0,"dr500":0.0,"loss500":0.0},"geometry":{"type":"Polygon","coordinates":[[[34.96095386865804,0.691501066475027],[34.966344131341955,0.691501066475027],[34.966344131341955,0.6968909335249731],[34.96095386865804,0.6968909335249731],[34.96095386865804,0.691501066475027]]]}},{"type":"Feature","properties":{"id":"RFB-0250","cls":"informal_iron_sheet","area":11,"cost":8500,"tiv":95000.0,"tivCsv":95000.0,"lat":-0.26326,"lon":35.22877,"where":"KE","settlement":"other","density_class":"peri_urban","stratum":"basin","d10":0.0,"dr10":0.0,"loss10":0.0,"d20":0.0,"dr20":0.0,"loss20":0.0,"d50":0.0,"dr50":0.0,"loss50":0.0,"d100":0.0,"dr100":0.0,"loss100":0.0,"d200":0.0,"dr200":0.0,"loss200":0.0,"d500":0.0,"dr500":0.0,"loss500":0.0},"geometry":{"type":"Polygon","coordinates":[[[35.22607703802781,-0.26595293352497307],[35.23146696197219,-0.26595293352497307],[35.23146696197219,-0.2605630664750269],[35.22607703802781,-0.2605630664750269],[35.22607703802781,-0.26595293352497307]]]}},{"type":"Feature","properties":{"id":"RFB-0251","cls":"semi_permanent","area":66,"cost":14000,"tiv":925000.0,"tivCsv":925000.0,"lat":0.81442,"lon":34.97233,"where":"KE","settlement":"other","density_class":"peri_urban","stratum":"basin","d10":0.0,"dr10":0.0,"loss10":0.0,"d20":0.0,"dr20":0.0,"loss20":0.0,"d50":0.0,"dr50":0.0,"loss50":0.0,"d100":0.0,"dr100":0.0,"loss100":0.0,"d200":0.0,"dr200":0.0,"loss200":0.0,"d500":0.0,"dr500":0.0,"loss500":0.0},"geometry":{"type":"Polygon","coordinates":[[[34.96963179420167,0.8117240664750269],[34.97502220579833,0.8117240664750269],[34.97502220579833,0.8171139335249731],[34.96963179420167,0.8171139335249731],[34.96963179420167,0.8117240664750269]]]}},{"type":"Feature","properties":{"id":"RFB-0252","cls":"permanent_masonry","area":82,"cost":57000,"tiv":4675000.0,"tivCsv":4675000.0,"lat":0.91175,"lon":35.27032,"where":"KE","settlement":"other","density_class":"peri_urban","stratum":"basin","d10":0.0,"dr10":0.0,"loss10":0.0,"d20":0.0,"dr20":0.0,"loss20":0.0,"d50":0.0,"dr50":0.0,"loss50":0.0,"d100":0.0,"dr100":0.0,"loss100":0.0,"d200":0.0,"dr200":0.0,"loss200":0.0,"d500":0.0,"dr500":0.0,"loss500":0.0},"geometry":{"type":"Polygon","coordinates":[[[35.267625725228484,0.9090530664750269],[35.27301627477152,0.9090530664750269],[35.27301627477152,0.9144429335249731],[35.267625725228484,0.9144429335249731],[35.267625725228484,0.9090530664750269]]]}},{"type":"Feature","properties":{"id":"RFB-0253","cls":"semi_permanent","area":38,"cost":11400,"tiv":435000.0,"tivCsv":435000.0,"lat":-0.09576,"lon":34.76019,"where":"KE","settlement":"Kisumu","density_class":"urban","stratum":"basin","d10":0.0,"dr10":0.0,"loss10":0.0,"d20":0.0,"dr20":0.0,"loss20":0.0,"d50":0.0,"dr50":0.0,"loss50":0.0,"d100":0.0,"dr100":0.0,"loss100":0.0,"d200":0.0,"dr200":0.0,"loss200":0.0,"d500":0.0,"dr500":0.0,"loss500":0.0},"geometry":{"type":"Polygon","coordinates":[[[34.75749806271102,-0.09845593352497305],[34.76288793728898,-0.09845593352497305],[34.76288793728898,-0.09306606647502695],[34.75749806271102,-0.09306606647502695],[34.75749806271102,-0.09845593352497305]]]}},{"type":"Feature","properties":{"id":"RFB-0254","cls":"informal_iron_sheet","area":19,"cost":7100,"tiv":135000.0,"tivCsv":135000.0,"lat":0.23816,"lon":34.7925,"where":"KE","settlement":"other","density_class":"peri_urban","stratum":"basin","d10":0.0,"dr10":0.0,"loss10":0.0,"d20":0.0,"dr20":0.0,"loss20":0.0,"d50":0.0,"dr50":0.0,"loss50":0.0,"d100":0.0,"dr100":0.0,"loss100":0.0,"d200":0.0,"dr200":0.0,"loss200":0.0,"d500":0.0,"dr500":0.0,"loss500":0.0},"geometry":{"type":"Polygon","coordinates":[[[34.78980304319339,0.23546506647502696],[34.795192956806616,0.23546506647502696],[34.795192956806616,0.24085493352497306],[34.78980304319339,0.24085493352497306],[34.78980304319339,0.23546506647502696]]]}},{"type":"Feature","properties":{"id":"RFB-0255","cls":"permanent_masonry","area":258,"cost":47800,"tiv":12330000.0,"tivCsv":12330000.0,"lat":0.10329,"lon":34.73235,"where":"KE","settlement":"other","density_class":"urban","stratum":"basin","d10":0.0,"dr10":0.0,"loss10":0.0,"d20":0.0,"dr20":0.0,"loss20":0.0,"d50":0.0,"dr50":0.0,"loss50":0.0,"d100":0.0,"dr100":0.0,"loss100":0.0,"d200":0.0,"dr200":0.0,"loss200":0.0,"d500":0.0,"dr500":0.0,"loss500":0.0},"geometry":{"type":"Polygon","coordinates":[[[34.7296510620963,0.10059006647502695],[34.7350409379037,0.10059006647502695],[34.7350409379037,0.10597993352497305],[34.7296510620963,0.10597993352497305],[34.7296510620963,0.10059006647502695]]]}},{"type":"Feature","properties":{"id":"RFB-0256","cls":"permanent_masonry","area":97,"cost":47900,"tiv":4645000.0,"tivCsv":4645000.0,"lat":0.54622,"lon":35.2615,"where":"KE","settlement":"other","density_class":"urban","stratum":"basin","d10":0.0,"dr10":0.0,"loss10":0.0,"d20":0.0,"dr20":0.0,"loss20":0.0,"d50":0.0,"dr50":0.0,"loss50":0.0,"d100":0.0,"dr100":0.0,"loss100":0.0,"d200":0.0,"dr200":0.0,"loss200":0.0,"d500":0.0,"dr500":0.0,"loss500":0.0},"geometry":{"type":"Polygon","coordinates":[[[35.25880694400607,0.5435260664750269],[35.26419705599393,0.5435260664750269],[35.26419705599393,0.548915933524973],[35.25880694400607,0.548915933524973],[35.25880694400607,0.5435260664750269]]]}},{"type":"Feature","properties":{"id":"RFB-0257","cls":"semi_permanent","area":59,"cost":14400,"tiv":850000.0,"tivCsv":850000.0,"lat":-0.10536,"lon":35.24837,"where":"KE","settlement":"other","density_class":"rural","stratum":"basin","d10":0.0,"dr10":0.0,"loss10":0.0,"d20":0.0,"dr20":0.0,"loss20":0.0,"d50":0.0,"dr50":0.0,"loss50":0.0,"d100":0.0,"dr100":0.0,"loss100":0.0,"d200":0.0,"dr200":0.0,"loss200":0.0,"d500":0.0,"dr500":0.0,"loss500":0.0},"geometry":{"type":"Polygon","coordinates":[[[35.24567106191885,-0.10805193352497305],[35.251060938081146,-0.10805193352497305],[35.251060938081146,-0.10266206647502696],[35.24567106191885,-0.10266206647502696],[35.24567106191885,-0.10805193352497305]]]}},{"type":"Feature","properties":{"id":"RFB-0258","cls":"semi_permanent","area":50,"cost":8400,"tiv":420000.0,"tivCsv":420000.0,"lat":-0.17403,"lon":34.94534,"where":"KE","settlement":"other","density_class":"peri_urban","stratum":"basin","d10":0.0,"dr10":0.0,"loss10":0.0,"d20":0.0,"dr20":0.0,"loss20":0.0,"d50":0.0,"dr50":0.0,"loss50":0.0,"d100":0.0,"dr100":0.0,"loss100":0.0,"d200":0.0,"dr200":0.0,"loss200":0.0,"d500":0.0,"dr500":0.0,"loss500":0.0},"geometry":{"type":"Polygon","coordinates":[[[34.94264305404341,-0.17672593352497304],[34.94803294595659,-0.17672593352497304],[34.94803294595659,-0.17133606647502694],[34.94264305404341,-0.17133606647502694],[34.94264305404341,-0.17672593352497304]]]}},{"type":"Feature","properties":{"id":"RFB-0259","cls":"informal_iron_sheet","area":23,"cost":5700,"tiv":130000.0,"tivCsv":130000.0,"lat":0.31209,"lon":34.59259,"where":"KE","settlement":"other","density_class":"peri_urban","stratum":"basin","d10":0.0,"dr10":0.0,"loss10":0.0,"d20":0.0,"dr20":0.0,"loss20":0.0,"d50":0.0,"dr50":0.0,"loss50":0.0,"d100":0.0,"dr100":0.0,"loss100":0.0,"d200":0.0,"dr200":0.0,"loss200":0.0,"d500":0.0,"dr500":0.0,"loss500":0.0},"geometry":{"type":"Polygon","coordinates":[[[34.58989202649497,0.3093970664750269],[34.59528197350503,0.3093970664750269],[34.59528197350503,0.31478693352497306],[34.58989202649497,0.31478693352497306],[34.58989202649497,0.3093970664750269]]]}},{"type":"Feature","properties":{"id":"RFB-0260","cls":"semi_permanent","area":57,"cost":11200,"tiv":640000.0,"tivCsv":640000.0,"lat":-0.22186,"lon":35.18792,"where":"KE","settlement":"other","density_class":"rural","stratum":"basin","d10":0.0,"dr10":0.0,"loss10":0.0,"d20":0.0,"dr20":0.0,"loss20":0.0,"d50":0.0,"dr50":0.0,"loss50":0.0,"d100":0.0,"dr100":0.0,"loss100":0.0,"d200":0.0,"dr200":0.0,"loss200":0.0,"d500":0.0,"dr500":0.0,"loss500":0.0},"geometry":{"type":"Polygon","coordinates":[[[35.185228046271746,-0.22455193352497305],[35.19061795372825,-0.22455193352497305],[35.19061795372825,-0.21916206647502695],[35.185228046271746,-0.21916206647502695],[35.185228046271746,-0.22455193352497305]]]}},{"type":"Feature","properties":{"id":"RFB-0261","cls":"concrete_rcc","area":150,"cost":65700,"tiv":9855000.0,"tivCsv":9855000.0,"lat":0.39749,"lon":34.36775,"where":"KE","settlement":"Busia","density_class":"peri_urban","stratum":"basin","d10":0.0,"dr10":0.0,"loss10":0.0,"d20":0.0,"dr20":0.0,"loss20":0.0,"d50":0.0,"dr50":0.0,"loss50":0.0,"d100":0.0,"dr100":0.0,"loss100":0.0,"d200":0.0,"dr200":0.0,"loss200":0.0,"d500":0.0,"dr500":0.0,"loss500":0.0},"geometry":{"type":"Polygon","coordinates":[[[34.36505200162276,0.39479106647502693],[34.370441998377245,0.39479106647502693],[34.370441998377245,0.4001809335249731],[34.36505200162276,0.4001809335249731],[34.36505200162276,0.39479106647502693]]]}},{"type":"Feature","properties":{"id":"RFB-0262","cls":"semi_permanent","area":25,"cost":9600,"tiv":240000.0,"tivCsv":240000.0,"lat":0.48042,"lon":34.57253,"where":"KE","settlement":"other","density_class":"peri_urban","stratum":"basin","d10":0.0,"dr10":0.0,"loss10":0.0,"d20":0.0,"dr20":0.0,"loss20":0.0,"d50":0.0,"dr50":0.0,"loss50":0.0,"d100":0.0,"dr100":0.0,"loss100":0.0,"d200":0.0,"dr200":0.0,"loss200":0.0,"d500":0.0,"dr500":0.0,"loss500":0.0},"geometry":{"type":"Polygon","coordinates":[[[34.56983297173706,0.47772306647502694],[34.57522302826294,0.47772306647502694],[34.57522302826294,0.4831129335249731],[34.56983297173706,0.4831129335249731],[34.56983297173706,0.47772306647502694]]]}},{"type":"Feature","properties":{"id":"RFB-0263","cls":"informal_iron_sheet","area":17,"cost":9400,"tiv":160000.0,"tivCsv":160000.0,"lat":0.06534,"lon":34.85336,"where":"KE","settlement":"other","density_class":"peri_urban","stratum":"basin","d10":0.0,"dr10":0.0,"loss10":0.0,"d20":0.0,"dr20":0.0,"loss20":0.0,"d50":0.0,"dr50":0.0,"loss50":0.0,"d100":0.0,"dr100":0.0,"loss100":0.0,"d200":0.0,"dr200":0.0,"loss200":0.0,"d500":0.0,"dr500":0.0,"loss500":0.0},"geometry":{"type":"Polygon","coordinates":[[[34.8506600647229,0.06264006647502696],[34.8560499352771,0.06264006647502696],[34.8560499352771,0.06802993352497305],[34.8506600647229,0.06802993352497305],[34.8506600647229,0.06264006647502696]]]}},{"type":"Feature","properties":{"id":"RFB-0264","cls":"permanent_masonry","area":172,"cost":56800,"tiv":9770000.0,"tivCsv":9770000.0,"lat":0.21166,"lon":34.78141,"where":"KE","settlement":"other","density_class":"urban","stratum":"basin","d10":0.0,"dr10":0.0,"loss10":0.0,"d20":0.0,"dr20":0.0,"loss20":0.0,"d50":0.0,"dr50":0.0,"loss50":0.0,"d100":0.0,"dr100":0.0,"loss100":0.0,"d200":0.0,"dr200":0.0,"loss200":0.0,"d500":0.0,"dr500":0.0,"loss500":0.0},"geometry":{"type":"Polygon","coordinates":[[[34.77871804808625,0.20896506647502694],[34.784107951913754,0.20896506647502694],[34.784107951913754,0.21435493352497303],[34.77871804808625,0.21435493352497303],[34.77871804808625,0.20896506647502694]]]}},{"type":"Feature","properties":{"id":"RFB-0265","cls":"semi_permanent","area":58,"cost":11900,"tiv":690000.0,"tivCsv":690000.0,"lat":0.75569,"lon":34.79286,"where":"KE","settlement":"Bungoma","density_class":"peri_urban","stratum":"basin","d10":0.0,"dr10":0.0,"loss10":0.0,"d20":0.0,"dr20":0.0,"loss20":0.0,"d50":0.0,"dr50":0.0,"loss50":0.0,"d100":0.0,"dr100":0.0,"loss100":0.0,"d200":0.0,"dr200":0.0,"loss200":0.0,"d500":0.0,"dr500":0.0,"loss500":0.0},"geometry":{"type":"Polygon","coordinates":[[[34.79016483205852,0.7529920664750269],[34.79555516794147,0.7529920664750269],[34.79555516794147,0.7583819335249731],[34.79016483205852,0.7583819335249731],[34.79016483205852,0.7529920664750269]]]}},{"type":"Feature","properties":{"id":"RFB-0266","cls":"informal_iron_sheet","area":17,"cost":7600,"tiv":130000.0,"tivCsv":130000.0,"lat":0.38124,"lon":34.42562,"where":"KE","settlement":"Mumias","density_class":"peri_urban","stratum":"basin","d10":0.0,"dr10":0.0,"loss10":0.0,"d20":0.0,"dr20":0.0,"loss20":0.0,"d50":0.0,"dr50":0.0,"loss50":0.0,"d100":0.0,"dr100":0.0,"loss100":0.0,"d200":0.0,"dr200":0.0,"loss200":0.0,"d500":0.0,"dr500":0.0,"loss500":0.0},"geometry":{"type":"Polygon","coordinates":[[[34.4229200068161,0.3785440664750269],[34.4283099931839,0.3785440664750269],[34.4283099931839,0.38393393352497307],[34.4229200068161,0.38393393352497307],[34.4229200068161,0.3785440664750269]]]}},{"type":"Feature","properties":{"id":"RFB-0267","cls":"permanent_masonry","area":287,"cost":50200,"tiv":14405000.0,"tivCsv":14405000.0,"lat":1.19246,"lon":34.99301,"where":"KE","settlement":"other","density_class":"peri_urban","stratum":"basin","d10":0.0,"dr10":0.0,"loss10":0.0,"d20":0.0,"dr20":0.0,"loss20":0.0,"d50":0.0,"dr50":0.0,"loss50":0.0,"d100":0.0,"dr100":0.0,"loss100":0.0,"d200":0.0,"dr200":0.0,"loss200":0.0,"d500":0.0,"dr500":0.0,"loss500":0.0},"geometry":{"type":"Polygon","coordinates":[[[34.99031048270703,1.1897670664750268],[34.99570151729297,1.1897670664750268],[34.99570151729297,1.195156933524973],[34.99031048270703,1.195156933524973],[34.99031048270703,1.1897670664750268]]]}},{"type":"Feature","properties":{"id":"RFB-0268","cls":"permanent_masonry","area":138,"cost":39000,"tiv":5380000.0,"tivCsv":5380000.0,"lat":-0.06969,"lon":34.74915,"where":"KE","settlement":"Kisumu","density_class":"urban","stratum":"basin","d10":0.0,"dr10":0.0,"loss10":0.0,"d20":0.0,"dr20":0.0,"loss20":0.0,"d50":0.0,"dr50":0.0,"loss50":0.0,"d100":0.0,"dr100":0.0,"loss100":0.0,"d200":0.0,"dr200":0.0,"loss200":0.0,"d500":0.0,"dr500":0.0,"loss500":0.0},"geometry":{"type":"Polygon","coordinates":[[[34.746453064481535,-0.07238493352497305],[34.75184293551846,-0.07238493352497305],[34.75184293551846,-0.06699506647502695],[34.746453064481535,-0.06699506647502695],[34.746453064481535,-0.07238493352497305]]]}},{"type":"Feature","properties":{"id":"RFB-0269","cls":"informal_iron_sheet","area":16,"cost":5700,"tiv":90000.0,"tivCsv":90000.0,"lat":0.33933,"lon":35.06081,"where":"KE","settlement":"other","density_class":"rural","stratum":"basin","d10":0.0,"dr10":0.0,"loss10":0.0,"d20":0.0,"dr20":0.0,"loss20":0.0,"d50":0.0,"dr50":0.0,"loss50":0.0,"d100":0.0,"dr100":0.0,"loss100":0.0,"d200":0.0,"dr200":0.0,"loss200":0.0,"d500":0.0,"dr500":0.0,"loss500":0.0},"geometry":{"type":"Polygon","coordinates":[[[35.05811401921093,0.3366380664750269],[35.063503980789065,0.3366380664750269],[35.063503980789065,0.34202793352497307],[35.05811401921093,0.34202793352497307],[35.05811401921093,0.3366380664750269]]]}},{"type":"Feature","properties":{"id":"RFB-0270","cls":"permanent_masonry","area":77,"cost":56500,"tiv":4350000.0,"tivCsv":4350000.0,"lat":1.0475,"lon":35.3215,"where":"KE","settlement":"other","density_class":"urban","stratum":"basin","d10":0.0,"dr10":0.0,"loss10":0.0,"d20":0.0,"dr20":0.0,"loss20":0.0,"d50":0.0,"dr50":0.0,"loss50":0.0,"d100":0.0,"dr100":0.0,"loss100":0.0,"d200":0.0,"dr200":0.0,"loss200":0.0,"d500":0.0,"dr500":0.0,"loss500":0.0},"geometry":{"type":"Polygon","coordinates":[[[35.31880461602961,1.044806066475027],[35.32419538397039,1.044806066475027],[35.32419538397039,1.050195933524973],[35.31880461602961,1.050195933524973],[35.31880461602961,1.044806066475027]]]}},{"type":"Feature","properties":{"id":"RFB-0271","cls":"permanent_masonry","area":233,"cost":58900,"tiv":13725000.0,"tivCsv":13725000.0,"lat":-0.11355,"lon":34.77001,"where":"KE","settlement":"Kisumu","density_class":"urban","stratum":"basin","d10":0.0,"dr10":0.0,"loss10":0.0,"d20":0.0,"dr20":0.0,"loss20":0.0,"d50":0.0,"dr50":0.0,"loss50":0.0,"d100":0.0,"dr100":0.0,"loss100":0.0,"d200":0.0,"dr200":0.0,"loss200":0.0,"d500":0.0,"dr500":0.0,"loss500":0.0},"geometry":{"type":"Polygon","coordinates":[[[34.76731506118259,-0.11624593352497305],[34.772704938817405,-0.11624593352497305],[34.772704938817405,-0.11085606647502695],[34.76731506118259,-0.11085606647502695],[34.76731506118259,-0.11624593352497305]]]}},{"type":"Feature","properties":{"id":"RFB-0272","cls":"semi_permanent","area":26,"cost":9400,"tiv":245000.0,"tivCsv":245000.0,"lat":-0.29593,"lon":35.29371,"where":"KE","settlement":"other","density_class":"peri_urban","stratum":"basin","d10":0.0,"dr10":0.0,"loss10":0.0,"d20":0.0,"dr20":0.0,"loss20":0.0,"d50":0.0,"dr50":0.0,"loss50":0.0,"d100":0.0,"dr100":0.0,"loss100":0.0,"d200":0.0,"dr200":0.0,"loss200":0.0,"d500":0.0,"dr500":0.0,"loss500":0.0},"geometry":{"type":"Polygon","coordinates":[[[35.29101003052861,-0.2986249335249731],[35.296399969471395,-0.2986249335249731],[35.296399969471395,-0.29323506647502695],[35.29101003052861,-0.29323506647502695],[35.29101003052861,-0.2986249335249731]]]}},{"type":"Feature","properties":{"id":"RFB-0273","cls":"informal_iron_sheet","area":14,"cost":8400,"tiv":120000.0,"tivCsv":120000.0,"lat":0.10364,"lon":34.50161,"where":"KE","settlement":"other","density_class":"peri_urban","stratum":"basin","d10":0.0,"dr10":0.0,"loss10":0.0,"d20":0.0,"dr20":0.0,"loss20":0.0,"d50":0.0,"dr50":0.0,"loss50":0.0,"d100":0.0,"dr100":0.0,"loss100":0.0,"d200":0.0,"dr200":0.0,"loss200":0.0,"d500":0.0,"dr500":0.0,"loss500":0.0},"geometry":{"type":"Polygon","coordinates":[[[34.49891506206632,0.10094306647502695],[34.50430493793368,0.10094306647502695],[34.50430493793368,0.10633293352497304],[34.49891506206632,0.10633293352497304],[34.49891506206632,0.10094306647502695]]]}},{"type":"Feature","properties":{"id":"RFB-0274","cls":"informal_iron_sheet","area":20,"cost":6200,"tiv":125000.0,"tivCsv":125000.0,"lat":0.48886,"lon":34.7632,"where":"KE","settlement":"Kakamega","density_class":"peri_urban","stratum":"basin","d10":0.0,"dr10":0.0,"loss10":0.0,"d20":0.0,"dr20":0.0,"loss20":0.0,"d50":0.0,"dr50":0.0,"loss50":0.0,"d100":0.0,"dr100":0.0,"loss100":0.0,"d200":0.0,"dr200":0.0,"loss200":0.0,"d500":0.0,"dr500":0.0,"loss500":0.0},"geometry":{"type":"Polygon","coordinates":[[[34.7605089683786,0.4861640664750269],[34.7658990316214,0.4861640664750269],[34.7658990316214,0.49155393352497306],[34.7605089683786,0.49155393352497306],[34.7605089683786,0.4861640664750269]]]}},{"type":"Feature","properties":{"id":"RFB-0275","cls":"concrete_rcc","area":764,"cost":73400,"tiv":56080000.0,"tivCsv":56080000.0,"lat":0.27579,"lon":34.7539,"where":"KE","settlement":"other","density_class":"urban","stratum":"basin","d10":0.0,"dr10":0.0,"loss10":0.0,"d20":0.0,"dr20":0.0,"loss20":0.0,"d50":0.0,"dr50":0.0,"loss50":0.0,"d100":0.0,"dr100":0.0,"loss100":0.0,"d200":0.0,"dr200":0.0,"loss200":0.0,"d500":0.0,"dr500":0.0,"loss500":0.0},"geometry":{"type":"Polygon","coordinates":[[[34.75120203525563,0.27309206647502693],[34.75659196474437,0.27309206647502693],[34.75659196474437,0.2784819335249731],[34.75120203525563,0.2784819335249731],[34.75120203525563,0.27309206647502693]]]}},{"type":"Feature","properties":{"id":"RFB-0276","cls":"semi_permanent","area":52,"cost":8400,"tiv":435000.0,"tivCsv":435000.0,"lat":1.23882,"lon":35.07428,"where":"KE","settlement":"other","density_class":"rural","stratum":"basin","d10":0.0,"dr10":0.0,"loss10":0.0,"d20":0.0,"dr20":0.0,"loss20":0.0,"d50":0.0,"dr50":0.0,"loss50":0.0,"d100":0.0,"dr100":0.0,"loss100":0.0,"d200":0.0,"dr200":0.0,"loss200":0.0,"d500":0.0,"dr500":0.0,"loss500":0.0},"geometry":{"type":"Polygon","coordinates":[[[35.07158343642778,1.2361240664750268],[35.076974563572215,1.2361240664750268],[35.076974563572215,1.241513933524973],[35.07158343642778,1.241513933524973],[35.07158343642778,1.2361240664750268]]]}},{"type":"Feature","properties":{"id":"RFB-0277","cls":"permanent_masonry","area":108,"cost":53400,"tiv":5765000.0,"tivCsv":5765000.0,"lat":0.91568,"lon":34.85664,"where":"KE","settlement":"other","density_class":"urban","stratum":"basin","d10":0.0,"dr10":0.0,"loss10":0.0,"d20":0.0,"dr20":0.0,"loss20":0.0,"d50":0.0,"dr50":0.0,"loss50":0.0,"d100":0.0,"dr100":0.0,"loss100":0.0,"d200":0.0,"dr200":0.0,"loss200":0.0,"d500":0.0,"dr500":0.0,"loss500":0.0},"geometry":{"type":"Polygon","coordinates":[[[34.85394272228001,0.9129830664750269],[34.85933327771998,0.9129830664750269],[34.85933327771998,0.9183729335249731],[34.85394272228001,0.9183729335249731],[34.85394272228001,0.9129830664750269]]]}},{"type":"Feature","properties":{"id":"RFB-0278","cls":"semi_permanent","area":51,"cost":10600,"tiv":540000.0,"tivCsv":540000.0,"lat":0.56175,"lon":34.97323,"where":"KE","settlement":"other","density_class":"rural","stratum":"basin","d10":0.0,"dr10":0.0,"loss10":0.0,"d20":0.0,"dr20":0.0,"loss20":0.0,"d50":0.0,"dr50":0.0,"loss50":0.0,"d100":0.0,"dr100":0.0,"loss100":0.0,"d200":0.0,"dr200":0.0,"loss200":0.0,"d500":0.0,"dr500":0.0,"loss500":0.0},"geometry":{"type":"Polygon","coordinates":[[[34.9705369369414,0.5590590664750269],[34.975927063058606,0.5590590664750269],[34.975927063058606,0.564448933524973],[34.9705369369414,0.564448933524973],[34.9705369369414,0.5590590664750269]]]}},{"type":"Feature","properties":{"id":"RFB-0279","cls":"semi_permanent","area":60,"cost":11800,"tiv":710000.0,"tivCsv":710000.0,"lat":0.50102,"lon":34.21758,"where":"KE","settlement":"other","density_class":"peri_urban","stratum":"basin","d10":0.0,"dr10":0.0,"loss10":0.0,"d20":0.0,"dr20":0.0,"loss20":0.0,"d50":0.0,"dr50":0.0,"loss50":0.0,"d100":0.0,"dr100":0.0,"loss100":0.0,"d200":0.0,"dr200":0.0,"loss200":0.0,"d500":0.0,"dr500":0.0,"loss500":0.0},"geometry":{"type":"Polygon","coordinates":[[[34.214883963436776,0.498326066475027],[34.220274036563225,0.498326066475027],[34.220274036563225,0.5037159335249731],[34.214883963436776,0.5037159335249731],[34.214883963436776,0.498326066475027]]]}},{"type":"Feature","properties":{"id":"RFB-0280","cls":"permanent_masonry","area":111,"cost":53200,"tiv":5905000.0,"tivCsv":5905000.0,"lat":0.08984,"lon":34.66214,"where":"KE","settlement":"other","density_class":"peri_urban","stratum":"basin","d10":0.0,"dr10":0.0,"loss10":0.0,"d20":0.0,"dr20":0.0,"loss20":0.0,"d50":0.0,"dr50":0.0,"loss50":0.0,"d100":0.0,"dr100":0.0,"loss100":0.0,"d200":0.0,"dr200":0.0,"loss200":0.0,"d500":0.0,"dr500":0.0,"loss500":0.0},"geometry":{"type":"Polygon","coordinates":[[[34.65944206316217,0.08714406647502695],[34.664831936837835,0.08714406647502695],[34.664831936837835,0.09253393352497305],[34.65944206316217,0.09253393352497305],[34.65944206316217,0.08714406647502695]]]}},{"type":"Feature","properties":{"id":"RFB-0281","cls":"concrete_rcc","area":283,"cost":74000,"tiv":20940000.0,"tivCsv":20940000.0,"lat":0.79842,"lon":34.70878,"where":"KE","settlement":"Bungoma","density_class":"urban","stratum":"basin","d10":0.0,"dr10":0.0,"loss10":0.0,"d20":0.0,"dr20":0.0,"loss20":0.0,"d50":0.0,"dr50":0.0,"loss50":0.0,"d100":0.0,"dr100":0.0,"loss100":0.0,"d200":0.0,"dr200":0.0,"loss200":0.0,"d500":0.0,"dr500":0.0,"loss500":0.0},"geometry":{"type":"Polygon","coordinates":[[[34.70607980479424,0.795726066475027],[34.71147019520576,0.795726066475027],[34.71147019520576,0.8011159335249731],[34.70607980479424,0.8011159335249731],[34.70607980479424,0.795726066475027]]]}},{"type":"Feature","properties":{"id":"RFB-0282","cls":"semi_permanent","area":38,"cost":12500,"tiv":475000.0,"tivCsv":475000.0,"lat":0.89945,"lon":34.93178,"where":"KE","settlement":"other","density_class":"urban","stratum":"basin","d10":0.0,"dr10":0.0,"loss10":0.0,"d20":0.0,"dr20":0.0,"loss20":0.0,"d50":0.0,"dr50":0.0,"loss50":0.0,"d100":0.0,"dr100":0.0,"loss100":0.0,"d200":0.0,"dr200":0.0,"loss200":0.0,"d500":0.0,"dr500":0.0,"loss500":0.0},"geometry":{"type":"Polygon","coordinates":[[[34.929087734372324,0.8967560664750269],[34.93447826562768,0.8967560664750269],[34.93447826562768,0.9021459335249731],[34.929087734372324,0.9021459335249731],[34.929087734372324,0.8967560664750269]]]}},{"type":"Feature","properties":{"id":"RFB-0283","cls":"permanent_masonry","area":131,"cost":49400,"tiv":6470000.0,"tivCsv":6470000.0,"lat":0.15122,"lon":34.92734,"where":"KE","settlement":"other","density_class":"peri_urban","stratum":"basin","d10":0.0,"dr10":0.0,"loss10":0.0,"d20":0.0,"dr20":0.0,"loss20":0.0,"d50":0.0,"dr50":0.0,"loss50":0.0,"d100":0.0,"dr100":0.0,"loss100":0.0,"d200":0.0,"dr200":0.0,"loss200":0.0,"d500":0.0,"dr500":0.0,"loss500":0.0},"geometry":{"type":"Polygon","coordinates":[[[34.92464205708902,0.14852306647502694],[34.930031942910986,0.14852306647502694],[34.930031942910986,0.15391293352497304],[34.92464205708902,0.15391293352497304],[34.92464205708902,0.14852306647502694]]]}},{"type":"Feature","properties":{"id":"RFB-0284","cls":"concrete_rcc","area":538,"cost":74900,"tiv":40295000.0,"tivCsv":40295000.0,"lat":-0.07942,"lon":34.7703,"where":"KE","settlement":"Kisumu","density_class":"urban","stratum":"basin","d10":0.0,"dr10":0.0,"loss10":0.0,"d20":0.0,"dr20":0.0,"loss20":0.0,"d50":0.0,"dr50":0.0,"loss50":0.0,"d100":0.0,"dr100":0.0,"loss100":0.0,"d200":0.0,"dr200":0.0,"loss200":0.0,"d500":0.0,"dr500":0.0,"loss500":0.0},"geometry":{"type":"Polygon","coordinates":[[[34.767603063885886,-0.08211693352497305],[34.77299293611411,-0.08211693352497305],[34.77299293611411,-0.07672706647502696],[34.767603063885886,-0.07672706647502696],[34.767603063885886,-0.08211693352497305]]]}},{"type":"Feature","properties":{"id":"RFB-0285","cls":"concrete_rcc","area":219,"cost":83000,"tiv":18175000.0,"tivCsv":18175000.0,"lat":-0.07276,"lon":34.78552,"where":"KE","settlement":"Kisumu","density_class":"urban","stratum":"basin","d10":0.0,"dr10":0.0,"loss10":0.0,"d20":0.0,"dr20":0.0,"loss20":0.0,"d50":0.0,"dr50":0.0,"loss50":0.0,"d100":0.0,"dr100":0.0,"loss100":0.0,"d200":0.0,"dr200":0.0,"loss200":0.0,"d500":0.0,"dr500":0.0,"loss500":0.0},"geometry":{"type":"Polygon","coordinates":[[[34.78282606430216,-0.07545293352497305],[34.78821593569785,-0.07545293352497305],[34.78821593569785,-0.07006306647502696],[34.78282606430216,-0.07006306647502696],[34.78282606430216,-0.07545293352497305]]]}},{"type":"Feature","properties":{"id":"RFB-0286","cls":"semi_permanent","area":48,"cost":14800,"tiv":710000.0,"tivCsv":710000.0,"lat":0.10047,"lon":34.85941,"where":"KE","settlement":"other","density_class":"peri_urban","stratum":"basin","d10":0.0,"dr10":0.0,"loss10":0.0,"d20":0.0,"dr20":0.0,"loss20":0.0,"d50":0.0,"dr50":0.0,"loss50":0.0,"d100":0.0,"dr100":0.0,"loss100":0.0,"d200":0.0,"dr200":0.0,"loss200":0.0,"d500":0.0,"dr500":0.0,"loss500":0.0},"geometry":{"type":"Polygon","coordinates":[[[34.856715062331396,0.09777906647502695],[34.8621049376686,0.09777906647502695],[34.8621049376686,0.10316893352497304],[34.856715062331396,0.10316893352497304],[34.856715062331396,0.09777906647502695]]]}},{"type":"Feature","properties":{"id":"RFB-0287","cls":"permanent_masonry","area":230,"cost":46000,"tiv":10580000.0,"tivCsv":10580000.0,"lat":-0.20634,"lon":34.86594,"where":"KE","settlement":"other","density_class":"peri_urban","stratum":"basin","d10":0.0,"dr10":0.0,"loss10":0.0,"d20":0.0,"dr20":0.0,"loss20":0.0,"d50":0.0,"dr50":0.0,"loss50":0.0,"d100":0.0,"dr100":0.0,"loss100":0.0,"d200":0.0,"dr200":0.0,"loss200":0.0,"d500":0.0,"dr500":0.0,"loss500":0.0},"geometry":{"type":"Polygon","coordinates":[[[34.86324504899971,-0.20903093352497304],[34.868634951000296,-0.20903093352497304],[34.868634951000296,-0.20364106647502694],[34.86324504899971,-0.20364106647502694],[34.86324504899971,-0.20903093352497304]]]}},{"type":"Feature","properties":{"id":"RFB-0288","cls":"informal_iron_sheet","area":11,"cost":5700,"tiv":65000.0,"tivCsv":65000.0,"lat":0.36982,"lon":34.79633,"where":"KE","settlement":"other","density_class":"peri_urban","stratum":"basin","d10":0.0,"dr10":0.0,"loss10":0.0,"d20":0.0,"dr20":0.0,"loss20":0.0,"d50":0.0,"dr50":0.0,"loss50":0.0,"d100":0.0,"dr100":0.0,"loss100":0.0,"d200":0.0,"dr200":0.0,"loss200":0.0,"d500":0.0,"dr500":0.0,"loss500":0.0},"geometry":{"type":"Polygon","coordinates":[[[34.793637010338,0.36712006647502693],[34.799026989661996,0.36712006647502693],[34.799026989661996,0.3725099335249731],[34.793637010338,0.3725099335249731],[34.793637010338,0.36712006647502693]]]}},{"type":"Feature","properties":{"id":"RFB-0289","cls":"informal_iron_sheet","area":21,"cost":9200,"tiv":195000.0,"tivCsv":195000.0,"lat":0.07244,"lon":34.67053,"where":"KE","settlement":"other","density_class":"peri_urban","stratum":"basin","d10":0.0,"dr10":0.0,"loss10":0.0,"d20":0.0,"dr20":0.0,"loss20":0.0,"d50":0.0,"dr50":0.0,"loss50":0.0,"d100":0.0,"dr100":0.0,"loss100":0.0,"d200":0.0,"dr200":0.0,"loss200":0.0,"d500":0.0,"dr500":0.0,"loss500":0.0},"geometry":{"type":"Polygon","coordinates":[[[34.667835064320926,0.06974806647502695],[34.67322493567907,0.06974806647502695],[34.67322493567907,0.07513793352497304],[34.667835064320926,0.07513793352497304],[34.667835064320926,0.06974806647502695]]]}},{"type":"Feature","properties":{"id":"RFB-0290","cls":"semi_permanent","area":31,"cost":14800,"tiv":460000.0,"tivCsv":460000.0,"lat":0.50731,"lon":35.27291,"where":"KE","settlement":"other","density_class":"urban","stratum":"basin","d10":0.0,"dr10":0.0,"loss10":0.0,"d20":0.0,"dr20":0.0,"loss20":0.0,"d50":0.0,"dr50":0.0,"loss50":0.0,"d100":0.0,"dr100":0.0,"loss100":0.0,"d200":0.0,"dr200":0.0,"loss200":0.0,"d500":0.0,"dr500":0.0,"loss500":0.0},"geometry":{"type":"Polygon","coordinates":[[[35.270209960833704,0.504615066475027],[35.2756000391663,0.504615066475027],[35.2756000391663,0.5100049335249731],[35.270209960833704,0.5100049335249731],[35.270209960833704,0.504615066475027]]]}},{"type":"Feature","properties":{"id":"RFB-0291","cls":"permanent_masonry","area":85,"cost":57800,"tiv":4915000.0,"tivCsv":4915000.0,"lat":0.54723,"lon":35.24575,"where":"KE","settlement":"other","density_class":"urban","stratum":"basin","d10":0.0,"dr10":0.0,"loss10":0.0,"d20":0.0,"dr20":0.0,"loss20":0.0,"d50":0.0,"dr50":0.0,"loss50":0.0,"d100":0.0,"dr100":0.0,"loss100":0.0,"d200":0.0,"dr200":0.0,"loss200":0.0,"d500":0.0,"dr500":0.0,"loss500":0.0},"geometry":{"type":"Polygon","coordinates":[[[35.243056943554976,0.5445310664750269],[35.24844705644503,0.5445310664750269],[35.24844705644503,0.5499209335249731],[35.243056943554976,0.5499209335249731],[35.243056943554976,0.5445310664750269]]]}},{"type":"Feature","properties":{"id":"RFB-0292","cls":"informal_iron_sheet","area":16,"cost":8600,"tiv":140000.0,"tivCsv":140000.0,"lat":-0.08401,"lon":35.05677,"where":"KE","settlement":"other","density_class":"peri_urban","stratum":"basin","d10":0.0,"dr10":0.0,"loss10":0.0,"d20":0.0,"dr20":0.0,"loss20":0.0,"d50":0.0,"dr50":0.0,"loss50":0.0,"d100":0.0,"dr100":0.0,"loss100":0.0,"d200":0.0,"dr200":0.0,"loss200":0.0,"d500":0.0,"dr500":0.0,"loss500":0.0},"geometry":{"type":"Polygon","coordinates":[[[35.054073063577974,-0.08670693352497305],[35.05946293642202,-0.08670693352497305],[35.05946293642202,-0.08131706647502696],[35.054073063577974,-0.08131706647502696],[35.054073063577974,-0.08670693352497305]]]}},{"type":"Feature","properties":{"id":"RFB-0293","cls":"semi_permanent","area":75,"cost":14600,"tiv":1095000.0,"tivCsv":1095000.0,"lat":0.48489,"lon":34.58983,"where":"KE","settlement":"other","density_class":"peri_urban","stratum":"basin","d10":0.0,"dr10":0.0,"loss10":0.0,"d20":0.0,"dr20":0.0,"loss20":0.0,"d50":0.0,"dr50":0.0,"loss50":0.0,"d100":0.0,"dr100":0.0,"loss100":0.0,"d200":0.0,"dr200":0.0,"loss200":0.0,"d500":0.0,"dr500":0.0,"loss500":0.0},"geometry":{"type":"Polygon","coordinates":[[[34.587131969963856,0.48219806647502694],[34.59252203003614,0.48219806647502694],[34.59252203003614,0.4875879335249731],[34.587131969963856,0.4875879335249731],[34.587131969963856,0.48219806647502694]]]}},{"type":"Feature","properties":{"id":"RFB-0294","cls":"informal_iron_sheet","area":10,"cost":6200,"tiv":60000.0,"tivCsv":60000.0,"lat":0.09393,"lon":34.59226,"where":"KE","settlement":"other","density_class":"peri_urban","stratum":"basin","d10":0.0,"dr10":0.0,"loss10":0.0,"d20":0.0,"dr20":0.0,"loss20":0.0,"d50":0.0,"dr50":0.0,"loss50":0.0,"d100":0.0,"dr100":0.0,"loss100":0.0,"d200":0.0,"dr200":0.0,"loss200":0.0,"d500":0.0,"dr500":0.0,"loss500":0.0},"geometry":{"type":"Polygon","coordinates":[[[34.58956106285343,0.09123706647502695],[34.59495093714657,0.09123706647502695],[34.59495093714657,0.09662693352497305],[34.58956106285343,0.09662693352497305],[34.58956106285343,0.09123706647502695]]]}},{"type":"Feature","properties":{"id":"RFB-0295","cls":"informal_iron_sheet","area":15,"cost":8700,"tiv":130000.0,"tivCsv":130000.0,"lat":0.41119,"lon":34.44575,"where":"KE","settlement":"Mumias","density_class":"peri_urban","stratum":"basin","d10":0.0,"dr10":0.0,"loss10":0.0,"d20":0.0,"dr20":0.0,"loss20":0.0,"d50":0.0,"dr50":0.0,"loss50":0.0,"d100":0.0,"dr100":0.0,"loss100":0.0,"d200":0.0,"dr200":0.0,"loss200":0.0,"d500":0.0,"dr500":0.0,"loss500":0.0},"geometry":{"type":"Polygon","coordinates":[[[34.443057997075144,0.4084910664750269],[34.44844800292486,0.4084910664750269],[34.44844800292486,0.41388093352497307],[34.443057997075144,0.41388093352497307],[34.443057997075144,0.4084910664750269]]]}},{"type":"Feature","properties":{"id":"RFB-0296","cls":"permanent_masonry","area":233,"cost":54200,"tiv":12630000.0,"tivCsv":12630000.0,"lat":0.90364,"lon":34.92569,"where":"KE","settlement":"other","density_class":"urban","stratum":"basin","d10":0.0,"dr10":0.0,"loss10":0.0,"d20":0.0,"dr20":0.0,"loss20":0.0,"d50":0.0,"dr50":0.0,"loss50":0.0,"d100":0.0,"dr100":0.0,"loss100":0.0,"d200":0.0,"dr200":0.0,"loss200":0.0,"d500":0.0,"dr500":0.0,"loss500":0.0},"geometry":{"type":"Polygon","coordinates":[[[34.922993731271404,0.9009450664750269],[34.92838426872859,0.9009450664750269],[34.92838426872859,0.9063349335249731],[34.922993731271404,0.9063349335249731],[34.922993731271404,0.9009450664750269]]]}},{"type":"Feature","properties":{"id":"RFB-0297","cls":"permanent_masonry","area":100,"cost":52600,"tiv":5260000.0,"tivCsv":5260000.0,"lat":0.87825,"lon":35.31999,"where":"KE","settlement":"other","density_class":"peri_urban","stratum":"basin","d10":0.0,"dr10":0.0,"loss10":0.0,"d20":0.0,"dr20":0.0,"loss20":0.0,"d50":0.0,"dr50":0.0,"loss50":0.0,"d100":0.0,"dr100":0.0,"loss100":0.0,"d200":0.0,"dr200":0.0,"loss200":0.0,"d500":0.0,"dr500":0.0,"loss500":0.0},"geometry":{"type":"Polygon","coordinates":[[[35.3172907498475,0.8755520664750269],[35.3226812501525,0.8755520664750269],[35.3226812501525,0.8809419335249731],[35.3172907498475,0.8809419335249731],[35.3172907498475,0.8755520664750269]]]}},{"type":"Feature","properties":{"id":"RFB-0298","cls":"informal_iron_sheet","area":9,"cost":6600,"tiv":60000.0,"tivCsv":60000.0,"lat":0.38762,"lon":34.35319,"where":"KE","settlement":"Busia","density_class":"peri_urban","stratum":"basin","d10":0.0,"dr10":0.0,"loss10":0.0,"d20":0.0,"dr20":0.0,"loss20":0.0,"d50":0.0,"dr50":0.0,"loss50":0.0,"d100":0.0,"dr100":0.0,"loss100":0.0,"d200":0.0,"dr200":0.0,"loss200":0.0,"d500":0.0,"dr500":0.0,"loss500":0.0},"geometry":{"type":"Polygon","coordinates":[[[34.35049600480322,0.3849220664750269],[34.355885995196786,0.3849220664750269],[34.355885995196786,0.39031193352497306],[34.35049600480322,0.39031193352497306],[34.35049600480322,0.3849220664750269]]]}},{"type":"Feature","properties":{"id":"RFB-0299","cls":"informal_iron_sheet","area":14,"cost":7800,"tiv":110000.0,"tivCsv":110000.0,"lat":0.14073,"lon":34.73974,"where":"KE","settlement":"other","density_class":"urban","stratum":"basin","d10":0.0,"dr10":0.0,"loss10":0.0,"d20":0.0,"dr20":0.0,"loss20":0.0,"d50":0.0,"dr50":0.0,"loss50":0.0,"d100":0.0,"dr100":0.0,"loss100":0.0,"d200":0.0,"dr200":0.0,"loss200":0.0,"d500":0.0,"dr500":0.0,"loss500":0.0},"geometry":{"type":"Polygon","coordinates":[[[34.737046058345726,0.13803606647502695],[34.74243594165428,0.13803606647502695],[34.74243594165428,0.14342593352497304],[34.737046058345726,0.14342593352497304],[34.737046058345726,0.13803606647502695]]]}},{"type":"Feature","properties":{"id":"RFB-0300","cls":"semi_permanent","area":34,"cost":11400,"tiv":390000.0,"tivCsv":390000.0,"lat":0.10052,"lon":35.12714,"where":"KE","settlement":"other","density_class":"rural","stratum":"basin","d10":0.0,"dr10":0.0,"loss10":0.0,"d20":0.0,"dr20":0.0,"loss20":0.0,"d50":0.0,"dr50":0.0,"loss50":0.0,"d100":0.0,"dr100":0.0,"loss100":0.0,"d200":0.0,"dr200":0.0,"loss200":0.0,"d500":0.0,"dr500":0.0,"loss500":0.0},"geometry":{"type":"Polygon","coordinates":[[[35.12444106232793,0.09782106647502695],[35.12983093767207,0.09782106647502695],[35.12983093767207,0.10321093352497304],[35.12444106232793,0.10321093352497304],[35.12444106232793,0.09782106647502695]]]}},{"type":"Feature","properties":{"id":"RFB-0301","cls":"concrete_rcc","area":281,"cost":55500,"tiv":15595000.0,"tivCsv":15595000.0,"lat":0.5565,"lon":34.43816,"where":"KE","settlement":"other","density_class":"peri_urban","stratum":"basin","d10":0.0,"dr10":0.0,"loss10":0.0,"d20":0.0,"dr20":0.0,"loss20":0.0,"d50":0.0,"dr50":0.0,"loss50":0.0,"d100":0.0,"dr100":0.0,"loss100":0.0,"d200":0.0,"dr200":0.0,"loss200":0.0,"d500":0.0,"dr500":0.0,"loss500":0.0},"geometry":{"type":"Polygon","coordinates":[[[34.43546393935363,0.5538040664750269],[34.440854060646366,0.5538040664750269],[34.440854060646366,0.559193933524973],[34.43546393935363,0.559193933524973],[34.43546393935363,0.5538040664750269]]]}},{"type":"Feature","properties":{"id":"RFB-0302","cls":"concrete_rcc","area":337,"cost":75100,"tiv":25310000.0,"tivCsv":25310000.0,"lat":1.24925,"lon":35.12058,"where":"KE","settlement":"other","density_class":"urban","stratum":"basin","d10":0.0,"dr10":0.0,"loss10":0.0,"d20":0.0,"dr20":0.0,"loss20":0.0,"d50":0.0,"dr50":0.0,"loss50":0.0,"d100":0.0,"dr100":0.0,"loss100":0.0,"d200":0.0,"dr200":0.0,"loss200":0.0,"d500":0.0,"dr500":0.0,"loss500":0.0},"geometry":{"type":"Polygon","coordinates":[[[35.11788542576779,1.2465580664750269],[35.123276574232214,1.2465580664750269],[35.123276574232214,1.251947933524973],[35.11788542576779,1.251947933524973],[35.11788542576779,1.2465580664750269]]]}},{"type":"Feature","properties":{"id":"RFB-0303","cls":"informal_iron_sheet","area":21,"cost":6700,"tiv":140000.0,"tivCsv":140000.0,"lat":0.34572,"lon":34.23161,"where":"KE","settlement":"Busia","density_class":"peri_urban","stratum":"basin","d10":0.0,"dr10":0.0,"loss10":0.0,"d20":0.0,"dr20":0.0,"loss20":0.0,"d50":0.0,"dr50":0.0,"loss50":0.0,"d100":0.0,"dr100":0.0,"loss100":0.0,"d200":0.0,"dr200":0.0,"loss200":0.0,"d500":0.0,"dr500":0.0,"loss500":0.0},"geometry":{"type":"Polygon","coordinates":[[[34.2289190174155,0.34302306647502695],[34.2343089825845,0.34302306647502695],[34.2343089825845,0.3484129335249731],[34.2289190174155,0.3484129335249731],[34.2289190174155,0.34302306647502695]]]}},{"type":"Feature","properties":{"id":"RFB-0304","cls":"informal_iron_sheet","area":15,"cost":7100,"tiv":105000.0,"tivCsv":105000.0,"lat":0.77369,"lon":34.63984,"where":"KE","settlement":"Bungoma","density_class":"peri_urban","stratum":"basin","d10":0.0,"dr10":0.0,"loss10":0.0,"d20":0.0,"dr20":0.0,"loss20":0.0,"d50":0.0,"dr50":0.0,"loss50":0.0,"d100":0.0,"dr100":0.0,"loss100":0.0,"d200":0.0,"dr200":0.0,"loss200":0.0,"d500":0.0,"dr500":0.0,"loss500":0.0},"geometry":{"type":"Polygon","coordinates":[[[34.63714682075291,0.7709990664750269],[34.64253717924709,0.7709990664750269],[34.64253717924709,0.7763889335249731],[34.63714682075291,0.7763889335249731],[34.63714682075291,0.7709990664750269]]]}},{"type":"Feature","properties":{"id":"RFB-0305","cls":"permanent_masonry","area":76,"cost":58900,"tiv":4475000.0,"tivCsv":4475000.0,"lat":0.57175,"lon":34.56758,"where":"KE","settlement":"other","density_class":"urban","stratum":"basin","d10":0.0,"dr10":0.0,"loss10":0.0,"d20":0.0,"dr20":0.0,"loss20":0.0,"d50":0.0,"dr50":0.0,"loss50":0.0,"d100":0.0,"dr100":0.0,"loss100":0.0,"d200":0.0,"dr200":0.0,"loss200":0.0,"d500":0.0,"dr500":0.0,"loss500":0.0},"geometry":{"type":"Polygon","coordinates":[[[34.564884932291214,0.569053066475027],[34.570275067708785,0.569053066475027],[34.570275067708785,0.5744429335249731],[34.564884932291214,0.5744429335249731],[34.564884932291214,0.569053066475027]]]}},{"type":"Feature","properties":{"id":"RFB-0306","cls":"informal_iron_sheet","area":18,"cost":8100,"tiv":145000.0,"tivCsv":145000.0,"lat":0.30168,"lon":34.7564,"where":"KE","settlement":"other","density_class":"urban","stratum":"basin","d10":0.0,"dr10":0.0,"loss10":0.0,"d20":0.0,"dr20":0.0,"loss20":0.0,"d50":0.0,"dr50":0.0,"loss50":0.0,"d100":0.0,"dr100":0.0,"loss100":0.0,"d200":0.0,"dr200":0.0,"loss200":0.0,"d500":0.0,"dr500":0.0,"loss500":0.0},"geometry":{"type":"Polygon","coordinates":[[[34.753705029117874,0.2989860664750269],[34.759094970882124,0.2989860664750269],[34.759094970882124,0.30437593352497305],[34.753705029117874,0.30437593352497305],[34.753705029117874,0.2989860664750269]]]}},{"type":"Feature","properties":{"id":"RFB-0307","cls":"concrete_rcc","area":164,"cost":69200,"tiv":11350000.0,"tivCsv":11350000.0,"lat":0.52144,"lon":35.25987,"where":"KE","settlement":"other","density_class":"urban","stratum":"basin","d10":0.0,"dr10":0.0,"loss10":0.0,"d20":0.0,"dr20":0.0,"loss20":0.0,"d50":0.0,"dr50":0.0,"loss50":0.0,"d100":0.0,"dr100":0.0,"loss100":0.0,"d200":0.0,"dr200":0.0,"loss200":0.0,"d500":0.0,"dr500":0.0,"loss500":0.0},"geometry":{"type":"Polygon","coordinates":[[[35.25717495486545,0.5187480664750269],[35.26256504513455,0.5187480664750269],[35.26256504513455,0.5241379335249731],[35.25717495486545,0.5241379335249731],[35.25717495486545,0.5187480664750269]]]}},{"type":"Feature","properties":{"id":"RFB-0308","cls":"semi_permanent","area":30,"cost":13900,"tiv":415000.0,"tivCsv":415000.0,"lat":0.46438,"lon":34.12203,"where":"KE","settlement":"other","density_class":"urban","stratum":"basin","d10":0.0,"dr10":0.0,"loss10":0.0,"d20":0.0,"dr20":0.0,"loss20":0.0,"d50":0.0,"dr50":0.0,"loss50":0.0,"d100":0.0,"dr100":0.0,"loss100":0.0,"d200":0.0,"dr200":0.0,"loss200":0.0,"d500":0.0,"dr500":0.0,"loss500":0.0},"geometry":{"type":"Polygon","coordinates":[[[34.11933297795624,0.46168706647502694],[34.12472302204376,0.46168706647502694],[34.12472302204376,0.4670769335249731],[34.11933297795624,0.4670769335249731],[34.11933297795624,0.46168706647502694]]]}},{"type":"Feature","properties":{"id":"RFB-0309","cls":"permanent_masonry","area":158,"cost":55100,"tiv":8705000.0,"tivCsv":8705000.0,"lat":1.03733,"lon":34.98425,"where":"KE","settlement":"Kitale","density_class":"urban","stratum":"basin","d10":0.0,"dr10":0.0,"loss10":0.0,"d20":0.0,"dr20":0.0,"loss20":0.0,"d50":0.0,"dr50":0.0,"loss50":0.0,"d100":0.0,"dr100":0.0,"loss100":0.0,"d200":0.0,"dr200":0.0,"loss200":0.0,"d500":0.0,"dr500":0.0,"loss500":0.0},"geometry":{"type":"Polygon","coordinates":[[[34.98155362474003,1.034630066475027],[34.98694437525997,1.034630066475027],[34.98694437525997,1.0400199335249731],[34.98155362474003,1.0400199335249731],[34.98155362474003,1.034630066475027]]]}},{"type":"Feature","properties":{"id":"RFB-0310","cls":"semi_permanent","area":50,"cost":11000,"tiv":550000.0,"tivCsv":550000.0,"lat":0.78153,"lon":34.70102,"where":"KE","settlement":"Bungoma","density_class":"peri_urban","stratum":"basin","d10":0.0,"dr10":0.0,"loss10":0.0,"d20":0.0,"dr20":0.0,"loss20":0.0,"d50":0.0,"dr50":0.0,"loss50":0.0,"d100":0.0,"dr100":0.0,"loss100":0.0,"d200":0.0,"dr200":0.0,"loss200":0.0,"d500":0.0,"dr500":0.0,"loss500":0.0},"geometry":{"type":"Polygon","coordinates":[[[34.69832581574867,0.7788370664750269],[34.70371618425133,0.7788370664750269],[34.70371618425133,0.7842269335249731],[34.69832581574867,0.7842269335249731],[34.69832581574867,0.7788370664750269]]]}},{"type":"Feature","properties":{"id":"RFB-0311","cls":"concrete_rcc","area":196,"cost":62300,"tiv":12210000.0,"tivCsv":12210000.0,"lat":-0.00301,"lon":34.60745,"where":"KE","settlement":"other","density_class":"urban","stratum":"basin","d10":0.0,"dr10":0.0,"loss10":0.0,"d20":0.0,"dr20":0.0,"loss20":0.0,"d50":0.0,"dr50":0.0,"loss50":0.0,"d100":0.0,"dr100":0.0,"loss100":0.0,"d200":0.0,"dr200":0.0,"loss200":0.0,"d500":0.0,"dr500":0.0,"loss500":0.0},"geometry":{"type":"Polygon","coordinates":[[[34.604751066471316,-0.005703933524973051],[34.61014093352869,-0.005703933524973051],[34.61014093352869,-0.0003140664750269492],[34.604751066471316,-0.0003140664750269492],[34.604751066471316,-0.005703933524973051]]]}},{"type":"Feature","properties":{"id":"RFB-0312","cls":"semi_permanent","area":47,"cost":12200,"tiv":575000.0,"tivCsv":575000.0,"lat":0.38407,"lon":34.7902,"where":"KE","settlement":"other","density_class":"peri_urban","stratum":"basin","d10":0.0,"dr10":0.0,"loss10":0.0,"d20":0.0,"dr20":0.0,"loss20":0.0,"d50":0.0,"dr50":0.0,"loss50":0.0,"d100":0.0,"dr100":0.0,"loss100":0.0,"d200":0.0,"dr200":0.0,"loss200":0.0,"d500":0.0,"dr500":0.0,"loss500":0.0},"geometry":{"type":"Polygon","coordinates":[[[34.78750600592645,0.3813760664750269],[34.792895994073554,0.3813760664750269],[34.792895994073554,0.38676593352497307],[34.78750600592645,0.38676593352497307],[34.78750600592645,0.3813760664750269]]]}},{"type":"Feature","properties":{"id":"RFB-0313","cls":"permanent_masonry","area":176,"cost":48700,"tiv":8570000.0,"tivCsv":8570000.0,"lat":-0.07711,"lon":34.74551,"where":"KE","settlement":"Kisumu","density_class":"urban","stratum":"basin","d10":0.0,"dr10":0.0,"loss10":0.0,"d20":0.0,"dr20":0.0,"loss20":0.0,"d50":0.0,"dr50":0.0,"loss50":0.0,"d100":0.0,"dr100":0.0,"loss100":0.0,"d200":0.0,"dr200":0.0,"loss200":0.0,"d500":0.0,"dr500":0.0,"loss500":0.0},"geometry":{"type":"Polygon","coordinates":[[[34.74281006403476,-0.07979993352497305],[34.748199935965246,-0.07979993352497305],[34.748199935965246,-0.07441006647502696],[34.74281006403476,-0.07441006647502696],[34.74281006403476,-0.07979993352497305]]]}},{"type":"Feature","properties":{"id":"RFB-0314","cls":"informal_iron_sheet","area":20,"cost":8800,"tiv":175000.0,"tivCsv":175000.0,"lat":-0.03984,"lon":34.61031,"where":"KE","settlement":"other","density_class":"peri_urban","stratum":"basin","d10":0.0,"dr10":0.0,"loss10":0.0,"d20":0.0,"dr20":0.0,"loss20":0.0,"d50":0.0,"dr50":0.0,"loss50":0.0,"d100":0.0,"dr100":0.0,"loss100":0.0,"d200":0.0,"dr200":0.0,"loss200":0.0,"d500":0.0,"dr500":0.0,"loss500":0.0},"geometry":{"type":"Polygon","coordinates":[[[34.6076190658234,-0.042538933524973045],[34.613008934176605,-0.042538933524973045],[34.613008934176605,-0.03714906647502695],[34.6076190658234,-0.03714906647502695],[34.6076190658234,-0.042538933524973045]]]}},{"type":"Feature","properties":{"id":"RFB-0315","cls":"informal_iron_sheet","area":23,"cost":9100,"tiv":210000.0,"tivCsv":210000.0,"lat":0.76767,"lon":35.18543,"where":"KE","settlement":"other","density_class":"rural","stratum":"basin","d10":0.0,"dr10":0.0,"loss10":0.0,"d20":0.0,"dr20":0.0,"loss20":0.0,"d50":0.0,"dr50":0.0,"loss50":0.0,"d100":0.0,"dr100":0.0,"loss100":0.0,"d200":0.0,"dr200":0.0,"loss200":0.0,"d500":0.0,"dr500":0.0,"loss500":0.0},"geometry":{"type":"Polygon","coordinates":[[[35.182737824564065,0.7649760664750269],[35.18812817543594,0.7649760664750269],[35.18812817543594,0.7703659335249731],[35.182737824564065,0.7703659335249731],[35.182737824564065,0.7649760664750269]]]}},{"type":"Feature","properties":{"id":"RFB-0316","cls":"semi_permanent","area":34,"cost":10200,"tiv":345000.0,"tivCsv":345000.0,"lat":0.50879,"lon":34.58593,"where":"KE","settlement":"other","density_class":"peri_urban","stratum":"basin","d10":0.0,"dr10":0.0,"loss10":0.0,"d20":0.0,"dr20":0.0,"loss20":0.0,"d50":0.0,"dr50":0.0,"loss50":0.0,"d100":0.0,"dr100":0.0,"loss100":0.0,"d200":0.0,"dr200":0.0,"loss200":0.0,"d500":0.0,"dr500":0.0,"loss500":0.0},"geometry":{"type":"Polygon","coordinates":[[[34.58323296021599,0.5060960664750269],[34.58862303978402,0.5060960664750269],[34.58862303978402,0.5114859335249731],[34.58323296021599,0.5114859335249731],[34.58323296021599,0.5060960664750269]]]}},{"type":"Feature","properties":{"id":"RFB-0317","cls":"informal_iron_sheet","area":14,"cost":7500,"tiv":105000.0,"tivCsv":105000.0,"lat":0.36625,"lon":34.56972,"where":"KE","settlement":"Mumias","density_class":"peri_urban","stratum":"basin","d10":0.0,"dr10":0.0,"loss10":0.0,"d20":0.0,"dr20":0.0,"loss20":0.0,"d50":0.0,"dr50":0.0,"loss50":0.0,"d100":0.0,"dr100":0.0,"loss100":0.0,"d200":0.0,"dr200":0.0,"loss200":0.0,"d500":0.0,"dr500":0.0,"loss500":0.0},"geometry":{"type":"Polygon","coordinates":[[[34.56702201141632,0.36355106647502694],[34.572411988583674,0.36355106647502694],[34.572411988583674,0.3689409335249731],[34.56702201141632,0.3689409335249731],[34.56702201141632,0.36355106647502694]]]}},{"type":"Feature","properties":{"id":"RFB-0318","cls":"semi_permanent","area":69,"cost":11100,"tiv":765000.0,"tivCsv":765000.0,"lat":0.95789,"lon":34.9676,"where":"KE","settlement":"Kitale","density_class":"peri_urban","stratum":"basin","d10":0.0,"dr10":0.0,"loss10":0.0,"d20":0.0,"dr20":0.0,"loss20":0.0,"d50":0.0,"dr50":0.0,"loss50":0.0,"d100":0.0,"dr100":0.0,"loss100":0.0,"d200":0.0,"dr200":0.0,"loss200":0.0,"d500":0.0,"dr500":0.0,"loss500":0.0},"geometry":{"type":"Polygon","coordinates":[[[34.96490168980977,0.955196066475027],[34.970292310190224,0.955196066475027],[34.970292310190224,0.9605859335249731],[34.96490168980977,0.9605859335249731],[34.96490168980977,0.955196066475027]]]}},{"type":"Feature","properties":{"id":"RFB-0319","cls":"concrete_rcc","area":363,"cost":73200,"tiv":26570000.0,"tivCsv":26570000.0,"lat":0.99856,"lon":34.94452,"where":"KE","settlement":"Kitale","density_class":"peri_urban","stratum":"basin","d10":0.0,"dr10":0.0,"loss10":0.0,"d20":0.0,"dr20":0.0,"loss20":0.0,"d50":0.0,"dr50":0.0,"loss50":0.0,"d100":0.0,"dr100":0.0,"loss100":0.0,"d200":0.0,"dr200":0.0,"loss200":0.0,"d500":0.0,"dr500":0.0,"loss500":0.0},"geometry":{"type":"Polygon","coordinates":[[[34.941828657141016,0.9958670664750269],[34.947219342858986,0.9958670664750269],[34.947219342858986,1.001256933524973],[34.941828657141016,1.001256933524973],[34.941828657141016,0.9958670664750269]]]}},{"type":"Feature","properties":{"id":"RFB-0320","cls":"permanent_masonry","area":103,"cost":60800,"tiv":6260000.0,"tivCsv":6260000.0,"lat":-0.00491,"lon":34.59245,"where":"KE","settlement":"other","density_class":"urban","stratum":"basin","d10":0.0,"dr10":0.0,"loss10":0.0,"d20":0.0,"dr20":0.0,"loss20":0.0,"d50":0.0,"dr50":0.0,"loss50":0.0,"d100":0.0,"dr100":0.0,"loss100":0.0,"d200":0.0,"dr200":0.0,"loss200":0.0,"d500":0.0,"dr500":0.0,"loss500":0.0},"geometry":{"type":"Polygon","coordinates":[[[34.58975606646512,-0.00760593352497305],[34.59514593353487,-0.00760593352497305],[34.59514593353487,-0.002216066475026949],[34.58975606646512,-0.002216066475026949],[34.58975606646512,-0.00760593352497305]]]}},{"type":"Feature","properties":{"id":"RFB-0321","cls":"concrete_rcc","area":150,"cost":58800,"tiv":8820000.0,"tivCsv":8820000.0,"lat":0.02062,"lon":34.70083,"where":"KE","settlement":"other","density_class":"peri_urban","stratum":"basin","d10":0.0,"dr10":0.0,"loss10":0.0,"d20":0.0,"dr20":0.0,"loss20":0.0,"d50":0.0,"dr50":0.0,"loss50":0.0,"d100":0.0,"dr100":0.0,"loss100":0.0,"d200":0.0,"dr200":0.0,"loss200":0.0,"d500":0.0,"dr500":0.0,"loss500":0.0},"geometry":{"type":"Polygon","coordinates":[[[34.69813406630054,0.01792306647502695],[34.70352393369946,0.01792306647502695],[34.70352393369946,0.023312933524973052],[34.69813406630054,0.023312933524973052],[34.69813406630054,0.01792306647502695]]]}},{"type":"Feature","properties":{"id":"RFB-0322","cls":"permanent_masonry","area":88,"cost":63000,"tiv":5545000.0,"tivCsv":5545000.0,"lat":0.52659,"lon":35.31526,"where":"KE","settlement":"other","density_class":"urban","stratum":"basin","d10":0.0,"dr10":0.0,"loss10":0.0,"d20":0.0,"dr20":0.0,"loss20":0.0,"d50":0.0,"dr50":0.0,"loss50":0.0,"d100":0.0,"dr100":0.0,"loss100":0.0,"d200":0.0,"dr200":0.0,"loss200":0.0,"d500":0.0,"dr500":0.0,"loss500":0.0},"geometry":{"type":"Polygon","coordinates":[[[35.312561952649446,0.5238990664750269],[35.31795204735056,0.5238990664750269],[35.31795204735056,0.5292889335249731],[35.312561952649446,0.5292889335249731],[35.312561952649446,0.5238990664750269]]]}},{"type":"Feature","properties":{"id":"RFB-0323","cls":"semi_permanent","area":42,"cost":15400,"tiv":645000.0,"tivCsv":645000.0,"lat":0.14077,"lon":34.68051,"where":"KE","settlement":"other","density_class":"peri_urban","stratum":"basin","d10":0.0,"dr10":0.0,"loss10":0.0,"d20":0.0,"dr20":0.0,"loss20":0.0,"d50":0.0,"dr50":0.0,"loss50":0.0,"d100":0.0,"dr100":0.0,"loss100":0.0,"d200":0.0,"dr200":0.0,"loss200":0.0,"d500":0.0,"dr500":0.0,"loss500":0.0},"geometry":{"type":"Polygon","coordinates":[[[34.67781905834145,0.13807306647502696],[34.683208941658556,0.13807306647502696],[34.683208941658556,0.14346293352497305],[34.67781905834145,0.14346293352497305],[34.67781905834145,0.13807306647502696]]]}},{"type":"Feature","properties":{"id":"RFB-0324","cls":"semi_permanent","area":51,"cost":12600,"tiv":645000.0,"tivCsv":645000.0,"lat":0.3795,"lon":34.91446,"where":"KE","settlement":"other","density_class":"peri_urban","stratum":"basin","d10":0.0,"dr10":0.0,"loss10":0.0,"d20":0.0,"dr20":0.0,"loss20":0.0,"d50":0.0,"dr50":0.0,"loss50":0.0,"d100":0.0,"dr100":0.0,"loss100":0.0,"d200":0.0,"dr200":0.0,"loss200":0.0,"d500":0.0,"dr500":0.0,"loss500":0.0},"geometry":{"type":"Polygon","coordinates":[[[34.91176900735944,0.3768040664750269],[34.917158992640566,0.3768040664750269],[34.917158992640566,0.38219393352497305],[34.91176900735944,0.38219393352497305],[34.91176900735944,0.3768040664750269]]]}},{"type":"Feature","properties":{"id":"RFB-0325","cls":"concrete_rcc","area":205,"cost":60500,"tiv":12400000.0,"tivCsv":12400000.0,"lat":0.09366,"lon":34.69719,"where":"KE","settlement":"other","density_class":"urban","stratum":"basin","d10":0.0,"dr10":0.0,"loss10":0.0,"d20":0.0,"dr20":0.0,"loss20":0.0,"d50":0.0,"dr50":0.0,"loss50":0.0,"d100":0.0,"dr100":0.0,"loss100":0.0,"d200":0.0,"dr200":0.0,"loss200":0.0,"d500":0.0,"dr500":0.0,"loss500":0.0},"geometry":{"type":"Polygon","coordinates":[[[34.694499062874144,0.09096806647502695],[34.69988893712586,0.09096806647502695],[34.69988893712586,0.09635793352497304],[34.694499062874144,0.09635793352497304],[34.694499062874144,0.09096806647502695]]]}},{"type":"Feature","properties":{"id":"RFB-0326","cls":"semi_permanent","area":52,"cost":8400,"tiv":435000.0,"tivCsv":435000.0,"lat":0.57808,"lon":34.95278,"where":"KE","settlement":"other","density_class":"rural","stratum":"basin","d10":0.0,"dr10":0.0,"loss10":0.0,"d20":0.0,"dr20":0.0,"loss20":0.0,"d50":0.0,"dr50":0.0,"loss50":0.0,"d100":0.0,"dr100":0.0,"loss100":0.0,"d200":0.0,"dr200":0.0,"loss200":0.0,"d500":0.0,"dr500":0.0,"loss500":0.0},"geometry":{"type":"Polygon","coordinates":[[[34.95008392930156,0.5753870664750269],[34.955474070698436,0.5753870664750269],[34.955474070698436,0.5807769335249731],[34.95008392930156,0.5807769335249731],[34.95008392930156,0.5753870664750269]]]}},{"type":"Feature","properties":{"id":"RFB-0327","cls":"informal_iron_sheet","area":18,"cost":7700,"tiv":140000.0,"tivCsv":140000.0,"lat":0.44702,"lon":34.09708,"where":"KE","settlement":"other","density_class":"peri_urban","stratum":"basin","d10":0.0,"dr10":0.0,"loss10":0.0,"d20":0.0,"dr20":0.0,"loss20":0.0,"d50":0.0,"dr50":0.0,"loss50":0.0,"d100":0.0,"dr100":0.0,"loss100":0.0,"d200":0.0,"dr200":0.0,"loss200":0.0,"d500":0.0,"dr500":0.0,"loss500":0.0},"geometry":{"type":"Polygon","coordinates":[[[34.09438098445237,0.44432306647502695],[34.09977101554763,0.44432306647502695],[34.09977101554763,0.4497129335249731],[34.09438098445237,0.4497129335249731],[34.09438098445237,0.44432306647502695]]]}},{"type":"Feature","properties":{"id":"RFB-0328","cls":"concrete_rcc","area":338,"cost":78700,"tiv":26600000.0,"tivCsv":26600000.0,"lat":-0.07692,"lon":34.79036,"where":"KE","settlement":"Kisumu","density_class":"urban","stratum":"basin","d10":0.0,"dr10":0.0,"loss10":0.0,"d20":0.0,"dr20":0.0,"loss20":0.0,"d50":0.0,"dr50":0.0,"loss50":0.0,"d100":0.0,"dr100":0.0,"loss100":0.0,"d200":0.0,"dr200":0.0,"loss200":0.0,"d500":0.0,"dr500":0.0,"loss500":0.0},"geometry":{"type":"Polygon","coordinates":[[[34.78766106404614,-0.07961993352497304],[34.793050935953865,-0.07961993352497304],[34.793050935953865,-0.07423006647502695],[34.78766106404614,-0.07423006647502695],[34.78766106404614,-0.07961993352497304]]]}},{"type":"Feature","properties":{"id":"RFB-0329","cls":"permanent_masonry","area":179,"cost":56700,"tiv":10150000.0,"tivCsv":10150000.0,"lat":0.02982,"lon":34.5907,"where":"KE","settlement":"other","density_class":"urban","stratum":"basin","d10":0.0,"dr10":0.0,"loss10":0.0,"d20":0.0,"dr20":0.0,"loss20":0.0,"d50":0.0,"dr50":0.0,"loss50":0.0,"d100":0.0,"dr100":0.0,"loss100":0.0,"d200":0.0,"dr200":0.0,"loss200":0.0,"d500":0.0,"dr500":0.0,"loss500":0.0},"geometry":{"type":"Polygon","coordinates":[[[34.58800506611001,0.02712606647502695],[34.59339493388999,0.02712606647502695],[34.59339493388999,0.03251593352497305],[34.58800506611001,0.03251593352497305],[34.58800506611001,0.02712606647502695]]]}},{"type":"Feature","properties":{"id":"RFB-0330","cls":"informal_iron_sheet","area":22,"cost":8000,"tiv":175000.0,"tivCsv":175000.0,"lat":0.58175,"lon":34.1785,"where":"KE","settlement":"other","density_class":"rural","stratum":"basin","d10":0.0,"dr10":0.0,"loss10":0.0,"d20":0.0,"dr20":0.0,"loss20":0.0,"d50":0.0,"dr50":0.0,"loss50":0.0,"d100":0.0,"dr100":0.0,"loss100":0.0,"d200":0.0,"dr200":0.0,"loss200":0.0,"d500":0.0,"dr500":0.0,"loss500":0.0},"geometry":{"type":"Polygon","coordinates":[[[34.175802927553285,0.5790590664750269],[34.18119307244671,0.5790590664750269],[34.18119307244671,0.5844489335249731],[34.175802927553285,0.5844489335249731],[34.175802927553285,0.5790590664750269]]]}},{"type":"Feature","properties":{"id":"RFB-0331","cls":"informal_iron_sheet","area":22,"cost":9100,"tiv":200000.0,"tivCsv":200000.0,"lat":-0.07666,"lon":34.21536,"where":"KE","settlement":"Siaya","density_class":"rural","stratum":"basin","d10":0.0,"dr10":0.0,"loss10":0.0,"d20":0.0,"dr20":0.0,"loss20":0.0,"d50":0.0,"dr50":0.0,"loss50":0.0,"d100":0.0,"dr100":0.0,"loss100":0.0,"d200":0.0,"dr200":0.0,"loss200":0.0,"d500":0.0,"dr500":0.0,"loss500":0.0},"geometry":{"type":"Polygon","coordinates":[[[34.212670064063154,-0.07934993352497305],[34.21805993593684,-0.07934993352497305],[34.21805993593684,-0.07396006647502695],[34.212670064063154,-0.07396006647502695],[34.212670064063154,-0.07934993352497305]]]}},{"type":"Feature","properties":{"id":"RFB-0332","cls":"informal_iron_sheet","area":24,"cost":7100,"tiv":170000.0,"tivCsv":170000.0,"lat":0.5101,"lon":34.41434,"where":"KE","settlement":"other","density_class":"peri_urban","stratum":"basin","d10":0.0,"dr10":0.0,"loss10":0.0,"d20":0.0,"dr20":0.0,"loss20":0.0,"d50":0.0,"dr50":0.0,"loss50":0.0,"d100":0.0,"dr100":0.0,"loss100":0.0,"d200":0.0,"dr200":0.0,"loss200":0.0,"d500":0.0,"dr500":0.0,"loss500":0.0},"geometry":{"type":"Polygon","coordinates":[[[34.41163995966934,0.507403066475027],[34.417030040330665,0.507403066475027],[34.417030040330665,0.5127929335249731],[34.41163995966934,0.5127929335249731],[34.41163995966934,0.507403066475027]]]}},{"type":"Feature","properties":{"id":"RFB-0333","cls":"informal_iron_sheet","area":12,"cost":7800,"tiv":95000.0,"tivCsv":95000.0,"lat":0.17415,"lon":34.52702,"where":"KE","settlement":"other","density_class":"peri_urban","stratum":"basin","d10":0.0,"dr10":0.0,"loss10":0.0,"d20":0.0,"dr20":0.0,"loss20":0.0,"d50":0.0,"dr50":0.0,"loss50":0.0,"d100":0.0,"dr100":0.0,"loss100":0.0,"d200":0.0,"dr200":0.0,"loss200":0.0,"d500":0.0,"dr500":0.0,"loss500":0.0},"geometry":{"type":"Polygon","coordinates":[[[34.524329054026396,0.17145506647502695],[34.5297189459736,0.17145506647502695],[34.5297189459736,0.17684493352497305],[34.524329054026396,0.17684493352497305],[34.524329054026396,0.17145506647502695]]]}},{"type":"Feature","properties":{"id":"RFB-0334","cls":"permanent_masonry","area":51,"cost":59800,"tiv":3050000.0,"tivCsv":3050000.0,"lat":0.12659,"lon":34.47131,"where":"KE","settlement":"other","density_class":"peri_urban","stratum":"basin","d10":0.0,"dr10":0.0,"loss10":0.0,"d20":0.0,"dr20":0.0,"loss20":0.0,"d50":0.0,"dr50":0.0,"loss50":0.0,"d100":0.0,"dr100":0.0,"loss100":0.0,"d200":0.0,"dr200":0.0,"loss200":0.0,"d500":0.0,"dr500":0.0,"loss500":0.0},"geometry":{"type":"Polygon","coordinates":[[[34.46861305989766,0.12389206647502696],[34.47400294010234,0.12389206647502696],[34.47400294010234,0.12928193352497305],[34.46861305989766,0.12928193352497305],[34.46861305989766,0.12389206647502696]]]}},{"type":"Feature","properties":{"id":"RFB-0335","cls":"informal_iron_sheet","area":24,"cost":8000,"tiv":190000.0,"tivCsv":190000.0,"lat":0.51522,"lon":35.2442,"where":"KE","settlement":"other","density_class":"urban","stratum":"basin","d10":0.0,"dr10":0.0,"loss10":0.0,"d20":0.0,"dr20":0.0,"loss20":0.0,"d50":0.0,"dr50":0.0,"loss50":0.0,"d100":0.0,"dr100":0.0,"loss100":0.0,"d200":0.0,"dr200":0.0,"loss200":0.0,"d500":0.0,"dr500":0.0,"loss500":0.0},"geometry":{"type":"Polygon","coordinates":[[[35.24150095751528,0.5125210664750269],[35.24689104248473,0.5125210664750269],[35.24689104248473,0.5179109335249731],[35.24150095751528,0.5179109335249731],[35.24150095751528,0.5125210664750269]]]}},{"type":"Feature","properties":{"id":"RFB-0336","cls":"semi_permanent","area":45,"cost":12400,"tiv":560000.0,"tivCsv":560000.0,"lat":0.02332,"lon":34.74365,"where":"KE","settlement":"other","density_class":"peri_urban","stratum":"basin","d10":0.0,"dr10":0.0,"loss10":0.0,"d20":0.0,"dr20":0.0,"loss20":0.0,"d50":0.0,"dr50":0.0,"loss50":0.0,"d100":0.0,"dr100":0.0,"loss100":0.0,"d200":0.0,"dr200":0.0,"loss200":0.0,"d500":0.0,"dr500":0.0,"loss500":0.0},"geometry":{"type":"Polygon","coordinates":[[[34.74095206625174,0.02062906647502695],[34.74634193374827,0.02062906647502695],[34.74634193374827,0.026018933524973052],[34.74095206625174,0.026018933524973052],[34.74095206625174,0.02062906647502695]]]}},{"type":"Feature","properties":{"id":"RFB-0337","cls":"semi_permanent","area":38,"cost":13500,"tiv":515000.0,"tivCsv":515000.0,"lat":0.45722,"lon":34.10415,"where":"KE","settlement":"other","density_class":"urban","stratum":"basin","d10":0.0,"dr10":0.0,"loss10":0.0,"d20":0.0,"dr20":0.0,"loss20":0.0,"d50":0.0,"dr50":0.0,"loss50":0.0,"d100":0.0,"dr100":0.0,"loss100":0.0,"d200":0.0,"dr200":0.0,"loss200":0.0,"d500":0.0,"dr500":0.0,"loss500":0.0},"geometry":{"type":"Polygon","coordinates":[[[34.10145298066678,0.4545220664750269],[34.106843019333226,0.4545220664750269],[34.106843019333226,0.45991193352497306],[34.10145298066678,0.45991193352497306],[34.10145298066678,0.4545220664750269]]]}},{"type":"Feature","properties":{"id":"RFB-0338","cls":"concrete_rcc","area":484,"cost":61100,"tiv":29570000.0,"tivCsv":29570000.0,"lat":-0.1362,"lon":35.31346,"where":"KE","settlement":"other","density_class":"rural","stratum":"basin","d10":0.0,"dr10":0.0,"loss10":0.0,"d20":0.0,"dr20":0.0,"loss20":0.0,"d50":0.0,"dr50":0.0,"loss50":0.0,"d100":0.0,"dr100":0.0,"loss100":0.0,"d200":0.0,"dr200":0.0,"loss200":0.0,"d500":0.0,"dr500":0.0,"loss500":0.0},"geometry":{"type":"Polygon","coordinates":[[[35.31076105886099,-0.13889293352497306],[35.316150941139014,-0.13889293352497306],[35.316150941139014,-0.13350306647502697],[35.31076105886099,-0.13350306647502697],[35.31076105886099,-0.13889293352497306]]]}},{"type":"Feature","properties":{"id":"RFB-0339","cls":"permanent_masonry","area":223,"cost":64600,"tiv":14405000.0,"tivCsv":14405000.0,"lat":-0.11288,"lon":34.76728,"where":"KE","settlement":"Kisumu","density_class":"urban","stratum":"basin","d10":0.0,"dr10":0.0,"loss10":0.0,"d20":0.0,"dr20":0.0,"loss20":0.0,"d50":0.0,"dr50":0.0,"loss50":0.0,"d100":0.0,"dr100":0.0,"loss100":0.0,"d200":0.0,"dr200":0.0,"loss200":0.0,"d500":0.0,"dr500":0.0,"loss500":0.0},"geometry":{"type":"Polygon","coordinates":[[[34.76458106124533,-0.11557093352497305],[34.769970938754675,-0.11557093352497305],[34.769970938754675,-0.11018106647502696],[34.76458106124533,-0.11018106647502696],[34.76458106124533,-0.11557093352497305]]]}},{"type":"Feature","properties":{"id":"RFB-0340","cls":"concrete_rcc","area":809,"cost":60500,"tiv":48945000.0,"tivCsv":48945000.0,"lat":-0.08705,"lon":34.76941,"where":"KE","settlement":"Kisumu","density_class":"urban","stratum":"basin","d10":0.0,"dr10":0.0,"loss10":0.0,"d20":0.0,"dr20":0.0,"loss20":0.0,"d50":0.0,"dr50":0.0,"loss50":0.0,"d100":0.0,"dr100":0.0,"loss100":0.0,"d200":0.0,"dr200":0.0,"loss200":0.0,"d500":0.0,"dr500":0.0,"loss500":0.0},"geometry":{"type":"Polygon","coordinates":[[[34.766715063364664,-0.08974493352497305],[34.77210493663534,-0.08974493352497305],[34.77210493663534,-0.08435506647502695],[34.766715063364664,-0.08435506647502695],[34.766715063364664,-0.08974493352497305]]]}},{"type":"Feature","properties":{"id":"RFB-0341","cls":"semi_permanent","area":41,"cost":13300,"tiv":545000.0,"tivCsv":545000.0,"lat":-0.09035,"lon":34.78665,"where":"KE","settlement":"Kisumu","density_class":"urban","stratum":"basin","d10":0.0,"dr10":0.0,"loss10":0.0,"d20":0.0,"dr20":0.0,"loss20":0.0,"d50":0.0,"dr50":0.0,"loss50":0.0,"d100":0.0,"dr100":0.0,"loss100":0.0,"d200":0.0,"dr200":0.0,"loss200":0.0,"d500":0.0,"dr500":0.0,"loss500":0.0},"geometry":{"type":"Polygon","coordinates":[[[34.783955063124594,-0.09304193352497304],[34.78934493687541,-0.09304193352497304],[34.78934493687541,-0.08765206647502695],[34.783955063124594,-0.08765206647502695],[34.783955063124594,-0.09304193352497304]]]}},{"type":"Feature","properties":{"id":"RFB-0342","cls":"semi_permanent","area":63,"cost":15400,"tiv":970000.0,"tivCsv":970000.0,"lat":0.82813,"lon":34.41046,"where":"KE","settlement":"other","density_class":"peri_urban","stratum":"basin","d10":0.0,"dr10":0.0,"loss10":0.0,"d20":0.0,"dr20":0.0,"loss20":0.0,"d50":0.0,"dr50":0.0,"loss50":0.0,"d100":0.0,"dr100":0.0,"loss100":0.0,"d200":0.0,"dr200":0.0,"loss200":0.0,"d500":0.0,"dr500":0.0,"loss500":0.0},"geometry":{"type":"Polygon","coordinates":[[[34.407764784952676,0.8254400664750269],[34.413155215047325,0.8254400664750269],[34.413155215047325,0.830829933524973],[34.407764784952676,0.830829933524973],[34.407764784952676,0.8254400664750269]]]}},{"type":"Feature","properties":{"id":"RFB-0343","cls":"informal_iron_sheet","area":22,"cost":8800,"tiv":195000.0,"tivCsv":195000.0,"lat":0.20526,"lon":34.39746,"where":"KE","settlement":"other","density_class":"peri_urban","stratum":"basin","d10":0.0,"dr10":0.0,"loss10":0.0,"d20":0.0,"dr20":0.0,"loss20":0.0,"d50":0.0,"dr50":0.0,"loss50":0.0,"d100":0.0,"dr100":0.0,"loss100":0.0,"d200":0.0,"dr200":0.0,"loss200":0.0,"d500":0.0,"dr500":0.0,"loss500":0.0},"geometry":{"type":"Polygon","coordinates":[[[34.39476604918099,0.20256806647502695],[34.40015595081901,0.20256806647502695],[34.40015595081901,0.20795793352497305],[34.39476604918099,0.20795793352497305],[34.39476604918099,0.20256806647502695]]]}},{"type":"Feature","properties":{"id":"RFB-0344","cls":"permanent_masonry","area":93,"cost":43800,"tiv":4075000.0,"tivCsv":4075000.0,"lat":0.10459,"lon":34.80211,"where":"KE","settlement":"other","density_class":"peri_urban","stratum":"basin","d10":0.0,"dr10":0.0,"loss10":0.0,"d20":0.0,"dr20":0.0,"loss20":0.0,"d50":0.0,"dr50":0.0,"loss50":0.0,"d100":0.0,"dr100":0.0,"loss100":0.0,"d200":0.0,"dr200":0.0,"loss200":0.0,"d500":0.0,"dr500":0.0,"loss500":0.0},"geometry":{"type":"Polygon","coordinates":[[[34.79941106198504,0.10189406647502695],[34.804800938014964,0.10189406647502695],[34.804800938014964,0.10728393352497305],[34.79941106198504,0.10728393352497305],[34.79941106198504,0.10189406647502695]]]}},{"type":"Feature","properties":{"id":"RFB-0345","cls":"permanent_masonry","area":104,"cost":45700,"tiv":4755000.0,"tivCsv":4755000.0,"lat":0.35627,"lon":34.15484,"where":"KE","settlement":"Bumala","density_class":"peri_urban","stratum":"basin","d10":0.0,"dr10":0.0,"loss10":0.0,"d20":0.0,"dr20":0.0,"loss20":0.0,"d50":0.0,"dr50":0.0,"loss50":0.0,"d100":0.0,"dr100":0.0,"loss100":0.0,"d200":0.0,"dr200":0.0,"loss200":0.0,"d500":0.0,"dr500":0.0,"loss500":0.0},"geometry":{"type":"Polygon","coordinates":[[[34.15214901437525,0.3535740664750269],[34.15753898562475,0.3535740664750269],[34.15753898562475,0.3589639335249731],[34.15214901437525,0.3589639335249731],[34.15214901437525,0.3535740664750269]]]}},{"type":"Feature","properties":{"id":"RFB-0346","cls":"permanent_masonry","area":127,"cost":41200,"tiv":5230000.0,"tivCsv":5230000.0,"lat":0.35267,"lon":34.24829,"where":"KE","settlement":"Busia","density_class":"peri_urban","stratum":"basin","d10":0.0,"dr10":0.0,"loss10":0.0,"d20":0.0,"dr20":0.0,"loss20":0.0,"d50":0.0,"dr50":0.0,"loss50":0.0,"d100":0.0,"dr100":0.0,"loss100":0.0,"d200":0.0,"dr200":0.0,"loss200":0.0,"d500":0.0,"dr500":0.0,"loss500":0.0},"geometry":{"type":"Polygon","coordinates":[[[34.2455980154214,0.3499790664750269],[34.25098798457859,0.3499790664750269],[34.25098798457859,0.35536893352497306],[34.2455980154214,0.35536893352497306],[34.2455980154214,0.3499790664750269]]]}},{"type":"Feature","properties":{"id":"RFB-0347","cls":"semi_permanent","area":34,"cost":10700,"tiv":365000.0,"tivCsv":365000.0,"lat":0.75396,"lon":34.95737,"where":"KE","settlement":"other","density_class":"peri_urban","stratum":"basin","d10":0.0,"dr10":0.0,"loss10":0.0,"d20":0.0,"dr20":0.0,"loss20":0.0,"d50":0.0,"dr50":0.0,"loss50":0.0,"d100":0.0,"dr100":0.0,"loss100":0.0,"d200":0.0,"dr200":0.0,"loss200":0.0,"d500":0.0,"dr500":0.0,"loss500":0.0},"geometry":{"type":"Polygon","coordinates":[[[34.954678833126344,0.7512690664750269],[34.96006916687366,0.7512690664750269],[34.96006916687366,0.756658933524973],[34.954678833126344,0.756658933524973],[34.954678833126344,0.7512690664750269]]]}},{"type":"Feature","properties":{"id":"RFB-0348","cls":"concrete_rcc","area":351,"cost":70300,"tiv":24675000.0,"tivCsv":24675000.0,"lat":0.81153,"lon":34.70173,"where":"KE","settlement":"Bungoma","density_class":"peri_urban","stratum":"basin","d10":0.0,"dr10":0.0,"loss10":0.0,"d20":0.0,"dr20":0.0,"loss20":0.0,"d50":0.0,"dr50":0.0,"loss50":0.0,"d100":0.0,"dr100":0.0,"loss100":0.0,"d200":0.0,"dr200":0.0,"loss200":0.0,"d500":0.0,"dr500":0.0,"loss500":0.0},"geometry":{"type":"Polygon","coordinates":[[[34.69903979612941,0.8088360664750269],[34.70443020387059,0.8088360664750269],[34.70443020387059,0.8142259335249731],[34.69903979612941,0.8142259335249731],[34.69903979612941,0.8088360664750269]]]}},{"type":"Feature","properties":{"id":"RFB-0349","cls":"semi_permanent","area":66,"cost":10300,"tiv":680000.0,"tivCsv":680000.0,"lat":0.06602,"lon":34.67712,"where":"KE","settlement":"other","density_class":"peri_urban","stratum":"basin","d10":0.0,"dr10":0.0,"loss10":0.0,"d20":0.0,"dr20":0.0,"loss20":0.0,"d50":0.0,"dr50":0.0,"loss50":0.0,"d100":0.0,"dr100":0.0,"loss100":0.0,"d200":0.0,"dr200":0.0,"loss200":0.0,"d500":0.0,"dr500":0.0,"loss500":0.0},"geometry":{"type":"Polygon","coordinates":[[[34.67442606468619,0.06332106647502696],[34.67981593531381,0.06332106647502696],[34.67981593531381,0.06871093352497305],[34.67442606468619,0.06871093352497305],[34.67442606468619,0.06332106647502696]]]}},{"type":"Feature","properties":{"id":"RFB-0350","cls":"semi_permanent","area":26,"cost":13300,"tiv":345000.0,"tivCsv":345000.0,"lat":0.82636,"lon":34.86912,"where":"KE","settlement":"other","density_class":"peri_urban","stratum":"basin","d10":0.0,"dr10":0.0,"loss10":0.0,"d20":0.0,"dr20":0.0,"loss20":0.0,"d50":0.0,"dr50":0.0,"loss50":0.0,"d100":0.0,"dr100":0.0,"loss100":0.0,"d200":0.0,"dr200":0.0,"loss200":0.0,"d500":0.0,"dr500":0.0,"loss500":0.0},"geometry":{"type":"Polygon","coordinates":[[[34.86642978615966,0.823663066475027],[34.87182021384034,0.823663066475027],[34.87182021384034,0.8290529335249731],[34.86642978615966,0.8290529335249731],[34.86642978615966,0.823663066475027]]]}},{"type":"Feature","properties":{"id":"RFB-0351","cls":"semi_permanent","area":66,"cost":13200,"tiv":870000.0,"tivCsv":870000.0,"lat":0.10955,"lon":34.53631,"where":"KE","settlement":"other","density_class":"peri_urban","stratum":"basin","d10":0.0,"dr10":0.0,"loss10":0.0,"d20":0.0,"dr20":0.0,"loss20":0.0,"d50":0.0,"dr50":0.0,"loss50":0.0,"d100":0.0,"dr100":0.0,"loss100":0.0,"d200":0.0,"dr200":0.0,"loss200":0.0,"d500":0.0,"dr500":0.0,"loss500":0.0},"geometry":{"type":"Polygon","coordinates":[[[34.53361506154889,0.10685606647502695],[34.53900493845111,0.10685606647502695],[34.53900493845111,0.11224593352497304],[34.53361506154889,0.11224593352497304],[34.53361506154889,0.10685606647502695]]]}},{"type":"Feature","properties":{"id":"RFB-0352","cls":"permanent_masonry","area":120,"cost":49000,"tiv":5880000.0,"tivCsv":5880000.0,"lat":1.01083,"lon":34.98586,"where":"KE","settlement":"Kitale","density_class":"urban","stratum":"basin","d10":0.0,"dr10":0.0,"loss10":0.0,"d20":0.0,"dr20":0.0,"loss20":0.0,"d50":0.0,"dr50":0.0,"loss50":0.0,"d100":0.0,"dr100":0.0,"loss100":0.0,"d200":0.0,"dr200":0.0,"loss200":0.0,"d500":0.0,"dr500":0.0,"loss500":0.0},"geometry":{"type":"Polygon","coordinates":[[[34.98316464702336,1.008131066475027],[34.98855535297665,1.008131066475027],[34.98855535297665,1.013520933524973],[34.98316464702336,1.013520933524973],[34.98316464702336,1.008131066475027]]]}},{"type":"Feature","properties":{"id":"RFB-0353","cls":"semi_permanent","area":34,"cost":12400,"tiv":420000.0,"tivCsv":420000.0,"lat":0.50728,"lon":34.45569,"where":"KE","settlement":"other","density_class":"peri_urban","stratum":"basin","d10":0.0,"dr10":0.0,"loss10":0.0,"d20":0.0,"dr20":0.0,"loss20":0.0,"d50":0.0,"dr50":0.0,"loss50":0.0,"d100":0.0,"dr100":0.0,"loss100":0.0,"d200":0.0,"dr200":0.0,"loss200":0.0,"d500":0.0,"dr500":0.0,"loss500":0.0},"geometry":{"type":"Polygon","coordinates":[[[34.45299896084412,0.5045900664750269],[34.45838903915588,0.5045900664750269],[34.45838903915588,0.5099799335249731],[34.45299896084412,0.5099799335249731],[34.45299896084412,0.5045900664750269]]]}},{"type":"Feature","properties":{"id":"RFB-0354","cls":"informal_iron_sheet","area":23,"cost":6200,"tiv":145000.0,"tivCsv":145000.0,"lat":1.14698,"lon":35.07062,"where":"KE","settlement":"other","density_class":"rural","stratum":"basin","d10":0.0,"dr10":0.0,"loss10":0.0,"d20":0.0,"dr20":0.0,"loss20":0.0,"d50":0.0,"dr50":0.0,"loss50":0.0,"d100":0.0,"dr100":0.0,"loss100":0.0,"d200":0.0,"dr200":0.0,"loss200":0.0,"d500":0.0,"dr500":0.0,"loss500":0.0},"geometry":{"type":"Polygon","coordinates":[[[35.067925526395435,1.144286066475027],[35.07331647360457,1.144286066475027],[35.07331647360457,1.149675933524973],[35.067925526395435,1.149675933524973],[35.067925526395435,1.144286066475027]]]}},{"type":"Feature","properties":{"id":"RFB-0355","cls":"informal_iron_sheet","area":14,"cost":8500,"tiv":120000.0,"tivCsv":120000.0,"lat":0.19753,"lon":34.71746,"where":"KE","settlement":"other","density_class":"peri_urban","stratum":"basin","d10":0.0,"dr10":0.0,"loss10":0.0,"d20":0.0,"dr20":0.0,"loss20":0.0,"d50":0.0,"dr50":0.0,"loss50":0.0,"d100":0.0,"dr100":0.0,"loss100":0.0,"d200":0.0,"dr200":0.0,"loss200":0.0,"d500":0.0,"dr500":0.0,"loss500":0.0},"geometry":{"type":"Polygon","coordinates":[[[34.71476905046032,0.19483006647502696],[34.72015894953968,0.19483006647502696],[34.72015894953968,0.20021993352497305],[34.71476905046032,0.20021993352497305],[34.71476905046032,0.19483006647502696]]]}},{"type":"Feature","properties":{"id":"RFB-0356","cls":"semi_permanent","area":38,"cost":13400,"tiv":510000.0,"tivCsv":510000.0,"lat":0.60475,"lon":34.95193,"where":"KE","settlement":"other","density_class":"peri_urban","stratum":"basin","d10":0.0,"dr10":0.0,"loss10":0.0,"d20":0.0,"dr20":0.0,"loss20":0.0,"d50":0.0,"dr50":0.0,"loss50":0.0,"d100":0.0,"dr100":0.0,"loss100":0.0,"d200":0.0,"dr200":0.0,"loss200":0.0,"d500":0.0,"dr500":0.0,"loss500":0.0},"geometry":{"type":"Polygon","coordinates":[[[34.94923591635439,0.602052066475027],[34.954626083645614,0.602052066475027],[34.954626083645614,0.6074419335249731],[34.94923591635439,0.6074419335249731],[34.94923591635439,0.602052066475027]]]}},{"type":"Feature","properties":{"id":"RFB-0357","cls":"permanent_masonry","area":92,"cost":54200,"tiv":4985000.0,"tivCsv":4985000.0,"lat":0.45715,"lon":34.11895,"where":"KE","settlement":"other","density_class":"urban","stratum":"basin","d10":0.0,"dr10":0.0,"loss10":0.0,"d20":0.0,"dr20":0.0,"loss20":0.0,"d50":0.0,"dr50":0.0,"loss50":0.0,"d100":0.0,"dr100":0.0,"loss100":0.0,"d200":0.0,"dr200":0.0,"loss200":0.0,"d500":0.0,"dr500":0.0,"loss500":0.0},"geometry":{"type":"Polygon","coordinates":[[[34.116259980691545,0.4544560664750269],[34.121650019308454,0.4544560664750269],[34.121650019308454,0.45984593352497305],[34.116259980691545,0.45984593352497305],[34.116259980691545,0.4544560664750269]]]}},{"type":"Feature","properties":{"id":"RFB-0358","cls":"semi_permanent","area":46,"cost":11800,"tiv":545000.0,"tivCsv":545000.0,"lat":0.61454,"lon":35.26454,"where":"KE","settlement":"other","density_class":"rural","stratum":"basin","d10":0.0,"dr10":0.0,"loss10":0.0,"d20":0.0,"dr20":0.0,"loss20":0.0,"d50":0.0,"dr50":0.0,"loss50":0.0,"d100":0.0,"dr100":0.0,"loss100":0.0,"d200":0.0,"dr200":0.0,"loss200":0.0,"d500":0.0,"dr500":0.0,"loss500":0.0},"geometry":{"type":"Polygon","coordinates":[[[35.26184591145433,0.6118420664750269],[35.26723608854567,0.6118420664750269],[35.26723608854567,0.6172319335249731],[35.26184591145433,0.6172319335249731],[35.26184591145433,0.6118420664750269]]]}},{"type":"Feature","properties":{"id":"RFB-0359","cls":"informal_iron_sheet","area":26,"cost":7300,"tiv":190000.0,"tivCsv":190000.0,"lat":0.37956,"lon":34.66807,"where":"KE","settlement":"other","density_class":"peri_urban","stratum":"basin","d10":0.0,"dr10":0.0,"loss10":0.0,"d20":0.0,"dr20":0.0,"loss20":0.0,"d50":0.0,"dr50":0.0,"loss50":0.0,"d100":0.0,"dr100":0.0,"loss100":0.0,"d200":0.0,"dr200":0.0,"loss200":0.0,"d500":0.0,"dr500":0.0,"loss500":0.0},"geometry":{"type":"Polygon","coordinates":[[[34.665372007340125,0.3768660664750269],[34.67076199265988,0.3768660664750269],[34.67076199265988,0.38225593352497306],[34.665372007340125,0.38225593352497306],[34.665372007340125,0.3768660664750269]]]}},{"type":"Feature","properties":{"id":"RFB-0360","cls":"semi_permanent","area":50,"cost":14000,"tiv":700000.0,"tivCsv":700000.0,"lat":0.19309,"lon":34.17613,"where":"KE","settlement":"Rwambwa","density_class":"peri_urban","stratum":"basin","d10":0.0,"dr10":0.0,"loss10":0.0,"d20":0.0,"dr20":0.0,"loss20":0.0,"d50":0.0,"dr50":0.0,"loss50":0.0,"d100":0.0,"dr100":0.0,"loss100":0.0,"d200":0.0,"dr200":0.0,"loss200":0.0,"d500":0.0,"dr500":0.0,"loss500":0.0},"geometry":{"type":"Polygon","coordinates":[[[34.17343105117187,0.19039206647502696],[34.178820948828125,0.19039206647502696],[34.178820948828125,0.19578193352497306],[34.17343105117187,0.19578193352497306],[34.17343105117187,0.19039206647502696]]]}},{"type":"Feature","properties":{"id":"RFB-0361","cls":"informal_iron_sheet","area":16,"cost":5900,"tiv":95000.0,"tivCsv":95000.0,"lat":0.80164,"lon":34.91351,"where":"KE","settlement":"other","density_class":"peri_urban","stratum":"basin","d10":0.0,"dr10":0.0,"loss10":0.0,"d20":0.0,"dr20":0.0,"loss20":0.0,"d50":0.0,"dr50":0.0,"loss50":0.0,"d100":0.0,"dr100":0.0,"loss100":0.0,"d200":0.0,"dr200":0.0,"loss200":0.0,"d500":0.0,"dr500":0.0,"loss500":0.0},"geometry":{"type":"Polygon","coordinates":[[[34.91081680267977,0.7989450664750269],[34.916207197320226,0.7989450664750269],[34.916207197320226,0.8043349335249731],[34.91081680267977,0.8043349335249731],[34.91081680267977,0.7989450664750269]]]}},{"type":"Feature","properties":{"id":"RFB-0362","cls":"permanent_masonry","area":84,"cost":43600,"tiv":3660000.0,"tivCsv":3660000.0,"lat":0.06969,"lon":34.86772,"where":"KE","settlement":"other","density_class":"peri_urban","stratum":"basin","d10":0.0,"dr10":0.0,"loss10":0.0,"d20":0.0,"dr20":0.0,"loss20":0.0,"d50":0.0,"dr50":0.0,"loss50":0.0,"d100":0.0,"dr100":0.0,"loss100":0.0,"d200":0.0,"dr200":0.0,"loss200":0.0,"d500":0.0,"dr500":0.0,"loss500":0.0},"geometry":{"type":"Polygon","coordinates":[[[34.86502606448137,0.06699806647502696],[34.870415935518636,0.06699806647502696],[34.870415935518636,0.07238793352497305],[34.86502606448137,0.07238793352497305],[34.86502606448137,0.06699806647502696]]]}},{"type":"Feature","properties":{"id":"RFB-0363","cls":"permanent_masonry","area":95,"cost":49100,"tiv":4665000.0,"tivCsv":4665000.0,"lat":0.06608,"lon":34.62235,"where":"KE","settlement":"other","density_class":"peri_urban","stratum":"basin","d10":0.0,"dr10":0.0,"loss10":0.0,"d20":0.0,"dr20":0.0,"loss20":0.0,"d50":0.0,"dr50":0.0,"loss50":0.0,"d100":0.0,"dr100":0.0,"loss100":0.0,"d200":0.0,"dr200":0.0,"loss200":0.0,"d500":0.0,"dr500":0.0,"loss500":0.0},"geometry":{"type":"Polygon","coordinates":[[[34.6196590646825,0.06338906647502696],[34.6250489353175,0.06338906647502696],[34.6250489353175,0.06877893352497305],[34.6196590646825,0.06877893352497305],[34.6196590646825,0.06338906647502696]]]}},{"type":"Feature","properties":{"id":"RFB-0364","cls":"permanent_masonry","area":108,"cost":53900,"tiv":5820000.0,"tivCsv":5820000.0,"lat":-0.11248,"lon":34.79342,"where":"KE","settlement":"Kisumu","density_class":"urban","stratum":"basin","d10":0.0,"dr10":0.0,"loss10":0.0,"d20":0.0,"dr20":0.0,"loss20":0.0,"d50":0.0,"dr50":0.0,"loss50":0.0,"d100":0.0,"dr100":0.0,"loss100":0.0,"d200":0.0,"dr200":0.0,"loss200":0.0,"d500":0.0,"dr500":0.0,"loss500":0.0},"geometry":{"type":"Polygon","coordinates":[[[34.79072906128159,-0.11517893352497305],[34.796118938718415,-0.11517893352497305],[34.796118938718415,-0.10978906647502695],[34.79072906128159,-0.10978906647502695],[34.79072906128159,-0.11517893352497305]]]}},{"type":"Feature","properties":{"id":"RFB-0365","cls":"informal_iron_sheet","area":18,"cost":9300,"tiv":165000.0,"tivCsv":165000.0,"lat":0.52593,"lon":35.28849,"where":"KE","settlement":"other","density_class":"urban","stratum":"basin","d10":0.0,"dr10":0.0,"loss10":0.0,"d20":0.0,"dr20":0.0,"loss20":0.0,"d50":0.0,"dr50":0.0,"loss50":0.0,"d100":0.0,"dr100":0.0,"loss100":0.0,"d200":0.0,"dr200":0.0,"loss200":0.0,"d500":0.0,"dr500":0.0,"loss500":0.0},"geometry":{"type":"Polygon","coordinates":[[[35.2857979529346,0.5232390664750269],[35.291188047065404,0.5232390664750269],[35.291188047065404,0.5286289335249731],[35.2857979529346,0.5286289335249731],[35.2857979529346,0.5232390664750269]]]}},{"type":"Feature","properties":{"id":"RFB-0366","cls":"semi_permanent","area":45,"cost":12800,"tiv":575000.0,"tivCsv":575000.0,"lat":-0.06893,"lon":34.60303,"where":"KE","settlement":"other","density_class":"rural","stratum":"basin","d10":0.0,"dr10":0.0,"loss10":0.0,"d20":0.0,"dr20":0.0,"loss20":0.0,"d50":0.0,"dr50":0.0,"loss50":0.0,"d100":0.0,"dr100":0.0,"loss100":0.0,"d200":0.0,"dr200":0.0,"loss200":0.0,"d500":0.0,"dr500":0.0,"loss500":0.0},"geometry":{"type":"Polygon","coordinates":[[[34.600332064525006,-0.07162093352497305],[34.60572193547499,-0.07162093352497305],[34.60572193547499,-0.06623106647502695],[34.600332064525006,-0.06623106647502695],[34.600332064525006,-0.07162093352497305]]]}},{"type":"Feature","properties":{"id":"RFB-0367","cls":"permanent_masonry","area":136,"cost":39600,"tiv":5385000.0,"tivCsv":5385000.0,"lat":0.97432,"lon":35.076,"where":"KE","settlement":"Kitale","density_class":"peri_urban","stratum":"basin","d10":0.0,"dr10":0.0,"loss10":0.0,"d20":0.0,"dr20":0.0,"loss20":0.0,"d50":0.0,"dr50":0.0,"loss50":0.0,"d100":0.0,"dr100":0.0,"loss100":0.0,"d200":0.0,"dr200":0.0,"loss200":0.0,"d500":0.0,"dr500":0.0,"loss500":0.0},"geometry":{"type":"Polygon","coordinates":[[[35.07330067677366,0.9716290664750269],[35.078691323226344,0.9716290664750269],[35.078691323226344,0.977018933524973],[35.07330067677366,0.977018933524973],[35.07330067677366,0.9716290664750269]]]}},{"type":"Feature","properties":{"id":"RFB-0368","cls":"informal_iron_sheet","area":15,"cost":7500,"tiv":110000.0,"tivCsv":110000.0,"lat":-0.26955,"lon":35.23066,"where":"KE","settlement":"other","density_class":"peri_urban","stratum":"basin","d10":0.0,"dr10":0.0,"loss10":0.0,"d20":0.0,"dr20":0.0,"loss20":0.0,"d50":0.0,"dr50":0.0,"loss50":0.0,"d100":0.0,"dr100":0.0,"loss100":0.0,"d200":0.0,"dr200":0.0,"loss200":0.0,"d500":0.0,"dr500":0.0,"loss500":0.0},"geometry":{"type":"Polygon","coordinates":[[[35.22796103665175,-0.2722449335249731],[35.23335096334826,-0.2722449335249731],[35.23335096334826,-0.26685506647502694],[35.22796103665175,-0.26685506647502694],[35.22796103665175,-0.2722449335249731]]]}},{"type":"Feature","properties":{"id":"RFB-0369","cls":"permanent_masonry","area":167,"cost":61100,"tiv":10205000.0,"tivCsv":10205000.0,"lat":0.73793,"lon":34.85877,"where":"KE","settlement":"other","density_class":"peri_urban","stratum":"basin","d10":0.0,"dr10":0.0,"loss10":0.0,"d20":0.0,"dr20":0.0,"loss20":0.0,"d50":0.0,"dr50":0.0,"loss50":0.0,"d100":0.0,"dr100":0.0,"loss100":0.0,"d200":0.0,"dr200":0.0,"loss200":0.0,"d500":0.0,"dr500":0.0,"loss500":0.0},"geometry":{"type":"Polygon","coordinates":[[[34.85607884294701,0.7352340664750269],[34.86146915705299,0.7352340664750269],[34.86146915705299,0.740623933524973],[34.85607884294701,0.740623933524973],[34.85607884294701,0.7352340664750269]]]}},{"type":"Feature","properties":{"id":"RFB-0370","cls":"semi_permanent","area":41,"cost":11400,"tiv":465000.0,"tivCsv":465000.0,"lat":0.52573,"lon":35.22273,"where":"KE","settlement":"other","density_class":"peri_urban","stratum":"basin","d10":0.0,"dr10":0.0,"loss10":0.0,"d20":0.0,"dr20":0.0,"loss20":0.0,"d50":0.0,"dr50":0.0,"loss50":0.0,"d100":0.0,"dr100":0.0,"loss100":0.0,"d200":0.0,"dr200":0.0,"loss200":0.0,"d500":0.0,"dr500":0.0,"loss500":0.0},"geometry":{"type":"Polygon","coordinates":[[[35.220037953023095,0.5230340664750269],[35.2254280469769,0.5230340664750269],[35.2254280469769,0.5284239335249731],[35.220037953023095,0.5284239335249731],[35.220037953023095,0.5230340664750269]]]}},{"type":"Feature","properties":{"id":"RFB-0371","cls":"semi_permanent","area":24,"cost":12300,"tiv":295000.0,"tivCsv":295000.0,"lat":0.96718,"lon":35.05719,"where":"KE","settlement":"Kitale","density_class":"peri_urban","stratum":"basin","d10":0.0,"dr10":0.0,"loss10":0.0,"d20":0.0,"dr20":0.0,"loss20":0.0,"d50":0.0,"dr50":0.0,"loss50":0.0,"d100":0.0,"dr100":0.0,"loss100":0.0,"d200":0.0,"dr200":0.0,"loss200":0.0,"d500":0.0,"dr500":0.0,"loss500":0.0},"geometry":{"type":"Polygon","coordinates":[[[35.05449768246499,0.964489066475027],[35.059888317535005,0.964489066475027],[35.059888317535005,0.9698789335249731],[35.05449768246499,0.9698789335249731],[35.05449768246499,0.964489066475027]]]}},{"type":"Feature","properties":{"id":"RFB-0372","cls":"semi_permanent","area":62,"cost":11100,"tiv":690000.0,"tivCsv":690000.0,"lat":0.00729,"lon":34.23532,"where":"KE","settlement":"Siaya","density_class":"rural","stratum":"basin","d10":0.0,"dr10":0.0,"loss10":0.0,"d20":0.0,"dr20":0.0,"loss20":0.0,"d50":0.0,"dr50":0.0,"loss50":0.0,"d100":0.0,"dr100":0.0,"loss100":0.0,"d200":0.0,"dr200":0.0,"loss200":0.0,"d500":0.0,"dr500":0.0,"loss500":0.0},"geometry":{"type":"Polygon","coordinates":[[[34.23262906645319,0.00459806647502695],[34.238018933546805,0.00459806647502695],[34.238018933546805,0.00998793352497305],[34.23262906645319,0.00998793352497305],[34.23262906645319,0.00459806647502695]]]}},{"type":"Feature","properties":{"id":"RFB-0373","cls":"semi_permanent","area":39,"cost":9600,"tiv":375000.0,"tivCsv":375000.0,"lat":0.43656,"lon":35.10404,"where":"KE","settlement":"other","density_class":"rural","stratum":"basin","d10":0.0,"dr10":0.0,"loss10":0.0,"d20":0.0,"dr20":0.0,"loss20":0.0,"d50":0.0,"dr50":0.0,"loss50":0.0,"d100":0.0,"dr100":0.0,"loss100":0.0,"d200":0.0,"dr200":0.0,"loss200":0.0,"d500":0.0,"dr500":0.0,"loss500":0.0},"geometry":{"type":"Polygon","coordinates":[[[35.10134498824362,0.4338700664750269],[35.10673501175638,0.4338700664750269],[35.10673501175638,0.43925993352497306],[35.10134498824362,0.43925993352497306],[35.10134498824362,0.4338700664750269]]]}},{"type":"Feature","properties":{"id":"RFB-0374","cls":"semi_permanent","area":71,"cost":10900,"tiv":775000.0,"tivCsv":775000.0,"lat":-0.14508,"lon":34.80581,"where":"KE","settlement":"Kisumu","density_class":"peri_urban","stratum":"basin","d10":0.0,"dr10":0.0,"loss10":0.0,"d20":0.0,"dr20":0.0,"loss20":0.0,"d50":0.0,"dr50":0.0,"loss50":0.0,"d100":0.0,"dr100":0.0,"loss100":0.0,"d200":0.0,"dr200":0.0,"loss200":0.0,"d500":0.0,"dr500":0.0,"loss500":0.0},"geometry":{"type":"Polygon","coordinates":[[[34.803117057836,-0.14777093352497306],[34.80850694216401,-0.14777093352497306],[34.80850694216401,-0.14238106647502696],[34.803117057836,-0.14238106647502696],[34.803117057836,-0.14777093352497306]]]}},{"type":"Feature","properties":{"id":"RFB-0375","cls":"permanent_masonry","area":111,"cost":56200,"tiv":6240000.0,"tivCsv":6240000.0,"lat":0.83598,"lon":34.86934,"where":"KE","settlement":"other","density_class":"peri_urban","stratum":"basin","d10":0.0,"dr10":0.0,"loss10":0.0,"d20":0.0,"dr20":0.0,"loss20":0.0,"d50":0.0,"dr50":0.0,"loss50":0.0,"d100":0.0,"dr100":0.0,"loss100":0.0,"d200":0.0,"dr200":0.0,"loss200":0.0,"d500":0.0,"dr500":0.0,"loss500":0.0},"geometry":{"type":"Polygon","coordinates":[[[34.86664477959385,0.833284066475027],[34.872035220406154,0.833284066475027],[34.872035220406154,0.8386739335249731],[34.86664477959385,0.8386739335249731],[34.86664477959385,0.833284066475027]]]}},{"type":"Feature","properties":{"id":"RFB-0376","cls":"concrete_rcc","area":180,"cost":70500,"tiv":12690000.0,"tivCsv":12690000.0,"lat":-0.08217,"lon":34.78823,"where":"KE","settlement":"Kisumu","density_class":"urban","stratum":"basin","d10":0.0,"dr10":0.0,"loss10":0.0,"d20":0.0,"dr20":0.0,"loss20":0.0,"d50":0.0,"dr50":0.0,"loss50":0.0,"d100":0.0,"dr100":0.0,"loss100":0.0,"d200":0.0,"dr200":0.0,"loss200":0.0,"d500":0.0,"dr500":0.0,"loss500":0.0},"geometry":{"type":"Polygon","coordinates":[[[34.785539063703965,-0.08485993352497305],[34.79092893629604,-0.08485993352497305],[34.79092893629604,-0.07947006647502695],[34.785539063703965,-0.07947006647502695],[34.785539063703965,-0.08485993352497305]]]}},{"type":"Feature","properties":{"id":"RFB-0377","cls":"semi_permanent","area":41,"cost":15600,"tiv":640000.0,"tivCsv":640000.0,"lat":0.5356,"lon":34.59231,"where":"KE","settlement":"other","density_class":"peri_urban","stratum":"basin","d10":0.0,"dr10":0.0,"loss10":0.0,"d20":0.0,"dr20":0.0,"loss20":0.0,"d50":0.0,"dr50":0.0,"loss50":0.0,"d100":0.0,"dr100":0.0,"loss100":0.0,"d200":0.0,"dr200":0.0,"loss200":0.0,"d500":0.0,"dr500":0.0,"loss500":0.0},"geometry":{"type":"Polygon","coordinates":[[[34.58961194872351,0.5329030664750269],[34.59500205127649,0.5329030664750269],[34.59500205127649,0.5382929335249731],[34.58961194872351,0.5382929335249731],[34.58961194872351,0.5329030664750269]]]}},{"type":"Feature","properties":{"id":"RFB-0378","cls":"permanent_masonry","area":106,"cost":41400,"tiv":4390000.0,"tivCsv":4390000.0,"lat":0.68785,"lon":34.42783,"where":"KE","settlement":"other","density_class":"peri_urban","stratum":"basin","d10":0.0,"dr10":0.0,"loss10":0.0,"d20":0.0,"dr20":0.0,"loss20":0.0,"d50":0.0,"dr50":0.0,"loss50":0.0,"d100":0.0,"dr100":0.0,"loss100":0.0,"d200":0.0,"dr200":0.0,"loss200":0.0,"d500":0.0,"dr500":0.0,"loss500":0.0},"geometry":{"type":"Polygon","coordinates":[[[34.42513187226125,0.685150066475027],[34.430522127738755,0.685150066475027],[34.430522127738755,0.6905399335249731],[34.42513187226125,0.6905399335249731],[34.42513187226125,0.685150066475027]]]}},{"type":"Feature","properties":{"id":"RFB-0379","cls":"concrete_rcc","area":494,"cost":70300,"tiv":34730000.0,"tivCsv":34730000.0,"lat":0.20764,"lon":35.30262,"where":"KE","settlement":"other","density_class":"peri_urban","stratum":"basin","d10":0.0,"dr10":0.0,"loss10":0.0,"d20":0.0,"dr20":0.0,"loss20":0.0,"d50":0.0,"dr50":0.0,"loss50":0.0,"d100":0.0,"dr100":0.0,"loss100":0.0,"d200":0.0,"dr200":0.0,"loss200":0.0,"d500":0.0,"dr500":0.0,"loss500":0.0},"geometry":{"type":"Polygon","coordinates":[[[35.299924048778635,0.20494206647502694],[35.305313951221365,0.20494206647502694],[35.305313951221365,0.21033193352497304],[35.299924048778635,0.21033193352497304],[35.299924048778635,0.20494206647502694]]]}},{"type":"Feature","properties":{"id":"RFB-0380","cls":"concrete_rcc","area":150,"cost":75200,"tiv":11280000.0,"tivCsv":11280000.0,"lat":1.10098,"lon":34.92211,"where":"KE","settlement":"other","density_class":"rural","stratum":"basin","d10":0.0,"dr10":0.0,"loss10":0.0,"d20":0.0,"dr20":0.0,"loss20":0.0,"d50":0.0,"dr50":0.0,"loss50":0.0,"d100":0.0,"dr100":0.0,"loss100":0.0,"d200":0.0,"dr200":0.0,"loss200":0.0,"d500":0.0,"dr500":0.0,"loss500":0.0},"geometry":{"type":"Polygon","coordinates":[[[34.91941356885699,1.098282066475027],[34.92480443114301,1.098282066475027],[34.92480443114301,1.1036719335249732],[34.91941356885699,1.1036719335249732],[34.91941356885699,1.098282066475027]]]}},{"type":"Feature","properties":{"id":"RFB-0381","cls":"semi_permanent","area":30,"cost":11500,"tiv":345000.0,"tivCsv":345000.0,"lat":0.35924,"lon":34.4051,"where":"KE","settlement":"Mumias","density_class":"peri_urban","stratum":"basin","d10":0.0,"dr10":0.0,"loss10":0.0,"d20":0.0,"dr20":0.0,"loss20":0.0,"d50":0.0,"dr50":0.0,"loss50":0.0,"d100":0.0,"dr100":0.0,"loss100":0.0,"d200":0.0,"dr200":0.0,"loss200":0.0,"d500":0.0,"dr500":0.0,"loss500":0.0},"geometry":{"type":"Polygon","coordinates":[[[34.40240801350296,0.3565440664750269],[34.40779798649703,0.3565440664750269],[34.40779798649703,0.36193393352497305],[34.40240801350296,0.36193393352497305],[34.40240801350296,0.3565440664750269]]]}},{"type":"Feature","properties":{"id":"RFB-0382","cls":"semi_permanent","area":57,"cost":11700,"tiv":665000.0,"tivCsv":665000.0,"lat":0.4531,"lon":35.24721,"where":"KE","settlement":"other","density_class":"peri_urban","stratum":"basin","d10":0.0,"dr10":0.0,"loss10":0.0,"d20":0.0,"dr20":0.0,"loss20":0.0,"d50":0.0,"dr50":0.0,"loss50":0.0,"d100":0.0,"dr100":0.0,"loss100":0.0,"d200":0.0,"dr200":0.0,"loss200":0.0,"d500":0.0,"dr500":0.0,"loss500":0.0},"geometry":{"type":"Polygon","coordinates":[[[35.24451198220406,0.4504080664750269],[35.24990201779595,0.4504080664750269],[35.24990201779595,0.45579793352497305],[35.24451198220406,0.45579793352497305],[35.24451198220406,0.4504080664750269]]]}},{"type":"Feature","properties":{"id":"RFB-0383","cls":"permanent_masonry","area":150,"cost":64600,"tiv":9690000.0,"tivCsv":9690000.0,"lat":1.03461,"lon":34.982,"where":"KE","settlement":"Kitale","density_class":"urban","stratum":"basin","d10":0.0,"dr10":0.0,"loss10":0.0,"d20":0.0,"dr20":0.0,"loss20":0.0,"d50":0.0,"dr50":0.0,"loss50":0.0,"d100":0.0,"dr100":0.0,"loss100":0.0,"d200":0.0,"dr200":0.0,"loss200":0.0,"d500":0.0,"dr500":0.0,"loss500":0.0},"geometry":{"type":"Polygon","coordinates":[[[34.979305627052184,1.031912066475027],[34.98469637294781,1.031912066475027],[34.98469637294781,1.0373019335249731],[34.979305627052184,1.0373019335249731],[34.979305627052184,1.031912066475027]]]}},{"type":"Feature","properties":{"id":"RFB-0384","cls":"informal_iron_sheet","area":24,"cost":7700,"tiv":185000.0,"tivCsv":185000.0,"lat":0.48877,"lon":35.26577,"where":"KE","settlement":"other","density_class":"urban","stratum":"basin","d10":0.0,"dr10":0.0,"loss10":0.0,"d20":0.0,"dr20":0.0,"loss20":0.0,"d50":0.0,"dr50":0.0,"loss50":0.0,"d100":0.0,"dr100":0.0,"loss100":0.0,"d200":0.0,"dr200":0.0,"loss200":0.0,"d500":0.0,"dr500":0.0,"loss500":0.0},"geometry":{"type":"Polygon","coordinates":[[[35.263073968412705,0.4860790664750269],[35.26846403158729,0.4860790664750269],[35.26846403158729,0.49146893352497306],[35.263073968412705,0.49146893352497306],[35.263073968412705,0.4860790664750269]]]}},{"type":"Feature","properties":{"id":"RFB-0385","cls":"concrete_rcc","area":308,"cost":80700,"tiv":24855000.0,"tivCsv":24855000.0,"lat":0.58863,"lon":34.54286,"where":"KE","settlement":"other","density_class":"urban","stratum":"basin","d10":0.0,"dr10":0.0,"loss10":0.0,"d20":0.0,"dr20":0.0,"loss20":0.0,"d50":0.0,"dr50":0.0,"loss50":0.0,"d100":0.0,"dr100":0.0,"loss100":0.0,"d200":0.0,"dr200":0.0,"loss200":0.0,"d500":0.0,"dr500":0.0,"loss500":0.0},"geometry":{"type":"Polygon","coordinates":[[[34.5401689242493,0.5859360664750269],[34.5455590757507,0.5859360664750269],[34.5455590757507,0.5913259335249731],[34.5401689242493,0.5913259335249731],[34.5401689242493,0.5859360664750269]]]}},{"type":"Feature","properties":{"id":"RFB-0386","cls":"informal_iron_sheet","area":18,"cost":6100,"tiv":110000.0,"tivCsv":110000.0,"lat":0.659,"lon":34.66353,"where":"KE","settlement":"other","density_class":"peri_urban","stratum":"basin","d10":0.0,"dr10":0.0,"loss10":0.0,"d20":0.0,"dr20":0.0,"loss20":0.0,"d50":0.0,"dr50":0.0,"loss50":0.0,"d100":0.0,"dr100":0.0,"loss100":0.0,"d200":0.0,"dr200":0.0,"loss200":0.0,"d500":0.0,"dr500":0.0,"loss500":0.0},"geometry":{"type":"Polygon","coordinates":[[[34.660837888207794,0.6563080664750269],[34.66622811179221,0.6563080664750269],[34.66622811179221,0.6616979335249731],[34.660837888207794,0.6616979335249731],[34.660837888207794,0.6563080664750269]]]}},{"type":"Feature","properties":{"id":"RFB-0387","cls":"permanent_masonry","area":110,"cost":55200,"tiv":6070000.0,"tivCsv":6070000.0,"lat":-0.10294,"lon":34.77797,"where":"KE","settlement":"Kisumu","density_class":"urban","stratum":"basin","d10":0.0,"dr10":0.0,"loss10":0.0,"d20":0.0,"dr20":0.0,"loss20":0.0,"d50":0.0,"dr50":0.0,"loss50":0.0,"d100":0.0,"dr100":0.0,"loss100":0.0,"d200":0.0,"dr200":0.0,"loss200":0.0,"d500":0.0,"dr500":0.0,"loss500":0.0},"geometry":{"type":"Polygon","coordinates":[[[34.77527106212575,-0.10563193352497305],[34.780660937874245,-0.10563193352497305],[34.780660937874245,-0.10024206647502695],[34.77527106212575,-0.10024206647502695],[34.77527106212575,-0.10563193352497305]]]}},{"type":"Feature","properties":{"id":"RFB-0388","cls":"permanent_masonry","area":144,"cost":60300,"tiv":8685000.0,"tivCsv":8685000.0,"lat":0.27118,"lon":34.74447,"where":"KE","settlement":"other","density_class":"urban","stratum":"basin","d10":0.0,"dr10":0.0,"loss10":0.0,"d20":0.0,"dr20":0.0,"loss20":0.0,"d50":0.0,"dr50":0.0,"loss50":0.0,"d100":0.0,"dr100":0.0,"loss100":0.0,"d200":0.0,"dr200":0.0,"loss200":0.0,"d500":0.0,"dr500":0.0,"loss500":0.0},"geometry":{"type":"Polygon","coordinates":[[[34.74177203629063,0.2684820664750269],[34.747161963709374,0.2684820664750269],[34.747161963709374,0.2738719335249731],[34.74177203629063,0.2738719335249731],[34.74177203629063,0.2684820664750269]]]}},{"type":"Feature","properties":{"id":"RFB-0389","cls":"permanent_masonry","area":125,"cost":46500,"tiv":5810000.0,"tivCsv":5810000.0,"lat":0.82214,"lon":34.59828,"where":"KE","settlement":"other","density_class":"peri_urban","stratum":"basin","d10":0.0,"dr10":0.0,"loss10":0.0,"d20":0.0,"dr20":0.0,"loss20":0.0,"d50":0.0,"dr50":0.0,"loss50":0.0,"d100":0.0,"dr100":0.0,"loss100":0.0,"d200":0.0,"dr200":0.0,"loss200":0.0,"d500":0.0,"dr500":0.0,"loss500":0.0},"geometry":{"type":"Polygon","coordinates":[[[34.59558778901154,0.8194490664750269],[34.600978210988465,0.8194490664750269],[34.600978210988465,0.8248389335249731],[34.59558778901154,0.8248389335249731],[34.59558778901154,0.8194490664750269]]]}},{"type":"Feature","properties":{"id":"RFB-0390","cls":"permanent_masonry","area":98,"cost":59400,"tiv":5820000.0,"tivCsv":5820000.0,"lat":0.08963,"lon":34.71272,"where":"KE","settlement":"other","density_class":"urban","stratum":"basin","d10":0.0,"dr10":0.0,"loss10":0.0,"d20":0.0,"dr20":0.0,"loss20":0.0,"d50":0.0,"dr50":0.0,"loss50":0.0,"d100":0.0,"dr100":0.0,"loss100":0.0,"d200":0.0,"dr200":0.0,"loss200":0.0,"d500":0.0,"dr500":0.0,"loss500":0.0},"geometry":{"type":"Polygon","coordinates":[[[34.710021063177564,0.08693506647502695],[34.71541093682244,0.08693506647502695],[34.71541093682244,0.09232493352497305],[34.710021063177564,0.09232493352497305],[34.710021063177564,0.08693506647502695]]]}},{"type":"Feature","properties":{"id":"RFB-0391","cls":"informal_iron_sheet","area":13,"cost":6600,"tiv":85000.0,"tivCsv":85000.0,"lat":0.53797,"lon":35.31207,"where":"KE","settlement":"other","density_class":"urban","stratum":"basin","d10":0.0,"dr10":0.0,"loss10":0.0,"d20":0.0,"dr20":0.0,"loss20":0.0,"d50":0.0,"dr50":0.0,"loss50":0.0,"d100":0.0,"dr100":0.0,"loss100":0.0,"d200":0.0,"dr200":0.0,"loss200":0.0,"d500":0.0,"dr500":0.0,"loss500":0.0},"geometry":{"type":"Polygon","coordinates":[[[35.30937894767687,0.535278066475027],[35.314769052323136,0.535278066475027],[35.314769052323136,0.5406679335249731],[35.30937894767687,0.5406679335249731],[35.30937894767687,0.535278066475027]]]}},{"type":"Feature","properties":{"id":"RFB-0392","cls":"concrete_rcc","area":150,"cost":71200,"tiv":10680000.0,"tivCsv":10680000.0,"lat":0.26894,"lon":34.75186,"where":"KE","settlement":"other","density_class":"urban","stratum":"basin","d10":0.0,"dr10":0.0,"loss10":0.0,"d20":0.0,"dr20":0.0,"loss20":0.0,"d50":0.0,"dr50":0.0,"loss50":0.0,"d100":0.0,"dr100":0.0,"loss100":0.0,"d200":0.0,"dr200":0.0,"loss200":0.0,"d500":0.0,"dr500":0.0,"loss500":0.0},"geometry":{"type":"Polygon","coordinates":[[[34.74916303678746,0.26624106647502693],[34.75455296321254,0.26624106647502693],[34.75455296321254,0.2716309335249731],[34.74916303678746,0.2716309335249731],[34.74916303678746,0.26624106647502693]]]}},{"type":"Feature","properties":{"id":"RFB-0393","cls":"concrete_rcc","area":433,"cost":73700,"tiv":31910000.0,"tivCsv":31910000.0,"lat":0.52738,"lon":35.27264,"where":"KE","settlement":"other","density_class":"urban","stratum":"basin","d10":0.0,"dr10":0.0,"loss10":0.0,"d20":0.0,"dr20":0.0,"loss20":0.0,"d50":0.0,"dr50":0.0,"loss50":0.0,"d100":0.0,"dr100":0.0,"loss100":0.0,"d200":0.0,"dr200":0.0,"loss200":0.0,"d500":0.0,"dr500":0.0,"loss500":0.0},"geometry":{"type":"Polygon","coordinates":[[[35.26993995230981,0.524684066475027],[35.27533004769019,0.524684066475027],[35.27533004769019,0.5300739335249731],[35.26993995230981,0.5300739335249731],[35.26993995230981,0.524684066475027]]]}},{"type":"Feature","properties":{"id":"RFB-0394","cls":"permanent_masonry","area":156,"cost":54800,"tiv":8550000.0,"tivCsv":8550000.0,"lat":0.22423,"lon":35.28192,"where":"KE","settlement":"other","density_class":"peri_urban","stratum":"basin","d10":0.0,"dr10":0.0,"loss10":0.0,"d20":0.0,"dr20":0.0,"loss20":0.0,"d50":0.0,"dr50":0.0,"loss50":0.0,"d100":0.0,"dr100":0.0,"loss100":0.0,"d200":0.0,"dr200":0.0,"loss200":0.0,"d500":0.0,"dr500":0.0,"loss500":0.0},"geometry":{"type":"Polygon","coordinates":[[[35.27922904583724,0.22153506647502696],[35.28461895416275,0.22153506647502696],[35.28461895416275,0.22692493352497306],[35.27922904583724,0.22692493352497306],[35.27922904583724,0.22153506647502696]]]}},{"type":"Feature","properties":{"id":"RFB-0395","cls":"semi_permanent","area":29,"cost":13600,"tiv":395000.0,"tivCsv":395000.0,"lat":0.17213,"lon":34.48042,"where":"KE","settlement":"other","density_class":"peri_urban","stratum":"basin","d10":0.0,"dr10":0.0,"loss10":0.0,"d20":0.0,"dr20":0.0,"loss20":0.0,"d50":0.0,"dr50":0.0,"loss50":0.0,"d100":0.0,"dr100":0.0,"loss100":0.0,"d200":0.0,"dr200":0.0,"loss200":0.0,"d500":0.0,"dr500":0.0,"loss500":0.0},"geometry":{"type":"Polygon","coordinates":[[[34.4777230543138,0.16943306647502696],[34.4831129456862,0.16943306647502696],[34.4831129456862,0.17482293352497305],[34.4777230543138,0.17482293352497305],[34.4777230543138,0.16943306647502696]]]}},{"type":"Feature","properties":{"id":"RFB-0396","cls":"informal_iron_sheet","area":11,"cost":9300,"tiv":100000.0,"tivCsv":100000.0,"lat":0.6102,"lon":34.77249,"where":"KE","settlement":"Webuye","density_class":"urban","stratum":"basin","d10":0.0,"dr10":0.0,"loss10":0.0,"d20":0.0,"dr20":0.0,"loss20":0.0,"d50":0.0,"dr50":0.0,"loss50":0.0,"d100":0.0,"dr100":0.0,"loss100":0.0,"d200":0.0,"dr200":0.0,"loss200":0.0,"d500":0.0,"dr500":0.0,"loss500":0.0},"geometry":{"type":"Polygon","coordinates":[[[34.76979691363678,0.6075010664750269],[34.77518708636322,0.6075010664750269],[34.77518708636322,0.612890933524973],[34.76979691363678,0.612890933524973],[34.76979691363678,0.6075010664750269]]]}},{"type":"Feature","properties":{"id":"RFB-0397","cls":"permanent_masonry","area":209,"cost":50600,"tiv":10575000.0,"tivCsv":10575000.0,"lat":0.01001,"lon":34.60124,"where":"KE","settlement":"other","density_class":"urban","stratum":"basin","d10":0.0,"dr10":0.0,"loss10":0.0,"d20":0.0,"dr20":0.0,"loss20":0.0,"d50":0.0,"dr50":0.0,"loss50":0.0,"d100":0.0,"dr100":0.0,"loss100":0.0,"d200":0.0,"dr200":0.0,"loss200":0.0,"d500":0.0,"dr500":0.0,"loss500":0.0},"geometry":{"type":"Polygon","coordinates":[[[34.59854306643387,0.007319066475026949],[34.603932933566135,0.007319066475026949],[34.603932933566135,0.012708933524973052],[34.59854306643387,0.012708933524973052],[34.59854306643387,0.007319066475026949]]]}},{"type":"Feature","properties":{"id":"RFB-0398","cls":"informal_iron_sheet","area":19,"cost":6100,"tiv":115000.0,"tivCsv":115000.0,"lat":0.24713,"lon":35.15279,"where":"KE","settlement":"other","density_class":"peri_urban","stratum":"basin","d10":0.0,"dr10":0.0,"loss10":0.0,"d20":0.0,"dr20":0.0,"loss20":0.0,"d50":0.0,"dr50":0.0,"loss50":0.0,"d100":0.0,"dr100":0.0,"loss100":0.0,"d200":0.0,"dr200":0.0,"loss200":0.0,"d500":0.0,"dr500":0.0,"loss500":0.0},"geometry":{"type":"Polygon","coordinates":[[[35.150094041405985,0.24443806647502694],[35.15548395859401,0.24443806647502694],[35.15548395859401,0.24982793352497304],[35.150094041405985,0.24982793352497304],[35.150094041405985,0.24443806647502694]]]}},{"type":"Feature","properties":{"id":"RFB-0399","cls":"concrete_rcc","area":187,"cost":77500,"tiv":14490000.0,"tivCsv":14490000.0,"lat":0.26025,"lon":34.7456,"where":"KE","settlement":"other","density_class":"urban","stratum":"basin","d10":0.0,"dr10":0.0,"loss10":0.0,"d20":0.0,"dr20":0.0,"loss20":0.0,"d50":0.0,"dr50":0.0,"loss50":0.0,"d100":0.0,"dr100":0.0,"loss100":0.0,"d200":0.0,"dr200":0.0,"loss200":0.0,"d500":0.0,"dr500":0.0,"loss500":0.0},"geometry":{"type":"Polygon","coordinates":[[[34.7429050386744,0.25755406647502693],[34.748294961325605,0.25755406647502693],[34.748294961325605,0.2629439335249731],[34.7429050386744,0.2629439335249731],[34.7429050386744,0.25755406647502693]]]}},{"type":"Feature","properties":{"id":"RFB-0400","cls":"semi_permanent","area":69,"cost":14000,"tiv":965000.0,"tivCsv":965000.0,"lat":0.72751,"lon":34.98961,"where":"KE","settlement":"other","density_class":"peri_urban","stratum":"basin","d10":0.0,"dr10":0.0,"loss10":0.0,"d20":0.0,"dr20":0.0,"loss20":0.0,"d50":0.0,"dr50":0.0,"loss50":0.0,"d100":0.0,"dr100":0.0,"loss100":0.0,"d200":0.0,"dr200":0.0,"loss200":0.0,"d500":0.0,"dr500":0.0,"loss500":0.0},"geometry":{"type":"Polygon","coordinates":[[[34.98691484921735,0.7248110664750269],[34.99230515078265,0.7248110664750269],[34.99230515078265,0.7302009335249731],[34.98691484921735,0.7302009335249731],[34.98691484921735,0.7248110664750269]]]}},{"type":"Feature","properties":{"id":"RFB-0401","cls":"semi_permanent","area":57,"cost":9100,"tiv":520000.0,"tivCsv":520000.0,"lat":0.6553,"lon":34.95949,"where":"KE","settlement":"other","density_class":"peri_urban","stratum":"basin","d10":0.0,"dr10":0.0,"loss10":0.0,"d20":0.0,"dr20":0.0,"loss20":0.0,"d50":0.0,"dr50":0.0,"loss50":0.0,"d100":0.0,"dr100":0.0,"loss100":0.0,"d200":0.0,"dr200":0.0,"loss200":0.0,"d500":0.0,"dr500":0.0,"loss500":0.0},"geometry":{"type":"Polygon","coordinates":[[[34.95679089020783,0.6526010664750269],[34.96218110979217,0.6526010664750269],[34.96218110979217,0.6579909335249731],[34.95679089020783,0.6579909335249731],[34.95679089020783,0.6526010664750269]]]}},{"type":"Feature","properties":{"id":"RFB-0402","cls":"concrete_rcc","area":502,"cost":66200,"tiv":33230000.0,"tivCsv":33230000.0,"lat":0.52059,"lon":35.2853,"where":"KE","settlement":"other","density_class":"urban","stratum":"basin","d10":0.0,"dr10":0.0,"loss10":0.0,"d20":0.0,"dr20":0.0,"loss20":0.0,"d50":0.0,"dr50":0.0,"loss50":0.0,"d100":0.0,"dr100":0.0,"loss100":0.0,"d200":0.0,"dr200":0.0,"loss200":0.0,"d500":0.0,"dr500":0.0,"loss500":0.0},"geometry":{"type":"Polygon","coordinates":[[[35.28260895523117,0.517893066475027],[35.287999044768824,0.517893066475027],[35.287999044768824,0.5232829335249731],[35.28260895523117,0.5232829335249731],[35.28260895523117,0.517893066475027]]]}},{"type":"Feature","properties":{"id":"RFB-0403","cls":"concrete_rcc","area":952,"cost":60300,"tiv":57405000.0,"tivCsv":57405000.0,"lat":1.08996,"lon":35.06589,"where":"KE","settlement":"Kitale","density_class":"peri_urban","stratum":"basin","d10":0.0,"dr10":0.0,"loss10":0.0,"d20":0.0,"dr20":0.0,"loss20":0.0,"d50":0.0,"dr50":0.0,"loss50":0.0,"d100":0.0,"dr100":0.0,"loss100":0.0,"d200":0.0,"dr200":0.0,"loss200":0.0,"d500":0.0,"dr500":0.0,"loss500":0.0},"geometry":{"type":"Polygon","coordinates":[[[35.06319257877114,1.0872610664750268],[35.068583421228865,1.0872610664750268],[35.068583421228865,1.092650933524973],[35.06319257877114,1.092650933524973],[35.06319257877114,1.0872610664750268]]]}},{"type":"Feature","properties":{"id":"RFB-0404","cls":"semi_permanent","area":43,"cost":14800,"tiv":635000.0,"tivCsv":635000.0,"lat":1.03269,"lon":34.96816,"where":"KE","settlement":"Kitale","density_class":"urban","stratum":"basin","d10":0.0,"dr10":0.0,"loss10":0.0,"d20":0.0,"dr20":0.0,"loss20":0.0,"d50":0.0,"dr50":0.0,"loss50":0.0,"d100":0.0,"dr100":0.0,"loss100":0.0,"d200":0.0,"dr200":0.0,"loss200":0.0,"d500":0.0,"dr500":0.0,"loss500":0.0},"geometry":{"type":"Polygon","coordinates":[[[34.965459628675056,1.0300000664750268],[34.97085037132495,1.0300000664750268],[34.97085037132495,1.035389933524973],[34.965459628675056,1.035389933524973],[34.965459628675056,1.0300000664750268]]]}},{"type":"Feature","properties":{"id":"RFB-0405","cls":"semi_permanent","area":45,"cost":10500,"tiv":470000.0,"tivCsv":470000.0,"lat":0.19792,"lon":35.04758,"where":"KE","settlement":"other","density_class":"peri_urban","stratum":"basin","d10":0.0,"dr10":0.0,"loss10":0.0,"d20":0.0,"dr20":0.0,"loss20":0.0,"d50":0.0,"dr50":0.0,"loss50":0.0,"d100":0.0,"dr100":0.0,"loss100":0.0,"d200":0.0,"dr200":0.0,"loss200":0.0,"d500":0.0,"dr500":0.0,"loss500":0.0},"geometry":{"type":"Polygon","coordinates":[[[35.0448820503962,0.19522506647502696],[35.0502719496038,0.19522506647502696],[35.0502719496038,0.20061493352497306],[35.0448820503962,0.20061493352497306],[35.0448820503962,0.19522506647502696]]]}},{"type":"Feature","properties":{"id":"RFB-0406","cls":"informal_iron_sheet","area":19,"cost":7300,"tiv":140000.0,"tivCsv":140000.0,"lat":0.57027,"lon":34.14516,"where":"KE","settlement":"other","density_class":"peri_urban","stratum":"basin","d10":0.0,"dr10":0.0,"loss10":0.0,"d20":0.0,"dr20":0.0,"loss20":0.0,"d50":0.0,"dr50":0.0,"loss50":0.0,"d100":0.0,"dr100":0.0,"loss100":0.0,"d200":0.0,"dr200":0.0,"loss200":0.0,"d500":0.0,"dr500":0.0,"loss500":0.0},"geometry":{"type":"Polygon","coordinates":[[[34.14246493298362,0.5675760664750269],[34.14785506701637,0.5675760664750269],[34.14785506701637,0.572965933524973],[34.14246493298362,0.572965933524973],[34.14246493298362,0.5675760664750269]]]}},{"type":"Feature","properties":{"id":"RFB-0407","cls":"semi_permanent","area":42,"cost":13900,"tiv":585000.0,"tivCsv":585000.0,"lat":0.11875,"lon":34.64032,"where":"KE","settlement":"other","density_class":"peri_urban","stratum":"basin","d10":0.0,"dr10":0.0,"loss10":0.0,"d20":0.0,"dr20":0.0,"loss20":0.0,"d50":0.0,"dr50":0.0,"loss50":0.0,"d100":0.0,"dr100":0.0,"loss100":0.0,"d200":0.0,"dr200":0.0,"loss200":0.0,"d500":0.0,"dr500":0.0,"loss500":0.0},"geometry":{"type":"Polygon","coordinates":[[[34.63763006068696,0.11605406647502695],[34.643019939313035,0.11605406647502695],[34.643019939313035,0.12144393352497304],[34.63763006068696,0.12144393352497304],[34.63763006068696,0.11605406647502695]]]}},{"type":"Feature","properties":{"id":"RFB-0408","cls":"semi_permanent","area":54,"cost":9000,"tiv":485000.0,"tivCsv":485000.0,"lat":1.01773,"lon":35.13426,"where":"KE","settlement":"other","density_class":"peri_urban","stratum":"basin","d10":0.0,"dr10":0.0,"loss10":0.0,"d20":0.0,"dr20":0.0,"loss20":0.0,"d50":0.0,"dr50":0.0,"loss50":0.0,"d100":0.0,"dr100":0.0,"loss100":0.0,"d200":0.0,"dr200":0.0,"loss200":0.0,"d500":0.0,"dr500":0.0,"loss500":0.0},"geometry":{"type":"Polygon","coordinates":[[[35.13156864126993,1.0150390664750268],[35.136959358730074,1.0150390664750268],[35.136959358730074,1.020428933524973],[35.13156864126993,1.020428933524973],[35.13156864126993,1.0150390664750268]]]}},{"type":"Feature","properties":{"id":"RFB-0409","cls":"informal_iron_sheet","area":19,"cost":6900,"tiv":130000.0,"tivCsv":130000.0,"lat":0.10124,"lon":34.74761,"where":"KE","settlement":"other","density_class":"peri_urban","stratum":"basin","d10":0.0,"dr10":0.0,"loss10":0.0,"d20":0.0,"dr20":0.0,"loss20":0.0,"d50":0.0,"dr50":0.0,"loss50":0.0,"d100":0.0,"dr100":0.0,"loss100":0.0,"d200":0.0,"dr200":0.0,"loss200":0.0,"d500":0.0,"dr500":0.0,"loss500":0.0},"geometry":{"type":"Polygon","coordinates":[[[34.74491106226839,0.09854006647502696],[34.7503009377316,0.09854006647502696],[34.7503009377316,0.10392993352497305],[34.74491106226839,0.10392993352497305],[34.74491106226839,0.09854006647502696]]]}},{"type":"Feature","properties":{"id":"RFB-0410","cls":"concrete_rcc","area":178,"cost":66400,"tiv":11820000.0,"tivCsv":11820000.0,"lat":0.73257,"lon":34.45754,"where":"KE","settlement":"other","density_class":"peri_urban","stratum":"basin","d10":0.0,"dr10":0.0,"loss10":0.0,"d20":0.0,"dr20":0.0,"loss20":0.0,"d50":0.0,"dr50":0.0,"loss50":0.0,"d100":0.0,"dr100":0.0,"loss100":0.0,"d200":0.0,"dr200":0.0,"loss200":0.0,"d500":0.0,"dr500":0.0,"loss500":0.0},"geometry":{"type":"Polygon","coordinates":[[[34.454846846183855,0.7298720664750269],[34.46023715381614,0.7298720664750269],[34.46023715381614,0.735261933524973],[34.454846846183855,0.735261933524973],[34.454846846183855,0.7298720664750269]]]}},{"type":"Feature","properties":{"id":"RFB-0411","cls":"semi_permanent","area":59,"cost":15300,"tiv":905000.0,"tivCsv":905000.0,"lat":-0.0652,"lon":34.77234,"where":"KE","settlement":"Kisumu","density_class":"urban","stratum":"basin","d10":0.0,"dr10":0.0,"loss10":0.0,"d20":0.0,"dr20":0.0,"loss20":0.0,"d50":0.0,"dr50":0.0,"loss50":0.0,"d100":0.0,"dr100":0.0,"loss100":0.0,"d200":0.0,"dr200":0.0,"loss200":0.0,"d500":0.0,"dr500":0.0,"loss500":0.0},"geometry":{"type":"Polygon","coordinates":[[[34.76964506473019,-0.06789393352497304],[34.77503493526981,-0.06789393352497304],[34.77503493526981,-0.06250406647502695],[34.76964506473019,-0.06250406647502695],[34.76964506473019,-0.06789393352497304]]]}},{"type":"Feature","properties":{"id":"RFB-0412","cls":"permanent_masonry","area":96,"cost":51900,"tiv":4980000.0,"tivCsv":4980000.0,"lat":-0.08453,"lon":34.78648,"where":"KE","settlement":"Kisumu","density_class":"urban","stratum":"basin","d10":0.0,"dr10":0.0,"loss10":0.0,"d20":0.0,"dr20":0.0,"loss20":0.0,"d50":0.0,"dr50":0.0,"loss50":0.0,"d100":0.0,"dr100":0.0,"loss100":0.0,"d200":0.0,"dr200":0.0,"loss200":0.0,"d500":0.0,"dr500":0.0,"loss500":0.0},"geometry":{"type":"Polygon","coordinates":[[[34.78378406354194,-0.08722793352497304],[34.78917393645806,-0.08722793352497304],[34.78917393645806,-0.08183806647502695],[34.78378406354194,-0.08183806647502695],[34.78378406354194,-0.08722793352497304]]]}},{"type":"Feature","properties":{"id":"RFB-0413","cls":"permanent_masonry","area":187,"cost":58300,"tiv":10900000.0,"tivCsv":10900000.0,"lat":0.16563,"lon":34.63267,"where":"KE","settlement":"other","density_class":"peri_urban","stratum":"basin","d10":0.0,"dr10":0.0,"loss10":0.0,"d20":0.0,"dr20":0.0,"loss20":0.0,"d50":0.0,"dr50":0.0,"loss50":0.0,"d100":0.0,"dr100":0.0,"loss100":0.0,"d200":0.0,"dr200":0.0,"loss200":0.0,"d500":0.0,"dr500":0.0,"loss500":0.0},"geometry":{"type":"Polygon","coordinates":[[[34.62997505521507,0.16293206647502695],[34.635364944784925,0.16293206647502695],[34.635364944784925,0.16832193352497304],[34.62997505521507,0.16832193352497304],[34.62997505521507,0.16293206647502695]]]}},{"type":"Feature","properties":{"id":"RFB-0414","cls":"concrete_rcc","area":477,"cost":79900,"tiv":38110000.0,"tivCsv":38110000.0,"lat":0.52224,"lon":35.28144,"where":"KE","settlement":"other","density_class":"urban","stratum":"basin","d10":0.0,"dr10":0.0,"loss10":0.0,"d20":0.0,"dr20":0.0,"loss20":0.0,"d50":0.0,"dr50":0.0,"loss50":0.0,"d100":0.0,"dr100":0.0,"loss100":0.0,"d200":0.0,"dr200":0.0,"loss200":0.0,"d500":0.0,"dr500":0.0,"loss500":0.0},"geometry":{"type":"Polygon","coordinates":[[[35.27874095452271,0.5195480664750269],[35.28413104547729,0.5195480664750269],[35.28413104547729,0.5249379335249731],[35.27874095452271,0.5249379335249731],[35.27874095452271,0.5195480664750269]]]}},{"type":"Feature","properties":{"id":"RFB-0415","cls":"permanent_masonry","area":148,"cost":44000,"tiv":6510000.0,"tivCsv":6510000.0,"lat":1.13073,"lon":34.81384,"where":"KE","settlement":"other","density_class":"rural","stratum":"basin","d10":0.0,"dr10":0.0,"loss10":0.0,"d20":0.0,"dr20":0.0,"loss20":0.0,"d50":0.0,"dr50":0.0,"loss50":0.0,"d100":0.0,"dr100":0.0,"loss100":0.0,"d200":0.0,"dr200":0.0,"loss200":0.0,"d500":0.0,"dr500":0.0,"loss500":0.0},"geometry":{"type":"Polygon","coordinates":[[[34.81114254159372,1.128035066475027],[34.816533458406276,1.128035066475027],[34.816533458406276,1.133424933524973],[34.81114254159372,1.133424933524973],[34.81114254159372,1.128035066475027]]]}},{"type":"Feature","properties":{"id":"RFB-0416","cls":"concrete_rcc","area":566,"cost":76800,"tiv":43470000.0,"tivCsv":43470000.0,"lat":0.08491,"lon":35.16909,"where":"KE","settlement":"other","density_class":"peri_urban","stratum":"basin","d10":0.0,"dr10":0.0,"loss10":0.0,"d20":0.0,"dr20":0.0,"loss20":0.0,"d50":0.0,"dr50":0.0,"loss50":0.0,"d100":0.0,"dr100":0.0,"loss100":0.0,"d200":0.0,"dr200":0.0,"loss200":0.0,"d500":0.0,"dr500":0.0,"loss500":0.0},"geometry":{"type":"Polygon","coordinates":[[[35.166396063515435,0.08221906647502696],[35.17178593648457,0.08221906647502696],[35.17178593648457,0.08760893352497305],[35.166396063515435,0.08760893352497305],[35.166396063515435,0.08221906647502696]]]}},{"type":"Feature","properties":{"id":"RFB-0417","cls":"concrete_rcc","area":427,"cost":62000,"tiv":26475000.0,"tivCsv":26475000.0,"lat":0.30504,"lon":34.20607,"where":"KE","settlement":"Bumala","density_class":"urban","stratum":"basin","d10":0.0,"dr10":0.0,"loss10":0.0,"d20":0.0,"dr20":0.0,"loss20":0.0,"d50":0.0,"dr50":0.0,"loss50":0.0,"d100":0.0,"dr100":0.0,"loss100":0.0,"d200":0.0,"dr200":0.0,"loss200":0.0,"d500":0.0,"dr500":0.0,"loss500":0.0},"geometry":{"type":"Polygon","coordinates":[[[34.203371028280344,0.3023490664750269],[34.208760971719656,0.3023490664750269],[34.208760971719656,0.30773893352497306],[34.203371028280344,0.30773893352497306],[34.203371028280344,0.3023490664750269]]]}},{"type":"Feature","properties":{"id":"RFB-0418","cls":"semi_permanent","area":39,"cost":9700,"tiv":380000.0,"tivCsv":380000.0,"lat":1.00573,"lon":34.96555,"where":"KE","settlement":"Kitale","density_class":"peri_urban","stratum":"basin","d10":0.0,"dr10":0.0,"loss10":0.0,"d20":0.0,"dr20":0.0,"loss20":0.0,"d50":0.0,"dr50":0.0,"loss50":0.0,"d100":0.0,"dr100":0.0,"loss100":0.0,"d200":0.0,"dr200":0.0,"loss200":0.0,"d500":0.0,"dr500":0.0,"loss500":0.0},"geometry":{"type":"Polygon","coordinates":[[[34.96285365124415,1.0030330664750269],[34.96824434875585,1.0030330664750269],[34.96824434875585,1.008422933524973],[34.96285365124415,1.008422933524973],[34.96285365124415,1.0030330664750269]]]}},{"type":"Feature","properties":{"id":"RFB-0419","cls":"informal_iron_sheet","area":10,"cost":7300,"tiv":75000.0,"tivCsv":75000.0,"lat":0.29554,"lon":34.44687,"where":"KE","settlement":"Mumias","density_class":"peri_urban","stratum":"basin","d10":0.0,"dr10":0.0,"loss10":0.0,"d20":0.0,"dr20":0.0,"loss20":0.0,"d50":0.0,"dr50":0.0,"loss50":0.0,"d100":0.0,"dr100":0.0,"loss100":0.0,"d200":0.0,"dr200":0.0,"loss200":0.0,"d500":0.0,"dr500":0.0,"loss500":0.0},"geometry":{"type":"Polygon","coordinates":[[[34.44417903062232,0.2928490664750269],[34.44956896937768,0.2928490664750269],[34.44956896937768,0.29823893352497305],[34.44417903062232,0.29823893352497305],[34.44417903062232,0.2928490664750269]]]}},{"type":"Feature","properties":{"id":"RFB-0420","cls":"permanent_masonry","area":107,"cost":56900,"tiv":6090000.0,"tivCsv":6090000.0,"lat":1.25084,"lon":35.09496,"where":"KE","settlement":"other","density_class":"urban","stratum":"basin","d10":0.0,"dr10":0.0,"loss10":0.0,"d20":0.0,"dr20":0.0,"loss20":0.0,"d50":0.0,"dr50":0.0,"loss50":0.0,"d100":0.0,"dr100":0.0,"loss100":0.0,"d200":0.0,"dr200":0.0,"loss200":0.0,"d500":0.0,"dr500":0.0,"loss500":0.0},"geometry":{"type":"Polygon","coordinates":[[[35.09226442413549,1.2481480664750269],[35.09765557586451,1.2481480664750269],[35.09765557586451,1.253537933524973],[35.09226442413549,1.253537933524973],[35.09226442413549,1.2481480664750269]]]}},{"type":"Feature","properties":{"id":"RFB-0421","cls":"permanent_masonry","area":162,"cost":63600,"tiv":10305000.0,"tivCsv":10305000.0,"lat":0.47247,"lon":35.25777,"where":"KE","settlement":"other","density_class":"urban","stratum":"basin","d10":0.0,"dr10":0.0,"loss10":0.0,"d20":0.0,"dr20":0.0,"loss20":0.0,"d50":0.0,"dr50":0.0,"loss50":0.0,"d100":0.0,"dr100":0.0,"loss100":0.0,"d200":0.0,"dr200":0.0,"loss200":0.0,"d500":0.0,"dr500":0.0,"loss500":0.0},"geometry":{"type":"Polygon","coordinates":[[[35.255072974845895,0.4697750664750269],[35.2604630251541,0.4697750664750269],[35.2604630251541,0.4751649335249731],[35.255072974845895,0.4751649335249731],[35.255072974845895,0.4697750664750269]]]}},{"type":"Feature","properties":{"id":"RFB-0422","cls":"concrete_rcc","area":351,"cost":76200,"tiv":26745000.0,"tivCsv":26745000.0,"lat":0.25171,"lon":35.10086,"where":"KE","settlement":"other","density_class":"peri_urban","stratum":"basin","d10":0.0,"dr10":0.0,"loss10":0.0,"d20":0.0,"dr20":0.0,"loss20":0.0,"d50":0.0,"dr50":0.0,"loss50":0.0,"d100":0.0,"dr100":0.0,"loss100":0.0,"d200":0.0,"dr200":0.0,"loss200":0.0,"d500":0.0,"dr500":0.0,"loss500":0.0},"geometry":{"type":"Polygon","coordinates":[[[35.0981610404684,0.24901706647502694],[35.1035509595316,0.24901706647502694],[35.1035509595316,0.25440693352497307],[35.0981610404684,0.25440693352497307],[35.0981610404684,0.24901706647502694]]]}},{"type":"Feature","properties":{"id":"RFB-0423","cls":"permanent_masonry","area":184,"cost":58200,"tiv":10710000.0,"tivCsv":10710000.0,"lat":0.04412,"lon":34.7195,"where":"KE","settlement":"other","density_class":"urban","stratum":"basin","d10":0.0,"dr10":0.0,"loss10":0.0,"d20":0.0,"dr20":0.0,"loss20":0.0,"d50":0.0,"dr50":0.0,"loss50":0.0,"d100":0.0,"dr100":0.0,"loss100":0.0,"d200":0.0,"dr200":0.0,"loss200":0.0,"d500":0.0,"dr500":0.0,"loss500":0.0},"geometry":{"type":"Polygon","coordinates":[[[34.71680206567606,0.04142406647502695],[34.72219193432393,0.04142406647502695],[34.72219193432393,0.046813933524973046],[34.71680206567606,0.046813933524973046],[34.71680206567606,0.04142406647502695]]]}},{"type":"Feature","properties":{"id":"RFB-0424","cls":"permanent_masonry","area":115,"cost":42100,"tiv":4840000.0,"tivCsv":4840000.0,"lat":0.6044,"lon":34.76597,"where":"KE","settlement":"Webuye","density_class":"urban","stratum":"basin","d10":0.0,"dr10":0.0,"loss10":0.0,"d20":0.0,"dr20":0.0,"loss20":0.0,"d50":0.0,"dr50":0.0,"loss50":0.0,"d100":0.0,"dr100":0.0,"loss100":0.0,"d200":0.0,"dr200":0.0,"loss200":0.0,"d500":0.0,"dr500":0.0,"loss500":0.0},"geometry":{"type":"Polygon","coordinates":[[[34.76327091652762,0.6017030664750269],[34.76866108347238,0.6017030664750269],[34.76866108347238,0.6070929335249731],[34.76327091652762,0.6070929335249731],[34.76327091652762,0.6017030664750269]]]}},{"type":"Feature","properties":{"id":"RFB-0425","cls":"semi_permanent","area":30,"cost":13700,"tiv":410000.0,"tivCsv":410000.0,"lat":0.694,"lon":34.35506,"where":"KE","settlement":"other","density_class":"peri_urban","stratum":"basin","d10":0.0,"dr10":0.0,"loss10":0.0,"d20":0.0,"dr20":0.0,"loss20":0.0,"d50":0.0,"dr50":0.0,"loss50":0.0,"d100":0.0,"dr100":0.0,"loss100":0.0,"d200":0.0,"dr200":0.0,"loss200":0.0,"d500":0.0,"dr500":0.0,"loss500":0.0},"geometry":{"type":"Polygon","coordinates":[[[34.35236586877202,0.6913010664750269],[34.35775613122798,0.6913010664750269],[34.35775613122798,0.696690933524973],[34.35236586877202,0.696690933524973],[34.35236586877202,0.6913010664750269]]]}},{"type":"Feature","properties":{"id":"RFB-0426","cls":"concrete_rcc","area":163,"cost":71000,"tiv":11575000.0,"tivCsv":11575000.0,"lat":0.56252,"lon":35.02615,"where":"KE","settlement":"other","density_class":"rural","stratum":"basin","d10":0.0,"dr10":0.0,"loss10":0.0,"d20":0.0,"dr20":0.0,"loss20":0.0,"d50":0.0,"dr50":0.0,"loss50":0.0,"d100":0.0,"dr100":0.0,"loss100":0.0,"d200":0.0,"dr200":0.0,"loss200":0.0,"d500":0.0,"dr500":0.0,"loss500":0.0},"geometry":{"type":"Polygon","coordinates":[[[35.023453936587416,0.559826066475027],[35.02884406341258,0.559826066475027],[35.02884406341258,0.5652159335249731],[35.023453936587416,0.5652159335249731],[35.023453936587416,0.559826066475027]]]}},{"type":"Feature","properties":{"id":"RFB-0427","cls":"semi_permanent","area":26,"cost":13400,"tiv":350000.0,"tivCsv":350000.0,"lat":1.02765,"lon":34.98796,"where":"KE","settlement":"Kitale","density_class":"urban","stratum":"basin","d10":0.0,"dr10":0.0,"loss10":0.0,"d20":0.0,"dr20":0.0,"loss20":0.0,"d50":0.0,"dr50":0.0,"loss50":0.0,"d100":0.0,"dr100":0.0,"loss100":0.0,"d200":0.0,"dr200":0.0,"loss200":0.0,"d500":0.0,"dr500":0.0,"loss500":0.0},"geometry":{"type":"Polygon","coordinates":[[[34.98526463293935,1.024959066475027],[34.990655367060654,1.024959066475027],[34.990655367060654,1.0303489335249731],[34.98526463293935,1.0303489335249731],[34.98526463293935,1.024959066475027]]]}},{"type":"Feature","properties":{"id":"RFB-0428","cls":"permanent_masonry","area":140,"cost":53300,"tiv":7460000.0,"tivCsv":7460000.0,"lat":-0.10306,"lon":34.79124,"where":"KE","settlement":"Kisumu","density_class":"urban","stratum":"basin","d10":0.0,"dr10":0.0,"loss10":0.0,"d20":0.0,"dr20":0.0,"loss20":0.0,"d50":0.0,"dr50":0.0,"loss50":0.0,"d100":0.0,"dr100":0.0,"loss100":0.0,"d200":0.0,"dr200":0.0,"loss200":0.0,"d500":0.0,"dr500":0.0,"loss500":0.0},"geometry":{"type":"Polygon","coordinates":[[[34.78854206211502,-0.10575893352497305],[34.793931937884985,-0.10575893352497305],[34.793931937884985,-0.10036906647502696],[34.78854206211502,-0.10036906647502696],[34.78854206211502,-0.10575893352497305]]]}},{"type":"Feature","properties":{"id":"RFB-0429","cls":"concrete_rcc","area":388,"cost":65100,"tiv":25260000.0,"tivCsv":25260000.0,"lat":-0.07065,"lon":34.81572,"where":"KE","settlement":"Kisumu","density_class":"peri_urban","stratum":"basin","d10":0.0,"dr10":0.0,"loss10":0.0,"d20":0.0,"dr20":0.0,"loss20":0.0,"d50":0.0,"dr50":0.0,"loss50":0.0,"d100":0.0,"dr100":0.0,"loss100":0.0,"d200":0.0,"dr200":0.0,"loss200":0.0,"d500":0.0,"dr500":0.0,"loss500":0.0},"geometry":{"type":"Polygon","coordinates":[[[34.81302506442641,-0.07334193352497305],[34.818414935573585,-0.07334193352497305],[34.818414935573585,-0.06795206647502695],[34.81302506442641,-0.06795206647502695],[34.81302506442641,-0.07334193352497305]]]}},{"type":"Feature","properties":{"id":"RFB-0430","cls":"permanent_masonry","area":159,"cost":61700,"tiv":9810000.0,"tivCsv":9810000.0,"lat":0.26467,"lon":34.0944,"where":"KE","settlement":"Sio Port","density_class":"peri_urban","stratum":"basin","d10":0.0,"dr10":0.0,"loss10":0.0,"d20":0.0,"dr20":0.0,"loss20":0.0,"d50":0.0,"dr50":0.0,"loss50":0.0,"d100":0.0,"dr100":0.0,"loss100":0.0,"d200":0.0,"dr200":0.0,"loss200":0.0,"d500":0.0,"dr500":0.0,"loss500":0.0},"geometry":{"type":"Polygon","coordinates":[[[34.091706037721615,0.2619760664750269],[34.09709596227838,0.2619760664750269],[34.09709596227838,0.26736593352497307],[34.091706037721615,0.26736593352497307],[34.091706037721615,0.2619760664750269]]]}},{"type":"Feature","properties":{"id":"RFB-0431","cls":"permanent_masonry","area":147,"cost":46600,"tiv":6850000.0,"tivCsv":6850000.0,"lat":1.02222,"lon":35.10229,"where":"KE","settlement":"Kitale","density_class":"peri_urban","stratum":"basin","d10":0.0,"dr10":0.0,"loss10":0.0,"d20":0.0,"dr20":0.0,"loss20":0.0,"d50":0.0,"dr50":0.0,"loss50":0.0,"d100":0.0,"dr100":0.0,"loss100":0.0,"d200":0.0,"dr200":0.0,"loss200":0.0,"d500":0.0,"dr500":0.0,"loss500":0.0},"geometry":{"type":"Polygon","coordinates":[[[35.09959063751354,1.019524066475027],[35.104981362486456,1.019524066475027],[35.104981362486456,1.024913933524973],[35.09959063751354,1.024913933524973],[35.09959063751354,1.019524066475027]]]}},{"type":"Feature","properties":{"id":"RFB-0432","cls":"informal_iron_sheet","area":17,"cost":7500,"tiv":130000.0,"tivCsv":130000.0,"lat":1.00047,"lon":35.1191,"where":"KE","settlement":"other","density_class":"peri_urban","stratum":"basin","d10":0.0,"dr10":0.0,"loss10":0.0,"d20":0.0,"dr20":0.0,"loss20":0.0,"d50":0.0,"dr50":0.0,"loss50":0.0,"d100":0.0,"dr100":0.0,"loss100":0.0,"d200":0.0,"dr200":0.0,"loss200":0.0,"d500":0.0,"dr500":0.0,"loss500":0.0},"geometry":{"type":"Polygon","coordinates":[[[35.11640165557505,0.9977750664750269],[35.12179234442495,0.9977750664750269],[35.12179234442495,1.003164933524973],[35.11640165557505,1.003164933524973],[35.11640165557505,0.9977750664750269]]]}},{"type":"Feature","properties":{"id":"RFB-0433","cls":"concrete_rcc","area":526,"cost":69600,"tiv":36610000.0,"tivCsv":36610000.0,"lat":-0.1049,"lon":34.78539,"where":"KE","settlement":"Kisumu","density_class":"urban","stratum":"basin","d10":0.0,"dr10":0.0,"loss10":0.0,"d20":0.0,"dr20":0.0,"loss20":0.0,"d50":0.0,"dr50":0.0,"loss50":0.0,"d100":0.0,"dr100":0.0,"loss100":0.0,"d200":0.0,"dr200":0.0,"loss200":0.0,"d500":0.0,"dr500":0.0,"loss500":0.0},"geometry":{"type":"Polygon","coordinates":[[[34.78269206195873,-0.10758993352497305],[34.78808193804127,-0.10758993352497305],[34.78808193804127,-0.10220006647502695],[34.78269206195873,-0.10220006647502695],[34.78269206195873,-0.10758993352497305]]]}},{"type":"Feature","properties":{"id":"RFB-0434","cls":"permanent_masonry","area":148,"cost":59200,"tiv":8760000.0,"tivCsv":8760000.0,"lat":0.87821,"lon":35.11854,"where":"KE","settlement":"other","density_class":"urban","stratum":"basin","d10":0.0,"dr10":0.0,"loss10":0.0,"d20":0.0,"dr20":0.0,"loss20":0.0,"d50":0.0,"dr50":0.0,"loss50":0.0,"d100":0.0,"dr100":0.0,"loss100":0.0,"d200":0.0,"dr200":0.0,"loss200":0.0,"d500":0.0,"dr500":0.0,"loss500":0.0},"geometry":{"type":"Polygon","coordinates":[[[35.115840749871296,0.875519066475027],[35.1212312501287,0.875519066475027],[35.1212312501287,0.8809089335249731],[35.115840749871296,0.8809089335249731],[35.115840749871296,0.875519066475027]]]}},{"type":"Feature","properties":{"id":"RFB-0435","cls":"permanent_masonry","area":218,"cost":47100,"tiv":10270000.0,"tivCsv":10270000.0,"lat":0.8388,"lon":35.11936,"where":"KE","settlement":"other","density_class":"urban","stratum":"basin","d10":0.0,"dr10":0.0,"loss10":0.0,"d20":0.0,"dr20":0.0,"loss20":0.0,"d50":0.0,"dr50":0.0,"loss50":0.0,"d100":0.0,"dr100":0.0,"loss100":0.0,"d200":0.0,"dr200":0.0,"loss200":0.0,"d500":0.0,"dr500":0.0,"loss500":0.0},"geometry":{"type":"Polygon","coordinates":[[[35.1166637776515,0.8361090664750269],[35.1220542223485,0.8361090664750269],[35.1220542223485,0.8414989335249731],[35.1166637776515,0.8414989335249731],[35.1166637776515,0.8361090664750269]]]}},{"type":"Feature","properties":{"id":"RFB-0436","cls":"informal_iron_sheet","area":15,"cost":8700,"tiv":130000.0,"tivCsv":130000.0,"lat":0.06164,"lon":34.86464,"where":"KE","settlement":"other","density_class":"peri_urban","stratum":"basin","d10":0.0,"dr10":0.0,"loss10":0.0,"d20":0.0,"dr20":0.0,"loss20":0.0,"d50":0.0,"dr50":0.0,"loss50":0.0,"d100":0.0,"dr100":0.0,"loss100":0.0,"d200":0.0,"dr200":0.0,"loss200":0.0,"d500":0.0,"dr500":0.0,"loss500":0.0},"geometry":{"type":"Polygon","coordinates":[[[34.86194806491528,0.05894906647502695],[34.86733793508472,0.05894906647502695],[34.86733793508472,0.06433893352497305],[34.86194806491528,0.06433893352497305],[34.86194806491528,0.05894906647502695]]]}},{"type":"Feature","properties":{"id":"RFB-0437","cls":"semi_permanent","area":41,"cost":11500,"tiv":470000.0,"tivCsv":470000.0,"lat":0.59765,"lon":34.92104,"where":"KE","settlement":"other","density_class":"peri_urban","stratum":"basin","d10":0.0,"dr10":0.0,"loss10":0.0,"d20":0.0,"dr20":0.0,"loss20":0.0,"d50":0.0,"dr50":0.0,"loss50":0.0,"d100":0.0,"dr100":0.0,"loss100":0.0,"d200":0.0,"dr200":0.0,"loss200":0.0,"d500":0.0,"dr500":0.0,"loss500":0.0},"geometry":{"type":"Polygon","coordinates":[[[34.91834291985539,0.5949590664750269],[34.923733080144615,0.5949590664750269],[34.923733080144615,0.6003489335249731],[34.91834291985539,0.6003489335249731],[34.91834291985539,0.5949590664750269]]]}},{"type":"Feature","properties":{"id":"RFB-0438","cls":"semi_permanent","area":47,"cost":10400,"tiv":490000.0,"tivCsv":490000.0,"lat":0.50511,"lon":34.28543,"where":"KE","settlement":"other","density_class":"peri_urban","stratum":"basin","d10":0.0,"dr10":0.0,"loss10":0.0,"d20":0.0,"dr20":0.0,"loss20":0.0,"d50":0.0,"dr50":0.0,"loss50":0.0,"d100":0.0,"dr100":0.0,"loss100":0.0,"d200":0.0,"dr200":0.0,"loss200":0.0,"d500":0.0,"dr500":0.0,"loss500":0.0},"geometry":{"type":"Polygon","coordinates":[[[34.28273396174841,0.502414066475027],[34.28812403825159,0.502414066475027],[34.28812403825159,0.5078039335249731],[34.28273396174841,0.5078039335249731],[34.28273396174841,0.502414066475027]]]}},{"type":"Feature","properties":{"id":"RFB-0439","cls":"informal_iron_sheet","area":19,"cost":6000,"tiv":115000.0,"tivCsv":115000.0,"lat":0.50891,"lon":35.29836,"where":"KE","settlement":"other","density_class":"urban","stratum":"basin","d10":0.0,"dr10":0.0,"loss10":0.0,"d20":0.0,"dr20":0.0,"loss20":0.0,"d50":0.0,"dr50":0.0,"loss50":0.0,"d100":0.0,"dr100":0.0,"loss100":0.0,"d200":0.0,"dr200":0.0,"loss200":0.0,"d500":0.0,"dr500":0.0,"loss500":0.0},"geometry":{"type":"Polygon","coordinates":[[[35.29565996016753,0.5062120664750269],[35.301050039832475,0.5062120664750269],[35.301050039832475,0.5116019335249731],[35.29565996016753,0.5116019335249731],[35.29565996016753,0.5062120664750269]]]}},{"type":"Feature","properties":{"id":"RFB-0440","cls":"informal_iron_sheet","area":15,"cost":7900,"tiv":120000.0,"tivCsv":120000.0,"lat":0.14384,"lon":34.52869,"where":"KE","settlement":"other","density_class":"peri_urban","stratum":"basin","d10":0.0,"dr10":0.0,"loss10":0.0,"d20":0.0,"dr20":0.0,"loss20":0.0,"d50":0.0,"dr50":0.0,"loss50":0.0,"d100":0.0,"dr100":0.0,"loss100":0.0,"d200":0.0,"dr200":0.0,"loss200":0.0,"d500":0.0,"dr500":0.0,"loss500":0.0},"geometry":{"type":"Polygon","coordinates":[[[34.52599005798234,0.14114706647502695],[34.531379942017665,0.14114706647502695],[34.531379942017665,0.14653693352497305],[34.52599005798234,0.14653693352497305],[34.52599005798234,0.14114706647502695]]]}},{"type":"Feature","properties":{"id":"RFB-0441","cls":"informal_iron_sheet","area":23,"cost":5500,"tiv":125000.0,"tivCsv":125000.0,"lat":0.45468,"lon":34.7599,"where":"KE","settlement":"Kakamega","density_class":"peri_urban","stratum":"basin","d10":0.0,"dr10":0.0,"loss10":0.0,"d20":0.0,"dr20":0.0,"loss20":0.0,"d50":0.0,"dr50":0.0,"loss50":0.0,"d100":0.0,"dr100":0.0,"loss100":0.0,"d200":0.0,"dr200":0.0,"loss200":0.0,"d500":0.0,"dr500":0.0,"loss500":0.0},"geometry":{"type":"Polygon","coordinates":[[[34.75720798161754,0.4519820664750269],[34.76259801838246,0.4519820664750269],[34.76259801838246,0.4573719335249731],[34.75720798161754,0.4573719335249731],[34.75720798161754,0.4519820664750269]]]}},{"type":"Feature","properties":{"id":"RFB-0442","cls":"permanent_masonry","area":148,"cost":43900,"tiv":6495000.0,"tivCsv":6495000.0,"lat":0.03705,"lon":34.80512,"where":"KE","settlement":"other","density_class":"peri_urban","stratum":"basin","d10":0.0,"dr10":0.0,"loss10":0.0,"d20":0.0,"dr20":0.0,"loss20":0.0,"d50":0.0,"dr50":0.0,"loss50":0.0,"d100":0.0,"dr100":0.0,"loss100":0.0,"d200":0.0,"dr200":0.0,"loss200":0.0,"d500":0.0,"dr500":0.0,"loss500":0.0},"geometry":{"type":"Polygon","coordinates":[[[34.80242506591149,0.034358066475026955],[34.80781493408851,0.034358066475026955],[34.80781493408851,0.03974793352497305],[34.80242506591149,0.03974793352497305],[34.80242506591149,0.034358066475026955]]]}},{"type":"Feature","properties":{"id":"RFB-0443","cls":"informal_iron_sheet","area":12,"cost":6700,"tiv":80000.0,"tivCsv":80000.0,"lat":0.41392,"lon":34.20915,"where":"KE","settlement":"Busia","density_class":"rural","stratum":"basin","d10":0.0,"dr10":0.0,"loss10":0.0,"d20":0.0,"dr20":0.0,"loss20":0.0,"d50":0.0,"dr50":0.0,"loss50":0.0,"d100":0.0,"dr100":0.0,"loss100":0.0,"d200":0.0,"dr200":0.0,"loss200":0.0,"d500":0.0,"dr500":0.0,"loss500":0.0},"geometry":{"type":"Polygon","coordinates":[[[34.2064559961478,0.41122906647502694],[34.211846003852195,0.41122906647502694],[34.211846003852195,0.4166189335249731],[34.2064559961478,0.4166189335249731],[34.2064559961478,0.41122906647502694]]]}},{"type":"Feature","properties":{"id":"RFB-0444","cls":"permanent_masonry","area":104,"cost":55000,"tiv":5720000.0,"tivCsv":5720000.0,"lat":0.60264,"lon":34.75892,"where":"KE","settlement":"Webuye","density_class":"urban","stratum":"basin","d10":0.0,"dr10":0.0,"loss10":0.0,"d20":0.0,"dr20":0.0,"loss20":0.0,"d50":0.0,"dr50":0.0,"loss50":0.0,"d100":0.0,"dr100":0.0,"loss100":0.0,"d200":0.0,"dr200":0.0,"loss200":0.0,"d500":0.0,"dr500":0.0,"loss500":0.0},"geometry":{"type":"Polygon","coordinates":[[[34.75622291739869,0.5999450664750269],[34.761613082601315,0.5999450664750269],[34.761613082601315,0.605334933524973],[34.75622291739869,0.605334933524973],[34.75622291739869,0.5999450664750269]]]}},{"type":"Feature","properties":{"id":"RFB-0445","cls":"informal_iron_sheet","area":15,"cost":9100,"tiv":135000.0,"tivCsv":135000.0,"lat":0.76406,"lon":34.58127,"where":"KE","settlement":"other","density_class":"peri_urban","stratum":"basin","d10":0.0,"dr10":0.0,"loss10":0.0,"d20":0.0,"dr20":0.0,"loss20":0.0,"d50":0.0,"dr50":0.0,"loss50":0.0,"d100":0.0,"dr100":0.0,"loss100":0.0,"d200":0.0,"dr200":0.0,"loss200":0.0,"d500":0.0,"dr500":0.0,"loss500":0.0},"geometry":{"type":"Polygon","coordinates":[[[34.5785748268347,0.7613650664750269],[34.5839651731653,0.7613650664750269],[34.5839651731653,0.766754933524973],[34.5785748268347,0.766754933524973],[34.5785748268347,0.7613650664750269]]]}},{"type":"Feature","properties":{"id":"RFB-0446","cls":"permanent_masonry","area":152,"cost":49300,"tiv":7495000.0,"tivCsv":7495000.0,"lat":0.08493,"lon":34.62773,"where":"KE","settlement":"other","density_class":"urban","stratum":"basin","d10":0.0,"dr10":0.0,"loss10":0.0,"d20":0.0,"dr20":0.0,"loss20":0.0,"d50":0.0,"dr50":0.0,"loss50":0.0,"d100":0.0,"dr100":0.0,"loss100":0.0,"d200":0.0,"dr200":0.0,"loss200":0.0,"d500":0.0,"dr500":0.0,"loss500":0.0},"geometry":{"type":"Polygon","coordinates":[[[34.62503206351411,0.08223806647502695],[34.63042193648589,0.08223806647502695],[34.63042193648589,0.08762793352497304],[34.62503206351411,0.08762793352497304],[34.62503206351411,0.08223806647502695]]]}},{"type":"Feature","properties":{"id":"RFB-0447","cls":"permanent_masonry","area":96,"cost":59800,"tiv":5740000.0,"tivCsv":5740000.0,"lat":0.71749,"lon":34.5134,"where":"KE","settlement":"other","density_class":"peri_urban","stratum":"basin","d10":0.0,"dr10":0.0,"loss10":0.0,"d20":0.0,"dr20":0.0,"loss20":0.0,"d50":0.0,"dr50":0.0,"loss50":0.0,"d100":0.0,"dr100":0.0,"loss100":0.0,"d200":0.0,"dr200":0.0,"loss200":0.0,"d500":0.0,"dr500":0.0,"loss500":0.0},"geometry":{"type":"Polygon","coordinates":[[[34.51070385516114,0.7147910664750269],[34.51609414483886,0.7147910664750269],[34.51609414483886,0.720180933524973],[34.51070385516114,0.720180933524973],[34.51070385516114,0.7147910664750269]]]}},{"type":"Feature","properties":{"id":"RFB-0448","cls":"concrete_rcc","area":193,"cost":77600,"tiv":14975000.0,"tivCsv":14975000.0,"lat":0.25289,"lon":34.08709,"where":"KE","settlement":"Sio Port","density_class":"peri_urban","stratum":"basin","d10":0.0,"dr10":0.0,"loss10":0.0,"d20":0.0,"dr20":0.0,"loss20":0.0,"d50":0.0,"dr50":0.0,"loss50":0.0,"d100":0.0,"dr100":0.0,"loss100":0.0,"d200":0.0,"dr200":0.0,"loss200":0.0,"d500":0.0,"dr500":0.0,"loss500":0.0},"geometry":{"type":"Polygon","coordinates":[[[34.084397040223365,0.2502000664750269],[34.08978695977663,0.2502000664750269],[34.08978695977663,0.25558993352497306],[34.084397040223365,0.25558993352497306],[34.084397040223365,0.2502000664750269]]]}},{"type":"Feature","properties":{"id":"RFB-0449","cls":"semi_permanent","area":53,"cost":11400,"tiv":605000.0,"tivCsv":605000.0,"lat":0.27308,"lon":35.1412,"where":"KE","settlement":"other","density_class":"rural","stratum":"basin","d10":0.0,"dr10":0.0,"loss10":0.0,"d20":0.0,"dr20":0.0,"loss20":0.0,"d50":0.0,"dr50":0.0,"loss50":0.0,"d100":0.0,"dr100":0.0,"loss100":0.0,"d200":0.0,"dr200":0.0,"loss200":0.0,"d500":0.0,"dr500":0.0,"loss500":0.0},"geometry":{"type":"Polygon","coordinates":[[[35.13850903586662,0.27038006647502694],[35.143898964133385,0.27038006647502694],[35.143898964133385,0.2757699335249731],[35.13850903586662,0.2757699335249731],[35.13850903586662,0.27038006647502694]]]}},{"type":"Feature","properties":{"id":"RFB-0450","cls":"informal_iron_sheet","area":14,"cost":6300,"tiv":90000.0,"tivCsv":90000.0,"lat":-0.14536,"lon":35.07608,"where":"KE","settlement":"other","density_class":"peri_urban","stratum":"basin","d10":0.0,"dr10":0.0,"loss10":0.0,"d20":0.0,"dr20":0.0,"loss20":0.0,"d50":0.0,"dr50":0.0,"loss50":0.0,"d100":0.0,"dr100":0.0,"loss100":0.0,"d200":0.0,"dr200":0.0,"loss200":0.0,"d500":0.0,"dr500":0.0,"loss500":0.0},"geometry":{"type":"Polygon","coordinates":[[[35.07338105780154,-0.14805993352497304],[35.07877094219846,-0.14805993352497304],[35.07877094219846,-0.14267006647502695],[35.07338105780154,-0.14267006647502695],[35.07338105780154,-0.14805993352497304]]]}},{"type":"Feature","properties":{"id":"RFB-0451","cls":"permanent_masonry","area":209,"cost":57300,"tiv":11975000.0,"tivCsv":11975000.0,"lat":0.98908,"lon":35.1828,"where":"KE","settlement":"other","density_class":"peri_urban","stratum":"basin","d10":0.0,"dr10":0.0,"loss10":0.0,"d20":0.0,"dr20":0.0,"loss20":0.0,"d50":0.0,"dr50":0.0,"loss50":0.0,"d100":0.0,"dr100":0.0,"loss100":0.0,"d200":0.0,"dr200":0.0,"loss200":0.0,"d500":0.0,"dr500":0.0,"loss500":0.0},"geometry":{"type":"Polygon","coordinates":[[[35.18010766487723,0.9863870664750269],[35.18549833512277,0.9863870664750269],[35.18549833512277,0.9917769335249731],[35.18010766487723,0.9917769335249731],[35.18010766487723,0.9863870664750269]]]}},{"type":"Feature","properties":{"id":"RFB-0452","cls":"semi_permanent","area":33,"cost":9100,"tiv":300000.0,"tivCsv":300000.0,"lat":0.74682,"lon":35.23896,"where":"KE","settlement":"other","density_class":"rural","stratum":"basin","d10":0.0,"dr10":0.0,"loss10":0.0,"d20":0.0,"dr20":0.0,"loss20":0.0,"d50":0.0,"dr50":0.0,"loss50":0.0,"d100":0.0,"dr100":0.0,"loss100":0.0,"d200":0.0,"dr200":0.0,"loss200":0.0,"d500":0.0,"dr500":0.0,"loss500":0.0},"geometry":{"type":"Polygon","coordinates":[[[35.23626383752472,0.7441300664750269],[35.241654162475285,0.7441300664750269],[35.241654162475285,0.749519933524973],[35.23626383752472,0.749519933524973],[35.23626383752472,0.7441300664750269]]]}},{"type":"Feature","properties":{"id":"RFB-0453","cls":"permanent_masonry","area":138,"cost":50800,"tiv":7010000.0,"tivCsv":7010000.0,"lat":0.19837,"lon":34.8079,"where":"KE","settlement":"other","density_class":"peri_urban","stratum":"basin","d10":0.0,"dr10":0.0,"loss10":0.0,"d20":0.0,"dr20":0.0,"loss20":0.0,"d50":0.0,"dr50":0.0,"loss50":0.0,"d100":0.0,"dr100":0.0,"loss100":0.0,"d200":0.0,"dr200":0.0,"loss200":0.0,"d500":0.0,"dr500":0.0,"loss500":0.0},"geometry":{"type":"Polygon","coordinates":[[[34.80520005032349,0.19567206647502694],[34.81058994967651,0.19567206647502694],[34.81058994967651,0.20106193352497304],[34.80520005032349,0.20106193352497304],[34.80520005032349,0.19567206647502694]]]}},{"type":"Feature","properties":{"id":"RFB-0454","cls":"semi_permanent","area":40,"cost":13600,"tiv":545000.0,"tivCsv":545000.0,"lat":0.56171,"lon":34.92681,"where":"KE","settlement":"other","density_class":"rural","stratum":"basin","d10":0.0,"dr10":0.0,"loss10":0.0,"d20":0.0,"dr20":0.0,"loss20":0.0,"d50":0.0,"dr50":0.0,"loss50":0.0,"d100":0.0,"dr100":0.0,"loss100":0.0,"d200":0.0,"dr200":0.0,"loss200":0.0,"d500":0.0,"dr500":0.0,"loss500":0.0},"geometry":{"type":"Polygon","coordinates":[[[34.92411293695938,0.5590200664750269],[34.92950306304062,0.5590200664750269],[34.92950306304062,0.564409933524973],[34.92411293695938,0.564409933524973],[34.92411293695938,0.5590200664750269]]]}},{"type":"Feature","properties":{"id":"RFB-0455","cls":"permanent_masonry","area":196,"cost":46000,"tiv":9015000.0,"tivCsv":9015000.0,"lat":0.87215,"lon":35.00263,"where":"KE","settlement":"other","density_class":"peri_urban","stratum":"basin","d10":0.0,"dr10":0.0,"loss10":0.0,"d20":0.0,"dr20":0.0,"loss20":0.0,"d50":0.0,"dr50":0.0,"loss50":0.0,"d100":0.0,"dr100":0.0,"loss100":0.0,"d200":0.0,"dr200":0.0,"loss200":0.0,"d500":0.0,"dr500":0.0,"loss500":0.0},"geometry":{"type":"Polygon","coordinates":[[[34.99992975422887,0.8694550664750269],[35.00532024577113,0.8694550664750269],[35.00532024577113,0.8748449335249731],[34.99992975422887,0.8748449335249731],[34.99992975422887,0.8694550664750269]]]}},{"type":"Feature","properties":{"id":"RFB-0456","cls":"informal_iron_sheet","area":13,"cost":9000,"tiv":115000.0,"tivCsv":115000.0,"lat":-0.07666,"lon":34.8013,"where":"KE","settlement":"Kisumu","density_class":"peri_urban","stratum":"basin","d10":0.0,"dr10":0.0,"loss10":0.0,"d20":0.0,"dr20":0.0,"loss20":0.0,"d50":0.0,"dr50":0.0,"loss50":0.0,"d100":0.0,"dr100":0.0,"loss100":0.0,"d200":0.0,"dr200":0.0,"loss200":0.0,"d500":0.0,"dr500":0.0,"loss500":0.0},"geometry":{"type":"Polygon","coordinates":[[[34.79860706406259,-0.07935893352497304],[34.80399693593741,-0.07935893352497304],[34.80399693593741,-0.07396906647502695],[34.79860706406259,-0.07396906647502695],[34.79860706406259,-0.07935893352497304]]]}},{"type":"Feature","properties":{"id":"RFB-0457","cls":"semi_permanent","area":41,"cost":12500,"tiv":510000.0,"tivCsv":510000.0,"lat":0.10921,"lon":34.76617,"where":"KE","settlement":"other","density_class":"peri_urban","stratum":"basin","d10":0.0,"dr10":0.0,"loss10":0.0,"d20":0.0,"dr20":0.0,"loss20":0.0,"d50":0.0,"dr50":0.0,"loss50":0.0,"d100":0.0,"dr100":0.0,"loss100":0.0,"d200":0.0,"dr200":0.0,"loss200":0.0,"d500":0.0,"dr500":0.0,"loss500":0.0},"geometry":{"type":"Polygon","coordinates":[[[34.76347806157978,0.10651206647502695],[34.76886793842022,0.10651206647502695],[34.76886793842022,0.11190193352497305],[34.76347806157978,0.11190193352497305],[34.76347806157978,0.10651206647502695]]]}},{"type":"Feature","properties":{"id":"RFB-0458","cls":"informal_iron_sheet","area":17,"cost":7600,"tiv":130000.0,"tivCsv":130000.0,"lat":0.72436,"lon":34.97761,"where":"KE","settlement":"other","density_class":"peri_urban","stratum":"basin","d10":0.0,"dr10":0.0,"loss10":0.0,"d20":0.0,"dr20":0.0,"loss20":0.0,"d50":0.0,"dr50":0.0,"loss50":0.0,"d100":0.0,"dr100":0.0,"loss100":0.0,"d200":0.0,"dr200":0.0,"loss200":0.0,"d500":0.0,"dr500":0.0,"loss500":0.0},"geometry":{"type":"Polygon","coordinates":[[[34.97491285109003,0.7216690664750269],[34.98030314890996,0.7216690664750269],[34.98030314890996,0.7270589335249731],[34.97491285109003,0.7270589335249731],[34.97491285109003,0.7216690664750269]]]}},{"type":"Feature","properties":{"id":"RFB-0459","cls":"permanent_masonry","area":83,"cost":57500,"tiv":4770000.0,"tivCsv":4770000.0,"lat":0.95876,"lon":34.96061,"where":"KE","settlement":"Kitale","density_class":"peri_urban","stratum":"basin","d10":0.0,"dr10":0.0,"loss10":0.0,"d20":0.0,"dr20":0.0,"loss20":0.0,"d50":0.0,"dr50":0.0,"loss50":0.0,"d100":0.0,"dr100":0.0,"loss100":0.0,"d200":0.0,"dr200":0.0,"loss200":0.0,"d500":0.0,"dr500":0.0,"loss500":0.0},"geometry":{"type":"Polygon","coordinates":[[[34.95791568912517,0.9560660664750269],[34.96330631087483,0.9560660664750269],[34.96330631087483,0.961455933524973],[34.95791568912517,0.961455933524973],[34.95791568912517,0.9560660664750269]]]}},{"type":"Feature","properties":{"id":"RFB-0460","cls":"informal_iron_sheet","area":19,"cost":9200,"tiv":175000.0,"tivCsv":175000.0,"lat":-0.0012,"lon":34.66283,"where":"KE","settlement":"other","density_class":"peri_urban","stratum":"basin","d10":0.0,"dr10":0.0,"loss10":0.0,"d20":0.0,"dr20":0.0,"loss20":0.0,"d50":0.0,"dr50":0.0,"loss50":0.0,"d100":0.0,"dr100":0.0,"loss100":0.0,"d200":0.0,"dr200":0.0,"loss200":0.0,"d500":0.0,"dr500":0.0,"loss500":0.0},"geometry":{"type":"Polygon","coordinates":[[[34.66013206647444,-0.0038919335249730505],[34.66552193352556,-0.0038919335249730505],[34.66552193352556,0.0014979335249730508],[34.66013206647444,0.0014979335249730508],[34.66013206647444,-0.0038919335249730505]]]}},{"type":"Feature","properties":{"id":"RFB-0461","cls":"informal_iron_sheet","area":18,"cost":8100,"tiv":145000.0,"tivCsv":145000.0,"lat":0.29625,"lon":34.19871,"where":"KE","settlement":"Bumala","density_class":"peri_urban","stratum":"basin","d10":0.0,"dr10":0.0,"loss10":0.0,"d20":0.0,"dr20":0.0,"loss20":0.0,"d50":0.0,"dr50":0.0,"loss50":0.0,"d100":0.0,"dr100":0.0,"loss100":0.0,"d200":0.0,"dr200":0.0,"loss200":0.0,"d500":0.0,"dr500":0.0,"loss500":0.0},"geometry":{"type":"Polygon","coordinates":[[[34.19601803044961,0.2935600664750269],[34.20140796955039,0.2935600664750269],[34.20140796955039,0.29894993352497307],[34.19601803044961,0.29894993352497307],[34.19601803044961,0.2935600664750269]]]}},{"type":"Feature","properties":{"id":"RFB-0462","cls":"concrete_rcc","area":538,"cost":70100,"tiv":37715000.0,"tivCsv":37715000.0,"lat":-0.10406,"lon":34.77951,"where":"KE","settlement":"Kisumu","density_class":"urban","stratum":"basin","d10":0.0,"dr10":0.0,"loss10":0.0,"d20":0.0,"dr20":0.0,"loss20":0.0,"d50":0.0,"dr50":0.0,"loss50":0.0,"d100":0.0,"dr100":0.0,"loss100":0.0,"d200":0.0,"dr200":0.0,"loss200":0.0,"d500":0.0,"dr500":0.0,"loss500":0.0},"geometry":{"type":"Polygon","coordinates":[[[34.77681106203034,-0.10675493352497305],[34.782200937969655,-0.10675493352497305],[34.782200937969655,-0.10136506647502695],[34.77681106203034,-0.10136506647502695],[34.77681106203034,-0.10675493352497305]]]}},{"type":"Feature","properties":{"id":"RFB-0463","cls":"concrete_rcc","area":466,"cost":77300,"tiv":36020000.0,"tivCsv":36020000.0,"lat":0.37736,"lon":34.83386,"where":"KE","settlement":"other","density_class":"urban","stratum":"basin","d10":0.0,"dr10":0.0,"loss10":0.0,"d20":0.0,"dr20":0.0,"loss20":0.0,"d50":0.0,"dr50":0.0,"loss50":0.0,"d100":0.0,"dr100":0.0,"loss100":0.0,"d200":0.0,"dr200":0.0,"loss200":0.0,"d500":0.0,"dr500":0.0,"loss500":0.0},"geometry":{"type":"Polygon","coordinates":[[[34.8311690080249,0.3746620664750269],[34.836558991975096,0.3746620664750269],[34.836558991975096,0.3800519335249731],[34.8311690080249,0.3800519335249731],[34.8311690080249,0.3746620664750269]]]}},{"type":"Feature","properties":{"id":"RFB-0464","cls":"semi_permanent","area":33,"cost":8700,"tiv":285000.0,"tivCsv":285000.0,"lat":0.70106,"lon":34.87785,"where":"KE","settlement":"other","density_class":"peri_urban","stratum":"basin","d10":0.0,"dr10":0.0,"loss10":0.0,"d20":0.0,"dr20":0.0,"loss20":0.0,"d50":0.0,"dr50":0.0,"loss50":0.0,"d100":0.0,"dr100":0.0,"loss100":0.0,"d200":0.0,"dr200":0.0,"loss200":0.0,"d500":0.0,"dr500":0.0,"loss500":0.0},"geometry":{"type":"Polygon","coordinates":[[[34.8751598647277,0.6983630664750269],[34.880550135272294,0.6983630664750269],[34.880550135272294,0.703752933524973],[34.8751598647277,0.703752933524973],[34.8751598647277,0.6983630664750269]]]}},{"type":"Feature","properties":{"id":"RFB-0465","cls":"semi_permanent","area":54,"cost":12600,"tiv":680000.0,"tivCsv":680000.0,"lat":0.86336,"lon":35.11348,"where":"KE","settlement":"other","density_class":"peri_urban","stratum":"basin","d10":0.0,"dr10":0.0,"loss10":0.0,"d20":0.0,"dr20":0.0,"loss20":0.0,"d50":0.0,"dr50":0.0,"loss50":0.0,"d100":0.0,"dr100":0.0,"loss100":0.0,"d200":0.0,"dr200":0.0,"loss200":0.0,"d500":0.0,"dr500":0.0,"loss500":0.0},"geometry":{"type":"Polygon","coordinates":[[[35.11078776049314,0.8606630664750269],[35.116178239506866,0.8606630664750269],[35.116178239506866,0.866052933524973],[35.11078776049314,0.866052933524973],[35.11078776049314,0.8606630664750269]]]}},{"type":"Feature","properties":{"id":"RFB-0466","cls":"semi_permanent","area":45,"cost":13300,"tiv":600000.0,"tivCsv":600000.0,"lat":0.50262,"lon":35.279,"where":"KE","settlement":"other","density_class":"urban","stratum":"basin","d10":0.0,"dr10":0.0,"loss10":0.0,"d20":0.0,"dr20":0.0,"loss20":0.0,"d50":0.0,"dr50":0.0,"loss50":0.0,"d100":0.0,"dr100":0.0,"loss100":0.0,"d200":0.0,"dr200":0.0,"loss200":0.0,"d500":0.0,"dr500":0.0,"loss500":0.0},"geometry":{"type":"Polygon","coordinates":[[[35.27630096277677,0.49992806647502697],[35.281691037223226,0.49992806647502697],[35.281691037223226,0.5053179335249731],[35.27630096277677,0.5053179335249731],[35.27630096277677,0.49992806647502697]]]}},{"type":"Feature","properties":{"id":"RFB-0467","cls":"permanent_masonry","area":151,"cost":49200,"tiv":7430000.0,"tivCsv":7430000.0,"lat":0.1744,"lon":34.74368,"where":"KE","settlement":"other","density_class":"peri_urban","stratum":"basin","d10":0.0,"dr10":0.0,"loss10":0.0,"d20":0.0,"dr20":0.0,"loss20":0.0,"d50":0.0,"dr50":0.0,"loss50":0.0,"d100":0.0,"dr100":0.0,"loss100":0.0,"d200":0.0,"dr200":0.0,"loss200":0.0,"d500":0.0,"dr500":0.0,"loss500":0.0},"geometry":{"type":"Polygon","coordinates":[[[34.74099005399106,0.17170206647502695],[34.746379946008936,0.17170206647502695],[34.746379946008936,0.17709193352497304],[34.74099005399106,0.17709193352497304],[34.74099005399106,0.17170206647502695]]]}},{"type":"Feature","properties":{"id":"RFB-0468","cls":"concrete_rcc","area":338,"cost":83200,"tiv":28120000.0,"tivCsv":28120000.0,"lat":1.26607,"lon":35.12804,"where":"KE","settlement":"other","density_class":"peri_urban","stratum":"basin","d10":0.0,"dr10":0.0,"loss10":0.0,"d20":0.0,"dr20":0.0,"loss20":0.0,"d50":0.0,"dr50":0.0,"loss50":0.0,"d100":0.0,"dr100":0.0,"loss100":0.0,"d200":0.0,"dr200":0.0,"loss200":0.0,"d500":0.0,"dr500":0.0,"loss500":0.0},"geometry":{"type":"Polygon","coordinates":[[[35.12534540840132,1.263372066475027],[35.130736591598684,1.263372066475027],[35.130736591598684,1.2687619335249731],[35.12534540840132,1.2687619335249731],[35.12534540840132,1.263372066475027]]]}},{"type":"Feature","properties":{"id":"RFB-0469","cls":"semi_permanent","area":39,"cost":14600,"tiv":570000.0,"tivCsv":570000.0,"lat":0.52206,"lon":35.28696,"where":"KE","settlement":"other","density_class":"urban","stratum":"basin","d10":0.0,"dr10":0.0,"loss10":0.0,"d20":0.0,"dr20":0.0,"loss20":0.0,"d50":0.0,"dr50":0.0,"loss50":0.0,"d100":0.0,"dr100":0.0,"loss100":0.0,"d200":0.0,"dr200":0.0,"loss200":0.0,"d500":0.0,"dr500":0.0,"loss500":0.0},"geometry":{"type":"Polygon","coordinates":[[[35.28426295459944,0.5193690664750269],[35.289653045400556,0.5193690664750269],[35.289653045400556,0.524758933524973],[35.28426295459944,0.524758933524973],[35.28426295459944,0.5193690664750269]]]}},{"type":"Feature","properties":{"id":"RFB-0470","cls":"semi_permanent","area":52,"cost":12000,"tiv":625000.0,"tivCsv":625000.0,"lat":0.51336,"lon":35.25883,"where":"KE","settlement":"other","density_class":"urban","stratum":"basin","d10":0.0,"dr10":0.0,"loss10":0.0,"d20":0.0,"dr20":0.0,"loss20":0.0,"d50":0.0,"dr50":0.0,"loss50":0.0,"d100":0.0,"dr100":0.0,"loss100":0.0,"d200":0.0,"dr200":0.0,"loss200":0.0,"d500":0.0,"dr500":0.0,"loss500":0.0},"geometry":{"type":"Polygon","coordinates":[[[35.256137958299334,0.5106640664750269],[35.26152804170067,0.5106640664750269],[35.26152804170067,0.5160539335249731],[35.256137958299334,0.5160539335249731],[35.256137958299334,0.5106640664750269]]]}},{"type":"Feature","properties":{"id":"RFB-0471","cls":"permanent_masonry","area":263,"cost":44600,"tiv":11730000.0,"tivCsv":11730000.0,"lat":0.18836,"lon":34.95509,"where":"KE","settlement":"other","density_class":"urban","stratum":"basin","d10":0.0,"dr10":0.0,"loss10":0.0,"d20":0.0,"dr20":0.0,"loss20":0.0,"d50":0.0,"dr50":0.0,"loss50":0.0,"d100":0.0,"dr100":0.0,"loss100":0.0,"d200":0.0,"dr200":0.0,"loss200":0.0,"d500":0.0,"dr500":0.0,"loss500":0.0},"geometry":{"type":"Polygon","coordinates":[[[34.95239605191214,0.18566406647502695],[34.95778594808787,0.18566406647502695],[34.95778594808787,0.19105393352497305],[34.95239605191214,0.19105393352497305],[34.95239605191214,0.18566406647502695]]]}},{"type":"Feature","properties":{"id":"RFB-0472","cls":"informal_iron_sheet","area":25,"cost":8500,"tiv":210000.0,"tivCsv":210000.0,"lat":0.7631,"lon":34.6568,"where":"KE","settlement":"Bungoma","density_class":"peri_urban","stratum":"basin","d10":0.0,"dr10":0.0,"loss10":0.0,"d20":0.0,"dr20":0.0,"loss20":0.0,"d50":0.0,"dr50":0.0,"loss50":0.0,"d100":0.0,"dr100":0.0,"loss100":0.0,"d200":0.0,"dr200":0.0,"loss200":0.0,"d500":0.0,"dr500":0.0,"loss500":0.0},"geometry":{"type":"Polygon","coordinates":[[[34.6541038274353,0.7604070664750269],[34.6594941725647,0.7604070664750269],[34.6594941725647,0.765796933524973],[34.6541038274353,0.765796933524973],[34.6541038274353,0.7604070664750269]]]}},{"type":"Feature","properties":{"id":"RFB-0473","cls":"permanent_masonry","area":114,"cost":59200,"tiv":6750000.0,"tivCsv":6750000.0,"lat":-0.07174,"lon":34.75167,"where":"KE","settlement":"Kisumu","density_class":"urban","stratum":"basin","d10":0.0,"dr10":0.0,"loss10":0.0,"d20":0.0,"dr20":0.0,"loss20":0.0,"d50":0.0,"dr50":0.0,"loss50":0.0,"d100":0.0,"dr100":0.0,"loss100":0.0,"d200":0.0,"dr200":0.0,"loss200":0.0,"d500":0.0,"dr500":0.0,"loss500":0.0},"geometry":{"type":"Polygon","coordinates":[[[34.748975064362526,-0.07443493352497305],[34.75436493563747,-0.07443493352497305],[34.75436493563747,-0.06904506647502695],[34.748975064362526,-0.06904506647502695],[34.748975064362526,-0.07443493352497305]]]}},{"type":"Feature","properties":{"id":"RFB-0474","cls":"informal_iron_sheet","area":13,"cost":6500,"tiv":85000.0,"tivCsv":85000.0,"lat":0.56462,"lon":34.24803,"where":"KE","settlement":"other","density_class":"peri_urban","stratum":"basin","d10":0.0,"dr10":0.0,"loss10":0.0,"d20":0.0,"dr20":0.0,"loss20":0.0,"d50":0.0,"dr50":0.0,"loss50":0.0,"d100":0.0,"dr100":0.0,"loss100":0.0,"d200":0.0,"dr200":0.0,"loss200":0.0,"d500":0.0,"dr500":0.0,"loss500":0.0},"geometry":{"type":"Polygon","coordinates":[[[34.24533693561578,0.561926066475027],[34.25072706438422,0.561926066475027],[34.25072706438422,0.5673159335249731],[34.24533693561578,0.5673159335249731],[34.24533693561578,0.561926066475027]]]}},{"type":"Feature","properties":{"id":"RFB-0475","cls":"semi_permanent","area":36,"cost":14700,"tiv":530000.0,"tivCsv":530000.0,"lat":0.02173,"lon":34.71173,"where":"KE","settlement":"other","density_class":"peri_urban","stratum":"basin","d10":0.0,"dr10":0.0,"loss10":0.0,"d20":0.0,"dr20":0.0,"loss20":0.0,"d50":0.0,"dr50":0.0,"loss50":0.0,"d100":0.0,"dr100":0.0,"loss100":0.0,"d200":0.0,"dr200":0.0,"loss200":0.0,"d500":0.0,"dr500":0.0,"loss500":0.0},"geometry":{"type":"Polygon","coordinates":[[[34.70903606628116,0.019038066475026948],[34.71442593371884,0.019038066475026948],[34.71442593371884,0.02442793352497305],[34.70903606628116,0.02442793352497305],[34.70903606628116,0.019038066475026948]]]}},{"type":"Feature","properties":{"id":"RFB-0476","cls":"permanent_masonry","area":162,"cost":59800,"tiv":9690000.0,"tivCsv":9690000.0,"lat":0.0221,"lon":34.81073,"where":"KE","settlement":"other","density_class":"peri_urban","stratum":"basin","d10":0.0,"dr10":0.0,"loss10":0.0,"d20":0.0,"dr20":0.0,"loss20":0.0,"d50":0.0,"dr50":0.0,"loss50":0.0,"d100":0.0,"dr100":0.0,"loss100":0.0,"d200":0.0,"dr200":0.0,"loss200":0.0,"d500":0.0,"dr500":0.0,"loss500":0.0},"geometry":{"type":"Polygon","coordinates":[[[34.80803506627463,0.01940106647502695],[34.81342493372537,0.01940106647502695],[34.81342493372537,0.024790933524973052],[34.80803506627463,0.024790933524973052],[34.80803506627463,0.01940106647502695]]]}},{"type":"Feature","properties":{"id":"RFB-0477","cls":"informal_iron_sheet","area":16,"cost":6100,"tiv":100000.0,"tivCsv":100000.0,"lat":-0.08286,"lon":34.73806,"where":"KE","settlement":"Kisumu","density_class":"peri_urban","stratum":"basin","d10":0.0,"dr10":0.0,"loss10":0.0,"d20":0.0,"dr20":0.0,"loss20":0.0,"d50":0.0,"dr50":0.0,"loss50":0.0,"d100":0.0,"dr100":0.0,"loss100":0.0,"d200":0.0,"dr200":0.0,"loss200":0.0,"d500":0.0,"dr500":0.0,"loss500":0.0},"geometry":{"type":"Polygon","coordinates":[[[34.73536606365682,-0.08555593352497305],[34.740755936343184,-0.08555593352497305],[34.740755936343184,-0.08016606647502696],[34.73536606365682,-0.08016606647502696],[34.73536606365682,-0.08555593352497305]]]}},{"type":"Feature","properties":{"id":"RFB-0478","cls":"permanent_masonry","area":202,"cost":55600,"tiv":11230000.0,"tivCsv":11230000.0,"lat":0.64832,"lon":35.15176,"where":"KE","settlement":"other","density_class":"rural","stratum":"basin","d10":0.0,"dr10":0.0,"loss10":0.0,"d20":0.0,"dr20":0.0,"loss20":0.0,"d50":0.0,"dr50":0.0,"loss50":0.0,"d100":0.0,"dr100":0.0,"loss100":0.0,"d200":0.0,"dr200":0.0,"loss200":0.0,"d500":0.0,"dr500":0.0,"loss500":0.0},"geometry":{"type":"Polygon","coordinates":[[[35.14906289394311,0.6456210664750269],[35.15445310605689,0.6456210664750269],[35.15445310605689,0.6510109335249731],[35.14906289394311,0.6510109335249731],[35.14906289394311,0.6456210664750269]]]}},{"type":"Feature","properties":{"id":"RFB-0479","cls":"informal_iron_sheet","area":17,"cost":8200,"tiv":140000.0,"tivCsv":140000.0,"lat":0.00752,"lon":35.39437,"where":"KE","settlement":"other","density_class":"peri_urban","stratum":"basin","d10":0.0,"dr10":0.0,"loss10":0.0,"d20":0.0,"dr20":0.0,"loss20":0.0,"d50":0.0,"dr50":0.0,"loss50":0.0,"d100":0.0,"dr100":0.0,"loss100":0.0,"d200":0.0,"dr200":0.0,"loss200":0.0,"d500":0.0,"dr500":0.0,"loss500":0.0},"geometry":{"type":"Polygon","coordinates":[[[35.391680066451784,0.00482906647502695],[35.39706993354821,0.00482906647502695],[35.39706993354821,0.01021893352497305],[35.391680066451784,0.01021893352497305],[35.391680066451784,0.00482906647502695]]]}},{"type":"Feature","properties":{"id":"RFB-0480","cls":"informal_iron_sheet","area":21,"cost":9600,"tiv":200000.0,"tivCsv":200000.0,"lat":0.70651,"lon":34.83152,"where":"KE","settlement":"other","density_class":"peri_urban","stratum":"basin","d10":0.0,"dr10":0.0,"loss10":0.0,"d20":0.0,"dr20":0.0,"loss20":0.0,"d50":0.0,"dr50":0.0,"loss50":0.0,"d100":0.0,"dr100":0.0,"loss100":0.0,"d200":0.0,"dr200":0.0,"loss200":0.0,"d500":0.0,"dr500":0.0,"loss500":0.0},"geometry":{"type":"Polygon","coordinates":[[[34.82882186157681,0.7038160664750269],[34.83421213842318,0.7038160664750269],[34.83421213842318,0.7092059335249731],[34.82882186157681,0.7092059335249731],[34.82882186157681,0.7038160664750269]]]}},{"type":"Feature","properties":{"id":"RFB-0481","cls":"semi_permanent","area":52,"cost":10500,"tiv":545000.0,"tivCsv":545000.0,"lat":0.51082,"lon":34.56203,"where":"KE","settlement":"other","density_class":"peri_urban","stratum":"basin","d10":0.0,"dr10":0.0,"loss10":0.0,"d20":0.0,"dr20":0.0,"loss20":0.0,"d50":0.0,"dr50":0.0,"loss50":0.0,"d100":0.0,"dr100":0.0,"loss100":0.0,"d200":0.0,"dr200":0.0,"loss200":0.0,"d500":0.0,"dr500":0.0,"loss500":0.0},"geometry":{"type":"Polygon","coordinates":[[[34.55933195936844,0.508121066475027],[34.56472204063156,0.508121066475027],[34.56472204063156,0.5135109335249731],[34.55933195936844,0.5135109335249731],[34.55933195936844,0.508121066475027]]]}},{"type":"Feature","properties":{"id":"RFB-0482","cls":"permanent_masonry","area":110,"cost":57700,"tiv":6345000.0,"tivCsv":6345000.0,"lat":0.78998,"lon":34.72431,"where":"KE","settlement":"Bungoma","density_class":"urban","stratum":"basin","d10":0.0,"dr10":0.0,"loss10":0.0,"d20":0.0,"dr20":0.0,"loss20":0.0,"d50":0.0,"dr50":0.0,"loss50":0.0,"d100":0.0,"dr100":0.0,"loss100":0.0,"d200":0.0,"dr200":0.0,"loss200":0.0,"d500":0.0,"dr500":0.0,"loss500":0.0},"geometry":{"type":"Polygon","coordinates":[[[34.721609810295874,0.7872890664750269],[34.72700018970413,0.7872890664750269],[34.72700018970413,0.7926789335249731],[34.721609810295874,0.7926789335249731],[34.721609810295874,0.7872890664750269]]]}},{"type":"Feature","properties":{"id":"RFB-0483","cls":"informal_iron_sheet","area":21,"cost":6700,"tiv":140000.0,"tivCsv":140000.0,"lat":0.43683,"lon":34.54413,"where":"KE","settlement":"other","density_class":"peri_urban","stratum":"basin","d10":0.0,"dr10":0.0,"loss10":0.0,"d20":0.0,"dr20":0.0,"loss20":0.0,"d50":0.0,"dr50":0.0,"loss50":0.0,"d100":0.0,"dr100":0.0,"loss100":0.0,"d200":0.0,"dr200":0.0,"loss200":0.0,"d500":0.0,"dr500":0.0,"loss500":0.0},"geometry":{"type":"Polygon","coordinates":[[[34.54143698814969,0.43413206647502695],[34.546827011850304,0.43413206647502695],[34.546827011850304,0.4395219335249731],[34.54143698814969,0.4395219335249731],[34.54143698814969,0.43413206647502695]]]}},{"type":"Feature","properties":{"id":"RFB-0484","cls":"permanent_masonry","area":125,"cost":46700,"tiv":5840000.0,"tivCsv":5840000.0,"lat":1.0195,"lon":35.2022,"where":"KE","settlement":"other","density_class":"peri_urban","stratum":"basin","d10":0.0,"dr10":0.0,"loss10":0.0,"d20":0.0,"dr20":0.0,"loss20":0.0,"d50":0.0,"dr50":0.0,"loss50":0.0,"d100":0.0,"dr100":0.0,"loss100":0.0,"d200":0.0,"dr200":0.0,"loss200":0.0,"d500":0.0,"dr500":0.0,"loss500":0.0},"geometry":{"type":"Polygon","coordinates":[[[35.19950363979615,1.0168010664750269],[35.20489436020385,1.0168010664750269],[35.20489436020385,1.022190933524973],[35.19950363979615,1.022190933524973],[35.19950363979615,1.0168010664750269]]]}},{"type":"Feature","properties":{"id":"RFB-0485","cls":"semi_permanent","area":66,"cost":10200,"tiv":675000.0,"tivCsv":675000.0,"lat":-0.12749,"lon":35.1711,"where":"KE","settlement":"other","density_class":"urban","stratum":"basin","d10":0.0,"dr10":0.0,"loss10":0.0,"d20":0.0,"dr20":0.0,"loss20":0.0,"d50":0.0,"dr50":0.0,"loss50":0.0,"d100":0.0,"dr100":0.0,"loss100":0.0,"d200":0.0,"dr200":0.0,"loss200":0.0,"d500":0.0,"dr500":0.0,"loss500":0.0},"geometry":{"type":"Polygon","coordinates":[[[35.16840705980328,-0.13018693352497304],[35.173796940196716,-0.13018693352497304],[35.173796940196716,-0.12479706647502695],[35.16840705980328,-0.12479706647502695],[35.16840705980328,-0.13018693352497304]]]}},{"type":"Feature","properties":{"id":"RFB-0486","cls":"informal_iron_sheet","area":16,"cost":5700,"tiv":90000.0,"tivCsv":90000.0,"lat":1.2184,"lon":35.15649,"where":"KE","settlement":"other","density_class":"rural","stratum":"basin","d10":0.0,"dr10":0.0,"loss10":0.0,"d20":0.0,"dr20":0.0,"loss20":0.0,"d50":0.0,"dr50":0.0,"loss50":0.0,"d100":0.0,"dr100":0.0,"loss100":0.0,"d200":0.0,"dr200":0.0,"loss200":0.0,"d500":0.0,"dr500":0.0,"loss500":0.0},"geometry":{"type":"Polygon","coordinates":[[[35.15379345703217,1.215703066475027],[35.15918454296783,1.215703066475027],[35.15918454296783,1.2210929335249732],[35.15379345703217,1.2210929335249732],[35.15379345703217,1.215703066475027]]]}},{"type":"Feature","properties":{"id":"RFB-0487","cls":"informal_iron_sheet","area":21,"cost":6300,"tiv":130000.0,"tivCsv":130000.0,"lat":0.40913,"lon":34.37305,"where":"KE","settlement":"other","density_class":"peri_urban","stratum":"basin","d10":0.0,"dr10":0.0,"loss10":0.0,"d20":0.0,"dr20":0.0,"loss20":0.0,"d50":0.0,"dr50":0.0,"loss50":0.0,"d100":0.0,"dr100":0.0,"loss100":0.0,"d200":0.0,"dr200":0.0,"loss200":0.0,"d500":0.0,"dr500":0.0,"loss500":0.0},"geometry":{"type":"Polygon","coordinates":[[[34.370355997767106,0.40643606647502695],[34.37574600223289,0.40643606647502695],[34.37574600223289,0.4118259335249731],[34.370355997767106,0.4118259335249731],[34.370355997767106,0.40643606647502695]]]}},{"type":"Feature","properties":{"id":"RFB-0488","cls":"concrete_rcc","area":494,"cost":80100,"tiv":39570000.0,"tivCsv":39570000.0,"lat":0.006,"lon":34.74386,"where":"KE","settlement":"other","density_class":"urban","stratum":"basin","d10":0.0,"dr10":0.0,"loss10":0.0,"d20":0.0,"dr20":0.0,"loss20":0.0,"d50":0.0,"dr50":0.0,"loss50":0.0,"d100":0.0,"dr100":0.0,"loss100":0.0,"d200":0.0,"dr200":0.0,"loss200":0.0,"d500":0.0,"dr500":0.0,"loss500":0.0},"geometry":{"type":"Polygon","coordinates":[[[34.741165066460255,0.003303066475026949],[34.74655493353974,0.003303066475026949],[34.74655493353974,0.008692933524973051],[34.741165066460255,0.008692933524973051],[34.741165066460255,0.003303066475026949]]]}},{"type":"Feature","properties":{"id":"RFB-0489","cls":"semi_permanent","area":59,"cost":11000,"tiv":650000.0,"tivCsv":650000.0,"lat":0.86368,"lon":34.84355,"where":"KE","settlement":"other","density_class":"peri_urban","stratum":"basin","d10":0.0,"dr10":0.0,"loss10":0.0,"d20":0.0,"dr20":0.0,"loss20":0.0,"d50":0.0,"dr50":0.0,"loss50":0.0,"d100":0.0,"dr100":0.0,"loss100":0.0,"d200":0.0,"dr200":0.0,"loss200":0.0,"d500":0.0,"dr500":0.0,"loss500":0.0},"geometry":{"type":"Polygon","coordinates":[[[34.84085876026767,0.8609810664750269],[34.84624923973232,0.8609810664750269],[34.84624923973232,0.8663709335249731],[34.84085876026767,0.8663709335249731],[34.84085876026767,0.8609810664750269]]]}},{"type":"Feature","properties":{"id":"RFB-0490","cls":"semi_permanent","area":40,"cost":15200,"tiv":610000.0,"tivCsv":610000.0,"lat":0.27048,"lon":34.72791,"where":"KE","settlement":"other","density_class":"urban","stratum":"basin","d10":0.0,"dr10":0.0,"loss10":0.0,"d20":0.0,"dr20":0.0,"loss20":0.0,"d50":0.0,"dr50":0.0,"loss50":0.0,"d100":0.0,"dr100":0.0,"loss100":0.0,"d200":0.0,"dr200":0.0,"loss200":0.0,"d500":0.0,"dr500":0.0,"loss500":0.0},"geometry":{"type":"Polygon","coordinates":[[[34.72521503644448,0.2677900664750269],[34.73060496355552,0.2677900664750269],[34.73060496355552,0.27317993352497305],[34.72521503644448,0.27317993352497305],[34.72521503644448,0.2677900664750269]]]}},{"type":"Feature","properties":{"id":"RFB-0491","cls":"informal_iron_sheet","area":16,"cost":7100,"tiv":115000.0,"tivCsv":115000.0,"lat":0.35541,"lon":34.70343,"where":"KE","settlement":"other","density_class":"peri_urban","stratum":"basin","d10":0.0,"dr10":0.0,"loss10":0.0,"d20":0.0,"dr20":0.0,"loss20":0.0,"d50":0.0,"dr50":0.0,"loss50":0.0,"d100":0.0,"dr100":0.0,"loss100":0.0,"d200":0.0,"dr200":0.0,"loss200":0.0,"d500":0.0,"dr500":0.0,"loss500":0.0},"geometry":{"type":"Polygon","coordinates":[[[34.70073701462589,0.3527160664750269],[34.706126985374105,0.3527160664750269],[34.706126985374105,0.35810593352497305],[34.70073701462589,0.35810593352497305],[34.70073701462589,0.3527160664750269]]]}},{"type":"Feature","properties":{"id":"RFB-0492","cls":"permanent_masonry","area":80,"cost":56200,"tiv":4495000.0,"tivCsv":4495000.0,"lat":0.08469,"lon":34.7185,"where":"KE","settlement":"other","density_class":"urban","stratum":"basin","d10":0.0,"dr10":0.0,"loss10":0.0,"d20":0.0,"dr20":0.0,"loss20":0.0,"d50":0.0,"dr50":0.0,"loss50":0.0,"d100":0.0,"dr100":0.0,"loss100":0.0,"d200":0.0,"dr200":0.0,"loss200":0.0,"d500":0.0,"dr500":0.0,"loss500":0.0},"geometry":{"type":"Polygon","coordinates":[[[34.71580206353089,0.08199706647502696],[34.72119193646911,0.08199706647502696],[34.72119193646911,0.08738693352497305],[34.71580206353089,0.08738693352497305],[34.71580206353089,0.08199706647502696]]]}},{"type":"Feature","properties":{"id":"RFB-0493","cls":"permanent_masonry","area":66,"cost":53200,"tiv":3510000.0,"tivCsv":3510000.0,"lat":0.1505,"lon":35.27674,"where":"KE","settlement":"other","density_class":"rural","stratum":"basin","d10":0.0,"dr10":0.0,"loss10":0.0,"d20":0.0,"dr20":0.0,"loss20":0.0,"d50":0.0,"dr50":0.0,"loss50":0.0,"d100":0.0,"dr100":0.0,"loss100":0.0,"d200":0.0,"dr200":0.0,"loss200":0.0,"d500":0.0,"dr500":0.0,"loss500":0.0},"geometry":{"type":"Polygon","coordinates":[[[35.27404305717806,0.14780406647502695],[35.27943294282194,0.14780406647502695],[35.27943294282194,0.15319393352497304],[35.27404305717806,0.15319393352497304],[35.27404305717806,0.14780406647502695]]]}},{"type":"Feature","properties":{"id":"RFB-0494","cls":"semi_permanent","area":63,"cost":9600,"tiv":605000.0,"tivCsv":605000.0,"lat":0.02104,"lon":34.60598,"where":"KE","settlement":"other","density_class":"urban","stratum":"basin","d10":0.0,"dr10":0.0,"loss10":0.0,"d20":0.0,"dr20":0.0,"loss20":0.0,"d50":0.0,"dr50":0.0,"loss50":0.0,"d100":0.0,"dr100":0.0,"loss100":0.0,"d200":0.0,"dr200":0.0,"loss200":0.0,"d500":0.0,"dr500":0.0,"loss500":0.0},"geometry":{"type":"Polygon","coordinates":[[[34.603285066293395,0.018341066475026948],[34.60867493370661,0.018341066475026948],[34.60867493370661,0.02373093352497305],[34.603285066293395,0.02373093352497305],[34.603285066293395,0.018341066475026948]]]}},{"type":"Feature","properties":{"id":"RFB-0495","cls":"permanent_masonry","area":106,"cost":40400,"tiv":4280000.0,"tivCsv":4280000.0,"lat":0.05275,"lon":34.71105,"where":"KE","settlement":"other","density_class":"urban","stratum":"basin","d10":0.0,"dr10":0.0,"loss10":0.0,"d20":0.0,"dr20":0.0,"loss20":0.0,"d50":0.0,"dr50":0.0,"loss50":0.0,"d100":0.0,"dr100":0.0,"loss100":0.0,"d200":0.0,"dr200":0.0,"loss200":0.0,"d500":0.0,"dr500":0.0,"loss500":0.0},"geometry":{"type":"Polygon","coordinates":[[[34.708359065332886,0.05005506647502695],[34.71374893466711,0.05005506647502695],[34.71374893466711,0.055444933524973046],[34.708359065332886,0.055444933524973046],[34.708359065332886,0.05005506647502695]]]}},{"type":"Feature","properties":{"id":"RFB-0496","cls":"permanent_masonry","area":153,"cost":53000,"tiv":8110000.0,"tivCsv":8110000.0,"lat":0.29084,"lon":34.75738,"where":"KE","settlement":"other","density_class":"urban","stratum":"basin","d10":0.0,"dr10":0.0,"loss10":0.0,"d20":0.0,"dr20":0.0,"loss20":0.0,"d50":0.0,"dr50":0.0,"loss50":0.0,"d100":0.0,"dr100":0.0,"loss100":0.0,"d200":0.0,"dr200":0.0,"loss200":0.0,"d500":0.0,"dr500":0.0,"loss500":0.0},"geometry":{"type":"Polygon","coordinates":[[[34.754681031754785,0.28814406647502694],[34.760070968245216,0.28814406647502694],[34.760070968245216,0.2935339335249731],[34.754681031754785,0.2935339335249731],[34.754681031754785,0.28814406647502694]]]}},{"type":"Feature","properties":{"id":"RFB-0497","cls":"informal_iron_sheet","area":11,"cost":8000,"tiv":90000.0,"tivCsv":90000.0,"lat":0.54443,"lon":34.97942,"where":"KE","settlement":"other","density_class":"peri_urban","stratum":"basin","d10":0.0,"dr10":0.0,"loss10":0.0,"d20":0.0,"dr20":0.0,"loss20":0.0,"d50":0.0,"dr50":0.0,"loss50":0.0,"d100":0.0,"dr100":0.0,"loss100":0.0,"d200":0.0,"dr200":0.0,"loss200":0.0,"d500":0.0,"dr500":0.0,"loss500":0.0},"geometry":{"type":"Polygon","coordinates":[[[34.97672494480924,0.5417320664750269],[34.982115055190754,0.5417320664750269],[34.982115055190754,0.5471219335249731],[34.97672494480924,0.5471219335249731],[34.97672494480924,0.5417320664750269]]]}},{"type":"Feature","properties":{"id":"RFB-0498","cls":"informal_iron_sheet","area":17,"cost":8400,"tiv":145000.0,"tivCsv":145000.0,"lat":0.92321,"lon":35.259,"where":"KE","settlement":"other","density_class":"peri_urban","stratum":"basin","d10":0.0,"dr10":0.0,"loss10":0.0,"d20":0.0,"dr20":0.0,"loss20":0.0,"d50":0.0,"dr50":0.0,"loss50":0.0,"d100":0.0,"dr100":0.0,"loss100":0.0,"d200":0.0,"dr200":0.0,"loss200":0.0,"d500":0.0,"dr500":0.0,"loss500":0.0},"geometry":{"type":"Polygon","coordinates":[[[35.25630471659596,0.9205120664750269],[35.26169528340404,0.9205120664750269],[35.26169528340404,0.9259019335249731],[35.25630471659596,0.9259019335249731],[35.25630471659596,0.9205120664750269]]]}},{"type":"Feature","properties":{"id":"RFB-0499","cls":"permanent_masonry","area":69,"cost":53400,"tiv":3685000.0,"tivCsv":3685000.0,"lat":0.80482,"lon":34.45581,"where":"KE","settlement":"other","density_class":"peri_urban","stratum":"basin","d10":0.0,"dr10":0.0,"loss10":0.0,"d20":0.0,"dr20":0.0,"loss20":0.0,"d50":0.0,"dr50":0.0,"loss50":0.0,"d100":0.0,"dr100":0.0,"loss100":0.0,"d200":0.0,"dr200":0.0,"loss200":0.0,"d500":0.0,"dr500":0.0,"loss500":0.0},"geometry":{"type":"Polygon","coordinates":[[[34.45311680058059,0.8021280664750269],[34.458507199419415,0.8021280664750269],[34.458507199419415,0.807517933524973],[34.45311680058059,0.807517933524973],[34.45311680058059,0.8021280664750269]]]}},{"type":"Feature","properties":{"id":"RFB-0500","cls":"permanent_masonry","area":114,"cost":59000,"tiv":6725000.0,"tivCsv":6725000.0,"lat":-0.06624,"lon":34.81011,"where":"KE","settlement":"Kisumu","density_class":"urban","stratum":"basin","d10":0.0,"dr10":0.0,"loss10":0.0,"d20":0.0,"dr20":0.0,"loss20":0.0,"d50":0.0,"dr50":0.0,"loss50":0.0,"d100":0.0,"dr100":0.0,"loss100":0.0,"d200":0.0,"dr200":0.0,"loss200":0.0,"d500":0.0,"dr500":0.0,"loss500":0.0},"geometry":{"type":"Polygon","coordinates":[[[34.80741106467403,-0.06893493352497304],[34.81280093532597,-0.06893493352497304],[34.81280093532597,-0.06354506647502695],[34.80741106467403,-0.06354506647502695],[34.80741106467403,-0.06893493352497304]]]}},{"type":"Feature","properties":{"id":"RFB-0501","cls":"permanent_masonry","area":161,"cost":55600,"tiv":8950000.0,"tivCsv":8950000.0,"lat":0.63978,"lon":35.05353,"where":"KE","settlement":"other","density_class":"peri_urban","stratum":"basin","d10":0.0,"dr10":0.0,"loss10":0.0,"d20":0.0,"dr20":0.0,"loss20":0.0,"d50":0.0,"dr50":0.0,"loss50":0.0,"d100":0.0,"dr100":0.0,"loss100":0.0,"d200":0.0,"dr200":0.0,"loss200":0.0,"d500":0.0,"dr500":0.0,"loss500":0.0},"geometry":{"type":"Polygon","coordinates":[[[35.05082989845511,0.6370880664750269],[35.05622010154489,0.6370880664750269],[35.05622010154489,0.6424779335249731],[35.05082989845511,0.6424779335249731],[35.05082989845511,0.6370880664750269]]]}},{"type":"Feature","properties":{"id":"RFB-0502","cls":"concrete_rcc","area":969,"cost":66400,"tiv":64340000.0,"tivCsv":64340000.0,"lat":-0.08153,"lon":34.78702,"where":"KE","settlement":"Kisumu","density_class":"urban","stratum":"basin","d10":0.0,"dr10":0.0,"loss10":0.0,"d20":0.0,"dr20":0.0,"loss20":0.0,"d50":0.0,"dr50":0.0,"loss50":0.0,"d100":0.0,"dr100":0.0,"loss100":0.0,"d200":0.0,"dr200":0.0,"loss200":0.0,"d500":0.0,"dr500":0.0,"loss500":0.0},"geometry":{"type":"Polygon","coordinates":[[[34.784328063746756,-0.08422293352497305],[34.78971793625324,-0.08422293352497305],[34.78971793625324,-0.07883306647502696],[34.784328063746756,-0.07883306647502696],[34.784328063746756,-0.08422293352497305]]]}},{"type":"Feature","properties":{"id":"RFB-0503","cls":"permanent_masonry","area":150,"cost":50800,"tiv":7620000.0,"tivCsv":7620000.0,"lat":0.59075,"lon":34.55074,"where":"KE","settlement":"other","density_class":"urban","stratum":"basin","d10":0.0,"dr10":0.0,"loss10":0.0,"d20":0.0,"dr20":0.0,"loss20":0.0,"d50":0.0,"dr50":0.0,"loss50":0.0,"d100":0.0,"dr100":0.0,"loss100":0.0,"d200":0.0,"dr200":0.0,"loss200":0.0,"d500":0.0,"dr500":0.0,"loss500":0.0},"geometry":{"type":"Polygon","coordinates":[[[34.54804492322148,0.5880590664750269],[34.55343507677851,0.5880590664750269],[34.55343507677851,0.5934489335249731],[34.54804492322148,0.5934489335249731],[34.54804492322148,0.5880590664750269]]]}},{"type":"Feature","properties":{"id":"RFB-0504","cls":"permanent_masonry","area":186,"cost":56700,"tiv":10545000.0,"tivCsv":10545000.0,"lat":1.02661,"lon":34.99055,"where":"KE","settlement":"Kitale","density_class":"urban","stratum":"basin","d10":0.0,"dr10":0.0,"loss10":0.0,"d20":0.0,"dr20":0.0,"loss20":0.0,"d50":0.0,"dr50":0.0,"loss50":0.0,"d100":0.0,"dr100":0.0,"loss100":0.0,"d200":0.0,"dr200":0.0,"loss200":0.0,"d500":0.0,"dr500":0.0,"loss500":0.0},"geometry":{"type":"Polygon","coordinates":[[[34.987853633816506,1.0239190664750268],[34.9932443661835,1.0239190664750268],[34.9932443661835,1.029308933524973],[34.987853633816506,1.029308933524973],[34.987853633816506,1.0239190664750268]]]}},{"type":"Feature","properties":{"id":"RFB-0505","cls":"permanent_masonry","area":181,"cost":48600,"tiv":8795000.0,"tivCsv":8795000.0,"lat":0.60723,"lon":34.74419,"where":"KE","settlement":"Webuye","density_class":"peri_urban","stratum":"basin","d10":0.0,"dr10":0.0,"loss10":0.0,"d20":0.0,"dr20":0.0,"loss20":0.0,"d50":0.0,"dr50":0.0,"loss50":0.0,"d100":0.0,"dr100":0.0,"loss100":0.0,"d200":0.0,"dr200":0.0,"loss200":0.0,"d500":0.0,"dr500":0.0,"loss500":0.0},"geometry":{"type":"Polygon","coordinates":[[[34.74149591511956,0.6045340664750269],[34.746886084880444,0.6045340664750269],[34.746886084880444,0.6099239335249731],[34.74149591511956,0.6099239335249731],[34.74149591511956,0.6045340664750269]]]}},{"type":"Feature","properties":{"id":"RFB-0506","cls":"semi_permanent","area":57,"cost":14300,"tiv":815000.0,"tivCsv":815000.0,"lat":0.5245,"lon":34.35495,"where":"KE","settlement":"other","density_class":"rural","stratum":"basin","d10":0.0,"dr10":0.0,"loss10":0.0,"d20":0.0,"dr20":0.0,"loss20":0.0,"d50":0.0,"dr50":0.0,"loss50":0.0,"d100":0.0,"dr100":0.0,"loss100":0.0,"d200":0.0,"dr200":0.0,"loss200":0.0,"d500":0.0,"dr500":0.0,"loss500":0.0},"geometry":{"type":"Polygon","coordinates":[[[34.35225395355077,0.5218100664750269],[34.357644046449224,0.5218100664750269],[34.357644046449224,0.5271999335249731],[34.35225395355077,0.5271999335249731],[34.35225395355077,0.5218100664750269]]]}},{"type":"Feature","properties":{"id":"RFB-0507","cls":"concrete_rcc","area":374,"cost":59400,"tiv":22215000.0,"tivCsv":22215000.0,"lat":0.93221,"lon":34.844,"where":"KE","settlement":"other","density_class":"peri_urban","stratum":"basin","d10":0.0,"dr10":0.0,"loss10":0.0,"d20":0.0,"dr20":0.0,"loss20":0.0,"d50":0.0,"dr50":0.0,"loss50":0.0,"d100":0.0,"dr100":0.0,"loss100":0.0,"d200":0.0,"dr200":0.0,"loss200":0.0,"d500":0.0,"dr500":0.0,"loss500":0.0},"geometry":{"type":"Polygon","coordinates":[[[34.84130670973568,0.9295180664750269],[34.84669729026432,0.9295180664750269],[34.84669729026432,0.934907933524973],[34.84130670973568,0.934907933524973],[34.84130670973568,0.9295180664750269]]]}},{"type":"Feature","properties":{"id":"RFB-0508","cls":"concrete_rcc","area":702,"cost":80100,"tiv":56230000.0,"tivCsv":56230000.0,"lat":0.48586,"lon":34.41315,"where":"KE","settlement":"other","density_class":"peri_urban","stratum":"basin","d10":0.0,"dr10":0.0,"loss10":0.0,"d20":0.0,"dr20":0.0,"loss20":0.0,"d50":0.0,"dr50":0.0,"loss50":0.0,"d100":0.0,"dr100":0.0,"loss100":0.0,"d200":0.0,"dr200":0.0,"loss200":0.0,"d500":0.0,"dr500":0.0,"loss500":0.0},"geometry":{"type":"Polygon","coordinates":[[[34.41045896957972,0.4831620664750269],[34.415849030420276,0.4831620664750269],[34.415849030420276,0.48855193352497306],[34.41045896957972,0.48855193352497306],[34.41045896957972,0.4831620664750269]]]}},{"type":"Feature","properties":{"id":"RFB-0509","cls":"permanent_masonry","area":92,"cost":44000,"tiv":4050000.0,"tivCsv":4050000.0,"lat":0.04693,"lon":34.24014,"where":"KE","settlement":"other","density_class":"rural","stratum":"basin","d10":0.0,"dr10":0.0,"loss10":0.0,"d20":0.0,"dr20":0.0,"loss20":0.0,"d50":0.0,"dr50":0.0,"loss50":0.0,"d100":0.0,"dr100":0.0,"loss100":0.0,"d200":0.0,"dr200":0.0,"loss200":0.0,"d500":0.0,"dr500":0.0,"loss500":0.0},"geometry":{"type":"Polygon","coordinates":[[[34.23744706557109,0.04423306647502695],[34.24283693442891,0.04423306647502695],[34.24283693442891,0.049622933524973045],[34.23744706557109,0.049622933524973045],[34.23744706557109,0.04423306647502695]]]}},{"type":"Feature","properties":{"id":"RFB-0510","cls":"informal_iron_sheet","area":13,"cost":6500,"tiv":85000.0,"tivCsv":85000.0,"lat":0.50675,"lon":34.8351,"where":"KE","settlement":"Kakamega","density_class":"peri_urban","stratum":"basin","d10":0.0,"dr10":0.0,"loss10":0.0,"d20":0.0,"dr20":0.0,"loss20":0.0,"d50":0.0,"dr50":0.0,"loss50":0.0,"d100":0.0,"dr100":0.0,"loss100":0.0,"d200":0.0,"dr200":0.0,"loss200":0.0,"d500":0.0,"dr500":0.0,"loss500":0.0},"geometry":{"type":"Polygon","coordinates":[[[34.83240596106598,0.5040570664750269],[34.83779603893402,0.5040570664750269],[34.83779603893402,0.5094469335249731],[34.83240596106598,0.5094469335249731],[34.83240596106598,0.5040570664750269]]]}},{"type":"Feature","properties":{"id":"RFB-0511","cls":"semi_permanent","area":47,"cost":13000,"tiv":610000.0,"tivCsv":610000.0,"lat":0.41896,"lon":34.71191,"where":"KE","settlement":"other","density_class":"peri_urban","stratum":"basin","d10":0.0,"dr10":0.0,"loss10":0.0,"d20":0.0,"dr20":0.0,"loss20":0.0,"d50":0.0,"dr50":0.0,"loss50":0.0,"d100":0.0,"dr100":0.0,"loss100":0.0,"d200":0.0,"dr200":0.0,"loss200":0.0,"d500":0.0,"dr500":0.0,"loss500":0.0},"geometry":{"type":"Polygon","coordinates":[[[34.709211994425395,0.4162670664750269],[34.7146020055746,0.4162670664750269],[34.7146020055746,0.4216569335249731],[34.709211994425395,0.4216569335249731],[34.709211994425395,0.4162670664750269]]]}},{"type":"Feature","properties":{"id":"RFB-0512","cls":"concrete_rcc","area":438,"cost":63000,"tiv":27595000.0,"tivCsv":27595000.0,"lat":-0.29702,"lon":35.16269,"where":"KE","settlement":"other","density_class":"rural","stratum":"basin","d10":0.0,"dr10":0.0,"loss10":0.0,"d20":0.0,"dr20":0.0,"loss20":0.0,"d50":0.0,"dr50":0.0,"loss50":0.0,"d100":0.0,"dr100":0.0,"loss100":0.0,"d200":0.0,"dr200":0.0,"loss200":0.0,"d500":0.0,"dr500":0.0,"loss500":0.0},"geometry":{"type":"Polygon","coordinates":[[[35.15999603026234,-0.2997189335249731],[35.16538596973766,-0.2997189335249731],[35.16538596973766,-0.29432906647502693],[35.15999603026234,-0.29432906647502693],[35.15999603026234,-0.2997189335249731]]]}},{"type":"Feature","properties":{"id":"RFB-0513","cls":"permanent_masonry","area":113,"cost":48800,"tiv":5515000.0,"tivCsv":5515000.0,"lat":0.73223,"lon":34.58453,"where":"KE","settlement":"other","density_class":"urban","stratum":"basin","d10":0.0,"dr10":0.0,"loss10":0.0,"d20":0.0,"dr20":0.0,"loss20":0.0,"d50":0.0,"dr50":0.0,"loss50":0.0,"d100":0.0,"dr100":0.0,"loss100":0.0,"d200":0.0,"dr200":0.0,"loss200":0.0,"d500":0.0,"dr500":0.0,"loss500":0.0},"geometry":{"type":"Polygon","coordinates":[[[34.58183584638591,0.7295360664750269],[34.58722615361409,0.7295360664750269],[34.58722615361409,0.734925933524973],[34.58183584638591,0.734925933524973],[34.58183584638591,0.7295360664750269]]]}},{"type":"Feature","properties":{"id":"RFB-0514","cls":"permanent_masonry","area":101,"cost":53800,"tiv":5435000.0,"tivCsv":5435000.0,"lat":0.32858,"lon":34.31322,"where":"KE","settlement":"Busia","density_class":"peri_urban","stratum":"basin","d10":0.0,"dr10":0.0,"loss10":0.0,"d20":0.0,"dr20":0.0,"loss20":0.0,"d50":0.0,"dr50":0.0,"loss50":0.0,"d100":0.0,"dr100":0.0,"loss100":0.0,"d200":0.0,"dr200":0.0,"loss200":0.0,"d500":0.0,"dr500":0.0,"loss500":0.0},"geometry":{"type":"Polygon","coordinates":[[[34.310525022158444,0.3258870664750269],[34.31591497784156,0.3258870664750269],[34.31591497784156,0.33127693352497306],[34.310525022158444,0.33127693352497306],[34.310525022158444,0.3258870664750269]]]}},{"type":"Feature","properties":{"id":"RFB-0515","cls":"informal_iron_sheet","area":16,"cost":5200,"tiv":85000.0,"tivCsv":85000.0,"lat":-0.22894,"lon":34.93291,"where":"KE","settlement":"other","density_class":"rural","stratum":"basin","d10":0.0,"dr10":0.0,"loss10":0.0,"d20":0.0,"dr20":0.0,"loss20":0.0,"d50":0.0,"dr50":0.0,"loss50":0.0,"d100":0.0,"dr100":0.0,"loss100":0.0,"d200":0.0,"dr200":0.0,"loss200":0.0,"d500":0.0,"dr500":0.0,"loss500":0.0},"geometry":{"type":"Polygon","coordinates":[[[34.93021704496113,-0.23163493352497305],[34.93560695503887,-0.23163493352497305],[34.93560695503887,-0.22624506647502696],[34.93021704496113,-0.22624506647502696],[34.93021704496113,-0.23163493352497305]]]}},{"type":"Feature","properties":{"id":"RFB-0516","cls":"informal_iron_sheet","area":14,"cost":5300,"tiv":75000.0,"tivCsv":75000.0,"lat":0.40964,"lon":34.15647,"where":"KE","settlement":"other","density_class":"peri_urban","stratum":"basin","d10":0.0,"dr10":0.0,"loss10":0.0,"d20":0.0,"dr20":0.0,"loss20":0.0,"d50":0.0,"dr50":0.0,"loss50":0.0,"d100":0.0,"dr100":0.0,"loss100":0.0,"d200":0.0,"dr200":0.0,"loss200":0.0,"d500":0.0,"dr500":0.0,"loss500":0.0},"geometry":{"type":"Polygon","coordinates":[[[34.15377499759738,0.4069410664750269],[34.15916500240262,0.4069410664750269],[34.15916500240262,0.4123309335249731],[34.15377499759738,0.4123309335249731],[34.15377499759738,0.4069410664750269]]]}},{"type":"Feature","properties":{"id":"RFB-0517","cls":"informal_iron_sheet","area":21,"cost":8900,"tiv":185000.0,"tivCsv":185000.0,"lat":0.27637,"lon":34.75431,"where":"KE","settlement":"other","density_class":"urban","stratum":"basin","d10":0.0,"dr10":0.0,"loss10":0.0,"d20":0.0,"dr20":0.0,"loss20":0.0,"d50":0.0,"dr50":0.0,"loss50":0.0,"d100":0.0,"dr100":0.0,"loss100":0.0,"d200":0.0,"dr200":0.0,"loss200":0.0,"d500":0.0,"dr500":0.0,"loss500":0.0},"geometry":{"type":"Polygon","coordinates":[[[34.75161003512236,0.2736800664750269],[34.75699996487764,0.2736800664750269],[34.75699996487764,0.27906993352497306],[34.75161003512236,0.27906993352497306],[34.75161003512236,0.2736800664750269]]]}},{"type":"Feature","properties":{"id":"RFB-0518","cls":"informal_iron_sheet","area":17,"cost":5700,"tiv":95000.0,"tivCsv":95000.0,"lat":0.32972,"lon":34.56027,"where":"KE","settlement":"Mumias","density_class":"peri_urban","stratum":"basin","d10":0.0,"dr10":0.0,"loss10":0.0,"d20":0.0,"dr20":0.0,"loss20":0.0,"d50":0.0,"dr50":0.0,"loss50":0.0,"d100":0.0,"dr100":0.0,"loss100":0.0,"d200":0.0,"dr200":0.0,"loss200":0.0,"d500":0.0,"dr500":0.0,"loss500":0.0},"geometry":{"type":"Polygon","coordinates":[[[34.55757702185148,0.32702306647502694],[34.562966978148516,0.32702306647502694],[34.562966978148516,0.3324129335249731],[34.55757702185148,0.3324129335249731],[34.55757702185148,0.32702306647502694]]]}},{"type":"Feature","properties":{"id":"RFB-0519","cls":"permanent_masonry","area":115,"cost":61600,"tiv":7085000.0,"tivCsv":7085000.0,"lat":0.89543,"lon":34.91789,"where":"KE","settlement":"other","density_class":"urban","stratum":"basin","d10":0.0,"dr10":0.0,"loss10":0.0,"d20":0.0,"dr20":0.0,"loss20":0.0,"d50":0.0,"dr50":0.0,"loss50":0.0,"d100":0.0,"dr100":0.0,"loss100":0.0,"d200":0.0,"dr200":0.0,"loss200":0.0,"d500":0.0,"dr500":0.0,"loss500":0.0},"geometry":{"type":"Polygon","coordinates":[[[34.915190737338264,0.892731066475027],[34.92058126266174,0.892731066475027],[34.92058126266174,0.8981209335249731],[34.915190737338264,0.8981209335249731],[34.915190737338264,0.892731066475027]]]}},{"type":"Feature","properties":{"id":"RFB-0520","cls":"concrete_rcc","area":405,"cost":78500,"tiv":31790000.0,"tivCsv":31790000.0,"lat":0.12992,"lon":34.85699,"where":"KE","settlement":"other","density_class":"urban","stratum":"basin","d10":0.0,"dr10":0.0,"loss10":0.0,"d20":0.0,"dr20":0.0,"loss20":0.0,"d50":0.0,"dr50":0.0,"loss50":0.0,"d100":0.0,"dr100":0.0,"loss100":0.0,"d200":0.0,"dr200":0.0,"loss200":0.0,"d500":0.0,"dr500":0.0,"loss500":0.0},"geometry":{"type":"Polygon","coordinates":[[[34.854297059547164,0.12722106647502696],[34.85968694045283,0.12722106647502696],[34.85968694045283,0.13261093352497305],[34.854297059547164,0.13261093352497305],[34.854297059547164,0.12722106647502696]]]}},{"type":"Feature","properties":{"id":"RFB-0521","cls":"semi_permanent","area":54,"cost":11600,"tiv":625000.0,"tivCsv":625000.0,"lat":-0.09367,"lon":34.27262,"where":"KE","settlement":"Siaya","density_class":"urban","stratum":"basin","d10":0.0,"dr10":0.0,"loss10":0.0,"d20":0.0,"dr20":0.0,"loss20":0.0,"d50":0.0,"dr50":0.0,"loss50":0.0,"d100":0.0,"dr100":0.0,"loss100":0.0,"d200":0.0,"dr200":0.0,"loss200":0.0,"d500":0.0,"dr500":0.0,"loss500":0.0},"geometry":{"type":"Polygon","coordinates":[[[34.26992606287322,-0.09636993352497304],[34.275315937126784,-0.09636993352497304],[34.275315937126784,-0.09098006647502695],[34.26992606287322,-0.09098006647502695],[34.26992606287322,-0.09636993352497304]]]}},{"type":"Feature","properties":{"id":"RFB-0522","cls":"informal_iron_sheet","area":12,"cost":6500,"tiv":80000.0,"tivCsv":80000.0,"lat":-0.10578,"lon":34.43952,"where":"KE","settlement":"other","density_class":"rural","stratum":"basin","d10":0.0,"dr10":0.0,"loss10":0.0,"d20":0.0,"dr20":0.0,"loss20":0.0,"d50":0.0,"dr50":0.0,"loss50":0.0,"d100":0.0,"dr100":0.0,"loss100":0.0,"d200":0.0,"dr200":0.0,"loss200":0.0,"d500":0.0,"dr500":0.0,"loss500":0.0},"geometry":{"type":"Polygon","coordinates":[[[34.43682006188254,-0.10847093352497304],[34.44220993811746,-0.10847093352497304],[34.44220993811746,-0.10308106647502695],[34.43682006188254,-0.10308106647502695],[34.43682006188254,-0.10847093352497304]]]}},{"type":"Feature","properties":{"id":"RFB-0523","cls":"semi_permanent","area":38,"cost":12500,"tiv":475000.0,"tivCsv":475000.0,"lat":0.27782,"lon":34.12893,"where":"KE","settlement":"Bumala","density_class":"peri_urban","stratum":"basin","d10":0.0,"dr10":0.0,"loss10":0.0,"d20":0.0,"dr20":0.0,"loss20":0.0,"d50":0.0,"dr50":0.0,"loss50":0.0,"d100":0.0,"dr100":0.0,"loss100":0.0,"d200":0.0,"dr200":0.0,"loss200":0.0,"d500":0.0,"dr500":0.0,"loss500":0.0},"geometry":{"type":"Polygon","coordinates":[[[34.126232034792736,0.27512906647502694],[34.13162196520726,0.27512906647502694],[34.13162196520726,0.2805189335249731],[34.126232034792736,0.2805189335249731],[34.126232034792736,0.27512906647502694]]]}},{"type":"Feature","properties":{"id":"RFB-0524","cls":"informal_iron_sheet","area":16,"cost":8100,"tiv":130000.0,"tivCsv":130000.0,"lat":0.54891,"lon":35.24244,"where":"KE","settlement":"other","density_class":"urban","stratum":"basin","d10":0.0,"dr10":0.0,"loss10":0.0,"d20":0.0,"dr20":0.0,"loss20":0.0,"d50":0.0,"dr50":0.0,"loss50":0.0,"d100":0.0,"dr100":0.0,"loss100":0.0,"d200":0.0,"dr200":0.0,"loss200":0.0,"d500":0.0,"dr500":0.0,"loss500":0.0},"geometry":{"type":"Polygon","coordinates":[[[35.23974494279545,0.5462190664750269],[35.24513505720456,0.5462190664750269],[35.24513505720456,0.5516089335249731],[35.23974494279545,0.5516089335249731],[35.23974494279545,0.5462190664750269]]]}},{"type":"Feature","properties":{"id":"RFB-0525","cls":"semi_permanent","area":34,"cost":13700,"tiv":465000.0,"tivCsv":465000.0,"lat":0.17681,"lon":34.47971,"where":"KE","settlement":"other","density_class":"urban","stratum":"basin","d10":0.0,"dr10":0.0,"loss10":0.0,"d20":0.0,"dr20":0.0,"loss20":0.0,"d50":0.0,"dr50":0.0,"loss50":0.0,"d100":0.0,"dr100":0.0,"loss100":0.0,"d200":0.0,"dr200":0.0,"loss200":0.0,"d500":0.0,"dr500":0.0,"loss500":0.0},"geometry":{"type":"Polygon","coordinates":[[[34.477012053642916,0.17411706647502695],[34.48240194635708,0.17411706647502695],[34.48240194635708,0.17950693352497304],[34.477012053642916,0.17950693352497304],[34.477012053642916,0.17411706647502695]]]}},{"type":"Feature","properties":{"id":"RFB-0526","cls":"semi_permanent","area":40,"cost":10800,"tiv":430000.0,"tivCsv":430000.0,"lat":-0.12394,"lon":34.44588,"where":"KE","settlement":"other","density_class":"peri_urban","stratum":"basin","d10":0.0,"dr10":0.0,"loss10":0.0,"d20":0.0,"dr20":0.0,"loss20":0.0,"d50":0.0,"dr50":0.0,"loss50":0.0,"d100":0.0,"dr100":0.0,"loss100":0.0,"d200":0.0,"dr200":0.0,"loss200":0.0,"d500":0.0,"dr500":0.0,"loss500":0.0},"geometry":{"type":"Polygon","coordinates":[[[34.44318506017037,-0.12662993352497307],[34.44857493982963,-0.12662993352497307],[34.44857493982963,-0.12124006647502696],[34.44318506017037,-0.12124006647502696],[34.44318506017037,-0.12662993352497307]]]}},{"type":"Feature","properties":{"id":"RFB-0527","cls":"semi_permanent","area":59,"cost":14100,"tiv":830000.0,"tivCsv":830000.0,"lat":-0.1785,"lon":34.89242,"where":"KE","settlement":"other","density_class":"peri_urban","stratum":"basin","d10":0.0,"dr10":0.0,"loss10":0.0,"d20":0.0,"dr20":0.0,"loss20":0.0,"d50":0.0,"dr50":0.0,"loss50":0.0,"d100":0.0,"dr100":0.0,"loss100":0.0,"d200":0.0,"dr200":0.0,"loss200":0.0,"d500":0.0,"dr500":0.0,"loss500":0.0},"geometry":{"type":"Polygon","coordinates":[[[34.889721053396734,-0.18119493352497304],[34.89511094660326,-0.18119493352497304],[34.89511094660326,-0.17580506647502694],[34.889721053396734,-0.17580506647502694],[34.889721053396734,-0.18119493352497304]]]}},{"type":"Feature","properties":{"id":"RFB-0528","cls":"permanent_masonry","area":71,"cost":58800,"tiv":4175000.0,"tivCsv":4175000.0,"lat":0.61387,"lon":34.76165,"where":"KE","settlement":"Webuye","density_class":"urban","stratum":"basin","d10":0.0,"dr10":0.0,"loss10":0.0,"d20":0.0,"dr20":0.0,"loss20":0.0,"d50":0.0,"dr50":0.0,"loss50":0.0,"d100":0.0,"dr100":0.0,"loss100":0.0,"d200":0.0,"dr200":0.0,"loss200":0.0,"d500":0.0,"dr500":0.0,"loss500":0.0},"geometry":{"type":"Polygon","coordinates":[[[34.758950911791175,0.6111740664750269],[34.76434108820882,0.6111740664750269],[34.76434108820882,0.6165639335249731],[34.758950911791175,0.6165639335249731],[34.758950911791175,0.6111740664750269]]]}},{"type":"Feature","properties":{"id":"RFB-0529","cls":"permanent_masonry","area":206,"cost":63100,"tiv":13000000.0,"tivCsv":13000000.0,"lat":-0.11035,"lon":34.76362,"where":"KE","settlement":"Kisumu","density_class":"urban","stratum":"basin","d10":0.0,"dr10":0.0,"loss10":0.0,"d20":0.0,"dr20":0.0,"loss20":0.0,"d50":0.0,"dr50":0.0,"loss50":0.0,"d100":0.0,"dr100":0.0,"loss100":0.0,"d200":0.0,"dr200":0.0,"loss200":0.0,"d500":0.0,"dr500":0.0,"loss500":0.0},"geometry":{"type":"Polygon","coordinates":[[[34.7609200614766,-0.11304693352497305],[34.766309938523406,-0.11304693352497305],[34.766309938523406,-0.10765706647502696],[34.7609200614766,-0.10765706647502696],[34.7609200614766,-0.11304693352497305]]]}},{"type":"Feature","properties":{"id":"RFB-0530","cls":"concrete_rcc","area":696,"cost":79900,"tiv":55610000.0,"tivCsv":55610000.0,"lat":0.11034,"lon":34.71809,"where":"KE","settlement":"other","density_class":"urban","stratum":"basin","d10":0.0,"dr10":0.0,"loss10":0.0,"d20":0.0,"dr20":0.0,"loss20":0.0,"d50":0.0,"dr50":0.0,"loss50":0.0,"d100":0.0,"dr100":0.0,"loss100":0.0,"d200":0.0,"dr200":0.0,"loss200":0.0,"d500":0.0,"dr500":0.0,"loss500":0.0},"geometry":{"type":"Polygon","coordinates":[[[34.715391061477774,0.10764406647502696],[34.720780938522225,0.10764406647502696],[34.720780938522225,0.11303393352497305],[34.715391061477774,0.11303393352497305],[34.715391061477774,0.10764406647502696]]]}},{"type":"Feature","properties":{"id":"RFB-0531","cls":"semi_permanent","area":54,"cost":11700,"tiv":630000.0,"tivCsv":630000.0,"lat":-0.06022,"lon":35.30245,"where":"KE","settlement":"other","density_class":"rural","stratum":"basin","d10":0.0,"dr10":0.0,"loss10":0.0,"d20":0.0,"dr20":0.0,"loss20":0.0,"d50":0.0,"dr50":0.0,"loss50":0.0,"d100":0.0,"dr100":0.0,"loss100":0.0,"d200":0.0,"dr200":0.0,"loss200":0.0,"d500":0.0,"dr500":0.0,"loss500":0.0},"geometry":{"type":"Polygon","coordinates":[[[35.29975106498646,-0.06291593352497304],[35.30514093501355,-0.06291593352497304],[35.30514093501355,-0.05752606647502695],[35.29975106498646,-0.05752606647502695],[35.29975106498646,-0.06291593352497304]]]}},{"type":"Feature","properties":{"id":"RFB-0532","cls":"informal_iron_sheet","area":16,"cost":8300,"tiv":135000.0,"tivCsv":135000.0,"lat":0.80151,"lon":35.04377,"where":"KE","settlement":"other","density_class":"peri_urban","stratum":"basin","d10":0.0,"dr10":0.0,"loss10":0.0,"d20":0.0,"dr20":0.0,"loss20":0.0,"d50":0.0,"dr50":0.0,"loss50":0.0,"d100":0.0,"dr100":0.0,"loss100":0.0,"d200":0.0,"dr200":0.0,"loss200":0.0,"d500":0.0,"dr500":0.0,"loss500":0.0},"geometry":{"type":"Polygon","coordinates":[[[35.04107180276468,0.7988160664750269],[35.04646219723533,0.7988160664750269],[35.04646219723533,0.804205933524973],[35.04107180276468,0.804205933524973],[35.04107180276468,0.7988160664750269]]]}},{"type":"Feature","properties":{"id":"RFB-0533","cls":"permanent_masonry","area":49,"cost":60600,"tiv":2970000.0,"tivCsv":2970000.0,"lat":-0.16961,"lon":34.97263,"where":"KE","settlement":"other","density_class":"peri_urban","stratum":"basin","d10":0.0,"dr10":0.0,"loss10":0.0,"d20":0.0,"dr20":0.0,"loss20":0.0,"d50":0.0,"dr50":0.0,"loss50":0.0,"d100":0.0,"dr100":0.0,"loss100":0.0,"d200":0.0,"dr200":0.0,"loss200":0.0,"d500":0.0,"dr500":0.0,"loss500":0.0},"geometry":{"type":"Polygon","coordinates":[[[34.969936054667,-0.17230493352497306],[34.975325945333,-0.17230493352497306],[34.975325945333,-0.16691506647502696],[34.969936054667,-0.16691506647502696],[34.969936054667,-0.17230493352497306]]]}},{"type":"Feature","properties":{"id":"RFB-0534","cls":"permanent_masonry","area":241,"cost":53200,"tiv":12820000.0,"tivCsv":12820000.0,"lat":0.08976,"lon":34.41165,"where":"KE","settlement":"other","density_class":"peri_urban","stratum":"basin","d10":0.0,"dr10":0.0,"loss10":0.0,"d20":0.0,"dr20":0.0,"loss20":0.0,"d50":0.0,"dr50":0.0,"loss50":0.0,"d100":0.0,"dr100":0.0,"loss100":0.0,"d200":0.0,"dr200":0.0,"loss200":0.0,"d500":0.0,"dr500":0.0,"loss500":0.0},"geometry":{"type":"Polygon","coordinates":[[[34.408950063168284,0.08706106647502695],[34.414339936831716,0.08706106647502695],[34.414339936831716,0.09245093352497305],[34.408950063168284,0.09245093352497305],[34.408950063168284,0.08706106647502695]]]}},{"type":"Feature","properties":{"id":"RFB-0535","cls":"semi_permanent","area":30,"cost":12700,"tiv":380000.0,"tivCsv":380000.0,"lat":0.80044,"lon":34.83856,"where":"KE","settlement":"other","density_class":"peri_urban","stratum":"basin","d10":0.0,"dr10":0.0,"loss10":0.0,"d20":0.0,"dr20":0.0,"loss20":0.0,"d50":0.0,"dr50":0.0,"loss50":0.0,"d100":0.0,"dr100":0.0,"loss100":0.0,"d200":0.0,"dr200":0.0,"loss200":0.0,"d500":0.0,"dr500":0.0,"loss500":0.0},"geometry":{"type":"Polygon","coordinates":[[[34.8358668034677,0.7977470664750269],[34.841257196532304,0.7977470664750269],[34.841257196532304,0.8031369335249731],[34.8358668034677,0.8031369335249731],[34.8358668034677,0.7977470664750269]]]}},{"type":"Feature","properties":{"id":"RFB-0536","cls":"semi_permanent","area":53,"cost":9400,"tiv":500000.0,"tivCsv":500000.0,"lat":0.33482,"lon":34.52841,"where":"KE","settlement":"Mumias","density_class":"peri_urban","stratum":"basin","d10":0.0,"dr10":0.0,"loss10":0.0,"d20":0.0,"dr20":0.0,"loss20":0.0,"d50":0.0,"dr50":0.0,"loss50":0.0,"d100":0.0,"dr100":0.0,"loss100":0.0,"d200":0.0,"dr200":0.0,"loss200":0.0,"d500":0.0,"dr500":0.0,"loss500":0.0},"geometry":{"type":"Polygon","coordinates":[[[34.52571702046006,0.3321240664750269],[34.53110697953995,0.3321240664750269],[34.53110697953995,0.33751393352497305],[34.52571702046006,0.33751393352497305],[34.52571702046006,0.3321240664750269]]]}},{"type":"Feature","properties":{"id":"RFB-0537","cls":"informal_iron_sheet","area":11,"cost":6700,"tiv":75000.0,"tivCsv":75000.0,"lat":0.90528,"lon":34.88696,"where":"KE","settlement":"other","density_class":"peri_urban","stratum":"basin","d10":0.0,"dr10":0.0,"loss10":0.0,"d20":0.0,"dr20":0.0,"loss20":0.0,"d50":0.0,"dr50":0.0,"loss50":0.0,"d100":0.0,"dr100":0.0,"loss100":0.0,"d200":0.0,"dr200":0.0,"loss200":0.0,"d500":0.0,"dr500":0.0,"loss500":0.0},"geometry":{"type":"Polygon","coordinates":[[[34.88426673005495,0.902583066475027],[34.88965726994505,0.902583066475027],[34.88965726994505,0.9079729335249731],[34.88426673005495,0.9079729335249731],[34.88426673005495,0.902583066475027]]]}},{"type":"Feature","properties":{"id":"RFB-0538","cls":"concrete_rcc","area":225,"cost":75400,"tiv":16965000.0,"tivCsv":16965000.0,"lat":0.12287,"lon":34.81801,"where":"KE","settlement":"other","density_class":"urban","stratum":"basin","d10":0.0,"dr10":0.0,"loss10":0.0,"d20":0.0,"dr20":0.0,"loss20":0.0,"d50":0.0,"dr50":0.0,"loss50":0.0,"d100":0.0,"dr100":0.0,"loss100":0.0,"d200":0.0,"dr200":0.0,"loss200":0.0,"d500":0.0,"dr500":0.0,"loss500":0.0},"geometry":{"type":"Polygon","coordinates":[[[34.81531406027826,0.12017506647502695],[34.820703939721746,0.12017506647502695],[34.820703939721746,0.12556493352497305],[34.81531406027826,0.12556493352497305],[34.81531406027826,0.12017506647502695]]]}},{"type":"Feature","properties":{"id":"RFB-0539","cls":"permanent_masonry","area":280,"cost":43600,"tiv":12210000.0,"tivCsv":12210000.0,"lat":0.26947,"lon":34.2953,"where":"KE","settlement":"Bumala","density_class":"peri_urban","stratum":"basin","d10":0.0,"dr10":0.0,"loss10":0.0,"d20":0.0,"dr20":0.0,"loss20":0.0,"d50":0.0,"dr50":0.0,"loss50":0.0,"d100":0.0,"dr100":0.0,"loss100":0.0,"d200":0.0,"dr200":0.0,"loss200":0.0,"d500":0.0,"dr500":0.0,"loss500":0.0},"geometry":{"type":"Polygon","coordinates":[[[34.292603036669,0.2667770664750269],[34.297992963331005,0.2667770664750269],[34.297992963331005,0.27216693352497306],[34.292603036669,0.27216693352497306],[34.292603036669,0.2667770664750269]]]}},{"type":"Feature","properties":{"id":"RFB-0540","cls":"permanent_masonry","area":210,"cost":58900,"tiv":12370000.0,"tivCsv":12370000.0,"lat":0.28669,"lon":34.2829,"where":"KE","settlement":"Bumala","density_class":"peri_urban","stratum":"basin","d10":0.0,"dr10":0.0,"loss10":0.0,"d20":0.0,"dr20":0.0,"loss20":0.0,"d50":0.0,"dr50":0.0,"loss50":0.0,"d100":0.0,"dr100":0.0,"loss100":0.0,"d200":0.0,"dr200":0.0,"loss200":0.0,"d500":0.0,"dr500":0.0,"loss500":0.0},"geometry":{"type":"Polygon","coordinates":[[[34.280210032737635,0.2839980664750269],[34.285599967262364,0.2839980664750269],[34.285599967262364,0.28938793352497305],[34.280210032737635,0.28938793352497305],[34.280210032737635,0.2839980664750269]]]}},{"type":"Feature","properties":{"id":"RFB-0541","cls":"semi_permanent","area":33,"cost":12100,"tiv":400000.0,"tivCsv":400000.0,"lat":-0.01497,"lon":34.68939,"where":"KE","settlement":"other","density_class":"peri_urban","stratum":"basin","d10":0.0,"dr10":0.0,"loss10":0.0,"d20":0.0,"dr20":0.0,"loss20":0.0,"d50":0.0,"dr50":0.0,"loss50":0.0,"d100":0.0,"dr100":0.0,"loss100":0.0,"d200":0.0,"dr200":0.0,"loss200":0.0,"d500":0.0,"dr500":0.0,"loss500":0.0},"geometry":{"type":"Polygon","coordinates":[[[34.68669406638302,-0.01766693352497305],[34.69208393361698,-0.01766693352497305],[34.69208393361698,-0.012277066475026948],[34.68669406638302,-0.012277066475026948],[34.68669406638302,-0.01766693352497305]]]}},{"type":"Feature","properties":{"id":"RFB-0542","cls":"informal_iron_sheet","area":17,"cost":7100,"tiv":120000.0,"tivCsv":120000.0,"lat":0.07833,"lon":34.90561,"where":"KE","settlement":"other","density_class":"peri_urban","stratum":"basin","d10":0.0,"dr10":0.0,"loss10":0.0,"d20":0.0,"dr20":0.0,"loss20":0.0,"d50":0.0,"dr50":0.0,"loss50":0.0,"d100":0.0,"dr100":0.0,"loss100":0.0,"d200":0.0,"dr200":0.0,"loss200":0.0,"d500":0.0,"dr500":0.0,"loss500":0.0},"geometry":{"type":"Polygon","coordinates":[[[34.90291506395673,0.07563306647502695],[34.90830493604327,0.07563306647502695],[34.90830493604327,0.08102293352497304],[34.90291506395673,0.08102293352497304],[34.90291506395673,0.07563306647502695]]]}},{"type":"Feature","properties":{"id":"RFB-0543","cls":"concrete_rcc","area":493,"cost":66900,"tiv":32980000.0,"tivCsv":32980000.0,"lat":0.97986,"lon":35.13147,"where":"KE","settlement":"other","density_class":"peri_urban","stratum":"basin","d10":0.0,"dr10":0.0,"loss10":0.0,"d20":0.0,"dr20":0.0,"loss20":0.0,"d50":0.0,"dr50":0.0,"loss50":0.0,"d100":0.0,"dr100":0.0,"loss100":0.0,"d200":0.0,"dr200":0.0,"loss200":0.0,"d500":0.0,"dr500":0.0,"loss500":0.0},"geometry":{"type":"Polygon","coordinates":[[[35.12877567233125,0.9771660664750269],[35.134166327668744,0.9771660664750269],[35.134166327668744,0.9825559335249731],[35.12877567233125,0.9825559335249731],[35.12877567233125,0.9771660664750269]]]}},{"type":"Feature","properties":{"id":"RFB-0544","cls":"semi_permanent","area":53,"cost":13800,"tiv":730000.0,"tivCsv":730000.0,"lat":0.07973,"lon":34.28423,"where":"KE","settlement":"other","density_class":"peri_urban","stratum":"basin","d10":0.0,"dr10":0.0,"loss10":0.0,"d20":0.0,"dr20":0.0,"loss20":0.0,"d50":0.0,"dr50":0.0,"loss50":0.0,"d100":0.0,"dr100":0.0,"loss100":0.0,"d200":0.0,"dr200":0.0,"loss200":0.0,"d500":0.0,"dr500":0.0,"loss500":0.0},"geometry":{"type":"Polygon","coordinates":[[[34.281531063865636,0.07703706647502695],[34.28692093613436,0.07703706647502695],[34.28692093613436,0.08242693352497305],[34.281531063865636,0.08242693352497305],[34.281531063865636,0.07703706647502695]]]}},{"type":"Feature","properties":{"id":"RFB-0545","cls":"informal_iron_sheet","area":14,"cost":6500,"tiv":90000.0,"tivCsv":90000.0,"lat":0.33896,"lon":34.74808,"where":"KE","settlement":"other","density_class":"peri_urban","stratum":"basin","d10":0.0,"dr10":0.0,"loss10":0.0,"d20":0.0,"dr20":0.0,"loss20":0.0,"d50":0.0,"dr50":0.0,"loss50":0.0,"d100":0.0,"dr100":0.0,"loss100":0.0,"d200":0.0,"dr200":0.0,"loss200":0.0,"d500":0.0,"dr500":0.0,"loss500":0.0},"geometry":{"type":"Polygon","coordinates":[[[34.74538701931617,0.33626006647502693],[34.750776980683824,0.33626006647502693],[34.750776980683824,0.3416499335249731],[34.74538701931617,0.3416499335249731],[34.74538701931617,0.33626006647502693]]]}},{"type":"Feature","properties":{"id":"RFB-0546","cls":"concrete_rcc","area":614,"cost":74500,"tiv":45745000.0,"tivCsv":45745000.0,"lat":0.77293,"lon":34.51471,"where":"KE","settlement":"other","density_class":"peri_urban","stratum":"basin","d10":0.0,"dr10":0.0,"loss10":0.0,"d20":0.0,"dr20":0.0,"loss20":0.0,"d50":0.0,"dr50":0.0,"loss50":0.0,"d100":0.0,"dr100":0.0,"loss100":0.0,"d200":0.0,"dr200":0.0,"loss200":0.0,"d500":0.0,"dr500":0.0,"loss500":0.0},"geometry":{"type":"Polygon","coordinates":[[[34.51201682123673,0.7702370664750269],[34.51740717876328,0.7702370664750269],[34.51740717876328,0.775626933524973],[34.51201682123673,0.775626933524973],[34.51201682123673,0.7702370664750269]]]}},{"type":"Feature","properties":{"id":"RFB-0547","cls":"semi_permanent","area":66,"cost":11900,"tiv":785000.0,"tivCsv":785000.0,"lat":0.54697,"lon":34.5387,"where":"KE","settlement":"other","density_class":"peri_urban","stratum":"basin","d10":0.0,"dr10":0.0,"loss10":0.0,"d20":0.0,"dr20":0.0,"loss20":0.0,"d50":0.0,"dr50":0.0,"loss50":0.0,"d100":0.0,"dr100":0.0,"loss100":0.0,"d200":0.0,"dr200":0.0,"loss200":0.0,"d500":0.0,"dr500":0.0,"loss500":0.0},"geometry":{"type":"Polygon","coordinates":[[[34.53600394366816,0.5442790664750269],[34.54139405633184,0.5442790664750269],[34.54139405633184,0.549668933524973],[34.53600394366816,0.549668933524973],[34.53600394366816,0.5442790664750269]]]}},{"type":"Feature","properties":{"id":"RFB-0548","cls":"semi_permanent","area":36,"cost":11600,"tiv":420000.0,"tivCsv":420000.0,"lat":0.38609,"lon":34.14061,"where":"KE","settlement":"Bumala","density_class":"peri_urban","stratum":"basin","d10":0.0,"dr10":0.0,"loss10":0.0,"d20":0.0,"dr20":0.0,"loss20":0.0,"d50":0.0,"dr50":0.0,"loss50":0.0,"d100":0.0,"dr100":0.0,"loss100":0.0,"d200":0.0,"dr200":0.0,"loss200":0.0,"d500":0.0,"dr500":0.0,"loss500":0.0},"geometry":{"type":"Polygon","coordinates":[[[34.13791300528786,0.38339606647502694],[34.143302994712144,0.38339606647502694],[34.143302994712144,0.3887859335249731],[34.13791300528786,0.3887859335249731],[34.13791300528786,0.38339606647502694]]]}},{"type":"Feature","properties":{"id":"RFB-0549","cls":"informal_iron_sheet","area":13,"cost":8200,"tiv":105000.0,"tivCsv":105000.0,"lat":-0.04122,"lon":35.25089,"where":"KE","settlement":"other","density_class":"rural","stratum":"basin","d10":0.0,"dr10":0.0,"loss10":0.0,"d20":0.0,"dr20":0.0,"loss20":0.0,"d50":0.0,"dr50":0.0,"loss50":0.0,"d100":0.0,"dr100":0.0,"loss100":0.0,"d200":0.0,"dr200":0.0,"loss200":0.0,"d500":0.0,"dr500":0.0,"loss500":0.0},"geometry":{"type":"Polygon","coordinates":[[[35.248195065777544,-0.04391693352497305],[35.25358493422245,-0.04391693352497305],[35.25358493422245,-0.038527066475026954],[35.248195065777544,-0.038527066475026954],[35.248195065777544,-0.04391693352497305]]]}},{"type":"Feature","properties":{"id":"RFB-0550","cls":"informal_iron_sheet","area":16,"cost":9100,"tiv":145000.0,"tivCsv":145000.0,"lat":-0.08198,"lon":34.27609,"where":"KE","settlement":"Siaya","density_class":"peri_urban","stratum":"basin","d10":0.0,"dr10":0.0,"loss10":0.0,"d20":0.0,"dr20":0.0,"loss20":0.0,"d50":0.0,"dr50":0.0,"loss50":0.0,"d100":0.0,"dr100":0.0,"loss100":0.0,"d200":0.0,"dr200":0.0,"loss200":0.0,"d500":0.0,"dr500":0.0,"loss500":0.0},"geometry":{"type":"Polygon","coordinates":[[[34.273395063716364,-0.08467593352497305],[34.27878493628364,-0.08467593352497305],[34.27878493628364,-0.07928606647502695],[34.273395063716364,-0.07928606647502695],[34.273395063716364,-0.08467593352497305]]]}},{"type":"Feature","properties":{"id":"RFB-0551","cls":"informal_iron_sheet","area":12,"cost":9000,"tiv":110000.0,"tivCsv":110000.0,"lat":0.9397,"lon":34.98233,"where":"KE","settlement":"Kitale","density_class":"peri_urban","stratum":"basin","d10":0.0,"dr10":0.0,"loss10":0.0,"d20":0.0,"dr20":0.0,"loss20":0.0,"d50":0.0,"dr50":0.0,"loss50":0.0,"d100":0.0,"dr100":0.0,"loss100":0.0,"d200":0.0,"dr200":0.0,"loss200":0.0,"d500":0.0,"dr500":0.0,"loss500":0.0},"geometry":{"type":"Polygon","coordinates":[[[34.97963270397869,0.9370090664750269],[34.98502329602132,0.9370090664750269],[34.98502329602132,0.9423989335249731],[34.97963270397869,0.9423989335249731],[34.97963270397869,0.9370090664750269]]]}},{"type":"Feature","properties":{"id":"RFB-0552","cls":"permanent_masonry","area":223,"cost":59300,"tiv":13225000.0,"tivCsv":13225000.0,"lat":0.47701,"lon":35.2535,"where":"KE","settlement":"other","density_class":"urban","stratum":"basin","d10":0.0,"dr10":0.0,"loss10":0.0,"d20":0.0,"dr20":0.0,"loss20":0.0,"d50":0.0,"dr50":0.0,"loss50":0.0,"d100":0.0,"dr100":0.0,"loss100":0.0,"d200":0.0,"dr200":0.0,"loss200":0.0,"d500":0.0,"dr500":0.0,"loss500":0.0},"geometry":{"type":"Polygon","coordinates":[[[35.250800973076046,0.47431606647502694],[35.25619102692395,0.47431606647502694],[35.25619102692395,0.4797059335249731],[35.250800973076046,0.4797059335249731],[35.250800973076046,0.47431606647502694]]]}},{"type":"Feature","properties":{"id":"RFB-0553","cls":"permanent_masonry","area":254,"cost":57800,"tiv":14680000.0,"tivCsv":14680000.0,"lat":-0.00138,"lon":34.74917,"where":"KE","settlement":"Kisumu","density_class":"urban","stratum":"basin","d10":0.0,"dr10":0.0,"loss10":0.0,"d20":0.0,"dr20":0.0,"loss20":0.0,"d50":0.0,"dr50":0.0,"loss50":0.0,"d100":0.0,"dr100":0.0,"loss100":0.0,"d200":0.0,"dr200":0.0,"loss200":0.0,"d500":0.0,"dr500":0.0,"loss500":0.0},"geometry":{"type":"Polygon","coordinates":[[[34.746478066474246,-0.004073933524973051],[34.75186793352575,-0.004073933524973051],[34.75186793352575,0.0013159335249730507],[34.746478066474246,0.0013159335249730507],[34.746478066474246,-0.004073933524973051]]]}},{"type":"Feature","properties":{"id":"RFB-0554","cls":"permanent_masonry","area":116,"cost":54600,"tiv":6335000.0,"tivCsv":6335000.0,"lat":0.25963,"lon":34.18732,"where":"KE","settlement":"Bumala","density_class":"peri_urban","stratum":"basin","d10":0.0,"dr10":0.0,"loss10":0.0,"d20":0.0,"dr20":0.0,"loss20":0.0,"d50":0.0,"dr50":0.0,"loss50":0.0,"d100":0.0,"dr100":0.0,"loss100":0.0,"d200":0.0,"dr200":0.0,"loss200":0.0,"d500":0.0,"dr500":0.0,"loss500":0.0},"geometry":{"type":"Polygon","coordinates":[[[34.184625038806914,0.25693306647502695],[34.190014961193086,0.25693306647502695],[34.190014961193086,0.2623229335249731],[34.184625038806914,0.2623229335249731],[34.184625038806914,0.25693306647502695]]]}},{"type":"Feature","properties":{"id":"RFB-0555","cls":"permanent_masonry","area":234,"cost":54500,"tiv":12755000.0,"tivCsv":12755000.0,"lat":-0.02743,"lon":34.74534,"where":"KE","settlement":"Kisumu","density_class":"peri_urban","stratum":"basin","d10":0.0,"dr10":0.0,"loss10":0.0,"d20":0.0,"dr20":0.0,"loss20":0.0,"d50":0.0,"dr50":0.0,"loss50":0.0,"d100":0.0,"dr100":0.0,"loss100":0.0,"d200":0.0,"dr200":0.0,"loss200":0.0,"d500":0.0,"dr500":0.0,"loss500":0.0},"geometry":{"type":"Polygon","coordinates":[[[34.74264306616617,-0.03012593352497305],[34.74803293383383,-0.03012593352497305],[34.74803293383383,-0.02473606647502695],[34.74264306616617,-0.02473606647502695],[34.74264306616617,-0.03012593352497305]]]}},{"type":"Feature","properties":{"id":"RFB-0556","cls":"permanent_masonry","area":269,"cost":55000,"tiv":14795000.0,"tivCsv":14795000.0,"lat":0.27095,"lon":34.7398,"where":"KE","settlement":"other","density_class":"urban","stratum":"basin","d10":0.0,"dr10":0.0,"loss10":0.0,"d20":0.0,"dr20":0.0,"loss20":0.0,"d50":0.0,"dr50":0.0,"loss50":0.0,"d100":0.0,"dr100":0.0,"loss100":0.0,"d200":0.0,"dr200":0.0,"loss200":0.0,"d500":0.0,"dr500":0.0,"loss500":0.0},"geometry":{"type":"Polygon","coordinates":[[[34.73710403634136,0.2682540664750269],[34.74249396365864,0.2682540664750269],[34.74249396365864,0.27364393352497307],[34.73710403634136,0.27364393352497307],[34.73710403634136,0.2682540664750269]]]}},{"type":"Feature","properties":{"id":"RFB-0557","cls":"permanent_masonry","area":125,"cost":53700,"tiv":6710000.0,"tivCsv":6710000.0,"lat":0.72347,"lon":35.23724,"where":"KE","settlement":"other","density_class":"rural","stratum":"basin","d10":0.0,"dr10":0.0,"loss10":0.0,"d20":0.0,"dr20":0.0,"loss20":0.0,"d50":0.0,"dr50":0.0,"loss50":0.0,"d100":0.0,"dr100":0.0,"loss100":0.0,"d200":0.0,"dr200":0.0,"loss200":0.0,"d500":0.0,"dr500":0.0,"loss500":0.0},"geometry":{"type":"Polygon","coordinates":[[[35.23454085162199,0.720774066475027],[35.23993114837801,0.720774066475027],[35.23993114837801,0.7261639335249731],[35.23454085162199,0.7261639335249731],[35.23454085162199,0.720774066475027]]]}},{"type":"Feature","properties":{"id":"RFB-0558","cls":"semi_permanent","area":34,"cost":14000,"tiv":475000.0,"tivCsv":475000.0,"lat":0.40415,"lon":34.75175,"where":"KE","settlement":"Kakamega","density_class":"peri_urban","stratum":"basin","d10":0.0,"dr10":0.0,"loss10":0.0,"d20":0.0,"dr20":0.0,"loss20":0.0,"d50":0.0,"dr50":0.0,"loss50":0.0,"d100":0.0,"dr100":0.0,"loss100":0.0,"d200":0.0,"dr200":0.0,"loss200":0.0,"d500":0.0,"dr500":0.0,"loss500":0.0},"geometry":{"type":"Polygon","coordinates":[[[34.74905799942894,0.4014580664750269],[34.75444800057106,0.4014580664750269],[34.75444800057106,0.40684793352497306],[34.74905799942894,0.40684793352497306],[34.74905799942894,0.4014580664750269]]]}},{"type":"Feature","properties":{"id":"RFB-0559","cls":"informal_iron_sheet","area":23,"cost":6500,"tiv":150000.0,"tivCsv":150000.0,"lat":0.37572,"lon":34.4703,"where":"KE","settlement":"Mumias","density_class":"peri_urban","stratum":"basin","d10":0.0,"dr10":0.0,"loss10":0.0,"d20":0.0,"dr20":0.0,"loss20":0.0,"d50":0.0,"dr50":0.0,"loss50":0.0,"d100":0.0,"dr100":0.0,"loss100":0.0,"d200":0.0,"dr200":0.0,"loss200":0.0,"d500":0.0,"dr500":0.0,"loss500":0.0},"geometry":{"type":"Polygon","coordinates":[[[34.46760800852939,0.3730300664750269],[34.47299799147061,0.3730300664750269],[34.47299799147061,0.37841993352497305],[34.46760800852939,0.37841993352497305],[34.46760800852939,0.3730300664750269]]]}},{"type":"Feature","properties":{"id":"RFB-0560","cls":"semi_permanent","area":34,"cost":13300,"tiv":450000.0,"tivCsv":450000.0,"lat":-0.08191,"lon":34.78531,"where":"KE","settlement":"Kisumu","density_class":"urban","stratum":"basin","d10":0.0,"dr10":0.0,"loss10":0.0,"d20":0.0,"dr20":0.0,"loss20":0.0,"d50":0.0,"dr50":0.0,"loss50":0.0,"d100":0.0,"dr100":0.0,"loss100":0.0,"d200":0.0,"dr200":0.0,"loss200":0.0,"d500":0.0,"dr500":0.0,"loss500":0.0},"geometry":{"type":"Polygon","coordinates":[[[34.782610063721066,-0.08460593352497305],[34.787999936278936,-0.08460593352497305],[34.787999936278936,-0.07921606647502695],[34.782610063721066,-0.07921606647502695],[34.782610063721066,-0.08460593352497305]]]}},{"type":"Feature","properties":{"id":"RFB-0561","cls":"permanent_masonry","area":150,"cost":47500,"tiv":7125000.0,"tivCsv":7125000.0,"lat":0.54668,"lon":35.3072,"where":"KE","settlement":"other","density_class":"urban","stratum":"basin","d10":0.0,"dr10":0.0,"loss10":0.0,"d20":0.0,"dr20":0.0,"loss20":0.0,"d50":0.0,"dr50":0.0,"loss50":0.0,"d100":0.0,"dr100":0.0,"loss100":0.0,"d200":0.0,"dr200":0.0,"loss200":0.0,"d500":0.0,"dr500":0.0,"loss500":0.0},"geometry":{"type":"Polygon","coordinates":[[[35.30450494380239,0.543980066475027],[35.30989505619761,0.543980066475027],[35.30989505619761,0.5493699335249731],[35.30450494380239,0.5493699335249731],[35.30450494380239,0.543980066475027]]]}},{"type":"Feature","properties":{"id":"RFB-0562","cls":"permanent_masonry","area":238,"cost":56100,"tiv":13350000.0,"tivCsv":13350000.0,"lat":0.69887,"lon":34.99847,"where":"KE","settlement":"other","density_class":"peri_urban","stratum":"basin","d10":0.0,"dr10":0.0,"loss10":0.0,"d20":0.0,"dr20":0.0,"loss20":0.0,"d50":0.0,"dr50":0.0,"loss50":0.0,"d100":0.0,"dr100":0.0,"loss100":0.0,"d200":0.0,"dr200":0.0,"loss200":0.0,"d500":0.0,"dr500":0.0,"loss500":0.0},"geometry":{"type":"Polygon","coordinates":[[[34.99577886598397,0.696177066475027],[35.00116913401603,0.696177066475027],[35.00116913401603,0.7015669335249731],[34.99577886598397,0.7015669335249731],[34.99577886598397,0.696177066475027]]]}},{"type":"Feature","properties":{"id":"RFB-0563","cls":"permanent_masonry","area":254,"cost":55600,"tiv":14120000.0,"tivCsv":14120000.0,"lat":0.095,"lon":34.72636,"where":"KE","settlement":"other","density_class":"urban","stratum":"basin","d10":0.0,"dr10":0.0,"loss10":0.0,"d20":0.0,"dr20":0.0,"loss20":0.0,"d50":0.0,"dr50":0.0,"loss50":0.0,"d100":0.0,"dr100":0.0,"loss100":0.0,"d200":0.0,"dr200":0.0,"loss200":0.0,"d500":0.0,"dr500":0.0,"loss500":0.0},"geometry":{"type":"Polygon","coordinates":[[[34.72366306277076,0.09230306647502695],[34.729052937229234,0.09230306647502695],[34.729052937229234,0.09769293352497305],[34.72366306277076,0.09769293352497305],[34.72366306277076,0.09230306647502695]]]}},{"type":"Feature","properties":{"id":"RFB-0564","cls":"semi_permanent","area":32,"cost":15200,"tiv":485000.0,"tivCsv":485000.0,"lat":0.50248,"lon":35.30301,"where":"KE","settlement":"other","density_class":"urban","stratum":"basin","d10":0.0,"dr10":0.0,"loss10":0.0,"d20":0.0,"dr20":0.0,"loss20":0.0,"d50":0.0,"dr50":0.0,"loss50":0.0,"d100":0.0,"dr100":0.0,"loss100":0.0,"d200":0.0,"dr200":0.0,"loss200":0.0,"d500":0.0,"dr500":0.0,"loss500":0.0},"geometry":{"type":"Polygon","coordinates":[[[35.300314962837014,0.4997820664750269],[35.30570503716299,0.4997820664750269],[35.30570503716299,0.505171933524973],[35.300314962837014,0.505171933524973],[35.300314962837014,0.4997820664750269]]]}},{"type":"Feature","properties":{"id":"RFB-0565","cls":"semi_permanent","area":38,"cost":13200,"tiv":500000.0,"tivCsv":500000.0,"lat":0.43446,"lon":34.67318,"where":"KE","settlement":"other","density_class":"peri_urban","stratum":"basin","d10":0.0,"dr10":0.0,"loss10":0.0,"d20":0.0,"dr20":0.0,"loss20":0.0,"d50":0.0,"dr50":0.0,"loss50":0.0,"d100":0.0,"dr100":0.0,"loss100":0.0,"d200":0.0,"dr200":0.0,"loss200":0.0,"d500":0.0,"dr500":0.0,"loss500":0.0},"geometry":{"type":"Polygon","coordinates":[[[34.67047998899767,0.43176106647502693],[34.67587001100233,0.43176106647502693],[34.67587001100233,0.4371509335249731],[34.67047998899767,0.4371509335249731],[34.67047998899767,0.43176106647502693]]]}},{"type":"Feature","properties":{"id":"RFB-0566","cls":"informal_iron_sheet","area":22,"cost":6700,"tiv":145000.0,"tivCsv":145000.0,"lat":-0.17276,"lon":35.08393,"where":"KE","settlement":"other","density_class":"peri_urban","stratum":"basin","d10":0.0,"dr10":0.0,"loss10":0.0,"d20":0.0,"dr20":0.0,"loss20":0.0,"d50":0.0,"dr50":0.0,"loss50":0.0,"d100":0.0,"dr100":0.0,"loss100":0.0,"d200":0.0,"dr200":0.0,"loss200":0.0,"d500":0.0,"dr500":0.0,"loss500":0.0},"geometry":{"type":"Polygon","coordinates":[[[35.081232054224614,-0.17545293352497304],[35.08662194577539,-0.17545293352497304],[35.08662194577539,-0.17006306647502695],[35.081232054224614,-0.17006306647502695],[35.081232054224614,-0.17545293352497304]]]}},{"type":"Feature","properties":{"id":"RFB-0567","cls":"concrete_rcc","area":374,"cost":71000,"tiv":26555000.0,"tivCsv":26555000.0,"lat":0.17624,"lon":34.30044,"where":"KE","settlement":"other","density_class":"urban","stratum":"basin","d10":0.0,"dr10":0.0,"loss10":0.0,"d20":0.0,"dr20":0.0,"loss20":0.0,"d50":0.0,"dr50":0.0,"loss50":0.0,"d100":0.0,"dr100":0.0,"loss100":0.0,"d200":0.0,"dr200":0.0,"loss200":0.0,"d500":0.0,"dr500":0.0,"loss500":0.0},"geometry":{"type":"Polygon","coordinates":[[[34.29774605372595,0.17354406647502696],[34.30313594627405,0.17354406647502696],[34.30313594627405,0.17893393352497305],[34.29774605372595,0.17893393352497305],[34.29774605372595,0.17354406647502696]]]}},{"type":"Feature","properties":{"id":"RFB-0568","cls":"permanent_masonry","area":204,"cost":38200,"tiv":7795000.0,"tivCsv":7795000.0,"lat":0.1857,"lon":35.06014,"where":"KE","settlement":"other","density_class":"peri_urban","stratum":"basin","d10":0.0,"dr10":0.0,"loss10":0.0,"d20":0.0,"dr20":0.0,"loss20":0.0,"d50":0.0,"dr50":0.0,"loss50":0.0,"d100":0.0,"dr100":0.0,"loss100":0.0,"d200":0.0,"dr200":0.0,"loss200":0.0,"d500":0.0,"dr500":0.0,"loss500":0.0},"geometry":{"type":"Polygon","coordinates":[[[35.05744605232071,0.18300306647502695],[35.0628359476793,0.18300306647502695],[35.0628359476793,0.18839293352497305],[35.05744605232071,0.18839293352497305],[35.05744605232071,0.18300306647502695]]]}},{"type":"Feature","properties":{"id":"RFB-0569","cls":"permanent_masonry","area":85,"cost":57600,"tiv":4895000.0,"tivCsv":4895000.0,"lat":-0.10319,"lon":35.2824,"where":"KE","settlement":"other","density_class":"rural","stratum":"basin","d10":0.0,"dr10":0.0,"loss10":0.0,"d20":0.0,"dr20":0.0,"loss20":0.0,"d50":0.0,"dr50":0.0,"loss50":0.0,"d100":0.0,"dr100":0.0,"loss100":0.0,"d200":0.0,"dr200":0.0,"loss200":0.0,"d500":0.0,"dr500":0.0,"loss500":0.0},"geometry":{"type":"Polygon","coordinates":[[[35.27970306210444,-0.10588393352497305],[35.28509293789556,-0.10588393352497305],[35.28509293789556,-0.10049406647502696],[35.27970306210444,-0.10049406647502696],[35.27970306210444,-0.10588393352497305]]]}},{"type":"Feature","properties":{"id":"RFB-0570","cls":"permanent_masonry","area":157,"cost":62600,"tiv":9830000.0,"tivCsv":9830000.0,"lat":0.1256,"lon":34.85403,"where":"KE","settlement":"other","density_class":"urban","stratum":"basin","d10":0.0,"dr10":0.0,"loss10":0.0,"d20":0.0,"dr20":0.0,"loss20":0.0,"d50":0.0,"dr50":0.0,"loss50":0.0,"d100":0.0,"dr100":0.0,"loss100":0.0,"d200":0.0,"dr200":0.0,"loss200":0.0,"d500":0.0,"dr500":0.0,"loss500":0.0},"geometry":{"type":"Polygon","coordinates":[[[34.851333059999725,0.12290606647502694],[34.856722940000274,0.12290606647502694],[34.856722940000274,0.12829593352497304],[34.851333059999725,0.12829593352497304],[34.851333059999725,0.12290606647502694]]]}},{"type":"Feature","properties":{"id":"RFB-0571","cls":"informal_iron_sheet","area":19,"cost":9200,"tiv":175000.0,"tivCsv":175000.0,"lat":-0.12751,"lon":34.76006,"where":"KE","settlement":"Kisumu","density_class":"urban","stratum":"basin","d10":0.0,"dr10":0.0,"loss10":0.0,"d20":0.0,"dr20":0.0,"loss20":0.0,"d50":0.0,"dr50":0.0,"loss50":0.0,"d100":0.0,"dr100":0.0,"loss100":0.0,"d200":0.0,"dr200":0.0,"loss200":0.0,"d500":0.0,"dr500":0.0,"loss500":0.0},"geometry":{"type":"Polygon","coordinates":[[[34.757366059801605,-0.13020293352497306],[34.762755940198396,-0.13020293352497306],[34.762755940198396,-0.12481306647502696],[34.757366059801605,-0.12481306647502696],[34.757366059801605,-0.13020293352497306]]]}},{"type":"Feature","properties":{"id":"RFB-0572","cls":"concrete_rcc","area":235,"cost":78400,"tiv":18425000.0,"tivCsv":18425000.0,"lat":0.22107,"lon":34.50202,"where":"KE","settlement":"other","density_class":"urban","stratum":"basin","d10":0.0,"dr10":0.0,"loss10":0.0,"d20":0.0,"dr20":0.0,"loss20":0.0,"d50":0.0,"dr50":0.0,"loss50":0.0,"d100":0.0,"dr100":0.0,"loss100":0.0,"d200":0.0,"dr200":0.0,"loss200":0.0,"d500":0.0,"dr500":0.0,"loss500":0.0},"geometry":{"type":"Polygon","coordinates":[[[34.49932204641447,0.21837706647502694],[34.504711953585534,0.21837706647502694],[34.504711953585534,0.22376693352497304],[34.49932204641447,0.22376693352497304],[34.49932204641447,0.21837706647502694]]]}},{"type":"Feature","properties":{"id":"RFB-0573","cls":"concrete_rcc","area":279,"cost":72800,"tiv":20310000.0,"tivCsv":20310000.0,"lat":0.27824,"lon":34.33477,"where":"KE","settlement":"other","density_class":"peri_urban","stratum":"basin","d10":0.0,"dr10":0.0,"loss10":0.0,"d20":0.0,"dr20":0.0,"loss20":0.0,"d50":0.0,"dr50":0.0,"loss50":0.0,"d100":0.0,"dr100":0.0,"loss100":0.0,"d200":0.0,"dr200":0.0,"loss200":0.0,"d500":0.0,"dr500":0.0,"loss500":0.0},"geometry":{"type":"Polygon","coordinates":[[[34.33207503469847,0.27554206647502694],[34.33746496530153,0.27554206647502694],[34.33746496530153,0.2809319335249731],[34.33207503469847,0.2809319335249731],[34.33207503469847,0.27554206647502694]]]}},{"type":"Feature","properties":{"id":"RFB-0574","cls":"informal_iron_sheet","area":10,"cost":9200,"tiv":90000.0,"tivCsv":90000.0,"lat":0.61171,"lon":34.77972,"where":"KE","settlement":"Webuye","density_class":"peri_urban","stratum":"basin","d10":0.0,"dr10":0.0,"loss10":0.0,"d20":0.0,"dr20":0.0,"loss20":0.0,"d50":0.0,"dr50":0.0,"loss50":0.0,"d100":0.0,"dr100":0.0,"loss100":0.0,"d200":0.0,"dr200":0.0,"loss200":0.0,"d500":0.0,"dr500":0.0,"loss500":0.0},"geometry":{"type":"Polygon","coordinates":[[[34.77702191287737,0.6090150664750269],[34.78241208712262,0.6090150664750269],[34.78241208712262,0.614404933524973],[34.77702191287737,0.614404933524973],[34.77702191287737,0.6090150664750269]]]}},{"type":"Feature","properties":{"id":"RFB-0575","cls":"permanent_masonry","area":89,"cost":40100,"tiv":3570000.0,"tivCsv":3570000.0,"lat":0.70278,"lon":34.86859,"where":"KE","settlement":"other","density_class":"peri_urban","stratum":"basin","d10":0.0,"dr10":0.0,"loss10":0.0,"d20":0.0,"dr20":0.0,"loss20":0.0,"d50":0.0,"dr50":0.0,"loss50":0.0,"d100":0.0,"dr100":0.0,"loss100":0.0,"d200":0.0,"dr200":0.0,"loss200":0.0,"d500":0.0,"dr500":0.0,"loss500":0.0},"geometry":{"type":"Polygon","coordinates":[[[34.86589986373532,0.7000850664750269],[34.871290136264676,0.7000850664750269],[34.871290136264676,0.705474933524973],[34.86589986373532,0.705474933524973],[34.86589986373532,0.7000850664750269]]]}},{"type":"Feature","properties":{"id":"RFB-0576","cls":"informal_iron_sheet","area":10,"cost":6000,"tiv":60000.0,"tivCsv":60000.0,"lat":0.35361,"lon":34.7634,"where":"KE","settlement":"other","density_class":"peri_urban","stratum":"basin","d10":0.0,"dr10":0.0,"loss10":0.0,"d20":0.0,"dr20":0.0,"loss20":0.0,"d50":0.0,"dr50":0.0,"loss50":0.0,"d100":0.0,"dr100":0.0,"loss100":0.0,"d200":0.0,"dr200":0.0,"loss200":0.0,"d500":0.0,"dr500":0.0,"loss500":0.0},"geometry":{"type":"Polygon","coordinates":[[[34.76070401514947,0.3509170664750269],[34.76609398485053,0.3509170664750269],[34.76609398485053,0.35630693352497306],[34.76070401514947,0.35630693352497306],[34.76070401514947,0.3509170664750269]]]}},{"type":"Feature","properties":{"id":"RFB-0577","cls":"permanent_masonry","area":76,"cost":60000,"tiv":4560000.0,"tivCsv":4560000.0,"lat":1.03196,"lon":34.99108,"where":"KE","settlement":"Kitale","density_class":"urban","stratum":"basin","d10":0.0,"dr10":0.0,"loss10":0.0,"d20":0.0,"dr20":0.0,"loss20":0.0,"d50":0.0,"dr50":0.0,"loss50":0.0,"d100":0.0,"dr100":0.0,"loss100":0.0,"d200":0.0,"dr200":0.0,"loss200":0.0,"d500":0.0,"dr500":0.0,"loss500":0.0},"geometry":{"type":"Polygon","coordinates":[[[34.9883856292998,1.0292630664750269],[34.9937763707002,1.0292630664750269],[34.9937763707002,1.034652933524973],[34.9883856292998,1.034652933524973],[34.9883856292998,1.0292630664750269]]]}},{"type":"Feature","properties":{"id":"RFB-0578","cls":"semi_permanent","area":38,"cost":11400,"tiv":435000.0,"tivCsv":435000.0,"lat":0.80183,"lon":35.37173,"where":"KE","settlement":"other","density_class":"rural","stratum":"basin","d10":0.0,"dr10":0.0,"loss10":0.0,"d20":0.0,"dr20":0.0,"loss20":0.0,"d50":0.0,"dr50":0.0,"loss50":0.0,"d100":0.0,"dr100":0.0,"loss100":0.0,"d200":0.0,"dr200":0.0,"loss200":0.0,"d500":0.0,"dr500":0.0,"loss500":0.0},"geometry":{"type":"Polygon","coordinates":[[[35.36903180255404,0.7991360664750269],[35.37442219744596,0.7991360664750269],[35.37442219744596,0.804525933524973],[35.36903180255404,0.804525933524973],[35.36903180255404,0.7991360664750269]]]}},{"type":"Feature","properties":{"id":"RFB-0579","cls":"permanent_masonry","area":206,"cost":55200,"tiv":11370000.0,"tivCsv":11370000.0,"lat":0.13599,"lon":34.77718,"where":"KE","settlement":"other","density_class":"peri_urban","stratum":"basin","d10":0.0,"dr10":0.0,"loss10":0.0,"d20":0.0,"dr20":0.0,"loss20":0.0,"d50":0.0,"dr50":0.0,"loss50":0.0,"d100":0.0,"dr100":0.0,"loss100":0.0,"d200":0.0,"dr200":0.0,"loss200":0.0,"d500":0.0,"dr500":0.0,"loss500":0.0},"geometry":{"type":"Polygon","coordinates":[[[34.77448805888411,0.13329606647502695],[34.77987794111589,0.13329606647502695],[34.77987794111589,0.13868593352497305],[34.77448805888411,0.13868593352497305],[34.77448805888411,0.13329606647502695]]]}},{"type":"Feature","properties":{"id":"RFB-0580","cls":"informal_iron_sheet","area":16,"cost":9100,"tiv":145000.0,"tivCsv":145000.0,"lat":0.18184,"lon":34.96831,"where":"KE","settlement":"other","density_class":"peri_urban","stratum":"basin","d10":0.0,"dr10":0.0,"loss10":0.0,"d20":0.0,"dr20":0.0,"loss20":0.0,"d50":0.0,"dr50":0.0,"loss50":0.0,"d100":0.0,"dr100":0.0,"loss100":0.0,"d200":0.0,"dr200":0.0,"loss200":0.0,"d500":0.0,"dr500":0.0,"loss500":0.0},"geometry":{"type":"Polygon","coordinates":[[[34.96561905290332,0.17914106647502695],[34.97100894709668,0.17914106647502695],[34.97100894709668,0.18453093352497305],[34.96561905290332,0.18453093352497305],[34.96561905290332,0.17914106647502695]]]}},{"type":"Feature","properties":{"id":"RFB-0581","cls":"concrete_rcc","area":543,"cost":71700,"tiv":38935000.0,"tivCsv":38935000.0,"lat":1.11134,"lon":34.78586,"where":"KE","settlement":"other","density_class":"urban","stratum":"basin","d10":0.0,"dr10":0.0,"loss10":0.0,"d20":0.0,"dr20":0.0,"loss20":0.0,"d50":0.0,"dr50":0.0,"loss50":0.0,"d100":0.0,"dr100":0.0,"loss100":0.0,"d200":0.0,"dr200":0.0,"loss200":0.0,"d500":0.0,"dr500":0.0,"loss500":0.0},"geometry":{"type":"Polygon","coordinates":[[[34.78316855944281,1.1086460664750268],[34.78855944055719,1.1086460664750268],[34.78855944055719,1.114035933524973],[34.78316855944281,1.114035933524973],[34.78316855944281,1.1086460664750268]]]}},{"type":"Feature","properties":{"id":"RFB-0582","cls":"informal_iron_sheet","area":16,"cost":8100,"tiv":130000.0,"tivCsv":130000.0,"lat":0.81453,"lon":35.18735,"where":"KE","settlement":"other","density_class":"rural","stratum":"basin","d10":0.0,"dr10":0.0,"loss10":0.0,"d20":0.0,"dr20":0.0,"loss20":0.0,"d50":0.0,"dr50":0.0,"loss50":0.0,"d100":0.0,"dr100":0.0,"loss100":0.0,"d200":0.0,"dr200":0.0,"loss200":0.0,"d500":0.0,"dr500":0.0,"loss500":0.0},"geometry":{"type":"Polygon","coordinates":[[[35.18465779412677,0.8118360664750269],[35.19004820587323,0.8118360664750269],[35.19004820587323,0.8172259335249731],[35.18465779412677,0.8172259335249731],[35.18465779412677,0.8118360664750269]]]}},{"type":"Feature","properties":{"id":"RFB-0583","cls":"permanent_masonry","area":91,"cost":51000,"tiv":4640000.0,"tivCsv":4640000.0,"lat":0.24572,"lon":35.06868,"where":"KE","settlement":"other","density_class":"peri_urban","stratum":"basin","d10":0.0,"dr10":0.0,"loss10":0.0,"d20":0.0,"dr20":0.0,"loss20":0.0,"d50":0.0,"dr50":0.0,"loss50":0.0,"d100":0.0,"dr100":0.0,"loss100":0.0,"d200":0.0,"dr200":0.0,"loss200":0.0,"d500":0.0,"dr500":0.0,"loss500":0.0},"geometry":{"type":"Polygon","coordinates":[[[35.065986041692646,0.24302106647502694],[35.07137595830735,0.24302106647502694],[35.07137595830735,0.24841093352497304],[35.065986041692646,0.24841093352497304],[35.065986041692646,0.24302106647502694]]]}},{"type":"Feature","properties":{"id":"RFB-0584","cls":"concrete_rcc","area":177,"cost":73900,"tiv":13080000.0,"tivCsv":13080000.0,"lat":0.51281,"lon":35.27547,"where":"KE","settlement":"other","density_class":"urban","stratum":"basin","d10":0.0,"dr10":0.0,"loss10":0.0,"d20":0.0,"dr20":0.0,"loss20":0.0,"d50":0.0,"dr50":0.0,"loss50":0.0,"d100":0.0,"dr100":0.0,"loss100":0.0,"d200":0.0,"dr200":0.0,"loss200":0.0,"d500":0.0,"dr500":0.0,"loss500":0.0},"geometry":{"type":"Polygon","coordinates":[[[35.27277595852975,0.510117066475027],[35.27816604147026,0.510117066475027],[35.27816604147026,0.5155069335249731],[35.27277595852975,0.5155069335249731],[35.27277595852975,0.510117066475027]]]}},{"type":"Feature","properties":{"id":"RFB-0585","cls":"concrete_rcc","area":309,"cost":60500,"tiv":18695000.0,"tivCsv":18695000.0,"lat":0.28155,"lon":34.71468,"where":"KE","settlement":"other","density_class":"peri_urban","stratum":"basin","d10":0.0,"dr10":0.0,"loss10":0.0,"d20":0.0,"dr20":0.0,"loss20":0.0,"d50":0.0,"dr50":0.0,"loss50":0.0,"d100":0.0,"dr100":0.0,"loss100":0.0,"d200":0.0,"dr200":0.0,"loss200":0.0,"d500":0.0,"dr500":0.0,"loss500":0.0},"geometry":{"type":"Polygon","coordinates":[[[34.71198703393607,0.2788600664750269],[34.71737696606394,0.2788600664750269],[34.71737696606394,0.2842499335249731],[34.71198703393607,0.2842499335249731],[34.71198703393607,0.2788600664750269]]]}},{"type":"Feature","properties":{"id":"RFB-0586","cls":"permanent_masonry","area":155,"cost":49400,"tiv":7655000.0,"tivCsv":7655000.0,"lat":0.87154,"lon":35.06296,"where":"KE","settlement":"other","density_class":"rural","stratum":"basin","d10":0.0,"dr10":0.0,"loss10":0.0,"d20":0.0,"dr20":0.0,"loss20":0.0,"d50":0.0,"dr50":0.0,"loss50":0.0,"d100":0.0,"dr100":0.0,"loss100":0.0,"d200":0.0,"dr200":0.0,"loss200":0.0,"d500":0.0,"dr500":0.0,"loss500":0.0},"geometry":{"type":"Polygon","coordinates":[[[35.06026075466554,0.8688450664750269],[35.06565124533446,0.8688450664750269],[35.06565124533446,0.8742349335249731],[35.06026075466554,0.8742349335249731],[35.06026075466554,0.8688450664750269]]]}},{"type":"Feature","properties":{"id":"RFB-0587","cls":"informal_iron_sheet","area":21,"cost":8400,"tiv":175000.0,"tivCsv":175000.0,"lat":-0.05266,"lon":34.15587,"where":"KE","settlement":"Siaya","density_class":"peri_urban","stratum":"basin","d10":0.0,"dr10":0.0,"loss10":0.0,"d20":0.0,"dr20":0.0,"loss20":0.0,"d50":0.0,"dr50":0.0,"loss50":0.0,"d100":0.0,"dr100":0.0,"loss100":0.0,"d200":0.0,"dr200":0.0,"loss200":0.0,"d500":0.0,"dr500":0.0,"loss500":0.0},"geometry":{"type":"Polygon","coordinates":[[[34.153172065336825,-0.055353933524973045],[34.158561934663176,-0.055353933524973045],[34.158561934663176,-0.04996406647502695],[34.153172065336825,-0.04996406647502695],[34.153172065336825,-0.055353933524973045]]]}},{"type":"Feature","properties":{"id":"RFB-0588","cls":"informal_iron_sheet","area":23,"cost":7400,"tiv":170000.0,"tivCsv":170000.0,"lat":0.64403,"lon":35.17839,"where":"KE","settlement":"other","density_class":"peri_urban","stratum":"basin","d10":0.0,"dr10":0.0,"loss10":0.0,"d20":0.0,"dr20":0.0,"loss20":0.0,"d50":0.0,"dr50":0.0,"loss50":0.0,"d100":0.0,"dr100":0.0,"loss100":0.0,"d200":0.0,"dr200":0.0,"loss200":0.0,"d500":0.0,"dr500":0.0,"loss500":0.0},"geometry":{"type":"Polygon","coordinates":[[[35.17569189621849,0.6413320664750269],[35.18108210378151,0.6413320664750269],[35.18108210378151,0.6467219335249731],[35.17569189621849,0.6467219335249731],[35.17569189621849,0.6413320664750269]]]}},{"type":"Feature","properties":{"id":"RFB-0589","cls":"permanent_masonry","area":214,"cost":53900,"tiv":11535000.0,"tivCsv":11535000.0,"lat":0.53252,"lon":35.23545,"where":"KE","settlement":"other","density_class":"urban","stratum":"basin","d10":0.0,"dr10":0.0,"loss10":0.0,"d20":0.0,"dr20":0.0,"loss20":0.0,"d50":0.0,"dr50":0.0,"loss50":0.0,"d100":0.0,"dr100":0.0,"loss100":0.0,"d200":0.0,"dr200":0.0,"loss200":0.0,"d500":0.0,"dr500":0.0,"loss500":0.0},"geometry":{"type":"Polygon","coordinates":[[[35.23275695007395,0.529823066475027],[35.238147049926056,0.529823066475027],[35.238147049926056,0.5352129335249731],[35.23275695007395,0.5352129335249731],[35.23275695007395,0.529823066475027]]]}},{"type":"Feature","properties":{"id":"RFB-0590","cls":"semi_permanent","area":62,"cost":9600,"tiv":595000.0,"tivCsv":595000.0,"lat":0.4722,"lon":34.71331,"where":"KE","settlement":"Kakamega","density_class":"peri_urban","stratum":"basin","d10":0.0,"dr10":0.0,"loss10":0.0,"d20":0.0,"dr20":0.0,"loss20":0.0,"d50":0.0,"dr50":0.0,"loss50":0.0,"d100":0.0,"dr100":0.0,"loss100":0.0,"d200":0.0,"dr200":0.0,"loss200":0.0,"d500":0.0,"dr500":0.0,"loss500":0.0},"geometry":{"type":"Polygon","coordinates":[[[34.71061297495214,0.46950106647502693],[34.716003025047854,0.46950106647502693],[34.716003025047854,0.4748909335249731],[34.71061297495214,0.4748909335249731],[34.71061297495214,0.46950106647502693]]]}},{"type":"Feature","properties":{"id":"RFB-0591","cls":"informal_iron_sheet","area":24,"cost":6700,"tiv":160000.0,"tivCsv":160000.0,"lat":0.28271,"lon":34.78688,"where":"KE","settlement":"other","density_class":"peri_urban","stratum":"basin","d10":0.0,"dr10":0.0,"loss10":0.0,"d20":0.0,"dr20":0.0,"loss20":0.0,"d50":0.0,"dr50":0.0,"loss50":0.0,"d100":0.0,"dr100":0.0,"loss100":0.0,"d200":0.0,"dr200":0.0,"loss200":0.0,"d500":0.0,"dr500":0.0,"loss500":0.0},"geometry":{"type":"Polygon","coordinates":[[[34.784182033669246,0.2800120664750269],[34.78957196633075,0.2800120664750269],[34.78957196633075,0.28540193352497306],[34.784182033669246,0.28540193352497306],[34.784182033669246,0.2800120664750269]]]}},{"type":"Feature","properties":{"id":"RFB-0592","cls":"informal_iron_sheet","area":22,"cost":6500,"tiv":145000.0,"tivCsv":145000.0,"lat":-0.18852,"lon":34.34419,"where":"KE","settlement":"other","density_class":"rural","stratum":"basin","d10":0.0,"dr10":0.0,"loss10":0.0,"d20":0.0,"dr20":0.0,"loss20":0.0,"d50":0.0,"dr50":0.0,"loss50":0.0,"d100":0.0,"dr100":0.0,"loss100":0.0,"d200":0.0,"dr200":0.0,"loss200":0.0,"d500":0.0,"dr500":0.0,"loss500":0.0},"geometry":{"type":"Polygon","coordinates":[[[34.34149405188646,-0.19121993352497305],[34.34688394811354,-0.19121993352497305],[34.34688394811354,-0.18583006647502695],[34.34149405188646,-0.18583006647502695],[34.34149405188646,-0.19121993352497305]]]}},{"type":"Feature","properties":{"id":"RFB-0593","cls":"semi_permanent","area":33,"cost":11500,"tiv":380000.0,"tivCsv":380000.0,"lat":0.73437,"lon":34.5818,"where":"KE","settlement":"other","density_class":"urban","stratum":"basin","d10":0.0,"dr10":0.0,"loss10":0.0,"d20":0.0,"dr20":0.0,"loss20":0.0,"d50":0.0,"dr50":0.0,"loss50":0.0,"d100":0.0,"dr100":0.0,"loss100":0.0,"d200":0.0,"dr200":0.0,"loss200":0.0,"d500":0.0,"dr500":0.0,"loss500":0.0},"geometry":{"type":"Polygon","coordinates":[[[34.579107845101106,0.731670066475027],[34.584498154898895,0.731670066475027],[34.584498154898895,0.7370599335249731],[34.579107845101106,0.7370599335249731],[34.579107845101106,0.731670066475027]]]}},{"type":"Feature","properties":{"id":"RFB-0594","cls":"semi_permanent","area":37,"cost":12300,"tiv":455000.0,"tivCsv":455000.0,"lat":0.81223,"lon":35.0077,"where":"KE","settlement":"other","density_class":"peri_urban","stratum":"basin","d10":0.0,"dr10":0.0,"loss10":0.0,"d20":0.0,"dr20":0.0,"loss20":0.0,"d50":0.0,"dr50":0.0,"loss50":0.0,"d100":0.0,"dr100":0.0,"loss100":0.0,"d200":0.0,"dr200":0.0,"loss200":0.0,"d500":0.0,"dr500":0.0,"loss500":0.0},"geometry":{"type":"Polygon","coordinates":[[[35.005003795662795,0.809536066475027],[35.01039420433721,0.809536066475027],[35.01039420433721,0.8149259335249731],[35.005003795662795,0.8149259335249731],[35.005003795662795,0.809536066475027]]]}},{"type":"Feature","properties":{"id":"RFB-0595","cls":"semi_permanent","area":42,"cost":10300,"tiv":435000.0,"tivCsv":435000.0,"lat":0.8343,"lon":35.08963,"where":"KE","settlement":"other","density_class":"peri_urban","stratum":"basin","d10":0.0,"dr10":0.0,"loss10":0.0,"d20":0.0,"dr20":0.0,"loss20":0.0,"d50":0.0,"dr50":0.0,"loss50":0.0,"d100":0.0,"dr100":0.0,"loss100":0.0,"d200":0.0,"dr200":0.0,"loss200":0.0,"d500":0.0,"dr500":0.0,"loss500":0.0},"geometry":{"type":"Polygon","coordinates":[[[35.08693378074721,0.8316020664750269],[35.092324219252795,0.8316020664750269],[35.092324219252795,0.836991933524973],[35.08693378074721,0.836991933524973],[35.08693378074721,0.8316020664750269]]]}},{"type":"Feature","properties":{"id":"RFB-0596","cls":"permanent_masonry","area":113,"cost":64500,"tiv":7290000.0,"tivCsv":7290000.0,"lat":0.07004,"lon":34.70715,"where":"KE","settlement":"other","density_class":"peri_urban","stratum":"basin","d10":0.0,"dr10":0.0,"loss10":0.0,"d20":0.0,"dr20":0.0,"loss20":0.0,"d50":0.0,"dr50":0.0,"loss50":0.0,"d100":0.0,"dr100":0.0,"loss100":0.0,"d200":0.0,"dr200":0.0,"loss200":0.0,"d500":0.0,"dr500":0.0,"loss500":0.0},"geometry":{"type":"Polygon","coordinates":[[[34.704451064461466,0.06734506647502696],[34.70984093553854,0.06734506647502696],[34.70984093553854,0.07273493352497305],[34.704451064461466,0.07273493352497305],[34.704451064461466,0.06734506647502696]]]}},{"type":"Feature","properties":{"id":"RFB-0597","cls":"semi_permanent","area":49,"cost":11400,"tiv":560000.0,"tivCsv":560000.0,"lat":0.52673,"lon":35.30487,"where":"KE","settlement":"other","density_class":"urban","stratum":"basin","d10":0.0,"dr10":0.0,"loss10":0.0,"d20":0.0,"dr20":0.0,"loss20":0.0,"d50":0.0,"dr50":0.0,"loss50":0.0,"d100":0.0,"dr100":0.0,"loss100":0.0,"d200":0.0,"dr200":0.0,"loss200":0.0,"d500":0.0,"dr500":0.0,"loss500":0.0},"geometry":{"type":"Polygon","coordinates":[[[35.30217295259193,0.5240320664750269],[35.30756304740807,0.5240320664750269],[35.30756304740807,0.529421933524973],[35.30217295259193,0.529421933524973],[35.30217295259193,0.5240320664750269]]]}},{"type":"Feature","properties":{"id":"RFB-0598","cls":"permanent_masonry","area":102,"cost":48300,"tiv":4925000.0,"tivCsv":4925000.0,"lat":-0.1042,"lon":34.51896,"where":"KE","settlement":"other","density_class":"peri_urban","stratum":"basin","d10":0.0,"dr10":0.0,"loss10":0.0,"d20":0.0,"dr20":0.0,"loss20":0.0,"d50":0.0,"dr50":0.0,"loss50":0.0,"d100":0.0,"dr100":0.0,"loss100":0.0,"d200":0.0,"dr200":0.0,"loss200":0.0,"d500":0.0,"dr500":0.0,"loss500":0.0},"geometry":{"type":"Polygon","coordinates":[[[34.516266062018374,-0.10689493352497305],[34.52165593798162,-0.10689493352497305],[34.52165593798162,-0.10150506647502695],[34.516266062018374,-0.10150506647502695],[34.516266062018374,-0.10689493352497305]]]}},{"type":"Feature","properties":{"id":"RFB-0599","cls":"semi_permanent","area":45,"cost":9600,"tiv":430000.0,"tivCsv":430000.0,"lat":1.02644,"lon":35.16509,"where":"KE","settlement":"other","density_class":"peri_urban","stratum":"basin","d10":0.0,"dr10":0.0,"loss10":0.0,"d20":0.0,"dr20":0.0,"loss20":0.0,"d50":0.0,"dr50":0.0,"loss50":0.0,"d100":0.0,"dr100":0.0,"loss100":0.0,"d200":0.0,"dr200":0.0,"loss200":0.0,"d500":0.0,"dr500":0.0,"loss500":0.0},"geometry":{"type":"Polygon","coordinates":[[[35.16239763396149,1.023747066475027],[35.16778836603851,1.023747066475027],[35.16778836603851,1.0291369335249732],[35.16239763396149,1.0291369335249732],[35.16239763396149,1.023747066475027]]]}},{"type":"Feature","properties":{"id":"RFB-0600","cls":"semi_permanent","area":58,"cost":11600,"tiv":675000.0,"tivCsv":675000.0,"lat":0.35717,"lon":34.77254,"where":"KE","settlement":"other","density_class":"peri_urban","stratum":"basin","d10":0.0,"dr10":0.0,"loss10":0.0,"d20":0.0,"dr20":0.0,"loss20":0.0,"d50":0.0,"dr50":0.0,"loss50":0.0,"d100":0.0,"dr100":0.0,"loss100":0.0,"d200":0.0,"dr200":0.0,"loss200":0.0,"d500":0.0,"dr500":0.0,"loss500":0.0},"geometry":{"type":"Polygon","coordinates":[[[34.76984901411198,0.3544730664750269],[34.77523898588802,0.3544730664750269],[34.77523898588802,0.35986293352497306],[34.76984901411198,0.35986293352497306],[34.76984901411198,0.3544730664750269]]]}},{"type":"Feature","properties":{"id":"RFB-0601","cls":"permanent_masonry","area":103,"cost":55700,"tiv":5735000.0,"tivCsv":5735000.0,"lat":0.08761,"lon":34.70983,"where":"KE","settlement":"other","density_class":"urban","stratum":"basin","d10":0.0,"dr10":0.0,"loss10":0.0,"d20":0.0,"dr20":0.0,"loss20":0.0,"d50":0.0,"dr50":0.0,"loss50":0.0,"d100":0.0,"dr100":0.0,"loss100":0.0,"d200":0.0,"dr200":0.0,"loss200":0.0,"d500":0.0,"dr500":0.0,"loss500":0.0},"geometry":{"type":"Polygon","coordinates":[[[34.70713806332431,0.08491806647502695],[34.7125279366757,0.08491806647502695],[34.7125279366757,0.09030793352497304],[34.70713806332431,0.09030793352497304],[34.70713806332431,0.08491806647502695]]]}},{"type":"Feature","properties":{"id":"RFB-0602","cls":"informal_iron_sheet","area":17,"cost":5700,"tiv":95000.0,"tivCsv":95000.0,"lat":0.39742,"lon":34.69112,"where":"KE","settlement":"other","density_class":"peri_urban","stratum":"basin","d10":0.0,"dr10":0.0,"loss10":0.0,"d20":0.0,"dr20":0.0,"loss20":0.0,"d50":0.0,"dr50":0.0,"loss50":0.0,"d100":0.0,"dr100":0.0,"loss100":0.0,"d200":0.0,"dr200":0.0,"loss200":0.0,"d500":0.0,"dr500":0.0,"loss500":0.0},"geometry":{"type":"Polygon","coordinates":[[[34.68842800164331,0.39472806647502695],[34.693817998356685,0.39472806647502695],[34.693817998356685,0.4001179335249731],[34.68842800164331,0.4001179335249731],[34.68842800164331,0.39472806647502695]]]}},{"type":"Feature","properties":{"id":"RFB-0603","cls":"permanent_masonry","area":250,"cost":57300,"tiv":14325000.0,"tivCsv":14325000.0,"lat":0.5143,"lon":35.28247,"where":"KE","settlement":"other","density_class":"urban","stratum":"basin","d10":0.0,"dr10":0.0,"loss10":0.0,"d20":0.0,"dr20":0.0,"loss20":0.0,"d50":0.0,"dr50":0.0,"loss50":0.0,"d100":0.0,"dr100":0.0,"loss100":0.0,"d200":0.0,"dr200":0.0,"loss200":0.0,"d500":0.0,"dr500":0.0,"loss500":0.0},"geometry":{"type":"Polygon","coordinates":[[[35.279776957902804,0.5116040664750269],[35.28516704209719,0.5116040664750269],[35.28516704209719,0.516993933524973],[35.279776957902804,0.516993933524973],[35.279776957902804,0.5116040664750269]]]}},{"type":"Feature","properties":{"id":"RFB-0604","cls":"permanent_masonry","area":98,"cost":59900,"tiv":5870000.0,"tivCsv":5870000.0,"lat":0.03691,"lon":34.71988,"where":"KE","settlement":"other","density_class":"urban","stratum":"basin","d10":0.0,"dr10":0.0,"loss10":0.0,"d20":0.0,"dr20":0.0,"loss20":0.0,"d50":0.0,"dr50":0.0,"loss50":0.0,"d100":0.0,"dr100":0.0,"loss100":0.0,"d200":0.0,"dr200":0.0,"loss200":0.0,"d500":0.0,"dr500":0.0,"loss500":0.0},"geometry":{"type":"Polygon","coordinates":[[[34.71718806591575,0.034218066475026954],[34.722577934084256,0.034218066475026954],[34.722577934084256,0.03960793352497305],[34.71718806591575,0.03960793352497305],[34.71718806591575,0.034218066475026954]]]}},{"type":"Feature","properties":{"id":"RFB-0605","cls":"permanent_masonry","area":205,"cost":37200,"tiv":7625000.0,"tivCsv":7625000.0,"lat":0.39036,"lon":34.11211,"where":"KE","settlement":"other","density_class":"rural","stratum":"basin","d10":0.0,"dr10":0.0,"loss10":0.0,"d20":0.0,"dr20":0.0,"loss20":0.0,"d50":0.0,"dr50":0.0,"loss50":0.0,"d100":0.0,"dr100":0.0,"loss100":0.0,"d200":0.0,"dr200":0.0,"loss200":0.0,"d500":0.0,"dr500":0.0,"loss500":0.0},"geometry":{"type":"Polygon","coordinates":[[[34.10941500392726,0.3876650664750269],[34.11480499607274,0.3876650664750269],[34.11480499607274,0.39305493352497306],[34.10941500392726,0.39305493352497306],[34.10941500392726,0.3876650664750269]]]}},{"type":"Feature","properties":{"id":"RFB-0606","cls":"concrete_rcc","area":247,"cost":73100,"tiv":18055000.0,"tivCsv":18055000.0,"lat":-0.09057,"lon":34.78682,"where":"KE","settlement":"Kisumu","density_class":"urban","stratum":"basin","d10":0.0,"dr10":0.0,"loss10":0.0,"d20":0.0,"dr20":0.0,"loss20":0.0,"d50":0.0,"dr50":0.0,"loss50":0.0,"d100":0.0,"dr100":0.0,"loss100":0.0,"d200":0.0,"dr200":0.0,"loss200":0.0,"d500":0.0,"dr500":0.0,"loss500":0.0},"geometry":{"type":"Polygon","coordinates":[[[34.78412706310819,-0.09326293352497304],[34.789516936891815,-0.09326293352497304],[34.789516936891815,-0.08787306647502695],[34.78412706310819,-0.08787306647502695],[34.78412706310819,-0.09326293352497304]]]}},{"type":"Feature","properties":{"id":"RFB-0607","cls":"permanent_masonry","area":84,"cost":62500,"tiv":5250000.0,"tivCsv":5250000.0,"lat":0.68882,"lon":34.97086,"where":"KE","settlement":"other","density_class":"peri_urban","stratum":"basin","d10":0.0,"dr10":0.0,"loss10":0.0,"d20":0.0,"dr20":0.0,"loss20":0.0,"d50":0.0,"dr50":0.0,"loss50":0.0,"d100":0.0,"dr100":0.0,"loss100":0.0,"d200":0.0,"dr200":0.0,"loss200":0.0,"d500":0.0,"dr500":0.0,"loss500":0.0},"geometry":{"type":"Polygon","coordinates":[[[34.9681688717125,0.6861210664750269],[34.9735591282875,0.6861210664750269],[34.9735591282875,0.6915109335249731],[34.9681688717125,0.6915109335249731],[34.9681688717125,0.6861210664750269]]]}},{"type":"Feature","properties":{"id":"RFB-0608","cls":"concrete_rcc","area":348,"cost":68000,"tiv":23665000.0,"tivCsv":23665000.0,"lat":0.27403,"lon":34.7441,"where":"KE","settlement":"other","density_class":"urban","stratum":"basin","d10":0.0,"dr10":0.0,"loss10":0.0,"d20":0.0,"dr20":0.0,"loss20":0.0,"d50":0.0,"dr50":0.0,"loss50":0.0,"d100":0.0,"dr100":0.0,"loss100":0.0,"d200":0.0,"dr200":0.0,"loss200":0.0,"d500":0.0,"dr500":0.0,"loss500":0.0},"geometry":{"type":"Polygon","coordinates":[[[34.7414020356526,0.2713330664750269],[34.746791964347395,0.2713330664750269],[34.746791964347395,0.27672293352497307],[34.7414020356526,0.27672293352497307],[34.7414020356526,0.2713330664750269]]]}},{"type":"Feature","properties":{"id":"RFB-0609","cls":"semi_permanent","area":46,"cost":12500,"tiv":575000.0,"tivCsv":575000.0,"lat":0.22284,"lon":34.60995,"where":"KE","settlement":"other","density_class":"urban","stratum":"basin","d10":0.0,"dr10":0.0,"loss10":0.0,"d20":0.0,"dr20":0.0,"loss20":0.0,"d50":0.0,"dr50":0.0,"loss50":0.0,"d100":0.0,"dr100":0.0,"loss100":0.0,"d200":0.0,"dr200":0.0,"loss200":0.0,"d500":0.0,"dr500":0.0,"loss500":0.0},"geometry":{"type":"Polygon","coordinates":[[[34.60725704609324,0.22014006647502696],[34.61264695390676,0.22014006647502696],[34.61264695390676,0.22552993352497305],[34.60725704609324,0.22552993352497305],[34.60725704609324,0.22014006647502696]]]}},{"type":"Feature","properties":{"id":"RFB-0610","cls":"permanent_masonry","area":145,"cost":46500,"tiv":6740000.0,"tivCsv":6740000.0,"lat":-0.08647,"lon":34.7908,"where":"KE","settlement":"Kisumu","density_class":"urban","stratum":"basin","d10":0.0,"dr10":0.0,"loss10":0.0,"d20":0.0,"dr20":0.0,"loss20":0.0,"d50":0.0,"dr50":0.0,"loss50":0.0,"d100":0.0,"dr100":0.0,"loss100":0.0,"d200":0.0,"dr200":0.0,"loss200":0.0,"d500":0.0,"dr500":0.0,"loss500":0.0},"geometry":{"type":"Polygon","coordinates":[[[34.78810006340605,-0.08916393352497305],[34.79348993659396,-0.08916393352497305],[34.79348993659396,-0.08377406647502696],[34.78810006340605,-0.08377406647502696],[34.78810006340605,-0.08916393352497305]]]}},{"type":"Feature","properties":{"id":"RFB-0611","cls":"permanent_masonry","area":167,"cost":45600,"tiv":7615000.0,"tivCsv":7615000.0,"lat":0.97156,"lon":35.02212,"where":"KE","settlement":"Kitale","density_class":"rural","stratum":"basin","d10":0.0,"dr10":0.0,"loss10":0.0,"d20":0.0,"dr20":0.0,"loss20":0.0,"d50":0.0,"dr50":0.0,"loss50":0.0,"d100":0.0,"dr100":0.0,"loss100":0.0,"d200":0.0,"dr200":0.0,"loss200":0.0,"d500":0.0,"dr500":0.0,"loss500":0.0},"geometry":{"type":"Polygon","coordinates":[[[35.01942067898263,0.9688640664750269],[35.02481132101737,0.9688640664750269],[35.02481132101737,0.974253933524973],[35.01942067898263,0.974253933524973],[35.01942067898263,0.9688640664750269]]]}},{"type":"Feature","properties":{"id":"RFB-0612","cls":"informal_iron_sheet","area":15,"cost":7700,"tiv":115000.0,"tivCsv":115000.0,"lat":0.04949,"lon":35.04948,"where":"KE","settlement":"other","density_class":"peri_urban","stratum":"basin","d10":0.0,"dr10":0.0,"loss10":0.0,"d20":0.0,"dr20":0.0,"loss20":0.0,"d50":0.0,"dr50":0.0,"loss50":0.0,"d100":0.0,"dr100":0.0,"loss100":0.0,"d200":0.0,"dr200":0.0,"loss200":0.0,"d500":0.0,"dr500":0.0,"loss500":0.0},"geometry":{"type":"Polygon","coordinates":[[[35.0467820654697,0.04679506647502695],[35.05217193453031,0.04679506647502695],[35.05217193453031,0.05218493352497305],[35.0467820654697,0.05218493352497305],[35.0467820654697,0.04679506647502695]]]}},{"type":"Feature","properties":{"id":"RFB-0613","cls":"semi_permanent","area":35,"cost":9800,"tiv":345000.0,"tivCsv":345000.0,"lat":0.17317,"lon":34.65565,"where":"KE","settlement":"other","density_class":"peri_urban","stratum":"basin","d10":0.0,"dr10":0.0,"loss10":0.0,"d20":0.0,"dr20":0.0,"loss20":0.0,"d50":0.0,"dr50":0.0,"loss50":0.0,"d100":0.0,"dr100":0.0,"loss100":0.0,"d200":0.0,"dr200":0.0,"loss200":0.0,"d500":0.0,"dr500":0.0,"loss500":0.0},"geometry":{"type":"Polygon","coordinates":[[[34.652958054165545,0.17047906647502695],[34.65834794583446,0.17047906647502695],[34.65834794583446,0.17586893352497304],[34.652958054165545,0.17586893352497304],[34.652958054165545,0.17047906647502695]]]}},{"type":"Feature","properties":{"id":"RFB-0614","cls":"informal_iron_sheet","area":14,"cost":7700,"tiv":110000.0,"tivCsv":110000.0,"lat":-0.04609,"lon":34.66952,"where":"KE","settlement":"Kisumu","density_class":"peri_urban","stratum":"basin","d10":0.0,"dr10":0.0,"loss10":0.0,"d20":0.0,"dr20":0.0,"loss20":0.0,"d50":0.0,"dr50":0.0,"loss50":0.0,"d100":0.0,"dr100":0.0,"loss100":0.0,"d200":0.0,"dr200":0.0,"loss200":0.0,"d500":0.0,"dr500":0.0,"loss500":0.0},"geometry":{"type":"Polygon","coordinates":[[[34.66682406560309,-0.04878493352497305],[34.672213934396915,-0.04878493352497305],[34.672213934396915,-0.04339506647502695],[34.66682406560309,-0.04339506647502695],[34.66682406560309,-0.04878493352497305]]]}},{"type":"Feature","properties":{"id":"RFB-0615","cls":"semi_permanent","area":34,"cost":10400,"tiv":355000.0,"tivCsv":355000.0,"lat":0.2559,"lon":34.08142,"where":"KE","settlement":"Sio Port","density_class":"peri_urban","stratum":"basin","d10":0.0,"dr10":0.0,"loss10":0.0,"d20":0.0,"dr20":0.0,"loss20":0.0,"d50":0.0,"dr50":0.0,"loss50":0.0,"d100":0.0,"dr100":0.0,"loss100":0.0,"d200":0.0,"dr200":0.0,"loss200":0.0,"d500":0.0,"dr500":0.0,"loss500":0.0},"geometry":{"type":"Polygon","coordinates":[[[34.07872903959495,0.25320906647502694],[34.08411896040505,0.25320906647502694],[34.08411896040505,0.2585989335249731],[34.07872903959495,0.2585989335249731],[34.07872903959495,0.25320906647502694]]]}},{"type":"Feature","properties":{"id":"RFB-0616","cls":"permanent_masonry","area":105,"cost":48800,"tiv":5125000.0,"tivCsv":5125000.0,"lat":0.47191,"lon":35.26891,"where":"KE","settlement":"other","density_class":"urban","stratum":"basin","d10":0.0,"dr10":0.0,"loss10":0.0,"d20":0.0,"dr20":0.0,"loss20":0.0,"d50":0.0,"dr50":0.0,"loss50":0.0,"d100":0.0,"dr100":0.0,"loss100":0.0,"d200":0.0,"dr200":0.0,"loss200":0.0,"d500":0.0,"dr500":0.0,"loss500":0.0},"geometry":{"type":"Polygon","coordinates":[[[35.26621297506221,0.4692170664750269],[35.2716030249378,0.4692170664750269],[35.2716030249378,0.4746069335249731],[35.26621297506221,0.4746069335249731],[35.26621297506221,0.4692170664750269]]]}},{"type":"Feature","properties":{"id":"RFB-0617","cls":"semi_permanent","area":59,"cost":11400,"tiv":675000.0,"tivCsv":675000.0,"lat":0.05285,"lon":34.98291,"where":"KE","settlement":"other","density_class":"peri_urban","stratum":"basin","d10":0.0,"dr10":0.0,"loss10":0.0,"d20":0.0,"dr20":0.0,"loss20":0.0,"d50":0.0,"dr50":0.0,"loss50":0.0,"d100":0.0,"dr100":0.0,"loss100":0.0,"d200":0.0,"dr200":0.0,"loss200":0.0,"d500":0.0,"dr500":0.0,"loss500":0.0},"geometry":{"type":"Polygon","coordinates":[[[34.980213065328385,0.05015906647502695],[34.98560293467162,0.05015906647502695],[34.98560293467162,0.055548933524973046],[34.980213065328385,0.055548933524973046],[34.980213065328385,0.05015906647502695]]]}},{"type":"Feature","properties":{"id":"RFB-0618","cls":"permanent_masonry","area":102,"cost":55600,"tiv":5670000.0,"tivCsv":5670000.0,"lat":0.61065,"lon":34.76996,"where":"KE","settlement":"Webuye","density_class":"urban","stratum":"basin","d10":0.0,"dr10":0.0,"loss10":0.0,"d20":0.0,"dr20":0.0,"loss20":0.0,"d50":0.0,"dr50":0.0,"loss50":0.0,"d100":0.0,"dr100":0.0,"loss100":0.0,"d200":0.0,"dr200":0.0,"loss200":0.0,"d500":0.0,"dr500":0.0,"loss500":0.0},"geometry":{"type":"Polygon","coordinates":[[[34.76726991340675,0.6079600664750269],[34.77266008659325,0.6079600664750269],[34.77266008659325,0.613349933524973],[34.76726991340675,0.613349933524973],[34.76726991340675,0.6079600664750269]]]}},{"type":"Feature","properties":{"id":"RFB-0619","cls":"concrete_rcc","area":875,"cost":57900,"tiv":50660000.0,"tivCsv":50660000.0,"lat":1.02888,"lon":34.97854,"where":"KE","settlement":"Kitale","density_class":"urban","stratum":"basin","d10":0.0,"dr10":0.0,"loss10":0.0,"d20":0.0,"dr20":0.0,"loss20":0.0,"d50":0.0,"dr50":0.0,"loss50":0.0,"d100":0.0,"dr100":0.0,"loss100":0.0,"d200":0.0,"dr200":0.0,"loss200":0.0,"d500":0.0,"dr500":0.0,"loss500":0.0},"geometry":{"type":"Polygon","coordinates":[[[34.975844631902476,1.026187066475027],[34.98123536809753,1.026187066475027],[34.98123536809753,1.0315769335249731],[34.975844631902476,1.0315769335249731],[34.975844631902476,1.026187066475027]]]}},{"type":"Feature","properties":{"id":"RFB-0620","cls":"permanent_masonry","area":186,"cost":40000,"tiv":7440000.0,"tivCsv":7440000.0,"lat":0.09644,"lon":34.7806,"where":"KE","settlement":"other","density_class":"urban","stratum":"basin","d10":0.0,"dr10":0.0,"loss10":0.0,"d20":0.0,"dr20":0.0,"loss20":0.0,"d50":0.0,"dr50":0.0,"loss50":0.0,"d100":0.0,"dr100":0.0,"loss100":0.0,"d200":0.0,"dr200":0.0,"loss200":0.0,"d500":0.0,"dr500":0.0,"loss500":0.0},"geometry":{"type":"Polygon","coordinates":[[[34.777907062657846,0.09374006647502696],[34.78329693734216,0.09374006647502696],[34.78329693734216,0.09912993352497305],[34.777907062657846,0.09912993352497305],[34.777907062657846,0.09374006647502696]]]}},{"type":"Feature","properties":{"id":"RFB-0621","cls":"concrete_rcc","area":449,"cost":75900,"tiv":34080000.0,"tivCsv":34080000.0,"lat":0.03806,"lon":34.8277,"where":"KE","settlement":"other","density_class":"peri_urban","stratum":"basin","d10":0.0,"dr10":0.0,"loss10":0.0,"d20":0.0,"dr20":0.0,"loss20":0.0,"d50":0.0,"dr50":0.0,"loss50":0.0,"d100":0.0,"dr100":0.0,"loss100":0.0,"d200":0.0,"dr200":0.0,"loss200":0.0,"d500":0.0,"dr500":0.0,"loss500":0.0},"geometry":{"type":"Polygon","coordinates":[[[34.825008065880446,0.03536506647502695],[34.83039793411955,0.03536506647502695],[34.83039793411955,0.040754933524973044],[34.825008065880446,0.040754933524973044],[34.825008065880446,0.03536506647502695]]]}},{"type":"Feature","properties":{"id":"RFB-0622","cls":"concrete_rcc","area":360,"cost":58500,"tiv":21060000.0,"tivCsv":21060000.0,"lat":0.02236,"lon":35.22875,"where":"KE","settlement":"other","density_class":"rural","stratum":"basin","d10":0.0,"dr10":0.0,"loss10":0.0,"d20":0.0,"dr20":0.0,"loss20":0.0,"d50":0.0,"dr50":0.0,"loss50":0.0,"d100":0.0,"dr100":0.0,"loss100":0.0,"d200":0.0,"dr200":0.0,"loss200":0.0,"d500":0.0,"dr500":0.0,"loss500":0.0},"geometry":{"type":"Polygon","coordinates":[[[35.226057066269824,0.01966406647502695],[35.231446933730176,0.01966406647502695],[35.231446933730176,0.02505393352497305],[35.226057066269824,0.02505393352497305],[35.226057066269824,0.01966406647502695]]]}},{"type":"Feature","properties":{"id":"RFB-0623","cls":"informal_iron_sheet","area":10,"cost":8100,"tiv":80000.0,"tivCsv":80000.0,"lat":0.46715,"lon":34.26136,"where":"KE","settlement":"Busia","density_class":"peri_urban","stratum":"basin","d10":0.0,"dr10":0.0,"loss10":0.0,"d20":0.0,"dr20":0.0,"loss20":0.0,"d50":0.0,"dr50":0.0,"loss50":0.0,"d100":0.0,"dr100":0.0,"loss100":0.0,"d200":0.0,"dr200":0.0,"loss200":0.0,"d500":0.0,"dr500":0.0,"loss500":0.0},"geometry":{"type":"Polygon","coordinates":[[[34.25866997689666,0.4644580664750269],[34.26406002310333,0.4644580664750269],[34.26406002310333,0.46984793352497306],[34.25866997689666,0.46984793352497306],[34.25866997689666,0.4644580664750269]]]}},{"type":"Feature","properties":{"id":"RFB-0624","cls":"permanent_masonry","area":136,"cost":59200,"tiv":8050000.0,"tivCsv":8050000.0,"lat":0.11529,"lon":34.80893,"where":"KE","settlement":"other","density_class":"urban","stratum":"basin","d10":0.0,"dr10":0.0,"loss10":0.0,"d20":0.0,"dr20":0.0,"loss20":0.0,"d50":0.0,"dr50":0.0,"loss50":0.0,"d100":0.0,"dr100":0.0,"loss100":0.0,"d200":0.0,"dr200":0.0,"loss200":0.0,"d500":0.0,"dr500":0.0,"loss500":0.0},"geometry":{"type":"Polygon","coordinates":[[[34.80623306101906,0.11259706647502696],[34.811622938980946,0.11259706647502696],[34.811622938980946,0.11798693352497305],[34.80623306101906,0.11798693352497305],[34.80623306101906,0.11259706647502696]]]}},{"type":"Feature","properties":{"id":"RFB-0625","cls":"semi_permanent","area":37,"cost":9100,"tiv":335000.0,"tivCsv":335000.0,"lat":0.12692,"lon":34.72149,"where":"KE","settlement":"other","density_class":"urban","stratum":"basin","d10":0.0,"dr10":0.0,"loss10":0.0,"d20":0.0,"dr20":0.0,"loss20":0.0,"d50":0.0,"dr50":0.0,"loss50":0.0,"d100":0.0,"dr100":0.0,"loss100":0.0,"d200":0.0,"dr200":0.0,"loss200":0.0,"d500":0.0,"dr500":0.0,"loss500":0.0},"geometry":{"type":"Polygon","coordinates":[[[34.71879605986343,0.12422106647502695],[34.72418594013657,0.12422106647502695],[34.72418594013657,0.12961093352497305],[34.71879605986343,0.12961093352497305],[34.71879605986343,0.12422106647502695]]]}},{"type":"Feature","properties":{"id":"RFB-0626","cls":"concrete_rcc","area":708,"cost":62800,"tiv":44460000.0,"tivCsv":44460000.0,"lat":0.60568,"lon":34.5464,"where":"KE","settlement":"other","density_class":"urban","stratum":"basin","d10":0.0,"dr10":0.0,"loss10":0.0,"d20":0.0,"dr20":0.0,"loss20":0.0,"d50":0.0,"dr50":0.0,"loss50":0.0,"d100":0.0,"dr100":0.0,"loss100":0.0,"d200":0.0,"dr200":0.0,"loss200":0.0,"d500":0.0,"dr500":0.0,"loss500":0.0},"geometry":{"type":"Polygon","coordinates":[[[34.5437059158918,0.602983066475027],[34.54909608410821,0.602983066475027],[34.54909608410821,0.6083729335249731],[34.5437059158918,0.6083729335249731],[34.5437059158918,0.602983066475027]]]}},{"type":"Feature","properties":{"id":"RFB-0627","cls":"informal_iron_sheet","area":14,"cost":6000,"tiv":85000.0,"tivCsv":85000.0,"lat":0.07645,"lon":34.67804,"where":"KE","settlement":"other","density_class":"peri_urban","stratum":"basin","d10":0.0,"dr10":0.0,"loss10":0.0,"d20":0.0,"dr20":0.0,"loss20":0.0,"d50":0.0,"dr50":0.0,"loss50":0.0,"d100":0.0,"dr100":0.0,"loss100":0.0,"d200":0.0,"dr200":0.0,"loss200":0.0,"d500":0.0,"dr500":0.0,"loss500":0.0},"geometry":{"type":"Polygon","coordinates":[[[34.67534106407597,0.07375606647502696],[34.680730935924025,0.07375606647502696],[34.680730935924025,0.07914593352497305],[34.67534106407597,0.07914593352497305],[34.67534106407597,0.07375606647502696]]]}},{"type":"Feature","properties":{"id":"RFB-0628","cls":"informal_iron_sheet","area":13,"cost":6200,"tiv":80000.0,"tivCsv":80000.0,"lat":-0.15743,"lon":34.28653,"where":"KE","settlement":"other","density_class":"rural","stratum":"basin","d10":0.0,"dr10":0.0,"loss10":0.0,"d20":0.0,"dr20":0.0,"loss20":0.0,"d50":0.0,"dr50":0.0,"loss50":0.0,"d100":0.0,"dr100":0.0,"loss100":0.0,"d200":0.0,"dr200":0.0,"loss200":0.0,"d500":0.0,"dr500":0.0,"loss500":0.0},"geometry":{"type":"Polygon","coordinates":[[[34.28383705630177,-0.16012693352497304],[34.28922694369823,-0.16012693352497304],[34.28922694369823,-0.15473706647502694],[34.28383705630177,-0.15473706647502694],[34.28383705630177,-0.16012693352497304]]]}},{"type":"Feature","properties":{"id":"RFB-0629","cls":"semi_permanent","area":35,"cost":13500,"tiv":470000.0,"tivCsv":470000.0,"lat":0.5449,"lon":35.24237,"where":"KE","settlement":"other","density_class":"urban","stratum":"basin","d10":0.0,"dr10":0.0,"loss10":0.0,"d20":0.0,"dr20":0.0,"loss20":0.0,"d50":0.0,"dr50":0.0,"loss50":0.0,"d100":0.0,"dr100":0.0,"loss100":0.0,"d200":0.0,"dr200":0.0,"loss200":0.0,"d500":0.0,"dr500":0.0,"loss500":0.0},"geometry":{"type":"Polygon","coordinates":[[[35.2396739445964,0.542208066475027],[35.245064055403596,0.542208066475027],[35.245064055403596,0.5475979335249731],[35.2396739445964,0.5475979335249731],[35.2396739445964,0.542208066475027]]]}},{"type":"Feature","properties":{"id":"RFB-0630","cls":"semi_permanent","area":45,"cost":11900,"tiv":535000.0,"tivCsv":535000.0,"lat":0.62665,"lon":35.2944,"where":"KE","settlement":"other","density_class":"rural","stratum":"basin","d10":0.0,"dr10":0.0,"loss10":0.0,"d20":0.0,"dr20":0.0,"loss20":0.0,"d50":0.0,"dr50":0.0,"loss50":0.0,"d100":0.0,"dr100":0.0,"loss100":0.0,"d200":0.0,"dr200":0.0,"loss200":0.0,"d500":0.0,"dr500":0.0,"loss500":0.0},"geometry":{"type":"Polygon","coordinates":[[[35.29170390528418,0.6239520664750269],[35.29709409471582,0.6239520664750269],[35.29709409471582,0.629341933524973],[35.29170390528418,0.629341933524973],[35.29170390528418,0.6239520664750269]]]}},{"type":"Feature","properties":{"id":"RFB-0631","cls":"permanent_masonry","area":104,"cost":49800,"tiv":5180000.0,"tivCsv":5180000.0,"lat":0.28479,"lon":34.76428,"where":"KE","settlement":"other","density_class":"urban","stratum":"basin","d10":0.0,"dr10":0.0,"loss10":0.0,"d20":0.0,"dr20":0.0,"loss20":0.0,"d50":0.0,"dr50":0.0,"loss50":0.0,"d100":0.0,"dr100":0.0,"loss100":0.0,"d200":0.0,"dr200":0.0,"loss200":0.0,"d500":0.0,"dr500":0.0,"loss500":0.0},"geometry":{"type":"Polygon","coordinates":[[[34.76158103318474,0.28209206647502694],[34.766970966815265,0.28209206647502694],[34.766970966815265,0.2874819335249731],[34.76158103318474,0.2874819335249731],[34.76158103318474,0.28209206647502694]]]}},{"type":"Feature","properties":{"id":"RFB-0632","cls":"concrete_rcc","area":478,"cost":64600,"tiv":30880000.0,"tivCsv":30880000.0,"lat":-0.0695,"lon":34.7791,"where":"KE","settlement":"Kisumu","density_class":"urban","stratum":"basin","d10":0.0,"dr10":0.0,"loss10":0.0,"d20":0.0,"dr20":0.0,"loss20":0.0,"d50":0.0,"dr50":0.0,"loss50":0.0,"d100":0.0,"dr100":0.0,"loss100":0.0,"d200":0.0,"dr200":0.0,"loss200":0.0,"d500":0.0,"dr500":0.0,"loss500":0.0},"geometry":{"type":"Polygon","coordinates":[[[34.77640406449234,-0.07219593352497304],[34.781793935507665,-0.07219593352497304],[34.781793935507665,-0.06680606647502695],[34.77640406449234,-0.06680606647502695],[34.77640406449234,-0.07219593352497304]]]}},{"type":"Feature","properties":{"id":"RFB-0633","cls":"informal_iron_sheet","area":15,"cost":8800,"tiv":130000.0,"tivCsv":130000.0,"lat":0.26556,"lon":35.14347,"where":"KE","settlement":"other","density_class":"rural","stratum":"basin","d10":0.0,"dr10":0.0,"loss10":0.0,"d20":0.0,"dr20":0.0,"loss20":0.0,"d50":0.0,"dr50":0.0,"loss50":0.0,"d100":0.0,"dr100":0.0,"loss100":0.0,"d200":0.0,"dr200":0.0,"loss200":0.0,"d500":0.0,"dr500":0.0,"loss500":0.0},"geometry":{"type":"Polygon","coordinates":[[[35.14077603752835,0.2628640664750269],[35.14616596247165,0.2628640664750269],[35.14616596247165,0.26825393352497306],[35.14077603752835,0.26825393352497306],[35.14077603752835,0.2628640664750269]]]}},{"type":"Feature","properties":{"id":"RFB-0634","cls":"informal_iron_sheet","area":23,"cost":7400,"tiv":170000.0,"tivCsv":170000.0,"lat":-0.16595,"lon":34.95141,"where":"KE","settlement":"other","density_class":"peri_urban","stratum":"basin","d10":0.0,"dr10":0.0,"loss10":0.0,"d20":0.0,"dr20":0.0,"loss20":0.0,"d50":0.0,"dr50":0.0,"loss50":0.0,"d100":0.0,"dr100":0.0,"loss100":0.0,"d200":0.0,"dr200":0.0,"loss200":0.0,"d500":0.0,"dr500":0.0,"loss500":0.0},"geometry":{"type":"Polygon","coordinates":[[[34.94871505517043,-0.16864993352497304],[34.954104944829574,-0.16864993352497304],[34.954104944829574,-0.16326006647502694],[34.94871505517043,-0.16326006647502694],[34.94871505517043,-0.16864993352497304]]]}},{"type":"Feature","properties":{"id":"RFB-0635","cls":"concrete_rcc","area":676,"cost":74300,"tiv":50225000.0,"tivCsv":50225000.0,"lat":-0.09762,"lon":34.78737,"where":"KE","settlement":"Kisumu","density_class":"urban","stratum":"basin","d10":0.0,"dr10":0.0,"loss10":0.0,"d20":0.0,"dr20":0.0,"loss20":0.0,"d50":0.0,"dr50":0.0,"loss50":0.0,"d100":0.0,"dr100":0.0,"loss100":0.0,"d200":0.0,"dr200":0.0,"loss200":0.0,"d500":0.0,"dr500":0.0,"loss500":0.0},"geometry":{"type":"Polygon","coordinates":[[[34.784672062563544,-0.10031393352497305],[34.79006193743646,-0.10031393352497305],[34.79006193743646,-0.09492406647502695],[34.784672062563544,-0.09492406647502695],[34.784672062563544,-0.10031393352497305]]]}},{"type":"Feature","properties":{"id":"RFB-0636","cls":"semi_permanent","area":52,"cost":10800,"tiv":560000.0,"tivCsv":560000.0,"lat":0.12637,"lon":34.19562,"where":"KE","settlement":"Rwambwa","density_class":"rural","stratum":"basin","d10":0.0,"dr10":0.0,"loss10":0.0,"d20":0.0,"dr20":0.0,"loss20":0.0,"d50":0.0,"dr50":0.0,"loss50":0.0,"d100":0.0,"dr100":0.0,"loss100":0.0,"d200":0.0,"dr200":0.0,"loss200":0.0,"d500":0.0,"dr500":0.0,"loss500":0.0},"geometry":{"type":"Polygon","coordinates":[[[34.192929059920196,0.12367506647502696],[34.19831894007981,0.12367506647502696],[34.19831894007981,0.12906493352497306],[34.192929059920196,0.12906493352497306],[34.192929059920196,0.12367506647502696]]]}},{"type":"Feature","properties":{"id":"RFB-0637","cls":"semi_permanent","area":37,"cost":8900,"tiv":330000.0,"tivCsv":330000.0,"lat":0.14119,"lon":34.7122,"where":"KE","settlement":"other","density_class":"peri_urban","stratum":"basin","d10":0.0,"dr10":0.0,"loss10":0.0,"d20":0.0,"dr20":0.0,"loss20":0.0,"d50":0.0,"dr50":0.0,"loss50":0.0,"d100":0.0,"dr100":0.0,"loss100":0.0,"d200":0.0,"dr200":0.0,"loss200":0.0,"d500":0.0,"dr500":0.0,"loss500":0.0},"geometry":{"type":"Polygon","coordinates":[[[34.70950605829284,0.13849306647502696],[34.71489594170716,0.13849306647502696],[34.71489594170716,0.14388293352497306],[34.70950605829284,0.14388293352497306],[34.70950605829284,0.13849306647502696]]]}},{"type":"Feature","properties":{"id":"RFB-0638","cls":"permanent_masonry","area":151,"cost":43100,"tiv":6510000.0,"tivCsv":6510000.0,"lat":0.78544,"lon":34.72984,"where":"KE","settlement":"Bungoma","density_class":"urban","stratum":"basin","d10":0.0,"dr10":0.0,"loss10":0.0,"d20":0.0,"dr20":0.0,"loss20":0.0,"d50":0.0,"dr50":0.0,"loss50":0.0,"d100":0.0,"dr100":0.0,"loss100":0.0,"d200":0.0,"dr200":0.0,"loss200":0.0,"d500":0.0,"dr500":0.0,"loss500":0.0},"geometry":{"type":"Polygon","coordinates":[[[34.72714681323472,0.782745066475027],[34.73253718676528,0.782745066475027],[34.73253718676528,0.7881349335249731],[34.72714681323472,0.7881349335249731],[34.72714681323472,0.782745066475027]]]}},{"type":"Feature","properties":{"id":"RFB-0639","cls":"permanent_masonry","area":122,"cost":44500,"tiv":5430000.0,"tivCsv":5430000.0,"lat":0.5521,"lon":35.22803,"where":"KE","settlement":"other","density_class":"urban","stratum":"basin","d10":0.0,"dr10":0.0,"loss10":0.0,"d20":0.0,"dr20":0.0,"loss20":0.0,"d50":0.0,"dr50":0.0,"loss50":0.0,"d100":0.0,"dr100":0.0,"loss100":0.0,"d200":0.0,"dr200":0.0,"loss200":0.0,"d500":0.0,"dr500":0.0,"loss500":0.0},"geometry":{"type":"Polygon","coordinates":[[[35.225338941353236,0.5494100664750269],[35.230729058646766,0.5494100664750269],[35.230729058646766,0.554799933524973],[35.225338941353236,0.554799933524973],[35.225338941353236,0.5494100664750269]]]}},{"type":"Feature","properties":{"id":"RFB-0640","cls":"informal_iron_sheet","area":23,"cost":7000,"tiv":160000.0,"tivCsv":160000.0,"lat":0.03568,"lon":34.64504,"where":"KE","settlement":"other","density_class":"peri_urban","stratum":"basin","d10":0.0,"dr10":0.0,"loss10":0.0,"d20":0.0,"dr20":0.0,"loss20":0.0,"d50":0.0,"dr50":0.0,"loss50":0.0,"d100":0.0,"dr100":0.0,"loss100":0.0,"d200":0.0,"dr200":0.0,"loss200":0.0,"d500":0.0,"dr500":0.0,"loss500":0.0},"geometry":{"type":"Polygon","coordinates":[[[34.642347065952364,0.03298906647502695],[34.64773693404763,0.03298906647502695],[34.64773693404763,0.03837893352497305],[34.642347065952364,0.03837893352497305],[34.642347065952364,0.03298906647502695]]]}},{"type":"Feature","properties":{"id":"RFB-0641","cls":"concrete_rcc","area":192,"cost":71800,"tiv":13785000.0,"tivCsv":13785000.0,"lat":0.50879,"lon":34.83622,"where":"KE","settlement":"Kakamega","density_class":"peri_urban","stratum":"basin","d10":0.0,"dr10":0.0,"loss10":0.0,"d20":0.0,"dr20":0.0,"loss20":0.0,"d50":0.0,"dr50":0.0,"loss50":0.0,"d100":0.0,"dr100":0.0,"loss100":0.0,"d200":0.0,"dr200":0.0,"loss200":0.0,"d500":0.0,"dr500":0.0,"loss500":0.0},"geometry":{"type":"Polygon","coordinates":[[[34.833520960218074,0.5060910664750269],[34.83891103978193,0.5060910664750269],[34.83891103978193,0.511480933524973],[34.833520960218074,0.511480933524973],[34.833520960218074,0.5060910664750269]]]}},{"type":"Feature","properties":{"id":"RFB-0642","cls":"semi_permanent","area":44,"cost":15200,"tiv":670000.0,"tivCsv":670000.0,"lat":0.70097,"lon":34.36342,"where":"KE","settlement":"other","density_class":"peri_urban","stratum":"basin","d10":0.0,"dr10":0.0,"loss10":0.0,"d20":0.0,"dr20":0.0,"loss20":0.0,"d50":0.0,"dr50":0.0,"loss50":0.0,"d100":0.0,"dr100":0.0,"loss100":0.0,"d200":0.0,"dr200":0.0,"loss200":0.0,"d500":0.0,"dr500":0.0,"loss500":0.0},"geometry":{"type":"Polygon","coordinates":[[[34.360725864780655,0.6982710664750269],[34.36611613521935,0.6982710664750269],[34.36611613521935,0.703660933524973],[34.360725864780655,0.703660933524973],[34.360725864780655,0.6982710664750269]]]}},{"type":"Feature","properties":{"id":"RFB-0643","cls":"informal_iron_sheet","area":11,"cost":8200,"tiv":90000.0,"tivCsv":90000.0,"lat":1.02625,"lon":34.99234,"where":"KE","settlement":"Kitale","density_class":"urban","stratum":"basin","d10":0.0,"dr10":0.0,"loss10":0.0,"d20":0.0,"dr20":0.0,"loss20":0.0,"d50":0.0,"dr50":0.0,"loss50":0.0,"d100":0.0,"dr100":0.0,"loss100":0.0,"d200":0.0,"dr200":0.0,"loss200":0.0,"d500":0.0,"dr500":0.0,"loss500":0.0},"geometry":{"type":"Polygon","coordinates":[[[34.989644634127515,1.023550066475027],[34.99503536587248,1.023550066475027],[34.99503536587248,1.0289399335249731],[34.989644634127515,1.0289399335249731],[34.989644634127515,1.023550066475027]]]}},{"type":"Feature","properties":{"id":"RFB-0644","cls":"semi_permanent","area":54,"cost":14200,"tiv":765000.0,"tivCsv":765000.0,"lat":0.72185,"lon":35.24736,"where":"KE","settlement":"other","density_class":"rural","stratum":"basin","d10":0.0,"dr10":0.0,"loss10":0.0,"d20":0.0,"dr20":0.0,"loss20":0.0,"d50":0.0,"dr50":0.0,"loss50":0.0,"d100":0.0,"dr100":0.0,"loss100":0.0,"d200":0.0,"dr200":0.0,"loss200":0.0,"d500":0.0,"dr500":0.0,"loss500":0.0},"geometry":{"type":"Polygon","coordinates":[[[35.24466585258021,0.7191590664750269],[35.250056147419784,0.7191590664750269],[35.250056147419784,0.7245489335249731],[35.24466585258021,0.7245489335249731],[35.24466585258021,0.7191590664750269]]]}},{"type":"Feature","properties":{"id":"RFB-0645","cls":"permanent_masonry","area":156,"cost":40100,"tiv":6255000.0,"tivCsv":6255000.0,"lat":0.29827,"lon":35.3981,"where":"KE","settlement":"other","density_class":"rural","stratum":"basin","d10":0.0,"dr10":0.0,"loss10":0.0,"d20":0.0,"dr20":0.0,"loss20":0.0,"d50":0.0,"dr50":0.0,"loss50":0.0,"d100":0.0,"dr100":0.0,"loss100":0.0,"d200":0.0,"dr200":0.0,"loss200":0.0,"d500":0.0,"dr500":0.0,"loss500":0.0},"geometry":{"type":"Polygon","coordinates":[[[35.395406029957385,0.2955770664750269],[35.40079597004261,0.2955770664750269],[35.40079597004261,0.30096693352497306],[35.395406029957385,0.30096693352497306],[35.395406029957385,0.2955770664750269]]]}},{"type":"Feature","properties":{"id":"RFB-0646","cls":"informal_iron_sheet","area":25,"cost":7100,"tiv":180000.0,"tivCsv":180000.0,"lat":-0.09543,"lon":34.90316,"where":"KE","settlement":"other","density_class":"rural","stratum":"basin","d10":0.0,"dr10":0.0,"loss10":0.0,"d20":0.0,"dr20":0.0,"loss20":0.0,"d50":0.0,"dr50":0.0,"loss50":0.0,"d100":0.0,"dr100":0.0,"loss100":0.0,"d200":0.0,"dr200":0.0,"loss200":0.0,"d500":0.0,"dr500":0.0,"loss500":0.0},"geometry":{"type":"Polygon","coordinates":[[[34.90046506273707,-0.09812393352497305],[34.90585493726293,-0.09812393352497305],[34.90585493726293,-0.09273406647502695],[34.90046506273707,-0.09273406647502695],[34.90046506273707,-0.09812393352497305]]]}},{"type":"Feature","properties":{"id":"RFB-0647","cls":"permanent_masonry","area":128,"cost":57200,"tiv":7320000.0,"tivCsv":7320000.0,"lat":0.52448,"lon":35.25897,"where":"KE","settlement":"other","density_class":"urban","stratum":"basin","d10":0.0,"dr10":0.0,"loss10":0.0,"d20":0.0,"dr20":0.0,"loss20":0.0,"d50":0.0,"dr50":0.0,"loss50":0.0,"d100":0.0,"dr100":0.0,"loss100":0.0,"d200":0.0,"dr200":0.0,"loss200":0.0,"d500":0.0,"dr500":0.0,"loss500":0.0},"geometry":{"type":"Polygon","coordinates":[[[35.25627795356369,0.521780066475027],[35.261668046436306,0.521780066475027],[35.261668046436306,0.5271699335249731],[35.25627795356369,0.5271699335249731],[35.25627795356369,0.521780066475027]]]}},{"type":"Feature","properties":{"id":"RFB-0648","cls":"informal_iron_sheet","area":20,"cost":7600,"tiv":150000.0,"tivCsv":150000.0,"lat":0.05334,"lon":34.33902,"where":"KE","settlement":"other","density_class":"peri_urban","stratum":"basin","d10":0.0,"dr10":0.0,"loss10":0.0,"d20":0.0,"dr20":0.0,"loss20":0.0,"d50":0.0,"dr50":0.0,"loss50":0.0,"d100":0.0,"dr100":0.0,"loss100":0.0,"d200":0.0,"dr200":0.0,"loss200":0.0,"d500":0.0,"dr500":0.0,"loss500":0.0},"geometry":{"type":"Polygon","coordinates":[[[34.33633006530707,0.050648066475026954],[34.34171993469293,0.050648066475026954],[34.34171993469293,0.05603793352497305],[34.33633006530707,0.05603793352497305],[34.33633006530707,0.050648066475026954]]]}},{"type":"Feature","properties":{"id":"RFB-0649","cls":"permanent_masonry","area":162,"cost":48900,"tiv":7920000.0,"tivCsv":7920000.0,"lat":0.87211,"lon":35.09684,"where":"KE","settlement":"other","density_class":"peri_urban","stratum":"basin","d10":0.0,"dr10":0.0,"loss10":0.0,"d20":0.0,"dr20":0.0,"loss20":0.0,"d50":0.0,"dr50":0.0,"loss50":0.0,"d100":0.0,"dr100":0.0,"loss100":0.0,"d200":0.0,"dr200":0.0,"loss200":0.0,"d500":0.0,"dr500":0.0,"loss500":0.0},"geometry":{"type":"Polygon","coordinates":[[[35.094146754256805,0.8694160664750269],[35.0995372457432,0.8694160664750269],[35.0995372457432,0.874805933524973],[35.094146754256805,0.874805933524973],[35.094146754256805,0.8694160664750269]]]}},{"type":"Feature","properties":{"id":"RFB-0650","cls":"informal_iron_sheet","area":20,"cost":6300,"tiv":125000.0,"tivCsv":125000.0,"lat":0.02454,"lon":34.50607,"where":"KE","settlement":"other","density_class":"rural","stratum":"basin","d10":0.0,"dr10":0.0,"loss10":0.0,"d20":0.0,"dr20":0.0,"loss20":0.0,"d50":0.0,"dr50":0.0,"loss50":0.0,"d100":0.0,"dr100":0.0,"loss100":0.0,"d200":0.0,"dr200":0.0,"loss200":0.0,"d500":0.0,"dr500":0.0,"loss500":0.0},"geometry":{"type":"Polygon","coordinates":[[[34.50337306622778,0.021848066475026948],[34.50876293377222,0.021848066475026948],[34.50876293377222,0.02723793352497305],[34.50337306622778,0.02723793352497305],[34.50337306622778,0.021848066475026948]]]}},{"type":"Feature","properties":{"id":"RFB-0651","cls":"semi_permanent","area":59,"cost":9600,"tiv":565000.0,"tivCsv":565000.0,"lat":-0.10748,"lon":34.64313,"where":"KE","settlement":"other","density_class":"peri_urban","stratum":"basin","d10":0.0,"dr10":0.0,"loss10":0.0,"d20":0.0,"dr20":0.0,"loss20":0.0,"d50":0.0,"dr50":0.0,"loss50":0.0,"d100":0.0,"dr100":0.0,"loss100":0.0,"d200":0.0,"dr200":0.0,"loss200":0.0,"d500":0.0,"dr500":0.0,"loss500":0.0},"geometry":{"type":"Polygon","coordinates":[[[34.64043806173321,-0.11017693352497304],[34.64582793826679,-0.11017693352497304],[34.64582793826679,-0.10478706647502695],[34.64043806173321,-0.10478706647502695],[34.64043806173321,-0.11017693352497304]]]}},{"type":"Feature","properties":{"id":"RFB-0652","cls":"permanent_masonry","area":224,"cost":47900,"tiv":10730000.0,"tivCsv":10730000.0,"lat":0.40476,"lon":34.7047,"where":"KE","settlement":"other","density_class":"peri_urban","stratum":"basin","d10":0.0,"dr10":0.0,"loss10":0.0,"d20":0.0,"dr20":0.0,"loss20":0.0,"d50":0.0,"dr50":0.0,"loss50":0.0,"d100":0.0,"dr100":0.0,"loss100":0.0,"d200":0.0,"dr200":0.0,"loss200":0.0,"d500":0.0,"dr500":0.0,"loss500":0.0},"geometry":{"type":"Polygon","coordinates":[[[34.70200999922872,0.40206106647502693],[34.70740000077127,0.40206106647502693],[34.70740000077127,0.4074509335249731],[34.70200999922872,0.4074509335249731],[34.70200999922872,0.40206106647502693]]]}},{"type":"Feature","properties":{"id":"RFB-0653","cls":"semi_permanent","area":36,"cost":13800,"tiv":495000.0,"tivCsv":495000.0,"lat":0.45979,"lon":34.09497,"where":"KE","settlement":"other","density_class":"urban","stratum":"basin","d10":0.0,"dr10":0.0,"loss10":0.0,"d20":0.0,"dr20":0.0,"loss20":0.0,"d50":0.0,"dr50":0.0,"loss50":0.0,"d100":0.0,"dr100":0.0,"loss100":0.0,"d200":0.0,"dr200":0.0,"loss200":0.0,"d500":0.0,"dr500":0.0,"loss500":0.0},"geometry":{"type":"Polygon","coordinates":[[[34.092279979698255,0.4570950664750269],[34.09767002030174,0.4570950664750269],[34.09767002030174,0.46248493352497305],[34.092279979698255,0.46248493352497305],[34.092279979698255,0.4570950664750269]]]}},{"type":"Feature","properties":{"id":"RFB-0654","cls":"informal_iron_sheet","area":16,"cost":5800,"tiv":95000.0,"tivCsv":95000.0,"lat":-0.08788,"lon":34.78422,"where":"KE","settlement":"Kisumu","density_class":"urban","stratum":"basin","d10":0.0,"dr10":0.0,"loss10":0.0,"d20":0.0,"dr20":0.0,"loss20":0.0,"d50":0.0,"dr50":0.0,"loss50":0.0,"d100":0.0,"dr100":0.0,"loss100":0.0,"d200":0.0,"dr200":0.0,"loss200":0.0,"d500":0.0,"dr500":0.0,"loss500":0.0},"geometry":{"type":"Polygon","coordinates":[[[34.78152206330528,-0.09057193352497304],[34.786911936694715,-0.09057193352497304],[34.786911936694715,-0.08518206647502695],[34.78152206330528,-0.08518206647502695],[34.78152206330528,-0.09057193352497304]]]}},{"type":"Feature","properties":{"id":"RFB-0655","cls":"informal_iron_sheet","area":11,"cost":7400,"tiv":80000.0,"tivCsv":80000.0,"lat":0.71339,"lon":35.37185,"where":"KE","settlement":"other","density_class":"rural","stratum":"basin","d10":0.0,"dr10":0.0,"loss10":0.0,"d20":0.0,"dr20":0.0,"loss20":0.0,"d50":0.0,"dr50":0.0,"loss50":0.0,"d100":0.0,"dr100":0.0,"loss100":0.0,"d200":0.0,"dr200":0.0,"loss200":0.0,"d500":0.0,"dr500":0.0,"loss500":0.0},"geometry":{"type":"Polygon","coordinates":[[[35.36915085757004,0.710690066475027],[35.374541142429955,0.710690066475027],[35.374541142429955,0.7160799335249731],[35.36915085757004,0.7160799335249731],[35.36915085757004,0.710690066475027]]]}},{"type":"Feature","properties":{"id":"RFB-0656","cls":"permanent_masonry","area":149,"cost":54900,"tiv":8180000.0,"tivCsv":8180000.0,"lat":-0.09371,"lon":34.77921,"where":"KE","settlement":"Kisumu","density_class":"urban","stratum":"basin","d10":0.0,"dr10":0.0,"loss10":0.0,"d20":0.0,"dr20":0.0,"loss20":0.0,"d50":0.0,"dr50":0.0,"loss50":0.0,"d100":0.0,"dr100":0.0,"loss100":0.0,"d200":0.0,"dr200":0.0,"loss200":0.0,"d500":0.0,"dr500":0.0,"loss500":0.0},"geometry":{"type":"Polygon","coordinates":[[[34.77651206287076,-0.09640193352497305],[34.78190193712924,-0.09640193352497305],[34.78190193712924,-0.09101206647502695],[34.77651206287076,-0.09101206647502695],[34.77651206287076,-0.09640193352497305]]]}},{"type":"Feature","properties":{"id":"RFB-0657","cls":"permanent_masonry","area":179,"cost":57900,"tiv":10365000.0,"tivCsv":10365000.0,"lat":-0.09747,"lon":34.77312,"where":"KE","settlement":"Kisumu","density_class":"urban","stratum":"basin","d10":0.0,"dr10":0.0,"loss10":0.0,"d20":0.0,"dr20":0.0,"loss20":0.0,"d50":0.0,"dr50":0.0,"loss50":0.0,"d100":0.0,"dr100":0.0,"loss100":0.0,"d200":0.0,"dr200":0.0,"loss200":0.0,"d500":0.0,"dr500":0.0,"loss500":0.0},"geometry":{"type":"Polygon","coordinates":[[[34.77042406257547,-0.10016493352497305],[34.77581393742453,-0.10016493352497305],[34.77581393742453,-0.09477506647502695],[34.77042406257547,-0.09477506647502695],[34.77042406257547,-0.10016493352497305]]]}},{"type":"Feature","properties":{"id":"RFB-0658","cls":"permanent_masonry","area":137,"cost":60400,"tiv":8275000.0,"tivCsv":8275000.0,"lat":-0.13523,"lon":34.11972,"where":"KE","settlement":"other","density_class":"rural","stratum":"basin","d10":0.0,"dr10":0.0,"loss10":0.0,"d20":0.0,"dr20":0.0,"loss20":0.0,"d50":0.0,"dr50":0.0,"loss50":0.0,"d100":0.0,"dr100":0.0,"loss100":0.0,"d200":0.0,"dr200":0.0,"loss200":0.0,"d500":0.0,"dr500":0.0,"loss500":0.0},"geometry":{"type":"Polygon","coordinates":[[[34.11702705896906,-0.13792293352497303],[34.12241694103095,-0.13792293352497303],[34.12241694103095,-0.13253306647502694],[34.11702705896906,-0.13253306647502694],[34.11702705896906,-0.13792293352497303]]]}},{"type":"Feature","properties":{"id":"RFB-0659","cls":"concrete_rcc","area":445,"cost":76600,"tiv":34085000.0,"tivCsv":34085000.0,"lat":-0.08243,"lon":34.77848,"where":"KE","settlement":"Kisumu","density_class":"urban","stratum":"basin","d10":0.0,"dr10":0.0,"loss10":0.0,"d20":0.0,"dr20":0.0,"loss20":0.0,"d50":0.0,"dr50":0.0,"loss50":0.0,"d100":0.0,"dr100":0.0,"loss100":0.0,"d200":0.0,"dr200":0.0,"loss200":0.0,"d500":0.0,"dr500":0.0,"loss500":0.0},"geometry":{"type":"Polygon","coordinates":[[[34.77578606368592,-0.08512693352497305],[34.78117593631408,-0.08512693352497305],[34.78117593631408,-0.07973706647502696],[34.77578606368592,-0.07973706647502696],[34.77578606368592,-0.08512693352497305]]]}},{"type":"Feature","properties":{"id":"RFB-0660","cls":"semi_permanent","area":52,"cost":11700,"tiv":610000.0,"tivCsv":610000.0,"lat":0.36,"lon":34.5607,"where":"KE","settlement":"Mumias","density_class":"peri_urban","stratum":"basin","d10":0.0,"dr10":0.0,"loss10":0.0,"d20":0.0,"dr20":0.0,"loss20":0.0,"d50":0.0,"dr50":0.0,"loss50":0.0,"d100":0.0,"dr100":0.0,"loss100":0.0,"d200":0.0,"dr200":0.0,"loss200":0.0,"d500":0.0,"dr500":0.0,"loss500":0.0},"geometry":{"type":"Polygon","coordinates":[[[34.55800401327889,0.3573030664750269],[34.56339398672111,0.3573030664750269],[34.56339398672111,0.36269293352497306],[34.55800401327889,0.36269293352497306],[34.55800401327889,0.3573030664750269]]]}},{"type":"Feature","properties":{"id":"RFB-0661","cls":"semi_permanent","area":35,"cost":14600,"tiv":510000.0,"tivCsv":510000.0,"lat":0.17047,"lon":34.45408,"where":"KE","settlement":"other","density_class":"peri_urban","stratum":"basin","d10":0.0,"dr10":0.0,"loss10":0.0,"d20":0.0,"dr20":0.0,"loss20":0.0,"d50":0.0,"dr50":0.0,"loss50":0.0,"d100":0.0,"dr100":0.0,"loss100":0.0,"d200":0.0,"dr200":0.0,"loss200":0.0,"d500":0.0,"dr500":0.0,"loss500":0.0},"geometry":{"type":"Polygon","coordinates":[[[34.451381054546395,0.16777906647502694],[34.456770945453606,0.16777906647502694],[34.456770945453606,0.17316893352497303],[34.451381054546395,0.17316893352497303],[34.451381054546395,0.16777906647502694]]]}},{"type":"Feature","properties":{"id":"RFB-0662","cls":"semi_permanent","area":69,"cost":13300,"tiv":920000.0,"tivCsv":920000.0,"lat":0.34411,"lon":34.15398,"where":"KE","settlement":"Bumala","density_class":"peri_urban","stratum":"basin","d10":0.0,"dr10":0.0,"loss10":0.0,"d20":0.0,"dr20":0.0,"loss20":0.0,"d50":0.0,"dr50":0.0,"loss50":0.0,"d100":0.0,"dr100":0.0,"loss100":0.0,"d200":0.0,"dr200":0.0,"loss200":0.0,"d500":0.0,"dr500":0.0,"loss500":0.0},"geometry":{"type":"Polygon","coordinates":[[[34.15128601787053,0.3414160664750269],[34.15667598212947,0.3414160664750269],[34.15667598212947,0.3468059335249731],[34.15128601787053,0.3468059335249731],[34.15128601787053,0.3414160664750269]]]}},{"type":"Feature","properties":{"id":"RFB-0663","cls":"semi_permanent","area":36,"cost":10000,"tiv":360000.0,"tivCsv":360000.0,"lat":0.59785,"lon":34.96762,"where":"KE","settlement":"other","density_class":"peri_urban","stratum":"basin","d10":0.0,"dr10":0.0,"loss10":0.0,"d20":0.0,"dr20":0.0,"loss20":0.0,"d50":0.0,"dr50":0.0,"loss50":0.0,"d100":0.0,"dr100":0.0,"loss100":0.0,"d200":0.0,"dr200":0.0,"loss200":0.0,"d500":0.0,"dr500":0.0,"loss500":0.0},"geometry":{"type":"Polygon","coordinates":[[[34.9649229197592,0.5951550664750269],[34.9703130802408,0.5951550664750269],[34.9703130802408,0.6005449335249731],[34.9649229197592,0.6005449335249731],[34.9649229197592,0.5951550664750269]]]}},{"type":"Feature","properties":{"id":"RFB-0664","cls":"semi_permanent","area":36,"cost":9200,"tiv":330000.0,"tivCsv":330000.0,"lat":-0.25411,"lon":34.90761,"where":"KE","settlement":"other","density_class":"rural","stratum":"basin","d10":0.0,"dr10":0.0,"loss10":0.0,"d20":0.0,"dr20":0.0,"loss20":0.0,"d50":0.0,"dr50":0.0,"loss50":0.0,"d100":0.0,"dr100":0.0,"loss100":0.0,"d200":0.0,"dr200":0.0,"loss200":0.0,"d500":0.0,"dr500":0.0,"loss500":0.0},"geometry":{"type":"Polygon","coordinates":[[[34.9049130399703,-0.25680593352497305],[34.9103029600297,-0.25680593352497305],[34.9103029600297,-0.2514160664750269],[34.9049130399703,-0.2514160664750269],[34.9049130399703,-0.25680593352497305]]]}},{"type":"Feature","properties":{"id":"RFB-0665","cls":"permanent_masonry","area":77,"cost":53700,"tiv":4135000.0,"tivCsv":4135000.0,"lat":1.13567,"lon":35.00659,"where":"KE","settlement":"other","density_class":"peri_urban","stratum":"basin","d10":0.0,"dr10":0.0,"loss10":0.0,"d20":0.0,"dr20":0.0,"loss20":0.0,"d50":0.0,"dr50":0.0,"loss50":0.0,"d100":0.0,"dr100":0.0,"loss100":0.0,"d200":0.0,"dr200":0.0,"loss200":0.0,"d500":0.0,"dr500":0.0,"loss500":0.0},"geometry":{"type":"Polygon","coordinates":[[[35.00389453699668,1.1329750664750269],[35.00928546300332,1.1329750664750269],[35.00928546300332,1.138364933524973],[35.00389453699668,1.138364933524973],[35.00389453699668,1.1329750664750269]]]}},{"type":"Feature","properties":{"id":"RFB-0666","cls":"permanent_masonry","area":205,"cost":42100,"tiv":8630000.0,"tivCsv":8630000.0,"lat":0.65593,"lon":34.50679,"where":"KE","settlement":"other","density_class":"peri_urban","stratum":"basin","d10":0.0,"dr10":0.0,"loss10":0.0,"d20":0.0,"dr20":0.0,"loss20":0.0,"d50":0.0,"dr50":0.0,"loss50":0.0,"d100":0.0,"dr100":0.0,"loss100":0.0,"d200":0.0,"dr200":0.0,"loss200":0.0,"d500":0.0,"dr500":0.0,"loss500":0.0},"geometry":{"type":"Polygon","coordinates":[[[34.50409188986657,0.6532350664750269],[34.50948211013343,0.6532350664750269],[34.50948211013343,0.6586249335249731],[34.50409188986657,0.6586249335249731],[34.50409188986657,0.6532350664750269]]]}},{"type":"Feature","properties":{"id":"RFB-0667","cls":"concrete_rcc","area":286,"cost":83500,"tiv":23880000.0,"tivCsv":23880000.0,"lat":-0.10338,"lon":34.77075,"where":"KE","settlement":"Kisumu","density_class":"urban","stratum":"basin","d10":0.0,"dr10":0.0,"loss10":0.0,"d20":0.0,"dr20":0.0,"loss20":0.0,"d50":0.0,"dr50":0.0,"loss50":0.0,"d100":0.0,"dr100":0.0,"loss100":0.0,"d200":0.0,"dr200":0.0,"loss200":0.0,"d500":0.0,"dr500":0.0,"loss500":0.0},"geometry":{"type":"Polygon","coordinates":[[[34.76805806208858,-0.10607093352497304],[34.77344793791142,-0.10607093352497304],[34.77344793791142,-0.10068106647502695],[34.76805806208858,-0.10068106647502695],[34.76805806208858,-0.10607093352497304]]]}},{"type":"Feature","properties":{"id":"RFB-0668","cls":"permanent_masonry","area":71,"cost":52700,"tiv":3740000.0,"tivCsv":3740000.0,"lat":-0.13251,"lon":34.34492,"where":"KE","settlement":"other","density_class":"rural","stratum":"basin","d10":0.0,"dr10":0.0,"loss10":0.0,"d20":0.0,"dr20":0.0,"loss20":0.0,"d50":0.0,"dr50":0.0,"loss50":0.0,"d100":0.0,"dr100":0.0,"loss100":0.0,"d200":0.0,"dr200":0.0,"loss200":0.0,"d500":0.0,"dr500":0.0,"loss500":0.0},"geometry":{"type":"Polygon","coordinates":[[[34.34222205926808,-0.13520193352497306],[34.34761194073192,-0.13520193352497306],[34.34761194073192,-0.12981206647502697],[34.34222205926808,-0.12981206647502697],[34.34222205926808,-0.13520193352497306]]]}},{"type":"Feature","properties":{"id":"RFB-0669","cls":"semi_permanent","area":46,"cost":11400,"tiv":525000.0,"tivCsv":525000.0,"lat":0.6213,"lon":35.36418,"where":"KE","settlement":"other","density_class":"rural","stratum":"basin","d10":0.0,"dr10":0.0,"loss10":0.0,"d20":0.0,"dr20":0.0,"loss20":0.0,"d50":0.0,"dr50":0.0,"loss50":0.0,"d100":0.0,"dr100":0.0,"loss100":0.0,"d200":0.0,"dr200":0.0,"loss200":0.0,"d500":0.0,"dr500":0.0,"loss500":0.0},"geometry":{"type":"Polygon","coordinates":[[[35.36148790802541,0.6186010664750269],[35.366878091974584,0.6186010664750269],[35.366878091974584,0.623990933524973],[35.36148790802541,0.623990933524973],[35.36148790802541,0.6186010664750269]]]}},{"type":"Feature","properties":{"id":"RFB-0670","cls":"informal_iron_sheet","area":22,"cost":5800,"tiv":130000.0,"tivCsv":130000.0,"lat":-0.29297,"lon":35.34949,"where":"KE","settlement":"other","density_class":"peri_urban","stratum":"basin","d10":0.0,"dr10":0.0,"loss10":0.0,"d20":0.0,"dr20":0.0,"loss20":0.0,"d50":0.0,"dr50":0.0,"loss50":0.0,"d100":0.0,"dr100":0.0,"loss100":0.0,"d200":0.0,"dr200":0.0,"loss200":0.0,"d500":0.0,"dr500":0.0,"loss500":0.0},"geometry":{"type":"Polygon","coordinates":[[[35.346797031242914,-0.29566993352497306],[35.35218696875708,-0.29566993352497306],[35.35218696875708,-0.2902800664750269],[35.346797031242914,-0.2902800664750269],[35.346797031242914,-0.29566993352497306]]]}},{"type":"Feature","properties":{"id":"RFB-0671","cls":"permanent_masonry","area":124,"cost":55900,"tiv":6930000.0,"tivCsv":6930000.0,"lat":0.0387,"lon":34.88108,"where":"KE","settlement":"other","density_class":"peri_urban","stratum":"basin","d10":0.0,"dr10":0.0,"loss10":0.0,"d20":0.0,"dr20":0.0,"loss20":0.0,"d50":0.0,"dr50":0.0,"loss50":0.0,"d100":0.0,"dr100":0.0,"loss100":0.0,"d200":0.0,"dr200":0.0,"loss200":0.0,"d500":0.0,"dr500":0.0,"loss500":0.0},"geometry":{"type":"Polygon","coordinates":[[[34.87838806586034,0.036003066475026956],[34.88377793413965,0.036003066475026956],[34.88377793413965,0.04139293352497305],[34.87838806586034,0.04139293352497305],[34.87838806586034,0.036003066475026956]]]}},{"type":"Feature","properties":{"id":"RFB-0672","cls":"semi_permanent","area":31,"cost":9500,"tiv":295000.0,"tivCsv":295000.0,"lat":0.07295,"lon":34.84277,"where":"KE","settlement":"other","density_class":"peri_urban","stratum":"basin","d10":0.0,"dr10":0.0,"loss10":0.0,"d20":0.0,"dr20":0.0,"loss20":0.0,"d50":0.0,"dr50":0.0,"loss50":0.0,"d100":0.0,"dr100":0.0,"loss100":0.0,"d200":0.0,"dr200":0.0,"loss200":0.0,"d500":0.0,"dr500":0.0,"loss500":0.0},"geometry":{"type":"Polygon","coordinates":[[[34.84007306429085,0.07025206647502695],[34.84546293570915,0.07025206647502695],[34.84546293570915,0.07564193352497305],[34.84007306429085,0.07564193352497305],[34.84007306429085,0.07025206647502695]]]}},{"type":"Feature","properties":{"id":"RFB-0673","cls":"informal_iron_sheet","area":12,"cost":6600,"tiv":80000.0,"tivCsv":80000.0,"lat":0.29957,"lon":34.62309,"where":"KE","settlement":"other","density_class":"peri_urban","stratum":"basin","d10":0.0,"dr10":0.0,"loss10":0.0,"d20":0.0,"dr20":0.0,"loss20":0.0,"d50":0.0,"dr50":0.0,"loss50":0.0,"d100":0.0,"dr100":0.0,"loss100":0.0,"d200":0.0,"dr200":0.0,"loss200":0.0,"d500":0.0,"dr500":0.0,"loss500":0.0},"geometry":{"type":"Polygon","coordinates":[[[34.62039402963837,0.29687706647502693],[34.62578397036163,0.29687706647502693],[34.62578397036163,0.3022669335249731],[34.62039402963837,0.3022669335249731],[34.62039402963837,0.29687706647502693]]]}},{"type":"Feature","properties":{"id":"RFB-0674","cls":"concrete_rcc","area":481,"cost":70000,"tiv":33670000.0,"tivCsv":33670000.0,"lat":0.51737,"lon":35.27883,"where":"KE","settlement":"other","density_class":"urban","stratum":"basin","d10":0.0,"dr10":0.0,"loss10":0.0,"d20":0.0,"dr20":0.0,"loss20":0.0,"d50":0.0,"dr50":0.0,"loss50":0.0,"d100":0.0,"dr100":0.0,"loss100":0.0,"d200":0.0,"dr200":0.0,"loss200":0.0,"d500":0.0,"dr500":0.0,"loss500":0.0},"geometry":{"type":"Polygon","coordinates":[[[35.27613195660142,0.514677066475027],[35.28152204339858,0.514677066475027],[35.28152204339858,0.5200669335249731],[35.27613195660142,0.5200669335249731],[35.27613195660142,0.514677066475027]]]}},{"type":"Feature","properties":{"id":"RFB-0675","cls":"semi_permanent","area":48,"cost":10400,"tiv":500000.0,"tivCsv":500000.0,"lat":1.24649,"lon":35.11718,"where":"KE","settlement":"other","density_class":"urban","stratum":"basin","d10":0.0,"dr10":0.0,"loss10":0.0,"d20":0.0,"dr20":0.0,"loss20":0.0,"d50":0.0,"dr50":0.0,"loss50":0.0,"d100":0.0,"dr100":0.0,"loss100":0.0,"d200":0.0,"dr200":0.0,"loss200":0.0,"d500":0.0,"dr500":0.0,"loss500":0.0},"geometry":{"type":"Polygon","coordinates":[[[35.11448142859627,1.243798066475027],[35.119872571403725,1.243798066475027],[35.119872571403725,1.2491879335249731],[35.11448142859627,1.2491879335249731],[35.11448142859627,1.243798066475027]]]}},{"type":"Feature","properties":{"id":"RFB-0676","cls":"informal_iron_sheet","area":16,"cost":6100,"tiv":100000.0,"tivCsv":100000.0,"lat":0.53785,"lon":35.25232,"where":"KE","settlement":"other","density_class":"urban","stratum":"basin","d10":0.0,"dr10":0.0,"loss10":0.0,"d20":0.0,"dr20":0.0,"loss20":0.0,"d50":0.0,"dr50":0.0,"loss50":0.0,"d100":0.0,"dr100":0.0,"loss100":0.0,"d200":0.0,"dr200":0.0,"loss200":0.0,"d500":0.0,"dr500":0.0,"loss500":0.0},"geometry":{"type":"Polygon","coordinates":[[[35.24962894773163,0.535154066475027],[35.25501905226837,0.535154066475027],[35.25501905226837,0.5405439335249731],[35.24962894773163,0.5405439335249731],[35.24962894773163,0.535154066475027]]]}},{"type":"Feature","properties":{"id":"RFB-0677","cls":"permanent_masonry","area":236,"cost":52000,"tiv":12270000.0,"tivCsv":12270000.0,"lat":0.53264,"lon":35.24054,"where":"KE","settlement":"other","density_class":"urban","stratum":"basin","d10":0.0,"dr10":0.0,"loss10":0.0,"d20":0.0,"dr20":0.0,"loss20":0.0,"d50":0.0,"dr50":0.0,"loss50":0.0,"d100":0.0,"dr100":0.0,"loss100":0.0,"d200":0.0,"dr200":0.0,"loss200":0.0,"d500":0.0,"dr500":0.0,"loss500":0.0},"geometry":{"type":"Polygon","coordinates":[[[35.23784695002191,0.529942066475027],[35.243237049978084,0.529942066475027],[35.243237049978084,0.5353319335249731],[35.23784695002191,0.5353319335249731],[35.23784695002191,0.529942066475027]]]}},{"type":"Feature","properties":{"id":"RFB-0678","cls":"permanent_masonry","area":96,"cost":55000,"tiv":5280000.0,"tivCsv":5280000.0,"lat":1.01354,"lon":35.36241,"where":"KE","settlement":"other","density_class":"peri_urban","stratum":"basin","d10":0.0,"dr10":0.0,"loss10":0.0,"d20":0.0,"dr20":0.0,"loss20":0.0,"d50":0.0,"dr50":0.0,"loss50":0.0,"d100":0.0,"dr100":0.0,"loss100":0.0,"d200":0.0,"dr200":0.0,"loss200":0.0,"d500":0.0,"dr500":0.0,"loss500":0.0},"geometry":{"type":"Polygon","coordinates":[[[35.3597096447693,1.010843066475027],[35.3651003552307,1.010843066475027],[35.3651003552307,1.0162329335249731],[35.3597096447693,1.0162329335249731],[35.3597096447693,1.010843066475027]]]}},{"type":"Feature","properties":{"id":"RFB-0679","cls":"permanent_masonry","area":79,"cost":43200,"tiv":3415000.0,"tivCsv":3415000.0,"lat":1.00722,"lon":35.33935,"where":"KE","settlement":"other","density_class":"peri_urban","stratum":"basin","d10":0.0,"dr10":0.0,"loss10":0.0,"d20":0.0,"dr20":0.0,"loss20":0.0,"d50":0.0,"dr50":0.0,"loss50":0.0,"d100":0.0,"dr100":0.0,"loss100":0.0,"d200":0.0,"dr200":0.0,"loss200":0.0,"d500":0.0,"dr500":0.0,"loss500":0.0},"geometry":{"type":"Polygon","coordinates":[[[35.33665365000943,1.004527066475027],[35.342044349990566,1.004527066475027],[35.342044349990566,1.0099169335249731],[35.33665365000943,1.0099169335249731],[35.33665365000943,1.004527066475027]]]}},{"type":"Feature","properties":{"id":"RFB-0680","cls":"permanent_masonry","area":157,"cost":53300,"tiv":8370000.0,"tivCsv":8370000.0,"lat":0.6408,"lon":34.50373,"where":"KE","settlement":"other","density_class":"peri_urban","stratum":"basin","d10":0.0,"dr10":0.0,"loss10":0.0,"d20":0.0,"dr20":0.0,"loss20":0.0,"d50":0.0,"dr50":0.0,"loss50":0.0,"d100":0.0,"dr100":0.0,"loss100":0.0,"d200":0.0,"dr200":0.0,"loss200":0.0,"d500":0.0,"dr500":0.0,"loss500":0.0},"geometry":{"type":"Polygon","coordinates":[[[34.50102989792207,0.6381020664750269],[34.50642010207793,0.6381020664750269],[34.50642010207793,0.643491933524973],[34.50102989792207,0.643491933524973],[34.50102989792207,0.6381020664750269]]]}},{"type":"Feature","properties":{"id":"RFB-0681","cls":"semi_permanent","area":43,"cost":13400,"tiv":575000.0,"tivCsv":575000.0,"lat":0.42039,"lon":34.82548,"where":"KE","settlement":"Kakamega","density_class":"peri_urban","stratum":"basin","d10":0.0,"dr10":0.0,"loss10":0.0,"d20":0.0,"dr20":0.0,"loss20":0.0,"d50":0.0,"dr50":0.0,"loss50":0.0,"d100":0.0,"dr100":0.0,"loss100":0.0,"d200":0.0,"dr200":0.0,"loss200":0.0,"d500":0.0,"dr500":0.0,"loss500":0.0},"geometry":{"type":"Polygon","coordinates":[[[34.82278099393202,0.4176990664750269],[34.82817100606798,0.4176990664750269],[34.82817100606798,0.42308893352497307],[34.82278099393202,0.42308893352497307],[34.82278099393202,0.4176990664750269]]]}},{"type":"Feature","properties":{"id":"RFB-0682","cls":"permanent_masonry","area":86,"cost":50500,"tiv":4345000.0,"tivCsv":4345000.0,"lat":0.06783,"lon":34.65496,"where":"KE","settlement":"other","density_class":"urban","stratum":"basin","d10":0.0,"dr10":0.0,"loss10":0.0,"d20":0.0,"dr20":0.0,"loss20":0.0,"d50":0.0,"dr50":0.0,"loss50":0.0,"d100":0.0,"dr100":0.0,"loss100":0.0,"d200":0.0,"dr200":0.0,"loss200":0.0,"d500":0.0,"dr500":0.0,"loss500":0.0},"geometry":{"type":"Polygon","coordinates":[[[34.65226206458653,0.06513506647502695],[34.657651935413476,0.06513506647502695],[34.657651935413476,0.07052493352497305],[34.65226206458653,0.07052493352497305],[34.65226206458653,0.06513506647502695]]]}},{"type":"Feature","properties":{"id":"RFB-0683","cls":"semi_permanent","area":39,"cost":11800,"tiv":460000.0,"tivCsv":460000.0,"lat":0.28102,"lon":34.6942,"where":"KE","settlement":"other","density_class":"peri_urban","stratum":"basin","d10":0.0,"dr10":0.0,"loss10":0.0,"d20":0.0,"dr20":0.0,"loss20":0.0,"d50":0.0,"dr50":0.0,"loss50":0.0,"d100":0.0,"dr100":0.0,"loss100":0.0,"d200":0.0,"dr200":0.0,"loss200":0.0,"d500":0.0,"dr500":0.0,"loss500":0.0},"geometry":{"type":"Polygon","coordinates":[[[34.691509034059145,0.2783270664750269],[34.69689896594085,0.2783270664750269],[34.69689896594085,0.28371693352497307],[34.691509034059145,0.28371693352497307],[34.691509034059145,0.2783270664750269]]]}},{"type":"Feature","properties":{"id":"RFB-0684","cls":"semi_permanent","area":35,"cost":10400,"tiv":365000.0,"tivCsv":365000.0,"lat":0.33727,"lon":34.65146,"where":"KE","settlement":"other","density_class":"peri_urban","stratum":"basin","d10":0.0,"dr10":0.0,"loss10":0.0,"d20":0.0,"dr20":0.0,"loss20":0.0,"d50":0.0,"dr50":0.0,"loss50":0.0,"d100":0.0,"dr100":0.0,"loss100":0.0,"d200":0.0,"dr200":0.0,"loss200":0.0,"d500":0.0,"dr500":0.0,"loss500":0.0},"geometry":{"type":"Polygon","coordinates":[[[34.64876401978389,0.33457506647502694],[34.654153980216115,0.33457506647502694],[34.654153980216115,0.3399649335249731],[34.64876401978389,0.3399649335249731],[34.64876401978389,0.33457506647502694]]]}},{"type":"Feature","properties":{"id":"RFB-0685","cls":"permanent_masonry","area":84,"cost":44800,"tiv":3765000.0,"tivCsv":3765000.0,"lat":0.05474,"lon":35.08056,"where":"KE","settlement":"other","density_class":"peri_urban","stratum":"basin","d10":0.0,"dr10":0.0,"loss10":0.0,"d20":0.0,"dr20":0.0,"loss20":0.0,"d50":0.0,"dr50":0.0,"loss50":0.0,"d100":0.0,"dr100":0.0,"loss100":0.0,"d200":0.0,"dr200":0.0,"loss200":0.0,"d500":0.0,"dr500":0.0,"loss500":0.0},"geometry":{"type":"Polygon","coordinates":[[[35.07786706524527,0.05204106647502695],[35.08325693475473,0.05204106647502695],[35.08325693475473,0.05743093352497305],[35.07786706524527,0.05743093352497305],[35.07786706524527,0.05204106647502695]]]}},{"type":"Feature","properties":{"id":"RFB-0686","cls":"concrete_rcc","area":263,"cost":76600,"tiv":20145000.0,"tivCsv":20145000.0,"lat":-0.01348,"lon":34.74667,"where":"KE","settlement":"Kisumu","density_class":"urban","stratum":"basin","d10":0.0,"dr10":0.0,"loss10":0.0,"d20":0.0,"dr20":0.0,"loss20":0.0,"d50":0.0,"dr50":0.0,"loss50":0.0,"d100":0.0,"dr100":0.0,"loss100":0.0,"d200":0.0,"dr200":0.0,"loss200":0.0,"d500":0.0,"dr500":0.0,"loss500":0.0},"geometry":{"type":"Polygon","coordinates":[[[34.7439750664004,-0.01617893352497305],[34.7493649335996,-0.01617893352497305],[34.7493649335996,-0.010789066475026948],[34.7439750664004,-0.010789066475026948],[34.7439750664004,-0.01617893352497305]]]}},{"type":"Feature","properties":{"id":"RFB-0687","cls":"semi_permanent","area":27,"cost":9700,"tiv":260000.0,"tivCsv":260000.0,"lat":0.47602,"lon":34.58561,"where":"KE","settlement":"other","density_class":"peri_urban","stratum":"basin","d10":0.0,"dr10":0.0,"loss10":0.0,"d20":0.0,"dr20":0.0,"loss20":0.0,"d50":0.0,"dr50":0.0,"loss50":0.0,"d100":0.0,"dr100":0.0,"loss100":0.0,"d200":0.0,"dr200":0.0,"loss200":0.0,"d500":0.0,"dr500":0.0,"loss500":0.0},"geometry":{"type":"Polygon","coordinates":[[[34.58290997346452,0.4733230664750269],[34.588300026535485,0.4733230664750269],[34.588300026535485,0.47871293352497307],[34.58290997346452,0.47871293352497307],[34.58290997346452,0.4733230664750269]]]}},{"type":"Feature","properties":{"id":"RFB-0688","cls":"permanent_masonry","area":224,"cost":60400,"tiv":13530000.0,"tivCsv":13530000.0,"lat":0.26509,"lon":34.76744,"where":"KE","settlement":"other","density_class":"urban","stratum":"basin","d10":0.0,"dr10":0.0,"loss10":0.0,"d20":0.0,"dr20":0.0,"loss20":0.0,"d50":0.0,"dr50":0.0,"loss50":0.0,"d100":0.0,"dr100":0.0,"loss100":0.0,"d200":0.0,"dr200":0.0,"loss200":0.0,"d500":0.0,"dr500":0.0,"loss500":0.0},"geometry":{"type":"Polygon","coordinates":[[[34.76474203763007,0.2623970664750269],[34.77013196236993,0.2623970664750269],[34.77013196236993,0.26778693352497307],[34.76474203763007,0.26778693352497307],[34.76474203763007,0.2623970664750269]]]}},{"type":"Feature","properties":{"id":"RFB-0689","cls":"concrete_rcc","area":150,"cost":65300,"tiv":9795000.0,"tivCsv":9795000.0,"lat":-0.0966,"lon":34.78986,"where":"KE","settlement":"Kisumu","density_class":"urban","stratum":"basin","d10":0.0,"dr10":0.0,"loss10":0.0,"d20":0.0,"dr20":0.0,"loss20":0.0,"d50":0.0,"dr50":0.0,"loss50":0.0,"d100":0.0,"dr100":0.0,"loss100":0.0,"d200":0.0,"dr200":0.0,"loss200":0.0,"d500":0.0,"dr500":0.0,"loss500":0.0},"geometry":{"type":"Polygon","coordinates":[[[34.787169062644935,-0.09929293352497305],[34.79255893735507,-0.09929293352497305],[34.79255893735507,-0.09390306647502696],[34.787169062644935,-0.09390306647502696],[34.787169062644935,-0.09929293352497305]]]}},{"type":"Feature","properties":{"id":"RFB-0690","cls":"permanent_masonry","area":140,"cost":45600,"tiv":6385000.0,"tivCsv":6385000.0,"lat":1.00968,"lon":35.03065,"where":"KE","settlement":"Kitale","density_class":"urban","stratum":"basin","d10":0.0,"dr10":0.0,"loss10":0.0,"d20":0.0,"dr20":0.0,"loss20":0.0,"d50":0.0,"dr50":0.0,"loss50":0.0,"d100":0.0,"dr100":0.0,"loss100":0.0,"d200":0.0,"dr200":0.0,"loss200":0.0,"d500":0.0,"dr500":0.0,"loss500":0.0},"geometry":{"type":"Polygon","coordinates":[[[35.027953647970705,1.006989066475027],[35.03334435202929,1.006989066475027],[35.03334435202929,1.012378933524973],[35.027953647970705,1.012378933524973],[35.027953647970705,1.006989066475027]]]}},{"type":"Feature","properties":{"id":"RFB-0691","cls":"concrete_rcc","area":364,"cost":78100,"tiv":28430000.0,"tivCsv":28430000.0,"lat":0.25347,"lon":34.08471,"where":"KE","settlement":"Sio Port","density_class":"peri_urban","stratum":"basin","d10":0.0,"dr10":0.0,"loss10":0.0,"d20":0.0,"dr20":0.0,"loss20":0.0,"d50":0.0,"dr50":0.0,"loss50":0.0,"d100":0.0,"dr100":0.0,"loss100":0.0,"d200":0.0,"dr200":0.0,"loss200":0.0,"d500":0.0,"dr500":0.0,"loss500":0.0},"geometry":{"type":"Polygon","coordinates":[[[34.08201404010302,0.2507790664750269],[34.087403959896974,0.2507790664750269],[34.087403959896974,0.25616893352497305],[34.08201404010302,0.25616893352497305],[34.08201404010302,0.2507790664750269]]]}},{"type":"Feature","properties":{"id":"RFB-0692","cls":"semi_permanent","area":38,"cost":14200,"tiv":540000.0,"tivCsv":540000.0,"lat":0.07212,"lon":34.81462,"where":"KE","settlement":"other","density_class":"peri_urban","stratum":"basin","d10":0.0,"dr10":0.0,"loss10":0.0,"d20":0.0,"dr20":0.0,"loss20":0.0,"d50":0.0,"dr50":0.0,"loss50":0.0,"d100":0.0,"dr100":0.0,"loss100":0.0,"d200":0.0,"dr200":0.0,"loss200":0.0,"d500":0.0,"dr500":0.0,"loss500":0.0},"geometry":{"type":"Polygon","coordinates":[[[34.8119240643398,0.06943006647502695],[34.8173139356602,0.06943006647502695],[34.8173139356602,0.07481993352497304],[34.8119240643398,0.07481993352497304],[34.8119240643398,0.06943006647502695]]]}},{"type":"Feature","properties":{"id":"RFB-0693","cls":"permanent_masonry","area":168,"cost":62600,"tiv":10515000.0,"tivCsv":10515000.0,"lat":0.49909,"lon":35.29498,"where":"KE","settlement":"other","density_class":"urban","stratum":"basin","d10":0.0,"dr10":0.0,"loss10":0.0,"d20":0.0,"dr20":0.0,"loss20":0.0,"d50":0.0,"dr50":0.0,"loss50":0.0,"d100":0.0,"dr100":0.0,"loss100":0.0,"d200":0.0,"dr200":0.0,"loss200":0.0,"d500":0.0,"dr500":0.0,"loss500":0.0},"geometry":{"type":"Polygon","coordinates":[[[35.29227996422993,0.49639406647502693],[35.297670035770075,0.49639406647502693],[35.297670035770075,0.5017839335249731],[35.29227996422993,0.5017839335249731],[35.29227996422993,0.49639406647502693]]]}},{"type":"Feature","properties":{"id":"RFB-0694","cls":"semi_permanent","area":57,"cost":13400,"tiv":765000.0,"tivCsv":765000.0,"lat":0.09554,"lon":34.7813,"where":"KE","settlement":"other","density_class":"urban","stratum":"basin","d10":0.0,"dr10":0.0,"loss10":0.0,"d20":0.0,"dr20":0.0,"loss20":0.0,"d50":0.0,"dr50":0.0,"loss50":0.0,"d100":0.0,"dr100":0.0,"loss100":0.0,"d200":0.0,"dr200":0.0,"loss200":0.0,"d500":0.0,"dr500":0.0,"loss500":0.0},"geometry":{"type":"Polygon","coordinates":[[[34.778609062728684,0.09284106647502695],[34.78399893727131,0.09284106647502695],[34.78399893727131,0.09823093352497304],[34.778609062728684,0.09823093352497304],[34.778609062728684,0.09284106647502695]]]}},{"type":"Feature","properties":{"id":"RFB-0695","cls":"permanent_masonry","area":133,"cost":59600,"tiv":7925000.0,"tivCsv":7925000.0,"lat":-0.0043,"lon":34.19852,"where":"KE","settlement":"Siaya","density_class":"rural","stratum":"basin","d10":0.0,"dr10":0.0,"loss10":0.0,"d20":0.0,"dr20":0.0,"loss20":0.0,"d50":0.0,"dr50":0.0,"loss50":0.0,"d100":0.0,"dr100":0.0,"loss100":0.0,"d200":0.0,"dr200":0.0,"loss200":0.0,"d500":0.0,"dr500":0.0,"loss500":0.0},"geometry":{"type":"Polygon","coordinates":[[[34.19582006646745,-0.00699193352497305],[34.20120993353255,-0.00699193352497305],[34.20120993353255,-0.0016020664750269488],[34.19582006646745,-0.0016020664750269488],[34.19582006646745,-0.00699193352497305]]]}},{"type":"Feature","properties":{"id":"RFB-0696","cls":"semi_permanent","area":31,"cost":10200,"tiv":315000.0,"tivCsv":315000.0,"lat":0.07997,"lon":34.63493,"where":"KE","settlement":"other","density_class":"urban","stratum":"basin","d10":0.0,"dr10":0.0,"loss10":0.0,"d20":0.0,"dr20":0.0,"loss20":0.0,"d50":0.0,"dr50":0.0,"loss50":0.0,"d100":0.0,"dr100":0.0,"loss100":0.0,"d200":0.0,"dr200":0.0,"loss200":0.0,"d500":0.0,"dr500":0.0,"loss500":0.0},"geometry":{"type":"Polygon","coordinates":[[[34.63223106384978,0.07727906647502696],[34.63762093615022,0.07727906647502696],[34.63762093615022,0.08266893352497305],[34.63223106384978,0.08266893352497305],[34.63223106384978,0.07727906647502696]]]}},{"type":"Feature","properties":{"id":"RFB-0697","cls":"informal_iron_sheet","area":10,"cost":7500,"tiv":75000.0,"tivCsv":75000.0,"lat":0.34702,"lon":35.09569,"where":"KE","settlement":"other","density_class":"rural","stratum":"basin","d10":0.0,"dr10":0.0,"loss10":0.0,"d20":0.0,"dr20":0.0,"loss20":0.0,"d50":0.0,"dr50":0.0,"loss50":0.0,"d100":0.0,"dr100":0.0,"loss100":0.0,"d200":0.0,"dr200":0.0,"loss200":0.0,"d500":0.0,"dr500":0.0,"loss500":0.0},"geometry":{"type":"Polygon","coordinates":[[[35.09299801704385,0.3443300664750269],[35.09838798295615,0.3443300664750269],[35.09838798295615,0.34971993352497305],[35.09299801704385,0.34971993352497305],[35.09299801704385,0.3443300664750269]]]}},{"type":"Feature","properties":{"id":"RFB-0698","cls":"semi_permanent","area":55,"cost":14700,"tiv":810000.0,"tivCsv":810000.0,"lat":0.12398,"lon":34.81451,"where":"KE","settlement":"other","density_class":"peri_urban","stratum":"basin","d10":0.0,"dr10":0.0,"loss10":0.0,"d20":0.0,"dr20":0.0,"loss20":0.0,"d50":0.0,"dr50":0.0,"loss50":0.0,"d100":0.0,"dr100":0.0,"loss100":0.0,"d200":0.0,"dr200":0.0,"loss200":0.0,"d500":0.0,"dr500":0.0,"loss500":0.0},"geometry":{"type":"Polygon","coordinates":[[[34.81181706016559,0.12128706647502695],[34.81720693983441,0.12128706647502695],[34.81720693983441,0.12667693352497306],[34.81181706016559,0.12667693352497306],[34.81181706016559,0.12128706647502695]]]}},{"type":"Feature","properties":{"id":"RFB-0699","cls":"permanent_masonry","area":97,"cost":36100,"tiv":3500000.0,"tivCsv":3500000.0,"lat":0.13863,"lon":34.89093,"where":"KE","settlement":"other","density_class":"peri_urban","stratum":"basin","d10":0.0,"dr10":0.0,"loss10":0.0,"d20":0.0,"dr20":0.0,"loss20":0.0,"d50":0.0,"dr50":0.0,"loss50":0.0,"d100":0.0,"dr100":0.0,"loss100":0.0,"d200":0.0,"dr200":0.0,"loss200":0.0,"d500":0.0,"dr500":0.0,"loss500":0.0},"geometry":{"type":"Polygon","coordinates":[[[34.888232058586865,0.13593306647502695],[34.89362194141313,0.13593306647502695],[34.89362194141313,0.14132293352497305],[34.888232058586865,0.14132293352497305],[34.888232058586865,0.13593306647502695]]]}},{"type":"Feature","properties":{"id":"RFB-0700","cls":"semi_permanent","area":71,"cost":9800,"tiv":695000.0,"tivCsv":695000.0,"lat":0.52871,"lon":35.31373,"where":"KE","settlement":"other","density_class":"urban","stratum":"basin","d10":0.0,"dr10":0.0,"loss10":0.0,"d20":0.0,"dr20":0.0,"loss20":0.0,"d50":0.0,"dr50":0.0,"loss50":0.0,"d100":0.0,"dr100":0.0,"loss100":0.0,"d200":0.0,"dr200":0.0,"loss200":0.0,"d500":0.0,"dr500":0.0,"loss500":0.0},"geometry":{"type":"Polygon","coordinates":[[[35.31103095173107,0.5260190664750269],[35.316421048268936,0.5260190664750269],[35.316421048268936,0.5314089335249731],[35.31103095173107,0.5314089335249731],[35.31103095173107,0.5260190664750269]]]}},{"type":"Feature","properties":{"id":"RFB-0701","cls":"informal_iron_sheet","area":15,"cost":5600,"tiv":85000.0,"tivCsv":85000.0,"lat":1.15908,"lon":35.00533,"where":"KE","settlement":"other","density_class":"peri_urban","stratum":"basin","d10":0.0,"dr10":0.0,"loss10":0.0,"d20":0.0,"dr20":0.0,"loss20":0.0,"d50":0.0,"dr50":0.0,"loss50":0.0,"d100":0.0,"dr100":0.0,"loss100":0.0,"d200":0.0,"dr200":0.0,"loss200":0.0,"d500":0.0,"dr500":0.0,"loss500":0.0},"geometry":{"type":"Polygon","coordinates":[[[35.0026305149383,1.156386066475027],[35.00802148506169,1.156386066475027],[35.00802148506169,1.161775933524973],[35.0026305149383,1.161775933524973],[35.0026305149383,1.156386066475027]]]}},{"type":"Feature","properties":{"id":"RFB-0702","cls":"permanent_masonry","area":127,"cost":60900,"tiv":7735000.0,"tivCsv":7735000.0,"lat":-0.12337,"lon":34.79092,"where":"KE","settlement":"Kisumu","density_class":"urban","stratum":"basin","d10":0.0,"dr10":0.0,"loss10":0.0,"d20":0.0,"dr20":0.0,"loss20":0.0,"d50":0.0,"dr50":0.0,"loss50":0.0,"d100":0.0,"dr100":0.0,"loss100":0.0,"d200":0.0,"dr200":0.0,"loss200":0.0,"d500":0.0,"dr500":0.0,"loss500":0.0},"geometry":{"type":"Polygon","coordinates":[[[34.788223060227516,-0.12606693352497306],[34.79361293977248,-0.12606693352497306],[34.79361293977248,-0.12067706647502695],[34.788223060227516,-0.12067706647502695],[34.788223060227516,-0.12606693352497306]]]}},{"type":"Feature","properties":{"id":"RFB-0703","cls":"permanent_masonry","area":79,"cost":40600,"tiv":3205000.0,"tivCsv":3205000.0,"lat":0.45541,"lon":34.11803,"where":"KE","settlement":"other","density_class":"urban","stratum":"basin","d10":0.0,"dr10":0.0,"loss10":0.0,"d20":0.0,"dr20":0.0,"loss20":0.0,"d50":0.0,"dr50":0.0,"loss50":0.0,"d100":0.0,"dr100":0.0,"loss100":0.0,"d200":0.0,"dr200":0.0,"loss200":0.0,"d500":0.0,"dr500":0.0,"loss500":0.0},"geometry":{"type":"Polygon","coordinates":[[[34.1153379813452,0.4527110664750269],[34.120728018654795,0.4527110664750269],[34.120728018654795,0.45810093352497305],[34.1153379813452,0.45810093352497305],[34.1153379813452,0.4527110664750269]]]}},{"type":"Feature","properties":{"id":"RFB-0704","cls":"concrete_rcc","area":287,"cost":76600,"tiv":21985000.0,"tivCsv":21985000.0,"lat":0.5932,"lon":34.56337,"where":"KE","settlement":"other","density_class":"urban","stratum":"basin","d10":0.0,"dr10":0.0,"loss10":0.0,"d20":0.0,"dr20":0.0,"loss20":0.0,"d50":0.0,"dr50":0.0,"loss50":0.0,"d100":0.0,"dr100":0.0,"loss100":0.0,"d200":0.0,"dr200":0.0,"loss200":0.0,"d500":0.0,"dr500":0.0,"loss500":0.0},"geometry":{"type":"Polygon","coordinates":[[[34.560670922031726,0.5905070664750269],[34.56606107796828,0.5905070664750269],[34.56606107796828,0.5958969335249731],[34.560670922031726,0.5958969335249731],[34.560670922031726,0.5905070664750269]]]}},{"type":"Feature","properties":{"id":"RFB-0705","cls":"informal_iron_sheet","area":23,"cost":9700,"tiv":225000.0,"tivCsv":225000.0,"lat":0.66303,"lon":35.2474,"where":"KE","settlement":"other","density_class":"rural","stratum":"basin","d10":0.0,"dr10":0.0,"loss10":0.0,"d20":0.0,"dr20":0.0,"loss20":0.0,"d50":0.0,"dr50":0.0,"loss50":0.0,"d100":0.0,"dr100":0.0,"loss100":0.0,"d200":0.0,"dr200":0.0,"loss200":0.0,"d500":0.0,"dr500":0.0,"loss500":0.0},"geometry":{"type":"Polygon","coordinates":[[[35.24470788602069,0.6603380664750269],[35.250098113979305,0.6603380664750269],[35.250098113979305,0.6657279335249731],[35.24470788602069,0.6657279335249731],[35.24470788602069,0.6603380664750269]]]}},{"type":"Feature","properties":{"id":"RFB-0706","cls":"concrete_rcc","area":150,"cost":61400,"tiv":9210000.0,"tivCsv":9210000.0,"lat":0.51393,"lon":34.56997,"where":"KE","settlement":"other","density_class":"peri_urban","stratum":"basin","d10":0.0,"dr10":0.0,"loss10":0.0,"d20":0.0,"dr20":0.0,"loss20":0.0,"d50":0.0,"dr50":0.0,"loss50":0.0,"d100":0.0,"dr100":0.0,"loss100":0.0,"d200":0.0,"dr200":0.0,"loss200":0.0,"d500":0.0,"dr500":0.0,"loss500":0.0},"geometry":{"type":"Polygon","coordinates":[[[34.56727595805897,0.5112340664750269],[34.572666041941034,0.5112340664750269],[34.572666041941034,0.516623933524973],[34.56727595805897,0.516623933524973],[34.56727595805897,0.5112340664750269]]]}},{"type":"Feature","properties":{"id":"RFB-0707","cls":"semi_permanent","area":41,"cost":12800,"tiv":525000.0,"tivCsv":525000.0,"lat":0.28769,"lon":34.17982,"where":"KE","settlement":"Bumala","density_class":"peri_urban","stratum":"basin","d10":0.0,"dr10":0.0,"loss10":0.0,"d20":0.0,"dr20":0.0,"loss20":0.0,"d50":0.0,"dr50":0.0,"loss50":0.0,"d100":0.0,"dr100":0.0,"loss100":0.0,"d200":0.0,"dr200":0.0,"loss200":0.0,"d500":0.0,"dr500":0.0,"loss500":0.0},"geometry":{"type":"Polygon","coordinates":[[[34.17712203250234,0.2849960664750269],[34.18251196749766,0.2849960664750269],[34.18251196749766,0.29038593352497305],[34.17712203250234,0.29038593352497305],[34.17712203250234,0.2849960664750269]]]}},{"type":"Feature","properties":{"id":"RFB-0708","cls":"permanent_masonry","area":153,"cost":53600,"tiv":8200000.0,"tivCsv":8200000.0,"lat":0.38036,"lon":34.87045,"where":"KE","settlement":"other","density_class":"peri_urban","stratum":"basin","d10":0.0,"dr10":0.0,"loss10":0.0,"d20":0.0,"dr20":0.0,"loss20":0.0,"d50":0.0,"dr50":0.0,"loss50":0.0,"d100":0.0,"dr100":0.0,"loss100":0.0,"d200":0.0,"dr200":0.0,"loss200":0.0,"d500":0.0,"dr500":0.0,"loss500":0.0},"geometry":{"type":"Polygon","coordinates":[[[34.86775900709058,0.37766606647502693],[34.87314899290943,0.37766606647502693],[34.87314899290943,0.3830559335249731],[34.86775900709058,0.3830559335249731],[34.86775900709058,0.37766606647502693]]]}},{"type":"Feature","properties":{"id":"RFB-0709","cls":"permanent_masonry","area":174,"cost":54500,"tiv":9485000.0,"tivCsv":9485000.0,"lat":0.53064,"lon":35.30094,"where":"KE","settlement":"other","density_class":"urban","stratum":"basin","d10":0.0,"dr10":0.0,"loss10":0.0,"d20":0.0,"dr20":0.0,"loss20":0.0,"d50":0.0,"dr50":0.0,"loss50":0.0,"d100":0.0,"dr100":0.0,"loss100":0.0,"d200":0.0,"dr200":0.0,"loss200":0.0,"d500":0.0,"dr500":0.0,"loss500":0.0},"geometry":{"type":"Polygon","coordinates":[[[35.29824595089528,0.5279410664750269],[35.303636049104725,0.5279410664750269],[35.303636049104725,0.5333309335249731],[35.29824595089528,0.5333309335249731],[35.29824595089528,0.5279410664750269]]]}},{"type":"Feature","properties":{"id":"RFB-0710","cls":"semi_permanent","area":26,"cost":14500,"tiv":375000.0,"tivCsv":375000.0,"lat":1.01015,"lon":34.99497,"where":"KE","settlement":"Kitale","density_class":"urban","stratum":"basin","d10":0.0,"dr10":0.0,"loss10":0.0,"d20":0.0,"dr20":0.0,"loss20":0.0,"d50":0.0,"dr50":0.0,"loss50":0.0,"d100":0.0,"dr100":0.0,"loss100":0.0,"d200":0.0,"dr200":0.0,"loss200":0.0,"d500":0.0,"dr500":0.0,"loss500":0.0},"geometry":{"type":"Polygon","coordinates":[[[34.99226964758592,1.007453066475027],[34.99766035241408,1.007453066475027],[34.99766035241408,1.0128429335249731],[34.99226964758592,1.0128429335249731],[34.99226964758592,1.007453066475027]]]}},{"type":"Feature","properties":{"id":"RFB-0711","cls":"semi_permanent","area":45,"cost":13600,"tiv":610000.0,"tivCsv":610000.0,"lat":-0.18806,"lon":34.85043,"where":"KE","settlement":"other","density_class":"peri_urban","stratum":"basin","d10":0.0,"dr10":0.0,"loss10":0.0,"d20":0.0,"dr20":0.0,"loss20":0.0,"d50":0.0,"dr50":0.0,"loss50":0.0,"d100":0.0,"dr100":0.0,"loss100":0.0,"d200":0.0,"dr200":0.0,"loss200":0.0,"d500":0.0,"dr500":0.0,"loss500":0.0},"geometry":{"type":"Polygon","coordinates":[[[34.84773505195865,-0.19075293352497305],[34.853124948041355,-0.19075293352497305],[34.853124948041355,-0.18536306647502696],[34.84773505195865,-0.18536306647502696],[34.84773505195865,-0.19075293352497305]]]}},{"type":"Feature","properties":{"id":"RFB-0712","cls":"permanent_masonry","area":105,"cost":43500,"tiv":4570000.0,"tivCsv":4570000.0,"lat":1.20062,"lon":35.11412,"where":"KE","settlement":"other","density_class":"peri_urban","stratum":"basin","d10":0.0,"dr10":0.0,"loss10":0.0,"d20":0.0,"dr20":0.0,"loss20":0.0,"d50":0.0,"dr50":0.0,"loss50":0.0,"d100":0.0,"dr100":0.0,"loss100":0.0,"d200":0.0,"dr200":0.0,"loss200":0.0,"d500":0.0,"dr500":0.0,"loss500":0.0},"geometry":{"type":"Polygon","coordinates":[[[35.11142847469471,1.1979210664750268],[35.11681952530528,1.1979210664750268],[35.11681952530528,1.203310933524973],[35.11142847469471,1.203310933524973],[35.11142847469471,1.1979210664750268]]]}},{"type":"Feature","properties":{"id":"RFB-0713","cls":"concrete_rcc","area":229,"cost":74300,"tiv":17015000.0,"tivCsv":17015000.0,"lat":-0.09701,"lon":34.78211,"where":"KE","settlement":"Kisumu","density_class":"urban","stratum":"basin","d10":0.0,"dr10":0.0,"loss10":0.0,"d20":0.0,"dr20":0.0,"loss20":0.0,"d50":0.0,"dr50":0.0,"loss50":0.0,"d100":0.0,"dr100":0.0,"loss100":0.0,"d200":0.0,"dr200":0.0,"loss200":0.0,"d500":0.0,"dr500":0.0,"loss500":0.0},"geometry":{"type":"Polygon","coordinates":[[[34.77942006261187,-0.09970893352497305],[34.784809937388125,-0.09970893352497305],[34.784809937388125,-0.09431906647502696],[34.77942006261187,-0.09431906647502696],[34.77942006261187,-0.09970893352497305]]]}},{"type":"Feature","properties":{"id":"RFB-0714","cls":"informal_iron_sheet","area":16,"cost":7000,"tiv":110000.0,"tivCsv":110000.0,"lat":1.0923,"lon":34.92676,"where":"KE","settlement":"Kitale","density_class":"rural","stratum":"basin","d10":0.0,"dr10":0.0,"loss10":0.0,"d20":0.0,"dr20":0.0,"loss20":0.0,"d50":0.0,"dr50":0.0,"loss50":0.0,"d100":0.0,"dr100":0.0,"loss100":0.0,"d200":0.0,"dr200":0.0,"loss200":0.0,"d500":0.0,"dr500":0.0,"loss500":0.0},"geometry":{"type":"Polygon","coordinates":[[[34.9240605766718,1.0896040664750268],[34.929451423328196,1.0896040664750268],[34.929451423328196,1.094993933524973],[34.9240605766718,1.094993933524973],[34.9240605766718,1.0896040664750268]]]}},{"type":"Feature","properties":{"id":"RFB-0715","cls":"semi_permanent","area":66,"cost":11400,"tiv":750000.0,"tivCsv":750000.0,"lat":0.39562,"lon":34.29875,"where":"KE","settlement":"Busia","density_class":"peri_urban","stratum":"basin","d10":0.0,"dr10":0.0,"loss10":0.0,"d20":0.0,"dr20":0.0,"loss20":0.0,"d50":0.0,"dr50":0.0,"loss50":0.0,"d100":0.0,"dr100":0.0,"loss100":0.0,"d200":0.0,"dr200":0.0,"loss200":0.0,"d500":0.0,"dr500":0.0,"loss500":0.0},"geometry":{"type":"Polygon","coordinates":[[[34.29606000222894,0.3929290664750269],[34.30144999777106,0.3929290664750269],[34.30144999777106,0.39831893352497305],[34.29606000222894,0.39831893352497305],[34.29606000222894,0.3929290664750269]]]}},{"type":"Feature","properties":{"id":"RFB-0716","cls":"semi_permanent","area":28,"cost":13100,"tiv":365000.0,"tivCsv":365000.0,"lat":0.06198,"lon":34.8606,"where":"KE","settlement":"other","density_class":"peri_urban","stratum":"basin","d10":0.0,"dr10":0.0,"loss10":0.0,"d20":0.0,"dr20":0.0,"loss20":0.0,"d50":0.0,"dr50":0.0,"loss50":0.0,"d100":0.0,"dr100":0.0,"loss100":0.0,"d200":0.0,"dr200":0.0,"loss200":0.0,"d500":0.0,"dr500":0.0,"loss500":0.0},"geometry":{"type":"Polygon","coordinates":[[[34.85790806489848,0.059280066475026955],[34.863297935101514,0.059280066475026955],[34.863297935101514,0.06466993352497305],[34.85790806489848,0.06466993352497305],[34.85790806489848,0.059280066475026955]]]}},{"type":"Feature","properties":{"id":"RFB-0717","cls":"permanent_masonry","area":196,"cost":59800,"tiv":11720000.0,"tivCsv":11720000.0,"lat":0.19216,"lon":35.09228,"where":"KE","settlement":"other","density_class":"urban","stratum":"basin","d10":0.0,"dr10":0.0,"loss10":0.0,"d20":0.0,"dr20":0.0,"loss20":0.0,"d50":0.0,"dr50":0.0,"loss50":0.0,"d100":0.0,"dr100":0.0,"loss100":0.0,"d200":0.0,"dr200":0.0,"loss200":0.0,"d500":0.0,"dr500":0.0,"loss500":0.0},"geometry":{"type":"Polygon","coordinates":[[[35.08958705131893,0.18946206647502695],[35.094976948681065,0.18946206647502695],[35.094976948681065,0.19485193352497304],[35.08958705131893,0.19485193352497304],[35.08958705131893,0.18946206647502695]]]}},{"type":"Feature","properties":{"id":"RFB-0718","cls":"informal_iron_sheet","area":13,"cost":7900,"tiv":105000.0,"tivCsv":105000.0,"lat":0.13474,"lon":34.55281,"where":"KE","settlement":"other","density_class":"peri_urban","stratum":"basin","d10":0.0,"dr10":0.0,"loss10":0.0,"d20":0.0,"dr20":0.0,"loss20":0.0,"d50":0.0,"dr50":0.0,"loss50":0.0,"d100":0.0,"dr100":0.0,"loss100":0.0,"d200":0.0,"dr200":0.0,"loss200":0.0,"d500":0.0,"dr500":0.0,"loss500":0.0},"geometry":{"type":"Polygon","coordinates":[[[34.55011305902357,0.13204106647502695],[34.555502940976424,0.13204106647502695],[34.555502940976424,0.13743093352497304],[34.55011305902357,0.13743093352497304],[34.55011305902357,0.13204106647502695]]]}},{"type":"Feature","properties":{"id":"RFB-0719","cls":"semi_permanent","area":72,"cost":9700,"tiv":700000.0,"tivCsv":700000.0,"lat":0.95568,"lon":34.96206,"where":"KE","settlement":"Kitale","density_class":"peri_urban","stratum":"basin","d10":0.0,"dr10":0.0,"loss10":0.0,"d20":0.0,"dr20":0.0,"loss20":0.0,"d50":0.0,"dr50":0.0,"loss50":0.0,"d100":0.0,"dr100":0.0,"loss100":0.0,"d200":0.0,"dr200":0.0,"loss200":0.0,"d500":0.0,"dr500":0.0,"loss500":0.0},"geometry":{"type":"Polygon","coordinates":[[[34.959367691549936,0.9529810664750269],[34.964758308450065,0.9529810664750269],[34.964758308450065,0.958370933524973],[34.959367691549936,0.958370933524973],[34.959367691549936,0.9529810664750269]]]}},{"type":"Feature","properties":{"id":"RFB-0720","cls":"permanent_masonry","area":107,"cost":41900,"tiv":4485000.0,"tivCsv":4485000.0,"lat":-0.05327,"lon":34.73171,"where":"KE","settlement":"Kisumu","density_class":"peri_urban","stratum":"basin","d10":0.0,"dr10":0.0,"loss10":0.0,"d20":0.0,"dr20":0.0,"loss20":0.0,"d50":0.0,"dr50":0.0,"loss50":0.0,"d100":0.0,"dr100":0.0,"loss100":0.0,"d200":0.0,"dr200":0.0,"loss200":0.0,"d500":0.0,"dr500":0.0,"loss500":0.0},"geometry":{"type":"Polygon","coordinates":[[[34.729018065310434,-0.05596093352497305],[34.734407934689564,-0.05596093352497305],[34.734407934689564,-0.05057106647502695],[34.729018065310434,-0.05057106647502695],[34.729018065310434,-0.05596093352497305]]]}},{"type":"Feature","properties":{"id":"RFB-0721","cls":"semi_permanent","area":54,"cost":11800,"tiv":635000.0,"tivCsv":635000.0,"lat":0.20216,"lon":34.5714,"where":"KE","settlement":"other","density_class":"peri_urban","stratum":"basin","d10":0.0,"dr10":0.0,"loss10":0.0,"d20":0.0,"dr20":0.0,"loss20":0.0,"d50":0.0,"dr50":0.0,"loss50":0.0,"d100":0.0,"dr100":0.0,"loss100":0.0,"d200":0.0,"dr200":0.0,"loss200":0.0,"d500":0.0,"dr500":0.0,"loss500":0.0},"geometry":{"type":"Polygon","coordinates":[[[34.56870904969958,0.19946706647502696],[34.574098950300424,0.19946706647502696],[34.574098950300424,0.20485693352497306],[34.56870904969958,0.20485693352497306],[34.56870904969958,0.19946706647502696]]]}},{"type":"Feature","properties":{"id":"RFB-0722","cls":"semi_permanent","area":60,"cost":14800,"tiv":890000.0,"tivCsv":890000.0,"lat":-0.11275,"lon":34.78438,"where":"KE","settlement":"Kisumu","density_class":"urban","stratum":"basin","d10":0.0,"dr10":0.0,"loss10":0.0,"d20":0.0,"dr20":0.0,"loss20":0.0,"d50":0.0,"dr50":0.0,"loss50":0.0,"d100":0.0,"dr100":0.0,"loss100":0.0,"d200":0.0,"dr200":0.0,"loss200":0.0,"d500":0.0,"dr500":0.0,"loss500":0.0},"geometry":{"type":"Polygon","coordinates":[[[34.78168406125709,-0.11544393352497305],[34.787073938742914,-0.11544393352497305],[34.787073938742914,-0.11005406647502695],[34.78168406125709,-0.11005406647502695],[34.78168406125709,-0.11544393352497305]]]}},{"type":"Feature","properties":{"id":"RFB-0723","cls":"informal_iron_sheet","area":21,"cost":7800,"tiv":165000.0,"tivCsv":165000.0,"lat":-0.27571,"lon":35.16033,"where":"KE","settlement":"other","density_class":"peri_urban","stratum":"basin","d10":0.0,"dr10":0.0,"loss10":0.0,"d20":0.0,"dr20":0.0,"loss20":0.0,"d50":0.0,"dr50":0.0,"loss50":0.0,"d100":0.0,"dr100":0.0,"loss100":0.0,"d200":0.0,"dr200":0.0,"loss200":0.0,"d500":0.0,"dr500":0.0,"loss500":0.0},"geometry":{"type":"Polygon","coordinates":[[[35.15763603527192,-0.27840993352497306],[35.16302596472808,-0.27840993352497306],[35.16302596472808,-0.2730200664750269],[35.15763603527192,-0.2730200664750269],[35.15763603527192,-0.27840993352497306]]]}},{"type":"Feature","properties":{"id":"RFB-0724","cls":"permanent_masonry","area":130,"cost":50100,"tiv":6515000.0,"tivCsv":6515000.0,"lat":0.08388,"lon":34.60585,"where":"KE","settlement":"other","density_class":"peri_urban","stratum":"basin","d10":0.0,"dr10":0.0,"loss10":0.0,"d20":0.0,"dr20":0.0,"loss20":0.0,"d50":0.0,"dr50":0.0,"loss50":0.0,"d100":0.0,"dr100":0.0,"loss100":0.0,"d200":0.0,"dr200":0.0,"loss200":0.0,"d500":0.0,"dr500":0.0,"loss500":0.0},"geometry":{"type":"Polygon","coordinates":[[[34.60315906358708,0.08118506647502695],[34.60854893641292,0.08118506647502695],[34.60854893641292,0.08657493352497304],[34.60315906358708,0.08657493352497304],[34.60315906358708,0.08118506647502695]]]}},{"type":"Feature","properties":{"id":"RFB-0725","cls":"informal_iron_sheet","area":17,"cost":7400,"tiv":125000.0,"tivCsv":125000.0,"lat":0.04573,"lon":34.89577,"where":"KE","settlement":"other","density_class":"peri_urban","stratum":"basin","d10":0.0,"dr10":0.0,"loss10":0.0,"d20":0.0,"dr20":0.0,"loss20":0.0,"d50":0.0,"dr50":0.0,"loss50":0.0,"d100":0.0,"dr100":0.0,"loss100":0.0,"d200":0.0,"dr200":0.0,"loss200":0.0,"d500":0.0,"dr500":0.0,"loss500":0.0},"geometry":{"type":"Polygon","coordinates":[[[34.89307806561684,0.043030066475026954],[34.898467934383156,0.043030066475026954],[34.898467934383156,0.04841993352497305],[34.89307806561684,0.04841993352497305],[34.89307806561684,0.043030066475026954]]]}},{"type":"Feature","properties":{"id":"RFB-0726","cls":"semi_permanent","area":40,"cost":10900,"tiv":435000.0,"tivCsv":435000.0,"lat":-0.14375,"lon":34.15497,"where":"KE","settlement":"Siaya","density_class":"rural","stratum":"basin","d10":0.0,"dr10":0.0,"loss10":0.0,"d20":0.0,"dr20":0.0,"loss20":0.0,"d50":0.0,"dr50":0.0,"loss50":0.0,"d100":0.0,"dr100":0.0,"loss100":0.0,"d200":0.0,"dr200":0.0,"loss200":0.0,"d500":0.0,"dr500":0.0,"loss500":0.0},"geometry":{"type":"Polygon","coordinates":[[[34.15227505799378,-0.14643993352497306],[34.157664942006214,-0.14643993352497306],[34.157664942006214,-0.14105006647502696],[34.15227505799378,-0.14105006647502696],[34.15227505799378,-0.14643993352497306]]]}},{"type":"Feature","properties":{"id":"RFB-0727","cls":"semi_permanent","area":38,"cost":11900,"tiv":450000.0,"tivCsv":450000.0,"lat":0.11939,"lon":34.50982,"where":"KE","settlement":"other","density_class":"peri_urban","stratum":"basin","d10":0.0,"dr10":0.0,"loss10":0.0,"d20":0.0,"dr20":0.0,"loss20":0.0,"d50":0.0,"dr50":0.0,"loss50":0.0,"d100":0.0,"dr100":0.0,"loss100":0.0,"d200":0.0,"dr200":0.0,"loss200":0.0,"d500":0.0,"dr500":0.0,"loss500":0.0},"geometry":{"type":"Polygon","coordinates":[[[34.50712906062401,0.11669806647502695],[34.512518939375994,0.11669806647502695],[34.512518939375994,0.12208793352497305],[34.50712906062401,0.12208793352497305],[34.50712906062401,0.11669806647502695]]]}},{"type":"Feature","properties":{"id":"RFB-0728","cls":"permanent_masonry","area":187,"cost":56900,"tiv":10640000.0,"tivCsv":10640000.0,"lat":0.25183,"lon":34.75477,"where":"KE","settlement":"other","density_class":"urban","stratum":"basin","d10":0.0,"dr10":0.0,"loss10":0.0,"d20":0.0,"dr20":0.0,"loss20":0.0,"d50":0.0,"dr50":0.0,"loss50":0.0,"d100":0.0,"dr100":0.0,"loss100":0.0,"d200":0.0,"dr200":0.0,"loss200":0.0,"d500":0.0,"dr500":0.0,"loss500":0.0},"geometry":{"type":"Polygon","coordinates":[[[34.752072040442975,0.24914006647502693],[34.75746195955703,0.24914006647502693],[34.75746195955703,0.25452993352497305],[34.752072040442975,0.25452993352497305],[34.752072040442975,0.24914006647502693]]]}},{"type":"Feature","properties":{"id":"RFB-0729","cls":"permanent_masonry","area":284,"cost":40400,"tiv":11475000.0,"tivCsv":11475000.0,"lat":0.36365,"lon":34.75281,"where":"KE","settlement":"other","density_class":"peri_urban","stratum":"basin","d10":0.0,"dr10":0.0,"loss10":0.0,"d20":0.0,"dr20":0.0,"loss20":0.0,"d50":0.0,"dr50":0.0,"loss50":0.0,"d100":0.0,"dr100":0.0,"loss100":0.0,"d200":0.0,"dr200":0.0,"loss200":0.0,"d500":0.0,"dr500":0.0,"loss500":0.0},"geometry":{"type":"Polygon","coordinates":[[[34.750119012192904,0.3609590664750269],[34.7555089878071,0.3609590664750269],[34.7555089878071,0.36634893352497305],[34.750119012192904,0.36634893352497305],[34.750119012192904,0.3609590664750269]]]}},{"type":"Feature","properties":{"id":"RFB-0730","cls":"semi_permanent","area":57,"cost":13100,"tiv":745000.0,"tivCsv":745000.0,"lat":0.36925,"lon":34.85911,"where":"KE","settlement":"other","density_class":"peri_urban","stratum":"basin","d10":0.0,"dr10":0.0,"loss10":0.0,"d20":0.0,"dr20":0.0,"loss20":0.0,"d50":0.0,"dr50":0.0,"loss50":0.0,"d100":0.0,"dr100":0.0,"loss100":0.0,"d200":0.0,"dr200":0.0,"loss200":0.0,"d500":0.0,"dr500":0.0,"loss500":0.0},"geometry":{"type":"Polygon","coordinates":[[[34.85641101050819,0.36655906647502695],[34.861800989491805,0.36655906647502695],[34.861800989491805,0.3719489335249731],[34.85641101050819,0.3719489335249731],[34.85641101050819,0.36655906647502695]]]}},{"type":"Feature","properties":{"id":"RFB-0731","cls":"semi_permanent","area":67,"cost":13600,"tiv":910000.0,"tivCsv":910000.0,"lat":0.21426,"lon":34.36155,"where":"KE","settlement":"other","density_class":"peri_urban","stratum":"basin","d10":0.0,"dr10":0.0,"loss10":0.0,"d20":0.0,"dr20":0.0,"loss20":0.0,"d50":0.0,"dr50":0.0,"loss50":0.0,"d100":0.0,"dr100":0.0,"loss100":0.0,"d200":0.0,"dr200":0.0,"loss200":0.0,"d500":0.0,"dr500":0.0,"loss500":0.0},"geometry":{"type":"Polygon","coordinates":[[[34.35885104763187,0.21156406647502696],[34.36424095236812,0.21156406647502696],[34.36424095236812,0.21695393352497305],[34.35885104763187,0.21695393352497305],[34.35885104763187,0.21156406647502696]]]}},{"type":"Feature","properties":{"id":"RFB-0732","cls":"informal_iron_sheet","area":10,"cost":7500,"tiv":75000.0,"tivCsv":75000.0,"lat":0.22692,"lon":34.42152,"where":"KE","settlement":"other","density_class":"peri_urban","stratum":"basin","d10":0.0,"dr10":0.0,"loss10":0.0,"d20":0.0,"dr20":0.0,"loss20":0.0,"d50":0.0,"dr50":0.0,"loss50":0.0,"d100":0.0,"dr100":0.0,"loss100":0.0,"d200":0.0,"dr200":0.0,"loss200":0.0,"d500":0.0,"dr500":0.0,"loss500":0.0},"geometry":{"type":"Polygon","coordinates":[[[34.418828045338735,0.22422706647502696],[34.424217954661266,0.22422706647502696],[34.424217954661266,0.22961693352497306],[34.418828045338735,0.22961693352497306],[34.418828045338735,0.22422706647502696]]]}},{"type":"Feature","properties":{"id":"RFB-0733","cls":"semi_permanent","area":33,"cost":10800,"tiv":355000.0,"tivCsv":355000.0,"lat":1.27939,"lon":35.20476,"where":"KE","settlement":"other","density_class":"rural","stratum":"basin","d10":0.0,"dr10":0.0,"loss10":0.0,"d20":0.0,"dr20":0.0,"loss20":0.0,"d50":0.0,"dr50":0.0,"loss50":0.0,"d100":0.0,"dr100":0.0,"loss100":0.0,"d200":0.0,"dr200":0.0,"loss200":0.0,"d500":0.0,"dr500":0.0,"loss500":0.0},"geometry":{"type":"Polygon","coordinates":[[[35.2020613944766,1.276694066475027],[35.2074526055234,1.276694066475027],[35.2074526055234,1.2820839335249732],[35.2020613944766,1.2820839335249732],[35.2020613944766,1.276694066475027]]]}},{"type":"Feature","properties":{"id":"RFB-0734","cls":"semi_permanent","area":39,"cost":11400,"tiv":445000.0,"tivCsv":445000.0,"lat":0.83064,"lon":34.81938,"where":"KE","settlement":"other","density_class":"peri_urban","stratum":"basin","d10":0.0,"dr10":0.0,"loss10":0.0,"d20":0.0,"dr20":0.0,"loss20":0.0,"d50":0.0,"dr50":0.0,"loss50":0.0,"d100":0.0,"dr100":0.0,"loss100":0.0,"d200":0.0,"dr200":0.0,"loss200":0.0,"d500":0.0,"dr500":0.0,"loss500":0.0},"geometry":{"type":"Polygon","coordinates":[[[34.81668578324545,0.8279470664750269],[34.82207621675455,0.8279470664750269],[34.82207621675455,0.8333369335249731],[34.81668578324545,0.8333369335249731],[34.81668578324545,0.8279470664750269]]]}},{"type":"Feature","properties":{"id":"RFB-0735","cls":"permanent_masonry","area":159,"cost":58300,"tiv":9270000.0,"tivCsv":9270000.0,"lat":0.50782,"lon":35.2705,"where":"KE","settlement":"other","density_class":"urban","stratum":"basin","d10":0.0,"dr10":0.0,"loss10":0.0,"d20":0.0,"dr20":0.0,"loss20":0.0,"d50":0.0,"dr50":0.0,"loss50":0.0,"d100":0.0,"dr100":0.0,"loss100":0.0,"d200":0.0,"dr200":0.0,"loss200":0.0,"d500":0.0,"dr500":0.0,"loss500":0.0},"geometry":{"type":"Polygon","coordinates":[[[35.26780396062286,0.505121066475027],[35.273194039377145,0.505121066475027],[35.273194039377145,0.5105109335249731],[35.26780396062286,0.5105109335249731],[35.26780396062286,0.505121066475027]]]}},{"type":"Feature","properties":{"id":"RFB-0736","cls":"informal_iron_sheet","area":20,"cost":7800,"tiv":155000.0,"tivCsv":155000.0,"lat":0.60537,"lon":34.41954,"where":"KE","settlement":"other","density_class":"peri_urban","stratum":"basin","d10":0.0,"dr10":0.0,"loss10":0.0,"d20":0.0,"dr20":0.0,"loss20":0.0,"d50":0.0,"dr50":0.0,"loss50":0.0,"d100":0.0,"dr100":0.0,"loss100":0.0,"d200":0.0,"dr200":0.0,"loss200":0.0,"d500":0.0,"dr500":0.0,"loss500":0.0},"geometry":{"type":"Polygon","coordinates":[[[34.416847916047395,0.602670066475027],[34.4222380839526,0.602670066475027],[34.4222380839526,0.6080599335249731],[34.416847916047395,0.6080599335249731],[34.416847916047395,0.602670066475027]]]}},{"type":"Feature","properties":{"id":"RFB-0737","cls":"semi_permanent","area":42,"cost":15700,"tiv":660000.0,"tivCsv":660000.0,"lat":0.18233,"lon":34.30395,"where":"KE","settlement":"other","density_class":"urban","stratum":"basin","d10":0.0,"dr10":0.0,"loss10":0.0,"d20":0.0,"dr20":0.0,"loss20":0.0,"d50":0.0,"dr50":0.0,"loss50":0.0,"d100":0.0,"dr100":0.0,"loss100":0.0,"d200":0.0,"dr200":0.0,"loss200":0.0,"d500":0.0,"dr500":0.0,"loss500":0.0},"geometry":{"type":"Polygon","coordinates":[[[34.301255052828886,0.17963906647502695],[34.306644947171115,0.17963906647502695],[34.306644947171115,0.18502893352497304],[34.301255052828886,0.18502893352497304],[34.301255052828886,0.17963906647502695]]]}},{"type":"Feature","properties":{"id":"RFB-0738","cls":"informal_iron_sheet","area":14,"cost":8100,"tiv":115000.0,"tivCsv":115000.0,"lat":-0.25328,"lon":34.93966,"where":"KE","settlement":"other","density_class":"rural","stratum":"basin","d10":0.0,"dr10":0.0,"loss10":0.0,"d20":0.0,"dr20":0.0,"loss20":0.0,"d50":0.0,"dr50":0.0,"loss50":0.0,"d100":0.0,"dr100":0.0,"loss100":0.0,"d200":0.0,"dr200":0.0,"loss200":0.0,"d500":0.0,"dr500":0.0,"loss500":0.0},"geometry":{"type":"Polygon","coordinates":[[[34.93696404014358,-0.25597393352497305],[34.94235395985642,-0.25597393352497305],[34.94235395985642,-0.2505840664750269],[34.93696404014358,-0.2505840664750269],[34.93696404014358,-0.25597393352497305]]]}},{"type":"Feature","properties":{"id":"RFB-0739","cls":"informal_iron_sheet","area":16,"cost":8100,"tiv":130000.0,"tivCsv":130000.0,"lat":0.63695,"lon":35.02185,"where":"KE","settlement":"other","density_class":"peri_urban","stratum":"basin","d10":0.0,"dr10":0.0,"loss10":0.0,"d20":0.0,"dr20":0.0,"loss20":0.0,"d50":0.0,"dr50":0.0,"loss50":0.0,"d100":0.0,"dr100":0.0,"loss100":0.0,"d200":0.0,"dr200":0.0,"loss200":0.0,"d500":0.0,"dr500":0.0,"loss500":0.0},"geometry":{"type":"Polygon","coordinates":[[[35.01915789993781,0.634259066475027],[35.02454810006219,0.634259066475027],[35.02454810006219,0.6396489335249731],[35.01915789993781,0.6396489335249731],[35.01915789993781,0.634259066475027]]]}},{"type":"Feature","properties":{"id":"RFB-0740","cls":"permanent_masonry","area":201,"cost":54700,"tiv":10995000.0,"tivCsv":10995000.0,"lat":0.03599,"lon":34.68709,"where":"KE","settlement":"other","density_class":"urban","stratum":"basin","d10":0.0,"dr10":0.0,"loss10":0.0,"d20":0.0,"dr20":0.0,"loss20":0.0,"d50":0.0,"dr50":0.0,"loss50":0.0,"d100":0.0,"dr100":0.0,"loss100":0.0,"d200":0.0,"dr200":0.0,"loss200":0.0,"d500":0.0,"dr500":0.0,"loss500":0.0},"geometry":{"type":"Polygon","coordinates":[[[34.68439006594322,0.03330006647502695],[34.68977993405679,0.03330006647502695],[34.68977993405679,0.03868993352497305],[34.68439006594322,0.03868993352497305],[34.68439006594322,0.03330006647502695]]]}},{"type":"Feature","properties":{"id":"RFB-0741","cls":"informal_iron_sheet","area":13,"cost":8700,"tiv":115000.0,"tivCsv":115000.0,"lat":0.52999,"lon":34.44343,"where":"KE","settlement":"other","density_class":"peri_urban","stratum":"basin","d10":0.0,"dr10":0.0,"loss10":0.0,"d20":0.0,"dr20":0.0,"loss20":0.0,"d50":0.0,"dr50":0.0,"loss50":0.0,"d100":0.0,"dr100":0.0,"loss100":0.0,"d200":0.0,"dr200":0.0,"loss200":0.0,"d500":0.0,"dr500":0.0,"loss500":0.0},"geometry":{"type":"Polygon","coordinates":[[[34.44073095117567,0.5272970664750269],[34.44612104882434,0.5272970664750269],[34.44612104882434,0.5326869335249731],[34.44073095117567,0.5326869335249731],[34.44073095117567,0.5272970664750269]]]}},{"type":"Feature","properties":{"id":"RFB-0742","cls":"concrete_rcc","area":154,"cost":66000,"tiv":10165000.0,"tivCsv":10165000.0,"lat":0.12009,"lon":34.79379,"where":"KE","settlement":"other","density_class":"urban","stratum":"basin","d10":0.0,"dr10":0.0,"loss10":0.0,"d20":0.0,"dr20":0.0,"loss20":0.0,"d50":0.0,"dr50":0.0,"loss50":0.0,"d100":0.0,"dr100":0.0,"loss100":0.0,"d200":0.0,"dr200":0.0,"loss200":0.0,"d500":0.0,"dr500":0.0,"loss500":0.0},"geometry":{"type":"Polygon","coordinates":[[[34.7910930605555,0.11739506647502695],[34.7964829394445,0.11739506647502695],[34.7964829394445,0.12278493352497305],[34.7910930605555,0.12278493352497305],[34.7910930605555,0.11739506647502695]]]}},{"type":"Feature","properties":{"id":"RFB-0743","cls":"concrete_rcc","area":248,"cost":66800,"tiv":16565000.0,"tivCsv":16565000.0,"lat":0.98757,"lon":35.03109,"where":"KE","settlement":"Kitale","density_class":"peri_urban","stratum":"basin","d10":0.0,"dr10":0.0,"loss10":0.0,"d20":0.0,"dr20":0.0,"loss20":0.0,"d50":0.0,"dr50":0.0,"loss50":0.0,"d100":0.0,"dr100":0.0,"loss100":0.0,"d200":0.0,"dr200":0.0,"loss200":0.0,"d500":0.0,"dr500":0.0,"loss500":0.0},"geometry":{"type":"Polygon","coordinates":[[[35.028392666104274,0.9848750664750269],[35.03378333389572,0.9848750664750269],[35.03378333389572,0.990264933524973],[35.028392666104274,0.990264933524973],[35.028392666104274,0.9848750664750269]]]}},{"type":"Feature","properties":{"id":"RFB-0744","cls":"semi_permanent","area":48,"cost":11400,"tiv":545000.0,"tivCsv":545000.0,"lat":0.22717,"lon":34.13591,"where":"KE","settlement":"Bumala","density_class":"rural","stratum":"basin","d10":0.0,"dr10":0.0,"loss10":0.0,"d20":0.0,"dr20":0.0,"loss20":0.0,"d50":0.0,"dr50":0.0,"loss50":0.0,"d100":0.0,"dr100":0.0,"loss100":0.0,"d200":0.0,"dr200":0.0,"loss200":0.0,"d500":0.0,"dr500":0.0,"loss500":0.0},"geometry":{"type":"Polygon","coordinates":[[[34.133215045292886,0.22447306647502696],[34.13860495470712,0.22447306647502696],[34.13860495470712,0.22986293352497306],[34.133215045292886,0.22986293352497306],[34.133215045292886,0.22447306647502696]]]}},{"type":"Feature","properties":{"id":"RFB-0745","cls":"permanent_masonry","area":196,"cost":48100,"tiv":9430000.0,"tivCsv":9430000.0,"lat":0.37017,"lon":34.45565,"where":"KE","settlement":"Mumias","density_class":"peri_urban","stratum":"basin","d10":0.0,"dr10":0.0,"loss10":0.0,"d20":0.0,"dr20":0.0,"loss20":0.0,"d50":0.0,"dr50":0.0,"loss50":0.0,"d100":0.0,"dr100":0.0,"loss100":0.0,"d200":0.0,"dr200":0.0,"loss200":0.0,"d500":0.0,"dr500":0.0,"loss500":0.0},"geometry":{"type":"Polygon","coordinates":[[[34.452958010228656,0.3674800664750269],[34.45834798977134,0.3674800664750269],[34.45834798977134,0.37286993352497305],[34.452958010228656,0.37286993352497305],[34.452958010228656,0.3674800664750269]]]}},{"type":"Feature","properties":{"id":"RFB-0746","cls":"permanent_masonry","area":72,"cost":47000,"tiv":3385000.0,"tivCsv":3385000.0,"lat":0.0213,"lon":35.38486,"where":"KE","settlement":"other","density_class":"peri_urban","stratum":"basin","d10":0.0,"dr10":0.0,"loss10":0.0,"d20":0.0,"dr20":0.0,"loss20":0.0,"d50":0.0,"dr50":0.0,"loss50":0.0,"d100":0.0,"dr100":0.0,"loss100":0.0,"d200":0.0,"dr200":0.0,"loss200":0.0,"d500":0.0,"dr500":0.0,"loss500":0.0},"geometry":{"type":"Polygon","coordinates":[[[35.3821610662888,0.01860506647502695],[35.387550933711196,0.01860506647502695],[35.387550933711196,0.02399493352497305],[35.3821610662888,0.02399493352497305],[35.3821610662888,0.01860506647502695]]]}},{"type":"Feature","properties":{"id":"RFB-0747","cls":"semi_permanent","area":56,"cost":14100,"tiv":790000.0,"tivCsv":790000.0,"lat":0.88646,"lon":34.73481,"where":"KE","settlement":"Bungoma","density_class":"peri_urban","stratum":"basin","d10":0.0,"dr10":0.0,"loss10":0.0,"d20":0.0,"dr20":0.0,"loss20":0.0,"d50":0.0,"dr50":0.0,"loss50":0.0,"d100":0.0,"dr100":0.0,"loss100":0.0,"d200":0.0,"dr200":0.0,"loss200":0.0,"d500":0.0,"dr500":0.0,"loss500":0.0},"geometry":{"type":"Polygon","coordinates":[[[34.73211574389656,0.883766066475027],[34.737506256103444,0.883766066475027],[34.737506256103444,0.8891559335249731],[34.73211574389656,0.8891559335249731],[34.73211574389656,0.883766066475027]]]}},{"type":"Feature","properties":{"id":"RFB-0748","cls":"permanent_masonry","area":105,"cost":57100,"tiv":5995000.0,"tivCsv":5995000.0,"lat":0.3724,"lon":34.74841,"where":"KE","settlement":"other","density_class":"peri_urban","stratum":"basin","d10":0.0,"dr10":0.0,"loss10":0.0,"d20":0.0,"dr20":0.0,"loss20":0.0,"d50":0.0,"dr50":0.0,"loss50":0.0,"d100":0.0,"dr100":0.0,"loss100":0.0,"d200":0.0,"dr200":0.0,"loss200":0.0,"d500":0.0,"dr500":0.0,"loss500":0.0},"geometry":{"type":"Polygon","coordinates":[[[34.745715009550146,0.3697060664750269],[34.75110499044985,0.3697060664750269],[34.75110499044985,0.37509593352497306],[34.745715009550146,0.37509593352497306],[34.745715009550146,0.3697060664750269]]]}},{"type":"Feature","properties":{"id":"RFB-0749","cls":"semi_permanent","area":58,"cost":13400,"tiv":775000.0,"tivCsv":775000.0,"lat":-0.05723,"lon":34.56366,"where":"KE","settlement":"other","density_class":"peri_urban","stratum":"basin","d10":0.0,"dr10":0.0,"loss10":0.0,"d20":0.0,"dr20":0.0,"loss20":0.0,"d50":0.0,"dr50":0.0,"loss50":0.0,"d100":0.0,"dr100":0.0,"loss100":0.0,"d200":0.0,"dr200":0.0,"loss200":0.0,"d500":0.0,"dr500":0.0,"loss500":0.0},"geometry":{"type":"Polygon","coordinates":[[[34.56096506513051,-0.05992793352497305],[34.56635493486949,-0.05992793352497305],[34.56635493486949,-0.05453806647502695],[34.56096506513051,-0.05453806647502695],[34.56096506513051,-0.05992793352497305]]]}},{"type":"Feature","properties":{"id":"RFB-0750","cls":"permanent_masonry","area":248,"cost":51500,"tiv":12770000.0,"tivCsv":12770000.0,"lat":0.15114,"lon":34.58485,"where":"KE","settlement":"other","density_class":"peri_urban","stratum":"basin","d10":0.0,"dr10":0.0,"loss10":0.0,"d20":0.0,"dr20":0.0,"loss20":0.0,"d50":0.0,"dr50":0.0,"loss50":0.0,"d100":0.0,"dr100":0.0,"loss100":0.0,"d200":0.0,"dr200":0.0,"loss200":0.0,"d500":0.0,"dr500":0.0,"loss500":0.0},"geometry":{"type":"Polygon","coordinates":[[[34.58215105709857,0.14844606647502695],[34.58754094290143,0.14844606647502695],[34.58754094290143,0.15383593352497305],[34.58215105709857,0.15383593352497305],[34.58215105709857,0.14844606647502695]]]}},{"type":"Feature","properties":{"id":"RFB-0751","cls":"informal_iron_sheet","area":13,"cost":7100,"tiv":90000.0,"tivCsv":90000.0,"lat":0.8145,"lon":34.69889,"where":"KE","settlement":"Bungoma","density_class":"peri_urban","stratum":"basin","d10":0.0,"dr10":0.0,"loss10":0.0,"d20":0.0,"dr20":0.0,"loss20":0.0,"d50":0.0,"dr50":0.0,"loss50":0.0,"d100":0.0,"dr100":0.0,"loss100":0.0,"d200":0.0,"dr200":0.0,"loss200":0.0,"d500":0.0,"dr500":0.0,"loss500":0.0},"geometry":{"type":"Polygon","coordinates":[[[34.69619379414817,0.8118040664750269],[34.70158420585183,0.8118040664750269],[34.70158420585183,0.817193933524973],[34.69619379414817,0.817193933524973],[34.69619379414817,0.8118040664750269]]]}},{"type":"Feature","properties":{"id":"RFB-0752","cls":"permanent_masonry","area":171,"cost":51000,"tiv":8720000.0,"tivCsv":8720000.0,"lat":-0.03071,"lon":34.20679,"where":"KE","settlement":"Siaya","density_class":"rural","stratum":"basin","d10":0.0,"dr10":0.0,"loss10":0.0,"d20":0.0,"dr20":0.0,"loss20":0.0,"d50":0.0,"dr50":0.0,"loss50":0.0,"d100":0.0,"dr100":0.0,"loss100":0.0,"d200":0.0,"dr200":0.0,"loss200":0.0,"d500":0.0,"dr500":0.0,"loss500":0.0},"geometry":{"type":"Polygon","coordinates":[[[34.20410006608787,-0.03340693352497305],[34.20948993391213,-0.03340693352497305],[34.20948993391213,-0.02801706647502695],[34.20410006608787,-0.02801706647502695],[34.20410006608787,-0.03340693352497305]]]}},{"type":"Feature","properties":{"id":"RFB-0753","cls":"concrete_rcc","area":1306,"cost":57800,"tiv":75485000.0,"tivCsv":75485000.0,"lat":0.70694,"lon":34.95456,"where":"KE","settlement":"other","density_class":"peri_urban","stratum":"basin","d10":0.0,"dr10":0.0,"loss10":0.0,"d20":0.0,"dr20":0.0,"loss20":0.0,"d50":0.0,"dr50":0.0,"loss50":0.0,"d100":0.0,"dr100":0.0,"loss100":0.0,"d200":0.0,"dr200":0.0,"loss200":0.0,"d500":0.0,"dr500":0.0,"loss500":0.0},"geometry":{"type":"Polygon","coordinates":[[[34.95186686133022,0.7042410664750269],[34.95725713866979,0.7042410664750269],[34.95725713866979,0.7096309335249731],[34.95186686133022,0.7096309335249731],[34.95186686133022,0.7042410664750269]]]}},{"type":"Feature","properties":{"id":"RFB-0754","cls":"permanent_masonry","area":285,"cost":51900,"tiv":14790000.0,"tivCsv":14790000.0,"lat":1.01981,"lon":35.02819,"where":"KE","settlement":"Kitale","density_class":"urban","stratum":"basin","d10":0.0,"dr10":0.0,"loss10":0.0,"d20":0.0,"dr20":0.0,"loss20":0.0,"d50":0.0,"dr50":0.0,"loss50":0.0,"d100":0.0,"dr100":0.0,"loss100":0.0,"d200":0.0,"dr200":0.0,"loss200":0.0,"d500":0.0,"dr500":0.0,"loss500":0.0},"geometry":{"type":"Polygon","coordinates":[[[35.02549363953324,1.017115066475027],[35.03088436046676,1.017115066475027],[35.03088436046676,1.0225049335249732],[35.02549363953324,1.0225049335249732],[35.02549363953324,1.017115066475027]]]}},{"type":"Feature","properties":{"id":"RFB-0755","cls":"permanent_masonry","area":107,"cost":62600,"tiv":6700000.0,"tivCsv":6700000.0,"lat":0.99211,"lon":34.86042,"where":"KE","settlement":"other","density_class":"peri_urban","stratum":"basin","d10":0.0,"dr10":0.0,"loss10":0.0,"d20":0.0,"dr20":0.0,"loss20":0.0,"d50":0.0,"dr50":0.0,"loss50":0.0,"d100":0.0,"dr100":0.0,"loss100":0.0,"d200":0.0,"dr200":0.0,"loss200":0.0,"d500":0.0,"dr500":0.0,"loss500":0.0},"geometry":{"type":"Polygon","coordinates":[[[34.857722662416684,0.9894120664750269],[34.86311333758332,0.9894120664750269],[34.86311333758332,0.994801933524973],[34.857722662416684,0.994801933524973],[34.857722662416684,0.9894120664750269]]]}},{"type":"Feature","properties":{"id":"RFB-0756","cls":"permanent_masonry","area":203,"cost":60700,"tiv":12320000.0,"tivCsv":12320000.0,"lat":0.06125,"lon":34.73629,"where":"KE","settlement":"other","density_class":"urban","stratum":"basin","d10":0.0,"dr10":0.0,"loss10":0.0,"d20":0.0,"dr20":0.0,"loss20":0.0,"d50":0.0,"dr50":0.0,"loss50":0.0,"d100":0.0,"dr100":0.0,"loss100":0.0,"d200":0.0,"dr200":0.0,"loss200":0.0,"d500":0.0,"dr500":0.0,"loss500":0.0},"geometry":{"type":"Polygon","coordinates":[[[34.73359806493536,0.058551066475026954],[34.73898793506465,0.058551066475026954],[34.73898793506465,0.06394093352497306],[34.73359806493536,0.06394093352497306],[34.73359806493536,0.058551066475026954]]]}},{"type":"Feature","properties":{"id":"RFB-0757","cls":"permanent_masonry","area":99,"cost":55000,"tiv":5445000.0,"tivCsv":5445000.0,"lat":-0.00436,"lon":34.40564,"where":"KE","settlement":"other","density_class":"rural","stratum":"basin","d10":0.0,"dr10":0.0,"loss10":0.0,"d20":0.0,"dr20":0.0,"loss20":0.0,"d50":0.0,"dr50":0.0,"loss50":0.0,"d100":0.0,"dr100":0.0,"loss100":0.0,"d200":0.0,"dr200":0.0,"loss200":0.0,"d500":0.0,"dr500":0.0,"loss500":0.0},"geometry":{"type":"Polygon","coordinates":[[[34.40294306646722,-0.007056933524973051],[34.40833293353278,-0.007056933524973051],[34.40833293353278,-0.0016670664750269497],[34.40294306646722,-0.0016670664750269497],[34.40294306646722,-0.007056933524973051]]]}},{"type":"Feature","properties":{"id":"RFB-0758","cls":"concrete_rcc","area":177,"cost":83500,"tiv":14780000.0,"tivCsv":14780000.0,"lat":-0.06967,"lon":34.81861,"where":"KE","settlement":"Kisumu","density_class":"urban","stratum":"basin","d10":0.0,"dr10":0.0,"loss10":0.0,"d20":0.0,"dr20":0.0,"loss20":0.0,"d50":0.0,"dr50":0.0,"loss50":0.0,"d100":0.0,"dr100":0.0,"loss100":0.0,"d200":0.0,"dr200":0.0,"loss200":0.0,"d500":0.0,"dr500":0.0,"loss500":0.0},"geometry":{"type":"Polygon","coordinates":[[[34.815916064482735,-0.07236393352497304],[34.82130593551726,-0.07236393352497304],[34.82130593551726,-0.06697406647502695],[34.815916064482735,-0.06697406647502695],[34.815916064482735,-0.07236393352497304]]]}},{"type":"Feature","properties":{"id":"RFB-0759","cls":"concrete_rcc","area":506,"cost":53800,"tiv":27225000.0,"tivCsv":27225000.0,"lat":0.08382,"lon":34.58107,"where":"KE","settlement":"other","density_class":"peri_urban","stratum":"basin","d10":0.0,"dr10":0.0,"loss10":0.0,"d20":0.0,"dr20":0.0,"loss20":0.0,"d50":0.0,"dr50":0.0,"loss50":0.0,"d100":0.0,"dr100":0.0,"loss100":0.0,"d200":0.0,"dr200":0.0,"loss200":0.0,"d500":0.0,"dr500":0.0,"loss500":0.0},"geometry":{"type":"Polygon","coordinates":[[[34.57837206359141,0.08112206647502695],[34.583761936408585,0.08112206647502695],[34.583761936408585,0.08651193352497305],[34.57837206359141,0.08651193352497305],[34.57837206359141,0.08112206647502695]]]}},{"type":"Feature","properties":{"id":"RFB-0760","cls":"permanent_masonry","area":153,"cost":45300,"tiv":6930000.0,"tivCsv":6930000.0,"lat":-0.07825,"lon":34.79104,"where":"KE","settlement":"Kisumu","density_class":"urban","stratum":"basin","d10":0.0,"dr10":0.0,"loss10":0.0,"d20":0.0,"dr20":0.0,"loss20":0.0,"d50":0.0,"dr50":0.0,"loss50":0.0,"d100":0.0,"dr100":0.0,"loss100":0.0,"d200":0.0,"dr200":0.0,"loss200":0.0,"d500":0.0,"dr500":0.0,"loss500":0.0},"geometry":{"type":"Polygon","coordinates":[[[34.7883500639618,-0.08094393352497305],[34.79373993603819,-0.08094393352497305],[34.79373993603819,-0.07555406647502695],[34.7883500639618,-0.07555406647502695],[34.7883500639618,-0.08094393352497305]]]}},{"type":"Feature","properties":{"id":"RFB-0761","cls":"permanent_masonry","area":128,"cost":45800,"tiv":5860000.0,"tivCsv":5860000.0,"lat":-0.10329,"lon":34.76422,"where":"KE","settlement":"Kisumu","density_class":"urban","stratum":"basin","d10":0.0,"dr10":0.0,"loss10":0.0,"d20":0.0,"dr20":0.0,"loss20":0.0,"d50":0.0,"dr50":0.0,"loss50":0.0,"d100":0.0,"dr100":0.0,"loss100":0.0,"d200":0.0,"dr200":0.0,"loss200":0.0,"d500":0.0,"dr500":0.0,"loss500":0.0},"geometry":{"type":"Polygon","coordinates":[[[34.76152206209571,-0.10598693352497304],[34.7669119379043,-0.10598693352497304],[34.7669119379043,-0.10059706647502695],[34.76152206209571,-0.10059706647502695],[34.76152206209571,-0.10598693352497304]]]}},{"type":"Feature","properties":{"id":"RFB-0762","cls":"informal_iron_sheet","area":20,"cost":6300,"tiv":125000.0,"tivCsv":125000.0,"lat":0.34584,"lon":35.34267,"where":"KE","settlement":"other","density_class":"peri_urban","stratum":"basin","d10":0.0,"dr10":0.0,"loss10":0.0,"d20":0.0,"dr20":0.0,"loss20":0.0,"d50":0.0,"dr50":0.0,"loss50":0.0,"d100":0.0,"dr100":0.0,"loss100":0.0,"d200":0.0,"dr200":0.0,"loss200":0.0,"d500":0.0,"dr500":0.0,"loss500":0.0},"geometry":{"type":"Polygon","coordinates":[[[35.339971017380584,0.34314606647502693],[35.34536098261942,0.34314606647502693],[35.34536098261942,0.3485359335249731],[35.339971017380584,0.3485359335249731],[35.339971017380584,0.34314606647502693]]]}},{"type":"Feature","properties":{"id":"RFB-0763","cls":"concrete_rcc","area":367,"cost":68700,"tiv":25215000.0,"tivCsv":25215000.0,"lat":0.21888,"lon":34.45232,"where":"KE","settlement":"other","density_class":"urban","stratum":"basin","d10":0.0,"dr10":0.0,"loss10":0.0,"d20":0.0,"dr20":0.0,"loss20":0.0,"d50":0.0,"dr50":0.0,"loss50":0.0,"d100":0.0,"dr100":0.0,"loss100":0.0,"d200":0.0,"dr200":0.0,"loss200":0.0,"d500":0.0,"dr500":0.0,"loss500":0.0},"geometry":{"type":"Polygon","coordinates":[[[34.4496210468096,0.21618906647502695],[34.45501095319041,0.21618906647502695],[34.45501095319041,0.22157893352497304],[34.4496210468096,0.22157893352497304],[34.4496210468096,0.21618906647502695]]]}},{"type":"Feature","properties":{"id":"RFB-0764","cls":"permanent_masonry","area":171,"cost":54100,"tiv":9250000.0,"tivCsv":9250000.0,"lat":-0.12622,"lon":34.75131,"where":"KE","settlement":"Kisumu","density_class":"urban","stratum":"basin","d10":0.0,"dr10":0.0,"loss10":0.0,"d20":0.0,"dr20":0.0,"loss20":0.0,"d50":0.0,"dr50":0.0,"loss50":0.0,"d100":0.0,"dr100":0.0,"loss100":0.0,"d200":0.0,"dr200":0.0,"loss200":0.0,"d500":0.0,"dr500":0.0,"loss500":0.0},"geometry":{"type":"Polygon","coordinates":[[[34.74861005993575,-0.12891493352497305],[34.753999940064254,-0.12891493352497305],[34.753999940064254,-0.12352506647502695],[34.74861005993575,-0.12352506647502695],[34.74861005993575,-0.12891493352497305]]]}},{"type":"Feature","properties":{"id":"RFB-0765","cls":"concrete_rcc","area":292,"cost":73500,"tiv":21460000.0,"tivCsv":21460000.0,"lat":0.3809,"lon":34.27148,"where":"KE","settlement":"Busia","density_class":"peri_urban","stratum":"basin","d10":0.0,"dr10":0.0,"loss10":0.0,"d20":0.0,"dr20":0.0,"loss20":0.0,"d50":0.0,"dr50":0.0,"loss50":0.0,"d100":0.0,"dr100":0.0,"loss100":0.0,"d200":0.0,"dr200":0.0,"loss200":0.0,"d500":0.0,"dr500":0.0,"loss500":0.0},"geometry":{"type":"Polygon","coordinates":[[[34.26878500692215,0.37820506647502694],[34.27417499307784,0.37820506647502694],[34.27417499307784,0.3835949335249731],[34.26878500692215,0.3835949335249731],[34.26878500692215,0.37820506647502694]]]}},{"type":"Feature","properties":{"id":"RFB-0766","cls":"informal_iron_sheet","area":16,"cost":9600,"tiv":155000.0,"tivCsv":155000.0,"lat":0.67858,"lon":34.5523,"where":"KE","settlement":"other","density_class":"peri_urban","stratum":"basin","d10":0.0,"dr10":0.0,"loss10":0.0,"d20":0.0,"dr20":0.0,"loss20":0.0,"d50":0.0,"dr50":0.0,"loss50":0.0,"d100":0.0,"dr100":0.0,"loss100":0.0,"d200":0.0,"dr200":0.0,"loss200":0.0,"d500":0.0,"dr500":0.0,"loss500":0.0},"geometry":{"type":"Polygon","coordinates":[[[34.549601877457725,0.6758860664750269],[34.55499212254228,0.6758860664750269],[34.55499212254228,0.6812759335249731],[34.549601877457725,0.6812759335249731],[34.549601877457725,0.6758860664750269]]]}},{"type":"Feature","properties":{"id":"RFB-0767","cls":"permanent_masonry","area":174,"cost":50000,"tiv":8700000.0,"tivCsv":8700000.0,"lat":-0.11016,"lon":34.76935,"where":"KE","settlement":"Kisumu","density_class":"urban","stratum":"basin","d10":0.0,"dr10":0.0,"loss10":0.0,"d20":0.0,"dr20":0.0,"loss20":0.0,"d50":0.0,"dr50":0.0,"loss50":0.0,"d100":0.0,"dr100":0.0,"loss100":0.0,"d200":0.0,"dr200":0.0,"loss200":0.0,"d500":0.0,"dr500":0.0,"loss500":0.0},"geometry":{"type":"Polygon","coordinates":[[[34.76665806149425,-0.11285193352497305],[34.77204793850576,-0.11285193352497305],[34.77204793850576,-0.10746206647502696],[34.76665806149425,-0.10746206647502696],[34.76665806149425,-0.11285193352497305]]]}},{"type":"Feature","properties":{"id":"RFB-0768","cls":"permanent_masonry","area":203,"cost":60700,"tiv":12320000.0,"tivCsv":12320000.0,"lat":1.03729,"lon":34.98396,"where":"KE","settlement":"Kitale","density_class":"urban","stratum":"basin","d10":0.0,"dr10":0.0,"loss10":0.0,"d20":0.0,"dr20":0.0,"loss20":0.0,"d50":0.0,"dr50":0.0,"loss50":0.0,"d100":0.0,"dr100":0.0,"loss100":0.0,"d200":0.0,"dr200":0.0,"loss200":0.0,"d500":0.0,"dr500":0.0,"loss500":0.0},"geometry":{"type":"Polygon","coordinates":[[[34.98126962476814,1.034597066475027],[34.98666037523186,1.034597066475027],[34.98666037523186,1.0399869335249732],[34.98126962476814,1.0399869335249732],[34.98126962476814,1.034597066475027]]]}},{"type":"Feature","properties":{"id":"RFB-0769","cls":"semi_permanent","area":41,"cost":11600,"tiv":475000.0,"tivCsv":475000.0,"lat":0.2864,"lon":34.75522,"where":"KE","settlement":"other","density_class":"urban","stratum":"basin","d10":0.0,"dr10":0.0,"loss10":0.0,"d20":0.0,"dr20":0.0,"loss20":0.0,"d50":0.0,"dr50":0.0,"loss50":0.0,"d100":0.0,"dr100":0.0,"loss100":0.0,"d200":0.0,"dr200":0.0,"loss200":0.0,"d500":0.0,"dr500":0.0,"loss500":0.0},"geometry":{"type":"Polygon","coordinates":[[[34.752524032807024,0.2837030664750269],[34.75791396719297,0.2837030664750269],[34.75791396719297,0.28909293352497306],[34.752524032807024,0.28909293352497306],[34.752524032807024,0.2837030664750269]]]}},{"type":"Feature","properties":{"id":"RFB-0770","cls":"concrete_rcc","area":212,"cost":61200,"tiv":12975000.0,"tivCsv":12975000.0,"lat":-0.10221,"lon":34.78058,"where":"KE","settlement":"Kisumu","density_class":"urban","stratum":"basin","d10":0.0,"dr10":0.0,"loss10":0.0,"d20":0.0,"dr20":0.0,"loss20":0.0,"d50":0.0,"dr50":0.0,"loss50":0.0,"d100":0.0,"dr100":0.0,"loss100":0.0,"d200":0.0,"dr200":0.0,"loss200":0.0,"d500":0.0,"dr500":0.0,"loss500":0.0},"geometry":{"type":"Polygon","coordinates":[[[34.777882062187224,-0.10490193352497305],[34.78327193781278,-0.10490193352497305],[34.78327193781278,-0.09951206647502696],[34.777882062187224,-0.09951206647502696],[34.777882062187224,-0.10490193352497305]]]}},{"type":"Feature","properties":{"id":"RFB-0771","cls":"permanent_masonry","area":161,"cost":54800,"tiv":8825000.0,"tivCsv":8825000.0,"lat":0.09753,"lon":34.17128,"where":"KE","settlement":"Rwambwa","density_class":"peri_urban","stratum":"basin","d10":0.0,"dr10":0.0,"loss10":0.0,"d20":0.0,"dr20":0.0,"loss20":0.0,"d50":0.0,"dr50":0.0,"loss50":0.0,"d100":0.0,"dr100":0.0,"loss100":0.0,"d200":0.0,"dr200":0.0,"loss200":0.0,"d500":0.0,"dr500":0.0,"loss500":0.0},"geometry":{"type":"Polygon","coordinates":[[[34.16858806257067,0.09483506647502696],[34.173977937429335,0.09483506647502696],[34.173977937429335,0.10022493352497305],[34.16858806257067,0.10022493352497305],[34.16858806257067,0.09483506647502696]]]}},{"type":"Feature","properties":{"id":"RFB-0772","cls":"permanent_masonry","area":251,"cost":50400,"tiv":12650000.0,"tivCsv":12650000.0,"lat":0.26138,"lon":34.75122,"where":"KE","settlement":"other","density_class":"urban","stratum":"basin","d10":0.0,"dr10":0.0,"loss10":0.0,"d20":0.0,"dr20":0.0,"loss20":0.0,"d50":0.0,"dr50":0.0,"loss50":0.0,"d100":0.0,"dr100":0.0,"loss100":0.0,"d200":0.0,"dr200":0.0,"loss200":0.0,"d500":0.0,"dr500":0.0,"loss500":0.0},"geometry":{"type":"Polygon","coordinates":[[[34.74852303843223,0.2586850664750269],[34.75391296156777,0.2586850664750269],[34.75391296156777,0.2640749335249731],[34.74852303843223,0.2640749335249731],[34.74852303843223,0.2586850664750269]]]}},{"type":"Feature","properties":{"id":"RFB-0773","cls":"informal_iron_sheet","area":14,"cost":7100,"tiv":100000.0,"tivCsv":100000.0,"lat":0.42968,"lon":34.12234,"where":"KE","settlement":"other","density_class":"peri_urban","stratum":"basin","d10":0.0,"dr10":0.0,"loss10":0.0,"d20":0.0,"dr20":0.0,"loss20":0.0,"d50":0.0,"dr50":0.0,"loss50":0.0,"d100":0.0,"dr100":0.0,"loss100":0.0,"d200":0.0,"dr200":0.0,"loss200":0.0,"d500":0.0,"dr500":0.0,"loss500":0.0},"geometry":{"type":"Polygon","coordinates":[[[34.11964599069107,0.42698706647502693],[34.12503600930893,0.42698706647502693],[34.12503600930893,0.4323769335249731],[34.11964599069107,0.4323769335249731],[34.11964599069107,0.42698706647502693]]]}},{"type":"Feature","properties":{"id":"RFB-0774","cls":"permanent_masonry","area":94,"cost":48100,"tiv":4520000.0,"tivCsv":4520000.0,"lat":0.63011,"lon":35.04905,"where":"KE","settlement":"other","density_class":"urban","stratum":"basin","d10":0.0,"dr10":0.0,"loss10":0.0,"d20":0.0,"dr20":0.0,"loss20":0.0,"d50":0.0,"dr50":0.0,"loss50":0.0,"d100":0.0,"dr100":0.0,"loss100":0.0,"d200":0.0,"dr200":0.0,"loss200":0.0,"d500":0.0,"dr500":0.0,"loss500":0.0},"geometry":{"type":"Polygon","coordinates":[[[35.046352903498125,0.627414066475027],[35.05174309650187,0.627414066475027],[35.05174309650187,0.6328039335249731],[35.046352903498125,0.6328039335249731],[35.046352903498125,0.627414066475027]]]}},{"type":"Feature","properties":{"id":"RFB-0775","cls":"informal_iron_sheet","area":22,"cost":7100,"tiv":155000.0,"tivCsv":155000.0,"lat":0.30095,"lon":34.23221,"where":"KE","settlement":"Bumala","density_class":"peri_urban","stratum":"basin","d10":0.0,"dr10":0.0,"loss10":0.0,"d20":0.0,"dr20":0.0,"loss20":0.0,"d50":0.0,"dr50":0.0,"loss50":0.0,"d100":0.0,"dr100":0.0,"loss100":0.0,"d200":0.0,"dr200":0.0,"loss200":0.0,"d500":0.0,"dr500":0.0,"loss500":0.0},"geometry":{"type":"Polygon","coordinates":[[[34.2295100292987,0.2982550664750269],[34.2348999707013,0.2982550664750269],[34.2348999707013,0.30364493352497307],[34.2295100292987,0.30364493352497307],[34.2295100292987,0.2982550664750269]]]}},{"type":"Feature","properties":{"id":"RFB-0776","cls":"informal_iron_sheet","area":13,"cost":6900,"tiv":90000.0,"tivCsv":90000.0,"lat":0.10323,"lon":34.64934,"where":"KE","settlement":"other","density_class":"peri_urban","stratum":"basin","d10":0.0,"dr10":0.0,"loss10":0.0,"d20":0.0,"dr20":0.0,"loss20":0.0,"d50":0.0,"dr50":0.0,"loss50":0.0,"d100":0.0,"dr100":0.0,"loss100":0.0,"d200":0.0,"dr200":0.0,"loss200":0.0,"d500":0.0,"dr500":0.0,"loss500":0.0},"geometry":{"type":"Polygon","coordinates":[[[34.64664306210071,0.10053806647502696],[34.65203293789929,0.10053806647502696],[34.65203293789929,0.10592793352497305],[34.64664306210071,0.10592793352497305],[34.64664306210071,0.10053806647502696]]]}},{"type":"Feature","properties":{"id":"RFB-0777","cls":"informal_iron_sheet","area":18,"cost":5500,"tiv":100000.0,"tivCsv":100000.0,"lat":0.31459,"lon":35.1903,"where":"KE","settlement":"other","density_class":"peri_urban","stratum":"basin","d10":0.0,"dr10":0.0,"loss10":0.0,"d20":0.0,"dr20":0.0,"loss20":0.0,"d50":0.0,"dr50":0.0,"loss50":0.0,"d100":0.0,"dr100":0.0,"loss100":0.0,"d200":0.0,"dr200":0.0,"loss200":0.0,"d500":0.0,"dr500":0.0,"loss500":0.0},"geometry":{"type":"Polygon","coordinates":[[[35.187604025852394,0.3118950664750269],[35.19299397414761,0.3118950664750269],[35.19299397414761,0.31728493352497306],[35.187604025852394,0.31728493352497306],[35.187604025852394,0.3118950664750269]]]}},{"type":"Feature","properties":{"id":"RFB-0778","cls":"permanent_masonry","area":196,"cost":45500,"tiv":8920000.0,"tivCsv":8920000.0,"lat":0.08127,"lon":34.71407,"where":"KE","settlement":"other","density_class":"urban","stratum":"basin","d10":0.0,"dr10":0.0,"loss10":0.0,"d20":0.0,"dr20":0.0,"loss20":0.0,"d50":0.0,"dr50":0.0,"loss50":0.0,"d100":0.0,"dr100":0.0,"loss100":0.0,"d200":0.0,"dr200":0.0,"loss200":0.0,"d500":0.0,"dr500":0.0,"loss500":0.0},"geometry":{"type":"Polygon","coordinates":[[[34.711371063763806,0.07857806647502695],[34.7167609362362,0.07857806647502695],[34.7167609362362,0.08396793352497305],[34.711371063763806,0.08396793352497305],[34.711371063763806,0.07857806647502695]]]}},{"type":"Feature","properties":{"id":"RFB-0779","cls":"concrete_rcc","area":179,"cost":62200,"tiv":11135000.0,"tivCsv":11135000.0,"lat":-0.15486,"lon":35.20174,"where":"KE","settlement":"other","density_class":"urban","stratum":"basin","d10":0.0,"dr10":0.0,"loss10":0.0,"d20":0.0,"dr20":0.0,"loss20":0.0,"d50":0.0,"dr50":0.0,"loss50":0.0,"d100":0.0,"dr100":0.0,"loss100":0.0,"d200":0.0,"dr200":0.0,"loss200":0.0,"d500":0.0,"dr500":0.0,"loss500":0.0},"geometry":{"type":"Polygon","coordinates":[[[35.19904205663121,-0.15755693352497305],[35.204431943368796,-0.15755693352497305],[35.204431943368796,-0.15216706647502695],[35.19904205663121,-0.15216706647502695],[35.19904205663121,-0.15755693352497305]]]}},{"type":"Feature","properties":{"id":"RFB-0780","cls":"semi_permanent","area":35,"cost":11000,"tiv":385000.0,"tivCsv":385000.0,"lat":0.21196,"lon":34.16624,"where":"KE","settlement":"Bumala","density_class":"rural","stratum":"basin","d10":0.0,"dr10":0.0,"loss10":0.0,"d20":0.0,"dr20":0.0,"loss20":0.0,"d50":0.0,"dr50":0.0,"loss50":0.0,"d100":0.0,"dr100":0.0,"loss100":0.0,"d200":0.0,"dr200":0.0,"loss200":0.0,"d500":0.0,"dr500":0.0,"loss500":0.0},"geometry":{"type":"Polygon","coordinates":[[[34.16354104803356,0.20926806647502696],[34.16893095196644,0.20926806647502696],[34.16893095196644,0.21465793352497306],[34.16354104803356,0.21465793352497306],[34.16354104803356,0.20926806647502696]]]}},{"type":"Feature","properties":{"id":"RFB-0781","cls":"permanent_masonry","area":205,"cost":61400,"tiv":12585000.0,"tivCsv":12585000.0,"lat":0.13994,"lon":34.75206,"where":"KE","settlement":"other","density_class":"peri_urban","stratum":"basin","d10":0.0,"dr10":0.0,"loss10":0.0,"d20":0.0,"dr20":0.0,"loss20":0.0,"d50":0.0,"dr50":0.0,"loss50":0.0,"d100":0.0,"dr100":0.0,"loss100":0.0,"d200":0.0,"dr200":0.0,"loss200":0.0,"d500":0.0,"dr500":0.0,"loss500":0.0},"geometry":{"type":"Polygon","coordinates":[[[34.74936705843731,0.13724106647502696],[34.7547569415627,0.13724106647502696],[34.7547569415627,0.14263093352497305],[34.74936705843731,0.14263093352497305],[34.74936705843731,0.13724106647502696]]]}},{"type":"Feature","properties":{"id":"RFB-0782","cls":"semi_permanent","area":48,"cost":11800,"tiv":565000.0,"tivCsv":565000.0,"lat":-0.00952,"lon":35.36997,"where":"KE","settlement":"other","density_class":"rural","stratum":"basin","d10":0.0,"dr10":0.0,"loss10":0.0,"d20":0.0,"dr20":0.0,"loss20":0.0,"d50":0.0,"dr50":0.0,"loss50":0.0,"d100":0.0,"dr100":0.0,"loss100":0.0,"d200":0.0,"dr200":0.0,"loss200":0.0,"d500":0.0,"dr500":0.0,"loss500":0.0},"geometry":{"type":"Polygon","coordinates":[[[35.36727406643781,-0.01221693352497305],[35.37266393356219,-0.01221693352497305],[35.37266393356219,-0.006827066475026948],[35.36727406643781,-0.006827066475026948],[35.36727406643781,-0.01221693352497305]]]}},{"type":"Feature","properties":{"id":"RFB-0783","cls":"semi_permanent","area":33,"cost":13400,"tiv":440000.0,"tivCsv":440000.0,"lat":0.32239,"lon":34.58247,"where":"KE","settlement":"Mumias","density_class":"urban","stratum":"basin","d10":0.0,"dr10":0.0,"loss10":0.0,"d20":0.0,"dr20":0.0,"loss20":0.0,"d50":0.0,"dr50":0.0,"loss50":0.0,"d100":0.0,"dr100":0.0,"loss100":0.0,"d200":0.0,"dr200":0.0,"loss200":0.0,"d500":0.0,"dr500":0.0,"loss500":0.0},"geometry":{"type":"Polygon","coordinates":[[[34.57977102381245,0.31969706647502694],[34.585160976187545,0.31969706647502694],[34.585160976187545,0.3250869335249731],[34.57977102381245,0.3250869335249731],[34.57977102381245,0.31969706647502694]]]}},{"type":"Feature","properties":{"id":"RFB-0784","cls":"concrete_rcc","area":709,"cost":68200,"tiv":48355000.0,"tivCsv":48355000.0,"lat":0.6011,"lon":34.54954,"where":"KE","settlement":"other","density_class":"urban","stratum":"basin","d10":0.0,"dr10":0.0,"loss10":0.0,"d20":0.0,"dr20":0.0,"loss20":0.0,"d50":0.0,"dr50":0.0,"loss50":0.0,"d100":0.0,"dr100":0.0,"loss100":0.0,"d200":0.0,"dr200":0.0,"loss200":0.0,"d500":0.0,"dr500":0.0,"loss500":0.0},"geometry":{"type":"Polygon","coordinates":[[[34.54684591816113,0.5984020664750269],[34.55223608183886,0.5984020664750269],[34.55223608183886,0.6037919335249731],[34.54684591816113,0.6037919335249731],[34.54684591816113,0.5984020664750269]]]}},{"type":"Feature","properties":{"id":"RFB-0785","cls":"permanent_masonry","area":198,"cost":60000,"tiv":11880000.0,"tivCsv":11880000.0,"lat":0.05198,"lon":34.71941,"where":"KE","settlement":"other","density_class":"urban","stratum":"basin","d10":0.0,"dr10":0.0,"loss10":0.0,"d20":0.0,"dr20":0.0,"loss20":0.0,"d50":0.0,"dr50":0.0,"loss50":0.0,"d100":0.0,"dr100":0.0,"loss100":0.0,"d200":0.0,"dr200":0.0,"loss200":0.0,"d500":0.0,"dr500":0.0,"loss500":0.0},"geometry":{"type":"Polygon","coordinates":[[[34.716714065366034,0.04928406647502695],[34.722103934633964,0.04928406647502695],[34.722103934633964,0.054673933524973045],[34.716714065366034,0.054673933524973045],[34.716714065366034,0.04928406647502695]]]}},{"type":"Feature","properties":{"id":"RFB-0786","cls":"semi_permanent","area":43,"cost":12900,"tiv":555000.0,"tivCsv":555000.0,"lat":0.01784,"lon":34.60746,"where":"KE","settlement":"other","density_class":"urban","stratum":"basin","d10":0.0,"dr10":0.0,"loss10":0.0,"d20":0.0,"dr20":0.0,"loss20":0.0,"d50":0.0,"dr50":0.0,"loss50":0.0,"d100":0.0,"dr100":0.0,"loss100":0.0,"d200":0.0,"dr200":0.0,"loss200":0.0,"d500":0.0,"dr500":0.0,"loss500":0.0},"geometry":{"type":"Polygon","coordinates":[[[34.60476206634445,0.01514106647502695],[34.610151933655544,0.01514106647502695],[34.610151933655544,0.020530933524973052],[34.60476206634445,0.020530933524973052],[34.60476206634445,0.01514106647502695]]]}},{"type":"Feature","properties":{"id":"RFB-0787","cls":"informal_iron_sheet","area":13,"cost":8400,"tiv":110000.0,"tivCsv":110000.0,"lat":-0.18039,"lon":35.13497,"where":"KE","settlement":"other","density_class":"rural","stratum":"basin","d10":0.0,"dr10":0.0,"loss10":0.0,"d20":0.0,"dr20":0.0,"loss20":0.0,"d50":0.0,"dr50":0.0,"loss50":0.0,"d100":0.0,"dr100":0.0,"loss100":0.0,"d200":0.0,"dr200":0.0,"loss200":0.0,"d500":0.0,"dr500":0.0,"loss500":0.0},"geometry":{"type":"Polygon","coordinates":[[[35.13227205311876,-0.18308193352497304],[35.137661946881245,-0.18308193352497304],[35.137661946881245,-0.17769206647502694],[35.13227205311876,-0.17769206647502694],[35.13227205311876,-0.18308193352497304]]]}},{"type":"Feature","properties":{"id":"RFB-0788","cls":"permanent_masonry","area":251,"cost":45600,"tiv":11445000.0,"tivCsv":11445000.0,"lat":1.16017,"lon":34.99385,"where":"KE","settlement":"other","density_class":"peri_urban","stratum":"basin","d10":0.0,"dr10":0.0,"loss10":0.0,"d20":0.0,"dr20":0.0,"loss20":0.0,"d50":0.0,"dr50":0.0,"loss50":0.0,"d100":0.0,"dr100":0.0,"loss100":0.0,"d200":0.0,"dr200":0.0,"loss200":0.0,"d500":0.0,"dr500":0.0,"loss500":0.0},"geometry":{"type":"Polygon","coordinates":[[[34.99114951389936,1.157477066475027],[34.99654048610064,1.157477066475027],[34.99654048610064,1.162866933524973],[34.99114951389936,1.162866933524973],[34.99114951389936,1.157477066475027]]]}},{"type":"Feature","properties":{"id":"RFB-0789","cls":"informal_iron_sheet","area":16,"cost":7100,"tiv":115000.0,"tivCsv":115000.0,"lat":0.39225,"lon":34.67588,"where":"KE","settlement":"other","density_class":"peri_urban","stratum":"basin","d10":0.0,"dr10":0.0,"loss10":0.0,"d20":0.0,"dr20":0.0,"loss20":0.0,"d50":0.0,"dr50":0.0,"loss50":0.0,"d100":0.0,"dr100":0.0,"loss100":0.0,"d200":0.0,"dr200":0.0,"loss200":0.0,"d500":0.0,"dr500":0.0,"loss500":0.0},"geometry":{"type":"Polygon","coordinates":[[[34.67318100331946,0.3895570664750269],[34.67857099668054,0.3895570664750269],[34.67857099668054,0.39494693352497307],[34.67318100331946,0.39494693352497307],[34.67318100331946,0.3895570664750269]]]}},{"type":"Feature","properties":{"id":"RFB-0790","cls":"informal_iron_sheet","area":11,"cost":7200,"tiv":80000.0,"tivCsv":80000.0,"lat":1.02699,"lon":34.98892,"where":"KE","settlement":"Kitale","density_class":"urban","stratum":"basin","d10":0.0,"dr10":0.0,"loss10":0.0,"d20":0.0,"dr20":0.0,"loss20":0.0,"d50":0.0,"dr50":0.0,"loss50":0.0,"d100":0.0,"dr100":0.0,"loss100":0.0,"d200":0.0,"dr200":0.0,"loss200":0.0,"d500":0.0,"dr500":0.0,"loss500":0.0},"geometry":{"type":"Polygon","coordinates":[[[34.98622063350117,1.024293066475027],[34.99161136649884,1.024293066475027],[34.99161136649884,1.029682933524973],[34.98622063350117,1.029682933524973],[34.98622063350117,1.024293066475027]]]}},{"type":"Feature","properties":{"id":"RFB-0791","cls":"permanent_masonry","area":254,"cost":53300,"tiv":13540000.0,"tivCsv":13540000.0,"lat":0.41431,"lon":34.30096,"where":"KE","settlement":"Busia","density_class":"peri_urban","stratum":"basin","d10":0.0,"dr10":0.0,"loss10":0.0,"d20":0.0,"dr20":0.0,"loss20":0.0,"d50":0.0,"dr50":0.0,"loss50":0.0,"d100":0.0,"dr100":0.0,"loss100":0.0,"d200":0.0,"dr200":0.0,"loss200":0.0,"d500":0.0,"dr500":0.0,"loss500":0.0},"geometry":{"type":"Polygon","coordinates":[[[34.29826799601488,0.4116200664750269],[34.30365800398513,0.4116200664750269],[34.30365800398513,0.41700993352497306],[34.29826799601488,0.41700993352497306],[34.29826799601488,0.4116200664750269]]]}},{"type":"Feature","properties":{"id":"RFB-0792","cls":"permanent_masonry","area":127,"cost":57600,"tiv":7315000.0,"tivCsv":7315000.0,"lat":0.44915,"lon":34.25457,"where":"KE","settlement":"Busia","density_class":"urban","stratum":"basin","d10":0.0,"dr10":0.0,"loss10":0.0,"d20":0.0,"dr20":0.0,"loss20":0.0,"d50":0.0,"dr50":0.0,"loss50":0.0,"d100":0.0,"dr100":0.0,"loss100":0.0,"d200":0.0,"dr200":0.0,"loss200":0.0,"d500":0.0,"dr500":0.0,"loss500":0.0},"geometry":{"type":"Polygon","coordinates":[[[34.25187698366957,0.4464510664750269],[34.25726701633044,0.4464510664750269],[34.25726701633044,0.45184093352497307],[34.25187698366957,0.45184093352497307],[34.25187698366957,0.4464510664750269]]]}},{"type":"Feature","properties":{"id":"RFB-0793","cls":"permanent_masonry","area":107,"cost":44900,"tiv":4805000.0,"tivCsv":4805000.0,"lat":0.71866,"lon":34.56204,"where":"KE","settlement":"other","density_class":"peri_urban","stratum":"basin","d10":0.0,"dr10":0.0,"loss10":0.0,"d20":0.0,"dr20":0.0,"loss20":0.0,"d50":0.0,"dr50":0.0,"loss50":0.0,"d100":0.0,"dr100":0.0,"loss100":0.0,"d200":0.0,"dr200":0.0,"loss200":0.0,"d500":0.0,"dr500":0.0,"loss500":0.0},"geometry":{"type":"Polygon","coordinates":[[[34.55934085447195,0.715960066475027],[34.56473114552805,0.715960066475027],[34.56473114552805,0.7213499335249731],[34.55934085447195,0.7213499335249731],[34.55934085447195,0.715960066475027]]]}},{"type":"Feature","properties":{"id":"RFB-0794","cls":"informal_iron_sheet","area":16,"cost":8100,"tiv":130000.0,"tivCsv":130000.0,"lat":-0.29919,"lon":35.26106,"where":"KE","settlement":"other","density_class":"peri_urban","stratum":"basin","d10":0.0,"dr10":0.0,"loss10":0.0,"d20":0.0,"dr20":0.0,"loss20":0.0,"d50":0.0,"dr50":0.0,"loss50":0.0,"d100":0.0,"dr100":0.0,"loss100":0.0,"d200":0.0,"dr200":0.0,"loss200":0.0,"d500":0.0,"dr500":0.0,"loss500":0.0},"geometry":{"type":"Polygon","coordinates":[[[35.25836302973127,-0.3018889335249731],[35.263752970268726,-0.3018889335249731],[35.263752970268726,-0.29649906647502694],[35.25836302973127,-0.29649906647502694],[35.25836302973127,-0.3018889335249731]]]}},{"type":"Feature","properties":{"id":"RFB-0795","cls":"permanent_masonry","area":71,"cost":54600,"tiv":3875000.0,"tivCsv":3875000.0,"lat":0.10552,"lon":35.18088,"where":"KE","settlement":"other","density_class":"urban","stratum":"basin","d10":0.0,"dr10":0.0,"loss10":0.0,"d20":0.0,"dr20":0.0,"loss20":0.0,"d50":0.0,"dr50":0.0,"loss50":0.0,"d100":0.0,"dr100":0.0,"loss100":0.0,"d200":0.0,"dr200":0.0,"loss200":0.0,"d500":0.0,"dr500":0.0,"loss500":0.0},"geometry":{"type":"Polygon","coordinates":[[[35.17818406190509,0.10282106647502695],[35.1835739380949,0.10282106647502695],[35.1835739380949,0.10821093352497305],[35.17818406190509,0.10821093352497305],[35.17818406190509,0.10282106647502695]]]}},{"type":"Feature","properties":{"id":"RFB-0796","cls":"semi_permanent","area":34,"cost":14000,"tiv":475000.0,"tivCsv":475000.0,"lat":0.51979,"lon":34.65522,"where":"KE","settlement":"other","density_class":"peri_urban","stratum":"basin","d10":0.0,"dr10":0.0,"loss10":0.0,"d20":0.0,"dr20":0.0,"loss20":0.0,"d50":0.0,"dr50":0.0,"loss50":0.0,"d100":0.0,"dr100":0.0,"loss100":0.0,"d200":0.0,"dr200":0.0,"loss200":0.0,"d500":0.0,"dr500":0.0,"loss500":0.0},"geometry":{"type":"Polygon","coordinates":[[[34.65252595557068,0.5170980664750269],[34.657916044429314,0.5170980664750269],[34.657916044429314,0.522487933524973],[34.65252595557068,0.522487933524973],[34.65252595557068,0.5170980664750269]]]}},{"type":"Feature","properties":{"id":"RFB-0797","cls":"semi_permanent","area":64,"cost":8900,"tiv":570000.0,"tivCsv":570000.0,"lat":0.05626,"lon":34.75308,"where":"KE","settlement":"other","density_class":"peri_urban","stratum":"basin","d10":0.0,"dr10":0.0,"loss10":0.0,"d20":0.0,"dr20":0.0,"loss20":0.0,"d50":0.0,"dr50":0.0,"loss50":0.0,"d100":0.0,"dr100":0.0,"loss100":0.0,"d200":0.0,"dr200":0.0,"loss200":0.0,"d500":0.0,"dr500":0.0,"loss500":0.0},"geometry":{"type":"Polygon","coordinates":[[[34.75038306517584,0.05356506647502695],[34.755772934824165,0.05356506647502695],[34.755772934824165,0.058954933524973045],[34.75038306517584,0.058954933524973045],[34.75038306517584,0.05356506647502695]]]}},{"type":"Feature","properties":{"id":"RFB-0798","cls":"concrete_rcc","area":223,"cost":72500,"tiv":16170000.0,"tivCsv":16170000.0,"lat":0.66981,"lon":35.30202,"where":"KE","settlement":"other","density_class":"rural","stratum":"basin","d10":0.0,"dr10":0.0,"loss10":0.0,"d20":0.0,"dr20":0.0,"loss20":0.0,"d50":0.0,"dr50":0.0,"loss50":0.0,"d100":0.0,"dr100":0.0,"loss100":0.0,"d200":0.0,"dr200":0.0,"loss200":0.0,"d500":0.0,"dr500":0.0,"loss500":0.0},"geometry":{"type":"Polygon","coordinates":[[[35.299321882311055,0.6671180664750269],[35.30471211768894,0.6671180664750269],[35.30471211768894,0.6725079335249731],[35.299321882311055,0.6725079335249731],[35.299321882311055,0.6671180664750269]]]}},{"type":"Feature","properties":{"id":"RFB-0799","cls":"permanent_masonry","area":109,"cost":42600,"tiv":4645000.0,"tivCsv":4645000.0,"lat":0.61572,"lon":34.87334,"where":"KE","settlement":"Webuye","density_class":"peri_urban","stratum":"basin","d10":0.0,"dr10":0.0,"loss10":0.0,"d20":0.0,"dr20":0.0,"loss20":0.0,"d50":0.0,"dr50":0.0,"loss50":0.0,"d100":0.0,"dr100":0.0,"loss100":0.0,"d200":0.0,"dr200":0.0,"loss200":0.0,"d500":0.0,"dr500":0.0,"loss500":0.0},"geometry":{"type":"Polygon","coordinates":[[[34.870643910859414,0.6130200664750269],[34.87603408914059,0.6130200664750269],[34.87603408914059,0.6184099335249731],[34.870643910859414,0.6184099335249731],[34.870643910859414,0.6130200664750269]]]}},{"type":"Feature","properties":{"id":"RFB-0800","cls":"permanent_masonry","area":146,"cost":55900,"tiv":8160000.0,"tivCsv":8160000.0,"lat":0.07361,"lon":34.79695,"where":"KE","settlement":"other","density_class":"peri_urban","stratum":"basin","d10":0.0,"dr10":0.0,"loss10":0.0,"d20":0.0,"dr20":0.0,"loss20":0.0,"d50":0.0,"dr50":0.0,"loss50":0.0,"d100":0.0,"dr100":0.0,"loss100":0.0,"d200":0.0,"dr200":0.0,"loss200":0.0,"d500":0.0,"dr500":0.0,"loss500":0.0},"geometry":{"type":"Polygon","coordinates":[[[34.79425306425078,0.07091806647502695],[34.79964293574922,0.07091806647502695],[34.79964293574922,0.07630793352497305],[34.79425306425078,0.07630793352497305],[34.79425306425078,0.07091806647502695]]]}},{"type":"Feature","properties":{"id":"RFB-0801","cls":"informal_iron_sheet","area":21,"cost":8800,"tiv":185000.0,"tivCsv":185000.0,"lat":0.1517,"lon":34.66612,"where":"KE","settlement":"other","density_class":"peri_urban","stratum":"basin","d10":0.0,"dr10":0.0,"loss10":0.0,"d20":0.0,"dr20":0.0,"loss20":0.0,"d50":0.0,"dr50":0.0,"loss50":0.0,"d100":0.0,"dr100":0.0,"loss100":0.0,"d200":0.0,"dr200":0.0,"loss200":0.0,"d500":0.0,"dr500":0.0,"loss500":0.0},"geometry":{"type":"Polygon","coordinates":[[[34.66342205702909,0.14900506647502695],[34.66881194297091,0.14900506647502695],[34.66881194297091,0.15439493352497305],[34.66342205702909,0.15439493352497305],[34.66342205702909,0.14900506647502695]]]}},{"type":"Feature","properties":{"id":"RFB-0802","cls":"permanent_masonry","area":113,"cost":52000,"tiv":5875000.0,"tivCsv":5875000.0,"lat":0.06163,"lon":34.77687,"where":"KE","settlement":"other","density_class":"peri_urban","stratum":"basin","d10":0.0,"dr10":0.0,"loss10":0.0,"d20":0.0,"dr20":0.0,"loss20":0.0,"d50":0.0,"dr50":0.0,"loss50":0.0,"d100":0.0,"dr100":0.0,"loss100":0.0,"d200":0.0,"dr200":0.0,"loss200":0.0,"d500":0.0,"dr500":0.0,"loss500":0.0},"geometry":{"type":"Polygon","coordinates":[[[34.77417506491579,0.058939066475026954],[34.77956493508422,0.058939066475026954],[34.77956493508422,0.06432893352497306],[34.77417506491579,0.06432893352497306],[34.77417506491579,0.058939066475026954]]]}},{"type":"Feature","properties":{"id":"RFB-0803","cls":"concrete_rcc","area":160,"cost":74500,"tiv":11920000.0,"tivCsv":11920000.0,"lat":0.51919,"lon":35.25765,"where":"KE","settlement":"other","density_class":"urban","stratum":"basin","d10":0.0,"dr10":0.0,"loss10":0.0,"d20":0.0,"dr20":0.0,"loss20":0.0,"d50":0.0,"dr50":0.0,"loss50":0.0,"d100":0.0,"dr100":0.0,"loss100":0.0,"d200":0.0,"dr200":0.0,"loss200":0.0,"d500":0.0,"dr500":0.0,"loss500":0.0},"geometry":{"type":"Polygon","coordinates":[[[35.25495895582872,0.5164930664750269],[35.260349044171285,0.5164930664750269],[35.260349044171285,0.5218829335249731],[35.25495895582872,0.5218829335249731],[35.25495895582872,0.5164930664750269]]]}},{"type":"Feature","properties":{"id":"RFB-0804","cls":"semi_permanent","area":37,"cost":11500,"tiv":425000.0,"tivCsv":425000.0,"lat":0.78014,"lon":34.75754,"where":"KE","settlement":"Bungoma","density_class":"peri_urban","stratum":"basin","d10":0.0,"dr10":0.0,"loss10":0.0,"d20":0.0,"dr20":0.0,"loss20":0.0,"d50":0.0,"dr50":0.0,"loss50":0.0,"d100":0.0,"dr100":0.0,"loss100":0.0,"d200":0.0,"dr200":0.0,"loss200":0.0,"d500":0.0,"dr500":0.0,"loss500":0.0},"geometry":{"type":"Polygon","coordinates":[[[34.75484481664173,0.777444066475027],[34.76023518335827,0.777444066475027],[34.76023518335827,0.7828339335249731],[34.75484481664173,0.7828339335249731],[34.75484481664173,0.777444066475027]]]}},{"type":"Feature","properties":{"id":"RFB-0805","cls":"semi_permanent","area":65,"cost":12400,"tiv":805000.0,"tivCsv":805000.0,"lat":0.48475,"lon":35.26564,"where":"KE","settlement":"other","density_class":"urban","stratum":"basin","d10":0.0,"dr10":0.0,"loss10":0.0,"d20":0.0,"dr20":0.0,"loss20":0.0,"d50":0.0,"dr50":0.0,"loss50":0.0,"d100":0.0,"dr100":0.0,"loss100":0.0,"d200":0.0,"dr200":0.0,"loss200":0.0,"d500":0.0,"dr500":0.0,"loss500":0.0},"geometry":{"type":"Polygon","coordinates":[[[35.26294097001958,0.4820580664750269],[35.26833102998042,0.4820580664750269],[35.26833102998042,0.48744793352497306],[35.26294097001958,0.48744793352497306],[35.26294097001958,0.4820580664750269]]]}},{"type":"Feature","properties":{"id":"RFB-0806","cls":"permanent_masonry","area":125,"cost":60500,"tiv":7560000.0,"tivCsv":7560000.0,"lat":0.10569,"lon":34.77026,"where":"KE","settlement":"other","density_class":"urban","stratum":"basin","d10":0.0,"dr10":0.0,"loss10":0.0,"d20":0.0,"dr20":0.0,"loss20":0.0,"d50":0.0,"dr50":0.0,"loss50":0.0,"d100":0.0,"dr100":0.0,"loss100":0.0,"d200":0.0,"dr200":0.0,"loss200":0.0,"d500":0.0,"dr500":0.0,"loss500":0.0},"geometry":{"type":"Polygon","coordinates":[[[34.76756506188983,0.10299706647502695],[34.77295493811017,0.10299706647502695],[34.77295493811017,0.10838693352497304],[34.76756506188983,0.10838693352497304],[34.76756506188983,0.10299706647502695]]]}},{"type":"Feature","properties":{"id":"RFB-0807","cls":"concrete_rcc","area":277,"cost":69400,"tiv":19225000.0,"tivCsv":19225000.0,"lat":-0.00978,"lon":34.58963,"where":"KE","settlement":"other","density_class":"urban","stratum":"basin","d10":0.0,"dr10":0.0,"loss10":0.0,"d20":0.0,"dr20":0.0,"loss20":0.0,"d50":0.0,"dr50":0.0,"loss50":0.0,"d100":0.0,"dr100":0.0,"loss100":0.0,"d200":0.0,"dr200":0.0,"loss200":0.0,"d500":0.0,"dr500":0.0,"loss500":0.0},"geometry":{"type":"Polygon","coordinates":[[[34.586935066435764,-0.012474933524973052],[34.592324933564235,-0.012474933524973052],[34.592324933564235,-0.007085066475026949],[34.586935066435764,-0.007085066475026949],[34.586935066435764,-0.012474933524973052]]]}},{"type":"Feature","properties":{"id":"RFB-0808","cls":"permanent_masonry","area":86,"cost":44400,"tiv":3820000.0,"tivCsv":3820000.0,"lat":-0.08498,"lon":34.77906,"where":"KE","settlement":"Kisumu","density_class":"urban","stratum":"basin","d10":0.0,"dr10":0.0,"loss10":0.0,"d20":0.0,"dr20":0.0,"loss20":0.0,"d50":0.0,"dr50":0.0,"loss50":0.0,"d100":0.0,"dr100":0.0,"loss100":0.0,"d200":0.0,"dr200":0.0,"loss200":0.0,"d500":0.0,"dr500":0.0,"loss500":0.0},"geometry":{"type":"Polygon","coordinates":[[[34.77636606351062,-0.08767793352497305],[34.781755936489375,-0.08767793352497305],[34.781755936489375,-0.08228806647502696],[34.77636606351062,-0.08228806647502696],[34.77636606351062,-0.08767793352497305]]]}},{"type":"Feature","properties":{"id":"RFB-0809","cls":"semi_permanent","area":33,"cost":9900,"tiv":325000.0,"tivCsv":325000.0,"lat":-0.26814,"lon":34.92323,"where":"KE","settlement":"other","density_class":"rural","stratum":"basin","d10":0.0,"dr10":0.0,"loss10":0.0,"d20":0.0,"dr20":0.0,"loss20":0.0,"d50":0.0,"dr50":0.0,"loss50":0.0,"d100":0.0,"dr100":0.0,"loss100":0.0,"d200":0.0,"dr200":0.0,"loss200":0.0,"d500":0.0,"dr500":0.0,"loss500":0.0},"geometry":{"type":"Polygon","coordinates":[[[34.920537036963815,-0.27083093352497306],[34.92592696303618,-0.27083093352497306],[34.92592696303618,-0.2654410664750269],[34.920537036963815,-0.2654410664750269],[34.920537036963815,-0.27083093352497306]]]}},{"type":"Feature","properties":{"id":"RFB-0810","cls":"semi_permanent","area":65,"cost":14100,"tiv":915000.0,"tivCsv":915000.0,"lat":0.57768,"lon":34.56906,"where":"KE","settlement":"other","density_class":"urban","stratum":"basin","d10":0.0,"dr10":0.0,"loss10":0.0,"d20":0.0,"dr20":0.0,"loss20":0.0,"d50":0.0,"dr50":0.0,"loss50":0.0,"d100":0.0,"dr100":0.0,"loss100":0.0,"d200":0.0,"dr200":0.0,"loss200":0.0,"d500":0.0,"dr500":0.0,"loss500":0.0},"geometry":{"type":"Polygon","coordinates":[[[34.56636492949371,0.5749820664750269],[34.57175507050629,0.5749820664750269],[34.57175507050629,0.5803719335249731],[34.56636492949371,0.5803719335249731],[34.56636492949371,0.5749820664750269]]]}},{"type":"Feature","properties":{"id":"RFB-0811","cls":"permanent_masonry","area":188,"cost":57000,"tiv":10715000.0,"tivCsv":10715000.0,"lat":0.00047,"lon":34.7478,"where":"KE","settlement":"Kisumu","density_class":"urban","stratum":"basin","d10":0.0,"dr10":0.0,"loss10":0.0,"d20":0.0,"dr20":0.0,"loss20":0.0,"d50":0.0,"dr50":0.0,"loss50":0.0,"d100":0.0,"dr100":0.0,"loss100":0.0,"d200":0.0,"dr200":0.0,"loss200":0.0,"d500":0.0,"dr500":0.0,"loss500":0.0},"geometry":{"type":"Polygon","coordinates":[[[34.74510106647494,-0.002227933524973051],[34.750490933525064,-0.002227933524973051],[34.750490933525064,0.0031619335249730507],[34.74510106647494,0.0031619335249730507],[34.74510106647494,-0.002227933524973051]]]}},{"type":"Feature","properties":{"id":"RFB-0812","cls":"semi_permanent","area":46,"cost":15400,"tiv":710000.0,"tivCsv":710000.0,"lat":-0.29605,"lon":35.00163,"where":"KE","settlement":"other","density_class":"peri_urban","stratum":"basin","d10":0.0,"dr10":0.0,"loss10":0.0,"d20":0.0,"dr20":0.0,"loss20":0.0,"d50":0.0,"dr50":0.0,"loss50":0.0,"d100":0.0,"dr100":0.0,"loss100":0.0,"d200":0.0,"dr200":0.0,"loss200":0.0,"d500":0.0,"dr500":0.0,"loss500":0.0},"geometry":{"type":"Polygon","coordinates":[[[34.99893303050042,-0.29874093352497305],[35.004322969499576,-0.29874093352497305],[35.004322969499576,-0.2933510664750269],[34.99893303050042,-0.2933510664750269],[34.99893303050042,-0.29874093352497305]]]}},{"type":"Feature","properties":{"id":"RFB-0813","cls":"permanent_masonry","area":166,"cost":47000,"tiv":7800000.0,"tivCsv":7800000.0,"lat":0.61424,"lon":34.38595,"where":"KE","settlement":"other","density_class":"peri_urban","stratum":"basin","d10":0.0,"dr10":0.0,"loss10":0.0,"d20":0.0,"dr20":0.0,"loss20":0.0,"d50":0.0,"dr50":0.0,"loss50":0.0,"d100":0.0,"dr100":0.0,"loss100":0.0,"d200":0.0,"dr200":0.0,"loss200":0.0,"d500":0.0,"dr500":0.0,"loss500":0.0},"geometry":{"type":"Polygon","coordinates":[[[34.383252911603634,0.611546066475027],[34.388643088396364,0.611546066475027],[34.388643088396364,0.6169359335249731],[34.383252911603634,0.6169359335249731],[34.383252911603634,0.611546066475027]]]}},{"type":"Feature","properties":{"id":"RFB-0814","cls":"permanent_masonry","area":162,"cost":45100,"tiv":7305000.0,"tivCsv":7305000.0,"lat":1.25774,"lon":35.08695,"where":"KE","settlement":"other","density_class":"urban","stratum":"basin","d10":0.0,"dr10":0.0,"loss10":0.0,"d20":0.0,"dr20":0.0,"loss20":0.0,"d50":0.0,"dr50":0.0,"loss50":0.0,"d100":0.0,"dr100":0.0,"loss100":0.0,"d200":0.0,"dr200":0.0,"loss200":0.0,"d500":0.0,"dr500":0.0,"loss500":0.0},"geometry":{"type":"Polygon","coordinates":[[[35.084256417031995,1.2550440664750269],[35.089647582968,1.2550440664750269],[35.089647582968,1.260433933524973],[35.084256417031995,1.260433933524973],[35.084256417031995,1.2550440664750269]]]}},{"type":"Feature","properties":{"id":"RFB-0815","cls":"informal_iron_sheet","area":11,"cost":5900,"tiv":65000.0,"tivCsv":65000.0,"lat":0.83537,"lon":34.46821,"where":"KE","settlement":"other","density_class":"peri_urban","stratum":"basin","d10":0.0,"dr10":0.0,"loss10":0.0,"d20":0.0,"dr20":0.0,"loss20":0.0,"d50":0.0,"dr50":0.0,"loss50":0.0,"d100":0.0,"dr100":0.0,"loss100":0.0,"d200":0.0,"dr200":0.0,"loss200":0.0,"d500":0.0,"dr500":0.0,"loss500":0.0},"geometry":{"type":"Polygon","coordinates":[[[34.4655117800124,0.832674066475027],[34.4709022199876,0.832674066475027],[34.4709022199876,0.8380639335249731],[34.4655117800124,0.8380639335249731],[34.4655117800124,0.832674066475027]]]}},{"type":"Feature","properties":{"id":"RFB-0816","cls":"informal_iron_sheet","area":14,"cost":6800,"tiv":95000.0,"tivCsv":95000.0,"lat":0.07323,"lon":35.07749,"where":"KE","settlement":"other","density_class":"peri_urban","stratum":"basin","d10":0.0,"dr10":0.0,"loss10":0.0,"d20":0.0,"dr20":0.0,"loss20":0.0,"d50":0.0,"dr50":0.0,"loss50":0.0,"d100":0.0,"dr100":0.0,"loss100":0.0,"d200":0.0,"dr200":0.0,"loss200":0.0,"d500":0.0,"dr500":0.0,"loss500":0.0},"geometry":{"type":"Polygon","coordinates":[[[35.07479006427369,0.07053806647502696],[35.08017993572631,0.07053806647502696],[35.08017993572631,0.07592793352497305],[35.07479006427369,0.07592793352497305],[35.07479006427369,0.07053806647502696]]]}},{"type":"Feature","properties":{"id":"RFB-0817","cls":"informal_iron_sheet","area":18,"cost":8500,"tiv":155000.0,"tivCsv":155000.0,"lat":0.04433,"lon":34.73911,"where":"KE","settlement":"other","density_class":"urban","stratum":"basin","d10":0.0,"dr10":0.0,"loss10":0.0,"d20":0.0,"dr20":0.0,"loss20":0.0,"d50":0.0,"dr50":0.0,"loss50":0.0,"d100":0.0,"dr100":0.0,"loss100":0.0,"d200":0.0,"dr200":0.0,"loss200":0.0,"d500":0.0,"dr500":0.0,"loss500":0.0},"geometry":{"type":"Polygon","coordinates":[[[34.73641906566837,0.041636066475026955],[34.74180893433163,0.041636066475026955],[34.74180893433163,0.04702593352497305],[34.73641906566837,0.04702593352497305],[34.73641906566837,0.041636066475026955]]]}},{"type":"Feature","properties":{"id":"RFB-0818","cls":"informal_iron_sheet","area":17,"cost":6600,"tiv":110000.0,"tivCsv":110000.0,"lat":0.6392,"lon":34.27242,"where":"KE","settlement":"other","density_class":"urban","stratum":"basin","d10":0.0,"dr10":0.0,"loss10":0.0,"d20":0.0,"dr20":0.0,"loss20":0.0,"d50":0.0,"dr50":0.0,"loss50":0.0,"d100":0.0,"dr100":0.0,"loss100":0.0,"d200":0.0,"dr200":0.0,"loss200":0.0,"d500":0.0,"dr500":0.0,"loss500":0.0},"geometry":{"type":"Polygon","coordinates":[[[34.26972489876068,0.6365060664750269],[34.275115101239315,0.6365060664750269],[34.275115101239315,0.6418959335249731],[34.26972489876068,0.6418959335249731],[34.26972489876068,0.6365060664750269]]]}},{"type":"Feature","properties":{"id":"RFB-0819","cls":"permanent_masonry","area":163,"cost":51300,"tiv":8360000.0,"tivCsv":8360000.0,"lat":-0.11457,"lon":34.78169,"where":"KE","settlement":"Kisumu","density_class":"urban","stratum":"basin","d10":0.0,"dr10":0.0,"loss10":0.0,"d20":0.0,"dr20":0.0,"loss20":0.0,"d50":0.0,"dr50":0.0,"loss50":0.0,"d100":0.0,"dr100":0.0,"loss100":0.0,"d200":0.0,"dr200":0.0,"loss200":0.0,"d500":0.0,"dr500":0.0,"loss500":0.0},"geometry":{"type":"Polygon","coordinates":[[[34.778996061087085,-0.11726593352497305],[34.78438593891292,-0.11726593352497305],[34.78438593891292,-0.11187606647502696],[34.778996061087085,-0.11187606647502696],[34.778996061087085,-0.11726593352497305]]]}},{"type":"Feature","properties":{"id":"RFB-0820","cls":"permanent_masonry","area":112,"cost":60100,"tiv":6730000.0,"tivCsv":6730000.0,"lat":0.68656,"lon":34.47389,"where":"KE","settlement":"other","density_class":"peri_urban","stratum":"basin","d10":0.0,"dr10":0.0,"loss10":0.0,"d20":0.0,"dr20":0.0,"loss20":0.0,"d50":0.0,"dr50":0.0,"loss50":0.0,"d100":0.0,"dr100":0.0,"loss100":0.0,"d200":0.0,"dr200":0.0,"loss200":0.0,"d500":0.0,"dr500":0.0,"loss500":0.0},"geometry":{"type":"Polygon","coordinates":[[[34.47119987298738,0.6838630664750269],[34.47659012701262,0.6838630664750269],[34.47659012701262,0.6892529335249731],[34.47119987298738,0.6892529335249731],[34.47119987298738,0.6838630664750269]]]}},{"type":"Feature","properties":{"id":"RFB-0821","cls":"semi_permanent","area":28,"cost":10700,"tiv":300000.0,"tivCsv":300000.0,"lat":0.11295,"lon":34.56901,"where":"KE","settlement":"other","density_class":"urban","stratum":"basin","d10":0.0,"dr10":0.0,"loss10":0.0,"d20":0.0,"dr20":0.0,"loss20":0.0,"d50":0.0,"dr50":0.0,"loss50":0.0,"d100":0.0,"dr100":0.0,"loss100":0.0,"d200":0.0,"dr200":0.0,"loss200":0.0,"d500":0.0,"dr500":0.0,"loss500":0.0},"geometry":{"type":"Polygon","coordinates":[[[34.56631306123847,0.11025506647502695],[34.571702938761526,0.11025506647502695],[34.571702938761526,0.11564493352497304],[34.56631306123847,0.11564493352497304],[34.56631306123847,0.11025506647502695]]]}},{"type":"Feature","properties":{"id":"RFB-0822","cls":"permanent_masonry","area":194,"cost":62700,"tiv":12165000.0,"tivCsv":12165000.0,"lat":0.78094,"lon":34.731,"where":"KE","settlement":"Bungoma","density_class":"urban","stratum":"basin","d10":0.0,"dr10":0.0,"loss10":0.0,"d20":0.0,"dr20":0.0,"loss20":0.0,"d50":0.0,"dr50":0.0,"loss50":0.0,"d100":0.0,"dr100":0.0,"loss100":0.0,"d200":0.0,"dr200":0.0,"loss200":0.0,"d500":0.0,"dr500":0.0,"loss500":0.0},"geometry":{"type":"Polygon","coordinates":[[[34.72829981613096,0.7782410664750269],[34.73369018386904,0.7782410664750269],[34.73369018386904,0.783630933524973],[34.72829981613096,0.783630933524973],[34.72829981613096,0.7782410664750269]]]}},{"type":"Feature","properties":{"id":"RFB-0823","cls":"semi_permanent","area":53,"cost":13800,"tiv":730000.0,"tivCsv":730000.0,"lat":0.08683,"lon":34.70992,"where":"KE","settlement":"other","density_class":"urban","stratum":"basin","d10":0.0,"dr10":0.0,"loss10":0.0,"d20":0.0,"dr20":0.0,"loss20":0.0,"d50":0.0,"dr50":0.0,"loss50":0.0,"d100":0.0,"dr100":0.0,"loss100":0.0,"d200":0.0,"dr200":0.0,"loss200":0.0,"d500":0.0,"dr500":0.0,"loss500":0.0},"geometry":{"type":"Polygon","coordinates":[[[34.70722706338015,0.08413806647502695],[34.712616936619845,0.08413806647502695],[34.712616936619845,0.08952793352497304],[34.70722706338015,0.08952793352497304],[34.70722706338015,0.08413806647502695]]]}},{"type":"Feature","properties":{"id":"RFB-0824","cls":"concrete_rcc","area":377,"cost":63000,"tiv":23750000.0,"tivCsv":23750000.0,"lat":1.03604,"lon":34.98882,"where":"KE","settlement":"Kitale","density_class":"urban","stratum":"basin","d10":0.0,"dr10":0.0,"loss10":0.0,"d20":0.0,"dr20":0.0,"loss20":0.0,"d50":0.0,"dr50":0.0,"loss50":0.0,"d100":0.0,"dr100":0.0,"loss100":0.0,"d200":0.0,"dr200":0.0,"loss200":0.0,"d500":0.0,"dr500":0.0,"loss500":0.0},"geometry":{"type":"Polygon","coordinates":[[[34.98612762583051,1.033349066475027],[34.99151837416948,1.033349066475027],[34.99151837416948,1.038738933524973],[34.98612762583051,1.038738933524973],[34.98612762583051,1.033349066475027]]]}},{"type":"Feature","properties":{"id":"RFB-0825","cls":"informal_iron_sheet","area":23,"cost":8100,"tiv":185000.0,"tivCsv":185000.0,"lat":0.28265,"lon":34.73389,"where":"KE","settlement":"other","density_class":"urban","stratum":"basin","d10":0.0,"dr10":0.0,"loss10":0.0,"d20":0.0,"dr20":0.0,"loss20":0.0,"d50":0.0,"dr50":0.0,"loss50":0.0,"d100":0.0,"dr100":0.0,"loss100":0.0,"d200":0.0,"dr200":0.0,"loss200":0.0,"d500":0.0,"dr500":0.0,"loss500":0.0},"geometry":{"type":"Polygon","coordinates":[[[34.73119303368271,0.2799540664750269],[34.73658296631729,0.2799540664750269],[34.73658296631729,0.28534393352497306],[34.73119303368271,0.28534393352497306],[34.73119303368271,0.2799540664750269]]]}},{"type":"Feature","properties":{"id":"RFB-0826","cls":"informal_iron_sheet","area":23,"cost":9000,"tiv":205000.0,"tivCsv":205000.0,"lat":0.54729,"lon":34.63403,"where":"KE","settlement":"other","density_class":"rural","stratum":"basin","d10":0.0,"dr10":0.0,"loss10":0.0,"d20":0.0,"dr20":0.0,"loss20":0.0,"d50":0.0,"dr50":0.0,"loss50":0.0,"d100":0.0,"dr100":0.0,"loss100":0.0,"d200":0.0,"dr200":0.0,"loss200":0.0,"d500":0.0,"dr500":0.0,"loss500":0.0},"geometry":{"type":"Polygon","coordinates":[[[34.63133294352757,0.5445920664750269],[34.636723056472434,0.5445920664750269],[34.636723056472434,0.549981933524973],[34.63133294352757,0.549981933524973],[34.63133294352757,0.5445920664750269]]]}},{"type":"Feature","properties":{"id":"RFB-0827","cls":"informal_iron_sheet","area":17,"cost":9300,"tiv":160000.0,"tivCsv":160000.0,"lat":0.1939,"lon":34.54836,"where":"KE","settlement":"other","density_class":"peri_urban","stratum":"basin","d10":0.0,"dr10":0.0,"loss10":0.0,"d20":0.0,"dr20":0.0,"loss20":0.0,"d50":0.0,"dr50":0.0,"loss50":0.0,"d100":0.0,"dr100":0.0,"loss100":0.0,"d200":0.0,"dr200":0.0,"loss200":0.0,"d500":0.0,"dr500":0.0,"loss500":0.0},"geometry":{"type":"Polygon","coordinates":[[[34.545660051041935,0.19121006647502695],[34.55104994895807,0.19121006647502695],[34.55104994895807,0.19659993352497304],[34.545660051041935,0.19659993352497304],[34.545660051041935,0.19121006647502695]]]}},{"type":"Feature","properties":{"id":"RFB-0828","cls":"semi_permanent","area":53,"cost":15200,"tiv":805000.0,"tivCsv":805000.0,"lat":-0.07742,"lon":34.77251,"where":"KE","settlement":"Kisumu","density_class":"urban","stratum":"basin","d10":0.0,"dr10":0.0,"loss10":0.0,"d20":0.0,"dr20":0.0,"loss20":0.0,"d50":0.0,"dr50":0.0,"loss50":0.0,"d100":0.0,"dr100":0.0,"loss100":0.0,"d200":0.0,"dr200":0.0,"loss200":0.0,"d500":0.0,"dr500":0.0,"loss500":0.0},"geometry":{"type":"Polygon","coordinates":[[[34.76981006401446,-0.08011993352497304],[34.77519993598555,-0.08011993352497304],[34.77519993598555,-0.07473006647502695],[34.76981006401446,-0.07473006647502695],[34.76981006401446,-0.08011993352497304]]]}},{"type":"Feature","properties":{"id":"RFB-0829","cls":"semi_permanent","area":64,"cost":11000,"tiv":705000.0,"tivCsv":705000.0,"lat":0.56913,"lon":34.84432,"where":"KE","settlement":"Webuye","density_class":"peri_urban","stratum":"basin","d10":0.0,"dr10":0.0,"loss10":0.0,"d20":0.0,"dr20":0.0,"loss20":0.0,"d50":0.0,"dr50":0.0,"loss50":0.0,"d100":0.0,"dr100":0.0,"loss100":0.0,"d200":0.0,"dr200":0.0,"loss200":0.0,"d500":0.0,"dr500":0.0,"loss500":0.0},"geometry":{"type":"Polygon","coordinates":[[[34.84162993351729,0.566435066475027],[34.847020066482706,0.566435066475027],[34.847020066482706,0.5718249335249731],[34.84162993351729,0.5718249335249731],[34.84162993351729,0.566435066475027]]]}},{"type":"Feature","properties":{"id":"RFB-0830","cls":"semi_permanent","area":38,"cost":10700,"tiv":405000.0,"tivCsv":405000.0,"lat":-0.12013,"lon":35.03937,"where":"KE","settlement":"other","density_class":"peri_urban","stratum":"basin","d10":0.0,"dr10":0.0,"loss10":0.0,"d20":0.0,"dr20":0.0,"loss20":0.0,"d50":0.0,"dr50":0.0,"loss50":0.0,"d100":0.0,"dr100":0.0,"loss100":0.0,"d200":0.0,"dr200":0.0,"loss200":0.0,"d500":0.0,"dr500":0.0,"loss500":0.0},"geometry":{"type":"Polygon","coordinates":[[[35.036672060551155,-0.12282893352497305],[35.04206193944884,-0.12282893352497305],[35.04206193944884,-0.11743906647502696],[35.036672060551155,-0.11743906647502696],[35.036672060551155,-0.12282893352497305]]]}},{"type":"Feature","properties":{"id":"RFB-0831","cls":"concrete_rcc","area":626,"cost":76800,"tiv":48075000.0,"tivCsv":48075000.0,"lat":0.46945,"lon":35.25276,"where":"KE","settlement":"other","density_class":"urban","stratum":"basin","d10":0.0,"dr10":0.0,"loss10":0.0,"d20":0.0,"dr20":0.0,"loss20":0.0,"d50":0.0,"dr50":0.0,"loss50":0.0,"d100":0.0,"dr100":0.0,"loss100":0.0,"d200":0.0,"dr200":0.0,"loss200":0.0,"d500":0.0,"dr500":0.0,"loss500":0.0},"geometry":{"type":"Polygon","coordinates":[[[35.250068976014326,0.4667530664750269],[35.25545902398567,0.4667530664750269],[35.25545902398567,0.47214293352497305],[35.250068976014326,0.47214293352497305],[35.250068976014326,0.4667530664750269]]]}},{"type":"Feature","properties":{"id":"RFB-0832","cls":"permanent_masonry","area":121,"cost":63300,"tiv":7660000.0,"tivCsv":7660000.0,"lat":0.50933,"lon":34.64627,"where":"KE","settlement":"other","density_class":"peri_urban","stratum":"basin","d10":0.0,"dr10":0.0,"loss10":0.0,"d20":0.0,"dr20":0.0,"loss20":0.0,"d50":0.0,"dr50":0.0,"loss50":0.0,"d100":0.0,"dr100":0.0,"loss100":0.0,"d200":0.0,"dr200":0.0,"loss200":0.0,"d500":0.0,"dr500":0.0,"loss500":0.0},"geometry":{"type":"Polygon","coordinates":[[[34.64357795999239,0.5066310664750269],[34.64896804000761,0.5066310664750269],[34.64896804000761,0.512020933524973],[34.64357795999239,0.512020933524973],[34.64357795999239,0.5066310664750269]]]}},{"type":"Feature","properties":{"id":"RFB-0833","cls":"semi_permanent","area":44,"cost":11300,"tiv":495000.0,"tivCsv":495000.0,"lat":0.74833,"lon":34.63956,"where":"KE","settlement":"Bungoma","density_class":"peri_urban","stratum":"basin","d10":0.0,"dr10":0.0,"loss10":0.0,"d20":0.0,"dr20":0.0,"loss20":0.0,"d50":0.0,"dr50":0.0,"loss50":0.0,"d100":0.0,"dr100":0.0,"loss100":0.0,"d200":0.0,"dr200":0.0,"loss200":0.0,"d500":0.0,"dr500":0.0,"loss500":0.0},"geometry":{"type":"Polygon","coordinates":[[[34.63686083660035,0.7456360664750269],[34.64225116339965,0.7456360664750269],[34.64225116339965,0.751025933524973],[34.63686083660035,0.751025933524973],[34.63686083660035,0.7456360664750269]]]}},{"type":"Feature","properties":{"id":"RFB-0834","cls":"informal_iron_sheet","area":11,"cost":8400,"tiv":90000.0,"tivCsv":90000.0,"lat":1.02598,"lon":34.97685,"where":"KE","settlement":"Kitale","density_class":"urban","stratum":"basin","d10":0.0,"dr10":0.0,"loss10":0.0,"d20":0.0,"dr20":0.0,"loss20":0.0,"d50":0.0,"dr50":0.0,"loss50":0.0,"d100":0.0,"dr100":0.0,"loss100":0.0,"d200":0.0,"dr200":0.0,"loss200":0.0,"d500":0.0,"dr500":0.0,"loss500":0.0},"geometry":{"type":"Polygon","coordinates":[[[34.97415763434659,1.0232900664750268],[34.97954836565341,1.0232900664750268],[34.97954836565341,1.028679933524973],[34.97415763434659,1.028679933524973],[34.97415763434659,1.0232900664750268]]]}},{"type":"Feature","properties":{"id":"RFB-0835","cls":"concrete_rcc","area":224,"cost":73100,"tiv":16375000.0,"tivCsv":16375000.0,"lat":1.02624,"lon":34.98647,"where":"KE","settlement":"Kitale","density_class":"urban","stratum":"basin","d10":0.0,"dr10":0.0,"loss10":0.0,"d20":0.0,"dr20":0.0,"loss20":0.0,"d50":0.0,"dr50":0.0,"loss50":0.0,"d100":0.0,"dr100":0.0,"loss100":0.0,"d200":0.0,"dr200":0.0,"loss200":0.0,"d500":0.0,"dr500":0.0,"loss500":0.0},"geometry":{"type":"Polygon","coordinates":[[[34.9837786341292,1.023548066475027],[34.9891693658708,1.023548066475027],[34.9891693658708,1.028937933524973],[34.9837786341292,1.028937933524973],[34.9837786341292,1.023548066475027]]]}},{"type":"Feature","properties":{"id":"RFB-0836","cls":"permanent_masonry","area":122,"cost":52400,"tiv":6395000.0,"tivCsv":6395000.0,"lat":-0.0209,"lon":34.55306,"where":"KE","settlement":"other","density_class":"peri_urban","stratum":"basin","d10":0.0,"dr10":0.0,"loss10":0.0,"d20":0.0,"dr20":0.0,"loss20":0.0,"d50":0.0,"dr50":0.0,"loss50":0.0,"d100":0.0,"dr100":0.0,"loss100":0.0,"d200":0.0,"dr200":0.0,"loss200":0.0,"d500":0.0,"dr500":0.0,"loss500":0.0},"geometry":{"type":"Polygon","coordinates":[[[34.550369066295644,-0.02359993352497305],[34.555758933704354,-0.02359993352497305],[34.555758933704354,-0.01821006647502695],[34.550369066295644,-0.01821006647502695],[34.550369066295644,-0.02359993352497305]]]}},{"type":"Feature","properties":{"id":"RFB-0837","cls":"concrete_rcc","area":561,"cost":70700,"tiv":39665000.0,"tivCsv":39665000.0,"lat":1.25758,"lon":35.1138,"where":"KE","settlement":"other","density_class":"urban","stratum":"basin","d10":0.0,"dr10":0.0,"loss10":0.0,"d20":0.0,"dr20":0.0,"loss20":0.0,"d50":0.0,"dr50":0.0,"loss50":0.0,"d100":0.0,"dr100":0.0,"loss100":0.0,"d200":0.0,"dr200":0.0,"loss200":0.0,"d500":0.0,"dr500":0.0,"loss500":0.0},"geometry":{"type":"Polygon","coordinates":[[[35.111100417199324,1.2548820664750269],[35.11649158280068,1.2548820664750269],[35.11649158280068,1.260271933524973],[35.111100417199324,1.260271933524973],[35.111100417199324,1.2548820664750269]]]}},{"type":"Feature","properties":{"id":"RFB-0838","cls":"concrete_rcc","area":267,"cost":56000,"tiv":14950000.0,"tivCsv":14950000.0,"lat":0.20186,"lon":34.38537,"where":"KE","settlement":"other","density_class":"peri_urban","stratum":"basin","d10":0.0,"dr10":0.0,"loss10":0.0,"d20":0.0,"dr20":0.0,"loss20":0.0,"d50":0.0,"dr50":0.0,"loss50":0.0,"d100":0.0,"dr100":0.0,"loss100":0.0,"d200":0.0,"dr200":0.0,"loss200":0.0,"d500":0.0,"dr500":0.0,"loss500":0.0},"geometry":{"type":"Polygon","coordinates":[[[34.382678049750496,0.19916006647502696],[34.38806795024951,0.19916006647502696],[34.38806795024951,0.20454993352497305],[34.382678049750496,0.20454993352497305],[34.382678049750496,0.19916006647502696]]]}},{"type":"Feature","properties":{"id":"RFB-0839","cls":"permanent_masonry","area":171,"cost":52900,"tiv":9045000.0,"tivCsv":9045000.0,"lat":0.25349,"lon":34.40506,"where":"KE","settlement":"other","density_class":"peri_urban","stratum":"basin","d10":0.0,"dr10":0.0,"loss10":0.0,"d20":0.0,"dr20":0.0,"loss20":0.0,"d50":0.0,"dr50":0.0,"loss50":0.0,"d100":0.0,"dr100":0.0,"loss100":0.0,"d200":0.0,"dr200":0.0,"loss200":0.0,"d500":0.0,"dr500":0.0,"loss500":0.0},"geometry":{"type":"Polygon","coordinates":[[[34.40236304010052,0.2507910664750269],[34.407752959899476,0.2507910664750269],[34.407752959899476,0.25618093352497306],[34.40236304010052,0.25618093352497306],[34.40236304010052,0.2507910664750269]]]}},{"type":"Feature","properties":{"id":"RFB-0840","cls":"concrete_rcc","area":814,"cost":60000,"tiv":48840000.0,"tivCsv":48840000.0,"lat":0.28057,"lon":34.27274,"where":"KE","settlement":"Bumala","density_class":"peri_urban","stratum":"basin","d10":0.0,"dr10":0.0,"loss10":0.0,"d20":0.0,"dr20":0.0,"loss20":0.0,"d50":0.0,"dr50":0.0,"loss50":0.0,"d100":0.0,"dr100":0.0,"loss100":0.0,"d200":0.0,"dr200":0.0,"loss200":0.0,"d500":0.0,"dr500":0.0,"loss500":0.0},"geometry":{"type":"Polygon","coordinates":[[[34.27004603416427,0.2778710664750269],[34.27543596583574,0.2778710664750269],[34.27543596583574,0.28326093352497306],[34.27004603416427,0.28326093352497306],[34.27004603416427,0.2778710664750269]]]}},{"type":"Feature","properties":{"id":"RFB-0841","cls":"permanent_masonry","area":135,"cost":42200,"tiv":5695000.0,"tivCsv":5695000.0,"lat":0.46593,"lon":34.12715,"where":"KE","settlement":"other","density_class":"urban","stratum":"basin","d10":0.0,"dr10":0.0,"loss10":0.0,"d20":0.0,"dr20":0.0,"loss20":0.0,"d50":0.0,"dr50":0.0,"loss50":0.0,"d100":0.0,"dr100":0.0,"loss100":0.0,"d200":0.0,"dr200":0.0,"loss200":0.0,"d500":0.0,"dr500":0.0,"loss500":0.0},"geometry":{"type":"Polygon","coordinates":[[[34.12445297736471,0.4632360664750269],[34.129843022635285,0.4632360664750269],[34.129843022635285,0.46862593352497306],[34.12445297736471,0.46862593352497306],[34.12445297736471,0.4632360664750269]]]}},{"type":"Feature","properties":{"id":"RFB-0842","cls":"permanent_masonry","area":159,"cost":53500,"tiv":8505000.0,"tivCsv":8505000.0,"lat":1.03002,"lon":35.00315,"where":"KE","settlement":"Kitale","density_class":"urban","stratum":"basin","d10":0.0,"dr10":0.0,"loss10":0.0,"d20":0.0,"dr20":0.0,"loss20":0.0,"d50":0.0,"dr50":0.0,"loss50":0.0,"d100":0.0,"dr100":0.0,"loss100":0.0,"d200":0.0,"dr200":0.0,"loss200":0.0,"d500":0.0,"dr500":0.0,"loss500":0.0},"geometry":{"type":"Polygon","coordinates":[[[35.000457630943025,1.0273220664750269],[35.00584836905697,1.0273220664750269],[35.00584836905697,1.032711933524973],[35.000457630943025,1.032711933524973],[35.000457630943025,1.0273220664750269]]]}},{"type":"Feature","properties":{"id":"RFB-0843","cls":"informal_iron_sheet","area":12,"cost":7500,"tiv":90000.0,"tivCsv":90000.0,"lat":0.77403,"lon":35.01741,"where":"KE","settlement":"other","density_class":"peri_urban","stratum":"basin","d10":0.0,"dr10":0.0,"loss10":0.0,"d20":0.0,"dr20":0.0,"loss20":0.0,"d50":0.0,"dr50":0.0,"loss50":0.0,"d100":0.0,"dr100":0.0,"loss100":0.0,"d200":0.0,"dr200":0.0,"loss200":0.0,"d500":0.0,"dr500":0.0,"loss500":0.0},"geometry":{"type":"Polygon","coordinates":[[[35.01471982053942,0.7713350664750269],[35.02011017946058,0.7713350664750269],[35.02011017946058,0.7767249335249731],[35.01471982053942,0.7767249335249731],[35.01471982053942,0.7713350664750269]]]}},{"type":"Feature","properties":{"id":"RFB-0844","cls":"permanent_masonry","area":71,"cost":52100,"tiv":3700000.0,"tivCsv":3700000.0,"lat":0.15456,"lon":34.56278,"where":"KE","settlement":"other","density_class":"peri_urban","stratum":"basin","d10":0.0,"dr10":0.0,"loss10":0.0,"d20":0.0,"dr20":0.0,"loss20":0.0,"d50":0.0,"dr50":0.0,"loss50":0.0,"d100":0.0,"dr100":0.0,"loss100":0.0,"d200":0.0,"dr200":0.0,"loss200":0.0,"d500":0.0,"dr500":0.0,"loss500":0.0},"geometry":{"type":"Polygon","coordinates":[[[34.56008305666994,0.15186206647502695],[34.565472943330064,0.15186206647502695],[34.565472943330064,0.15725193352497305],[34.56008305666994,0.15725193352497305],[34.56008305666994,0.15186206647502695]]]}},{"type":"Feature","properties":{"id":"RFB-0845","cls":"semi_permanent","area":71,"cost":14200,"tiv":1010000.0,"tivCsv":1010000.0,"lat":-0.0759,"lon":34.7792,"where":"KE","settlement":"Kisumu","density_class":"urban","stratum":"basin","d10":0.0,"dr10":0.0,"loss10":0.0,"d20":0.0,"dr20":0.0,"loss20":0.0,"d50":0.0,"dr50":0.0,"loss50":0.0,"d100":0.0,"dr100":0.0,"loss100":0.0,"d200":0.0,"dr200":0.0,"loss200":0.0,"d500":0.0,"dr500":0.0,"loss500":0.0},"geometry":{"type":"Polygon","coordinates":[[[34.77650506411019,-0.07859893352497305],[34.78189493588982,-0.07859893352497305],[34.78189493588982,-0.07320906647502695],[34.77650506411019,-0.07320906647502695],[34.77650506411019,-0.07859893352497305]]]}},{"type":"Feature","properties":{"id":"RFB-0846","cls":"permanent_masonry","area":173,"cost":49400,"tiv":8545000.0,"tivCsv":8545000.0,"lat":0.43628,"lon":34.25556,"where":"KE","settlement":"Busia","density_class":"peri_urban","stratum":"basin","d10":0.0,"dr10":0.0,"loss10":0.0,"d20":0.0,"dr20":0.0,"loss20":0.0,"d50":0.0,"dr50":0.0,"loss50":0.0,"d100":0.0,"dr100":0.0,"loss100":0.0,"d200":0.0,"dr200":0.0,"loss200":0.0,"d500":0.0,"dr500":0.0,"loss500":0.0},"geometry":{"type":"Polygon","coordinates":[[[34.25286498834717,0.4335810664750269],[34.258255011652835,0.4335810664750269],[34.258255011652835,0.4389709335249731],[34.25286498834717,0.4389709335249731],[34.25286498834717,0.4335810664750269]]]}},{"type":"Feature","properties":{"id":"RFB-0847","cls":"semi_permanent","area":44,"cost":14800,"tiv":650000.0,"tivCsv":650000.0,"lat":0.51991,"lon":35.26281,"where":"KE","settlement":"other","density_class":"urban","stratum":"basin","d10":0.0,"dr10":0.0,"loss10":0.0,"d20":0.0,"dr20":0.0,"loss20":0.0,"d50":0.0,"dr50":0.0,"loss50":0.0,"d100":0.0,"dr100":0.0,"loss100":0.0,"d200":0.0,"dr200":0.0,"loss200":0.0,"d500":0.0,"dr500":0.0,"loss500":0.0},"geometry":{"type":"Polygon","coordinates":[[[35.2601169555216,0.517213066475027],[35.26550704447839,0.517213066475027],[35.26550704447839,0.5226029335249731],[35.2601169555216,0.5226029335249731],[35.2601169555216,0.517213066475027]]]}},{"type":"Feature","properties":{"id":"RFB-0848","cls":"permanent_masonry","area":105,"cost":41600,"tiv":4370000.0,"tivCsv":4370000.0,"lat":0.01451,"lon":34.8069,"where":"KE","settlement":"other","density_class":"peri_urban","stratum":"basin","d10":0.0,"dr10":0.0,"loss10":0.0,"d20":0.0,"dr20":0.0,"loss20":0.0,"d50":0.0,"dr50":0.0,"loss50":0.0,"d100":0.0,"dr100":0.0,"loss100":0.0,"d200":0.0,"dr200":0.0,"loss200":0.0,"d500":0.0,"dr500":0.0,"loss500":0.0},"geometry":{"type":"Polygon","coordinates":[[[34.80420106638857,0.011818066475026949],[34.80959093361143,0.011818066475026949],[34.80959093361143,0.01720793352497305],[34.80420106638857,0.01720793352497305],[34.80420106638857,0.011818066475026949]]]}},{"type":"Feature","properties":{"id":"RFB-0849","cls":"semi_permanent","area":60,"cost":9800,"tiv":590000.0,"tivCsv":590000.0,"lat":1.06153,"lon":35.30676,"where":"KE","settlement":"other","density_class":"peri_urban","stratum":"basin","d10":0.0,"dr10":0.0,"loss10":0.0,"d20":0.0,"dr20":0.0,"loss20":0.0,"d50":0.0,"dr50":0.0,"loss50":0.0,"d100":0.0,"dr100":0.0,"loss100":0.0,"d200":0.0,"dr200":0.0,"loss200":0.0,"d500":0.0,"dr500":0.0,"loss500":0.0},"geometry":{"type":"Polygon","coordinates":[[[35.30405960388596,1.058830066475027],[35.309450396114045,1.058830066475027],[35.309450396114045,1.0642199335249731],[35.30405960388596,1.0642199335249731],[35.30405960388596,1.058830066475027]]]}},{"type":"Feature","properties":{"id":"RFB-0850","cls":"informal_iron_sheet","area":13,"cost":7300,"tiv":95000.0,"tivCsv":95000.0,"lat":0.27327,"lon":34.75129,"where":"KE","settlement":"other","density_class":"urban","stratum":"basin","d10":0.0,"dr10":0.0,"loss10":0.0,"d20":0.0,"dr20":0.0,"loss20":0.0,"d50":0.0,"dr50":0.0,"loss50":0.0,"d100":0.0,"dr100":0.0,"loss100":0.0,"d200":0.0,"dr200":0.0,"loss200":0.0,"d500":0.0,"dr500":0.0,"loss500":0.0},"geometry":{"type":"Polygon","coordinates":[[[34.74859503582243,0.27057706647502694],[34.75398496417756,0.27057706647502694],[34.75398496417756,0.2759669335249731],[34.74859503582243,0.2759669335249731],[34.74859503582243,0.27057706647502694]]]}},{"type":"Feature","properties":{"id":"RFB-0851","cls":"informal_iron_sheet","area":14,"cost":8200,"tiv":115000.0,"tivCsv":115000.0,"lat":-0.15971,"lon":35.14651,"where":"KE","settlement":"other","density_class":"rural","stratum":"basin","d10":0.0,"dr10":0.0,"loss10":0.0,"d20":0.0,"dr20":0.0,"loss20":0.0,"d50":0.0,"dr50":0.0,"loss50":0.0,"d100":0.0,"dr100":0.0,"loss100":0.0,"d200":0.0,"dr200":0.0,"loss200":0.0,"d500":0.0,"dr500":0.0,"loss500":0.0},"geometry":{"type":"Polygon","coordinates":[[[35.143816056005484,-0.16240293352497304],[35.14920594399451,-0.16240293352497304],[35.14920594399451,-0.15701306647502694],[35.143816056005484,-0.15701306647502694],[35.143816056005484,-0.16240293352497304]]]}},{"type":"Feature","properties":{"id":"RFB-0852","cls":"informal_iron_sheet","area":12,"cost":6800,"tiv":80000.0,"tivCsv":80000.0,"lat":0.48856,"lon":34.46388,"where":"KE","settlement":"other","density_class":"peri_urban","stratum":"basin","d10":0.0,"dr10":0.0,"loss10":0.0,"d20":0.0,"dr20":0.0,"loss20":0.0,"d50":0.0,"dr50":0.0,"loss50":0.0,"d100":0.0,"dr100":0.0,"loss100":0.0,"d200":0.0,"dr200":0.0,"loss200":0.0,"d500":0.0,"dr500":0.0,"loss500":0.0},"geometry":{"type":"Polygon","coordinates":[[[34.46118696849936,0.4858630664750269],[34.466577031500634,0.4858630664750269],[34.466577031500634,0.49125293352497307],[34.46118696849936,0.49125293352497307],[34.46118696849936,0.4858630664750269]]]}},{"type":"Feature","properties":{"id":"RFB-0853","cls":"semi_permanent","area":40,"cost":14600,"tiv":585000.0,"tivCsv":585000.0,"lat":0.59823,"lon":34.98722,"where":"KE","settlement":"other","density_class":"peri_urban","stratum":"basin","d10":0.0,"dr10":0.0,"loss10":0.0,"d20":0.0,"dr20":0.0,"loss20":0.0,"d50":0.0,"dr50":0.0,"loss50":0.0,"d100":0.0,"dr100":0.0,"loss100":0.0,"d200":0.0,"dr200":0.0,"loss200":0.0,"d500":0.0,"dr500":0.0,"loss500":0.0},"geometry":{"type":"Polygon","coordinates":[[[34.98452791957459,0.595531066475027],[34.98991808042541,0.595531066475027],[34.98991808042541,0.6009209335249731],[34.98452791957459,0.6009209335249731],[34.98452791957459,0.595531066475027]]]}},{"type":"Feature","properties":{"id":"RFB-0854","cls":"semi_permanent","area":50,"cost":8500,"tiv":425000.0,"tivCsv":425000.0,"lat":0.52942,"lon":34.63582,"where":"KE","settlement":"other","density_class":"peri_urban","stratum":"basin","d10":0.0,"dr10":0.0,"loss10":0.0,"d20":0.0,"dr20":0.0,"loss20":0.0,"d50":0.0,"dr50":0.0,"loss50":0.0,"d100":0.0,"dr100":0.0,"loss100":0.0,"d200":0.0,"dr200":0.0,"loss200":0.0,"d500":0.0,"dr500":0.0,"loss500":0.0},"geometry":{"type":"Polygon","coordinates":[[[34.63311995142311,0.5267280664750269],[34.63851004857689,0.5267280664750269],[34.63851004857689,0.532117933524973],[34.63311995142311,0.532117933524973],[34.63311995142311,0.5267280664750269]]]}},{"type":"Feature","properties":{"id":"RFB-0855","cls":"permanent_masonry","area":144,"cost":52700,"tiv":7590000.0,"tivCsv":7590000.0,"lat":0.29533,"lon":34.75155,"where":"KE","settlement":"other","density_class":"urban","stratum":"basin","d10":0.0,"dr10":0.0,"loss10":0.0,"d20":0.0,"dr20":0.0,"loss20":0.0,"d50":0.0,"dr50":0.0,"loss50":0.0,"d100":0.0,"dr100":0.0,"loss100":0.0,"d200":0.0,"dr200":0.0,"loss200":0.0,"d500":0.0,"dr500":0.0,"loss500":0.0},"geometry":{"type":"Polygon","coordinates":[[[34.748850030673985,0.29263606647502693],[34.754239969326015,0.29263606647502693],[34.754239969326015,0.2980259335249731],[34.748850030673985,0.2980259335249731],[34.748850030673985,0.29263606647502693]]]}},{"type":"Feature","properties":{"id":"RFB-0856","cls":"semi_permanent","area":55,"cost":10600,"tiv":585000.0,"tivCsv":585000.0,"lat":-0.07889,"lon":34.19772,"where":"KE","settlement":"Siaya","density_class":"rural","stratum":"basin","d10":0.0,"dr10":0.0,"loss10":0.0,"d20":0.0,"dr20":0.0,"loss20":0.0,"d50":0.0,"dr50":0.0,"loss50":0.0,"d100":0.0,"dr100":0.0,"loss100":0.0,"d200":0.0,"dr200":0.0,"loss200":0.0,"d500":0.0,"dr500":0.0,"loss500":0.0},"geometry":{"type":"Polygon","coordinates":[[[34.19503006392039,-0.08158593352497305],[34.200419936079605,-0.08158593352497305],[34.200419936079605,-0.07619606647502696],[34.19503006392039,-0.07619606647502696],[34.19503006392039,-0.08158593352497305]]]}},{"type":"Feature","properties":{"id":"RFB-0857","cls":"semi_permanent","area":53,"cost":11000,"tiv":585000.0,"tivCsv":585000.0,"lat":0.11221,"lon":34.64221,"where":"KE","settlement":"other","density_class":"peri_urban","stratum":"basin","d10":0.0,"dr10":0.0,"loss10":0.0,"d20":0.0,"dr20":0.0,"loss20":0.0,"d50":0.0,"dr50":0.0,"loss50":0.0,"d100":0.0,"dr100":0.0,"loss100":0.0,"d200":0.0,"dr200":0.0,"loss200":0.0,"d500":0.0,"dr500":0.0,"loss500":0.0},"geometry":{"type":"Polygon","coordinates":[[[34.639514061306954,0.10951406647502696],[34.64490393869305,0.10951406647502696],[34.64490393869305,0.11490393352497305],[34.639514061306954,0.11490393352497305],[34.639514061306954,0.10951406647502696]]]}},{"type":"Feature","properties":{"id":"RFB-0858","cls":"permanent_masonry","area":256,"cost":59700,"tiv":15285000.0,"tivCsv":15285000.0,"lat":0.55156,"lon":35.24603,"where":"KE","settlement":"other","density_class":"urban","stratum":"basin","d10":0.0,"dr10":0.0,"loss10":0.0,"d20":0.0,"dr20":0.0,"loss20":0.0,"d50":0.0,"dr50":0.0,"loss50":0.0,"d100":0.0,"dr100":0.0,"loss100":0.0,"d200":0.0,"dr200":0.0,"loss200":0.0,"d500":0.0,"dr500":0.0,"loss500":0.0},"geometry":{"type":"Polygon","coordinates":[[[35.243332941601054,0.5488630664750269],[35.24872305839895,0.5488630664750269],[35.24872305839895,0.5542529335249731],[35.243332941601054,0.5542529335249731],[35.243332941601054,0.5488630664750269]]]}},{"type":"Feature","properties":{"id":"RFB-0859","cls":"concrete_rcc","area":1017,"cost":79700,"tiv":81055000.0,"tivCsv":81055000.0,"lat":0.5255,"lon":35.30787,"where":"KE","settlement":"other","density_class":"urban","stratum":"basin","d10":0.0,"dr10":0.0,"loss10":0.0,"d20":0.0,"dr20":0.0,"loss20":0.0,"d50":0.0,"dr50":0.0,"loss50":0.0,"d100":0.0,"dr100":0.0,"loss100":0.0,"d200":0.0,"dr200":0.0,"loss200":0.0,"d500":0.0,"dr500":0.0,"loss500":0.0},"geometry":{"type":"Polygon","coordinates":[[[35.30517495312148,0.5228060664750269],[35.31056504687852,0.5228060664750269],[35.31056504687852,0.5281959335249731],[35.30517495312148,0.5281959335249731],[35.30517495312148,0.5228060664750269]]]}},{"type":"Feature","properties":{"id":"RFB-0860","cls":"permanent_masonry","area":88,"cost":38300,"tiv":3370000.0,"tivCsv":3370000.0,"lat":0.22403,"lon":34.70582,"where":"KE","settlement":"other","density_class":"peri_urban","stratum":"basin","d10":0.0,"dr10":0.0,"loss10":0.0,"d20":0.0,"dr20":0.0,"loss20":0.0,"d50":0.0,"dr50":0.0,"loss50":0.0,"d100":0.0,"dr100":0.0,"loss100":0.0,"d200":0.0,"dr200":0.0,"loss200":0.0,"d500":0.0,"dr500":0.0,"loss500":0.0},"geometry":{"type":"Polygon","coordinates":[[[34.7031250458735,0.22133806647502696],[34.70851495412651,0.22133806647502696],[34.70851495412651,0.22672793352497306],[34.7031250458735,0.22672793352497306],[34.7031250458735,0.22133806647502696]]]}},{"type":"Feature","properties":{"id":"RFB-0861","cls":"informal_iron_sheet","area":27,"cost":7100,"tiv":190000.0,"tivCsv":190000.0,"lat":0.22832,"lon":34.76833,"where":"KE","settlement":"other","density_class":"peri_urban","stratum":"basin","d10":0.0,"dr10":0.0,"loss10":0.0,"d20":0.0,"dr20":0.0,"loss20":0.0,"d50":0.0,"dr50":0.0,"loss50":0.0,"d100":0.0,"dr100":0.0,"loss100":0.0,"d200":0.0,"dr200":0.0,"loss200":0.0,"d500":0.0,"dr500":0.0,"loss500":0.0},"geometry":{"type":"Polygon","coordinates":[[[34.76563604507713,0.22562706647502695],[34.77102595492288,0.22562706647502695],[34.77102595492288,0.23101693352497304],[34.76563604507713,0.23101693352497304],[34.76563604507713,0.22562706647502695]]]}},{"type":"Feature","properties":{"id":"RFB-0862","cls":"permanent_masonry","area":94,"cost":56300,"tiv":5290000.0,"tivCsv":5290000.0,"lat":0.89942,"lon":34.74845,"where":"KE","settlement":"other","density_class":"peri_urban","stratum":"basin","d10":0.0,"dr10":0.0,"loss10":0.0,"d20":0.0,"dr20":0.0,"loss20":0.0,"d50":0.0,"dr50":0.0,"loss50":0.0,"d100":0.0,"dr100":0.0,"loss100":0.0,"d200":0.0,"dr200":0.0,"loss200":0.0,"d500":0.0,"dr500":0.0,"loss500":0.0},"geometry":{"type":"Polygon","coordinates":[[[34.74575273439375,0.896727066475027],[34.75114326560626,0.896727066475027],[34.75114326560626,0.9021169335249731],[34.74575273439375,0.9021169335249731],[34.74575273439375,0.896727066475027]]]}},{"type":"Feature","properties":{"id":"RFB-0863","cls":"concrete_rcc","area":466,"cost":63600,"tiv":29640000.0,"tivCsv":29640000.0,"lat":0.29567,"lon":35.32201,"where":"KE","settlement":"other","density_class":"peri_urban","stratum":"basin","d10":0.0,"dr10":0.0,"loss10":0.0,"d20":0.0,"dr20":0.0,"loss20":0.0,"d50":0.0,"dr50":0.0,"loss50":0.0,"d100":0.0,"dr100":0.0,"loss100":0.0,"d200":0.0,"dr200":0.0,"loss200":0.0,"d500":0.0,"dr500":0.0,"loss500":0.0},"geometry":{"type":"Polygon","coordinates":[[[35.319314030590775,0.2929790664750269],[35.32470396940923,0.2929790664750269],[35.32470396940923,0.29836893352497307],[35.319314030590775,0.29836893352497307],[35.319314030590775,0.2929790664750269]]]}},{"type":"Feature","properties":{"id":"RFB-0864","cls":"permanent_masonry","area":110,"cost":47200,"tiv":5190000.0,"tivCsv":5190000.0,"lat":0.09657,"lon":34.64795,"where":"KE","settlement":"other","density_class":"urban","stratum":"basin","d10":0.0,"dr10":0.0,"loss10":0.0,"d20":0.0,"dr20":0.0,"loss20":0.0,"d50":0.0,"dr50":0.0,"loss50":0.0,"d100":0.0,"dr100":0.0,"loss100":0.0,"d200":0.0,"dr200":0.0,"loss200":0.0,"d500":0.0,"dr500":0.0,"loss500":0.0},"geometry":{"type":"Polygon","coordinates":[[[34.64525406264715,0.09387506647502696],[34.65064393735285,0.09387506647502696],[34.65064393735285,0.09926493352497305],[34.64525406264715,0.09926493352497305],[34.64525406264715,0.09387506647502696]]]}},{"type":"Feature","properties":{"id":"RFB-0865","cls":"semi_permanent","area":75,"cost":11900,"tiv":890000.0,"tivCsv":890000.0,"lat":0.87452,"lon":34.61909,"where":"KE","settlement":"other","density_class":"rural","stratum":"basin","d10":0.0,"dr10":0.0,"loss10":0.0,"d20":0.0,"dr20":0.0,"loss20":0.0,"d50":0.0,"dr50":0.0,"loss50":0.0,"d100":0.0,"dr100":0.0,"loss100":0.0,"d200":0.0,"dr200":0.0,"loss200":0.0,"d500":0.0,"dr500":0.0,"loss500":0.0},"geometry":{"type":"Polygon","coordinates":[[[34.616393752530115,0.871824066475027],[34.62178424746989,0.871824066475027],[34.62178424746989,0.8772139335249731],[34.616393752530115,0.8772139335249731],[34.616393752530115,0.871824066475027]]]}},{"type":"Feature","properties":{"id":"RFB-0866","cls":"informal_iron_sheet","area":25,"cost":7700,"tiv":190000.0,"tivCsv":190000.0,"lat":0.06758,"lon":34.75749,"where":"KE","settlement":"other","density_class":"peri_urban","stratum":"basin","d10":0.0,"dr10":0.0,"loss10":0.0,"d20":0.0,"dr20":0.0,"loss20":0.0,"d50":0.0,"dr50":0.0,"loss50":0.0,"d100":0.0,"dr100":0.0,"loss100":0.0,"d200":0.0,"dr200":0.0,"loss200":0.0,"d500":0.0,"dr500":0.0,"loss500":0.0},"geometry":{"type":"Polygon","coordinates":[[[34.75479006460043,0.06488506647502695],[34.76017993539958,0.06488506647502695],[34.76017993539958,0.07027493352497305],[34.75479006460043,0.07027493352497305],[34.75479006460043,0.06488506647502695]]]}},{"type":"Feature","properties":{"id":"RFB-0867","cls":"semi_permanent","area":37,"cost":11500,"tiv":425000.0,"tivCsv":425000.0,"lat":0.82998,"lon":34.70551,"where":"KE","settlement":"Bungoma","density_class":"peri_urban","stratum":"basin","d10":0.0,"dr10":0.0,"loss10":0.0,"d20":0.0,"dr20":0.0,"loss20":0.0,"d50":0.0,"dr50":0.0,"loss50":0.0,"d100":0.0,"dr100":0.0,"loss100":0.0,"d200":0.0,"dr200":0.0,"loss200":0.0,"d500":0.0,"dr500":0.0,"loss500":0.0},"geometry":{"type":"Polygon","coordinates":[[[34.702809783696765,0.827285066475027],[34.70820021630324,0.827285066475027],[34.70820021630324,0.8326749335249731],[34.702809783696765,0.8326749335249731],[34.702809783696765,0.827285066475027]]]}},{"type":"Feature","properties":{"id":"RFB-0868","cls":"semi_permanent","area":57,"cost":11400,"tiv":650000.0,"tivCsv":650000.0,"lat":0.99577,"lon":35.07718,"where":"KE","settlement":"Kitale","density_class":"peri_urban","stratum":"basin","d10":0.0,"dr10":0.0,"loss10":0.0,"d20":0.0,"dr20":0.0,"loss20":0.0,"d50":0.0,"dr50":0.0,"loss50":0.0,"d100":0.0,"dr100":0.0,"loss100":0.0,"d200":0.0,"dr200":0.0,"loss200":0.0,"d500":0.0,"dr500":0.0,"loss500":0.0},"geometry":{"type":"Polygon","coordinates":[[[35.07448265942875,0.9930730664750269],[35.079873340571254,0.9930730664750269],[35.079873340571254,0.9984629335249731],[35.07448265942875,0.9984629335249731],[35.07448265942875,0.9930730664750269]]]}},{"type":"Feature","properties":{"id":"RFB-0869","cls":"informal_iron_sheet","area":13,"cost":6200,"tiv":80000.0,"tivCsv":80000.0,"lat":0.31052,"lon":34.43635,"where":"KE","settlement":"Mumias","density_class":"peri_urban","stratum":"basin","d10":0.0,"dr10":0.0,"loss10":0.0,"d20":0.0,"dr20":0.0,"loss20":0.0,"d50":0.0,"dr50":0.0,"loss50":0.0,"d100":0.0,"dr100":0.0,"loss100":0.0,"d200":0.0,"dr200":0.0,"loss200":0.0,"d500":0.0,"dr500":0.0,"loss500":0.0},"geometry":{"type":"Polygon","coordinates":[[[34.433650026896466,0.3078260664750269],[34.43903997310354,0.3078260664750269],[34.43903997310354,0.31321593352497307],[34.433650026896466,0.31321593352497307],[34.433650026896466,0.3078260664750269]]]}},{"type":"Feature","properties":{"id":"RFB-0870","cls":"semi_permanent","area":53,"cost":12600,"tiv":670000.0,"tivCsv":670000.0,"lat":0.06182,"lon":34.35175,"where":"KE","settlement":"other","density_class":"peri_urban","stratum":"basin","d10":0.0,"dr10":0.0,"loss10":0.0,"d20":0.0,"dr20":0.0,"loss20":0.0,"d50":0.0,"dr50":0.0,"loss50":0.0,"d100":0.0,"dr100":0.0,"loss100":0.0,"d200":0.0,"dr200":0.0,"loss200":0.0,"d500":0.0,"dr500":0.0,"loss500":0.0},"geometry":{"type":"Polygon","coordinates":[[[34.34905006490611,0.05913006647502695],[34.35443993509389,0.05913006647502695],[34.35443993509389,0.06451993352497305],[34.34905006490611,0.06451993352497305],[34.34905006490611,0.05913006647502695]]]}},{"type":"Feature","properties":{"id":"RFB-0871","cls":"permanent_masonry","area":274,"cost":48800,"tiv":13370000.0,"tivCsv":13370000.0,"lat":0.24312,"lon":34.70049,"where":"KE","settlement":"other","density_class":"peri_urban","stratum":"basin","d10":0.0,"dr10":0.0,"loss10":0.0,"d20":0.0,"dr20":0.0,"loss20":0.0,"d50":0.0,"dr50":0.0,"loss50":0.0,"d100":0.0,"dr100":0.0,"loss100":0.0,"d200":0.0,"dr200":0.0,"loss200":0.0,"d500":0.0,"dr500":0.0,"loss500":0.0},"geometry":{"type":"Polygon","coordinates":[[[34.69779504221354,0.24042506647502696],[34.70318495778646,0.24042506647502696],[34.70318495778646,0.24581493352497305],[34.69779504221354,0.24581493352497305],[34.69779504221354,0.24042506647502696]]]}},{"type":"Feature","properties":{"id":"RFB-0872","cls":"permanent_masonry","area":93,"cost":53600,"tiv":4985000.0,"tivCsv":4985000.0,"lat":0.26577,"lon":34.75931,"where":"KE","settlement":"other","density_class":"urban","stratum":"basin","d10":0.0,"dr10":0.0,"loss10":0.0,"d20":0.0,"dr20":0.0,"loss20":0.0,"d50":0.0,"dr50":0.0,"loss50":0.0,"d100":0.0,"dr100":0.0,"loss100":0.0,"d200":0.0,"dr200":0.0,"loss200":0.0,"d500":0.0,"dr500":0.0,"loss500":0.0},"geometry":{"type":"Polygon","coordinates":[[[34.75661103748299,0.2630720664750269],[34.762000962517014,0.2630720664750269],[34.762000962517014,0.26846193352497305],[34.75661103748299,0.26846193352497305],[34.75661103748299,0.2630720664750269]]]}},{"type":"Feature","properties":{"id":"RFB-0873","cls":"informal_iron_sheet","area":12,"cost":7400,"tiv":90000.0,"tivCsv":90000.0,"lat":0.9827,"lon":35.32656,"where":"KE","settlement":"other","density_class":"peri_urban","stratum":"basin","d10":0.0,"dr10":0.0,"loss10":0.0,"d20":0.0,"dr20":0.0,"loss20":0.0,"d50":0.0,"dr50":0.0,"loss50":0.0,"d100":0.0,"dr100":0.0,"loss100":0.0,"d200":0.0,"dr200":0.0,"loss200":0.0,"d500":0.0,"dr500":0.0,"loss500":0.0},"geometry":{"type":"Polygon","coordinates":[[[35.3238656700413,0.9800080664750269],[35.329256329958696,0.9800080664750269],[35.329256329958696,0.9853979335249731],[35.3238656700413,0.9853979335249731],[35.3238656700413,0.9800080664750269]]]}},{"type":"Feature","properties":{"id":"RFB-0874","cls":"semi_permanent","area":42,"cost":12200,"tiv":510000.0,"tivCsv":510000.0,"lat":0.28987,"lon":34.52361,"where":"KE","settlement":"Mumias","density_class":"peri_urban","stratum":"basin","d10":0.0,"dr10":0.0,"loss10":0.0,"d20":0.0,"dr20":0.0,"loss20":0.0,"d50":0.0,"dr50":0.0,"loss50":0.0,"d100":0.0,"dr100":0.0,"loss100":0.0,"d200":0.0,"dr200":0.0,"loss200":0.0,"d500":0.0,"dr500":0.0,"loss500":0.0},"geometry":{"type":"Polygon","coordinates":[[[34.520919031986,0.2871740664750269],[34.52630896801401,0.2871740664750269],[34.52630896801401,0.29256393352497306],[34.520919031986,0.29256393352497306],[34.520919031986,0.2871740664750269]]]}},{"type":"Feature","properties":{"id":"RFB-0875","cls":"semi_permanent","area":67,"cost":10000,"tiv":670000.0,"tivCsv":670000.0,"lat":0.37821,"lon":34.42165,"where":"KE","settlement":"Mumias","density_class":"peri_urban","stratum":"basin","d10":0.0,"dr10":0.0,"loss10":0.0,"d20":0.0,"dr20":0.0,"loss20":0.0,"d50":0.0,"dr50":0.0,"loss50":0.0,"d100":0.0,"dr100":0.0,"loss100":0.0,"d200":0.0,"dr200":0.0,"loss200":0.0,"d500":0.0,"dr500":0.0,"loss500":0.0},"geometry":{"type":"Polygon","coordinates":[[[34.41895800776066,0.37551406647502694],[34.42434799223934,0.37551406647502694],[34.42434799223934,0.3809039335249731],[34.41895800776066,0.3809039335249731],[34.41895800776066,0.37551406647502694]]]}},{"type":"Feature","properties":{"id":"RFB-0876","cls":"informal_iron_sheet","area":16,"cost":6800,"tiv":110000.0,"tivCsv":110000.0,"lat":1.2116,"lon":35.09542,"where":"KE","settlement":"other","density_class":"peri_urban","stratum":"basin","d10":0.0,"dr10":0.0,"loss10":0.0,"d20":0.0,"dr20":0.0,"loss20":0.0,"d50":0.0,"dr50":0.0,"loss50":0.0,"d100":0.0,"dr100":0.0,"loss100":0.0,"d200":0.0,"dr200":0.0,"loss200":0.0,"d500":0.0,"dr500":0.0,"loss500":0.0},"geometry":{"type":"Polygon","coordinates":[[[35.0927214638132,1.208907066475027],[35.0981125361868,1.208907066475027],[35.0981125361868,1.2142969335249731],[35.0927214638132,1.2142969335249731],[35.0927214638132,1.208907066475027]]]}},{"type":"Feature","properties":{"id":"RFB-0877","cls":"concrete_rcc","area":416,"cost":71300,"tiv":29660000.0,"tivCsv":29660000.0,"lat":0.08155,"lon":34.70431,"where":"KE","settlement":"other","density_class":"urban","stratum":"basin","d10":0.0,"dr10":0.0,"loss10":0.0,"d20":0.0,"dr20":0.0,"loss20":0.0,"d50":0.0,"dr50":0.0,"loss50":0.0,"d100":0.0,"dr100":0.0,"loss100":0.0,"d200":0.0,"dr200":0.0,"loss200":0.0,"d500":0.0,"dr500":0.0,"loss500":0.0},"geometry":{"type":"Polygon","coordinates":[[[34.70161906374562,0.07885006647502696],[34.707008936254375,0.07885006647502696],[34.707008936254375,0.08423993352497305],[34.70161906374562,0.08423993352497305],[34.70161906374562,0.07885006647502696]]]}},{"type":"Feature","properties":{"id":"RFB-0878","cls":"permanent_masonry","area":181,"cost":46000,"tiv":8325000.0,"tivCsv":8325000.0,"lat":0.72417,"lon":34.54082,"where":"KE","settlement":"other","density_class":"peri_urban","stratum":"basin","d10":0.0,"dr10":0.0,"loss10":0.0,"d20":0.0,"dr20":0.0,"loss20":0.0,"d50":0.0,"dr50":0.0,"loss50":0.0,"d100":0.0,"dr100":0.0,"loss100":0.0,"d200":0.0,"dr200":0.0,"loss200":0.0,"d500":0.0,"dr500":0.0,"loss500":0.0},"geometry":{"type":"Polygon","coordinates":[[[34.538123851206585,0.721473066475027],[34.54351414879341,0.721473066475027],[34.54351414879341,0.7268629335249731],[34.538123851206585,0.7268629335249731],[34.538123851206585,0.721473066475027]]]}},{"type":"Feature","properties":{"id":"RFB-0879","cls":"permanent_masonry","area":261,"cost":52800,"tiv":13780000.0,"tivCsv":13780000.0,"lat":0.46222,"lon":35.23669,"where":"KE","settlement":"other","density_class":"peri_urban","stratum":"basin","d10":0.0,"dr10":0.0,"loss10":0.0,"d20":0.0,"dr20":0.0,"loss20":0.0,"d50":0.0,"dr50":0.0,"loss50":0.0,"d100":0.0,"dr100":0.0,"loss100":0.0,"d200":0.0,"dr200":0.0,"loss200":0.0,"d500":0.0,"dr500":0.0,"loss500":0.0},"geometry":{"type":"Polygon","coordinates":[[[35.233990978777435,0.4595280664750269],[35.23938102122256,0.4595280664750269],[35.23938102122256,0.46491793352497307],[35.233990978777435,0.46491793352497307],[35.233990978777435,0.4595280664750269]]]}},{"type":"Feature","properties":{"id":"RFB-0880","cls":"semi_permanent","area":55,"cost":11800,"tiv":650000.0,"tivCsv":650000.0,"lat":0.45948,"lon":34.10343,"where":"KE","settlement":"other","density_class":"urban","stratum":"basin","d10":0.0,"dr10":0.0,"loss10":0.0,"d20":0.0,"dr20":0.0,"loss20":0.0,"d50":0.0,"dr50":0.0,"loss50":0.0,"d100":0.0,"dr100":0.0,"loss100":0.0,"d200":0.0,"dr200":0.0,"loss200":0.0,"d500":0.0,"dr500":0.0,"loss500":0.0},"geometry":{"type":"Polygon","coordinates":[[[34.10073197981524,0.4567850664750269],[34.10612202018477,0.4567850664750269],[34.10612202018477,0.4621749335249731],[34.10073197981524,0.4621749335249731],[34.10073197981524,0.4567850664750269]]]}},{"type":"Feature","properties":{"id":"RFB-0881","cls":"informal_iron_sheet","area":19,"cost":7500,"tiv":140000.0,"tivCsv":140000.0,"lat":0.18153,"lon":35.24341,"where":"KE","settlement":"other","density_class":"peri_urban","stratum":"basin","d10":0.0,"dr10":0.0,"loss10":0.0,"d20":0.0,"dr20":0.0,"loss20":0.0,"d50":0.0,"dr50":0.0,"loss50":0.0,"d100":0.0,"dr100":0.0,"loss100":0.0,"d200":0.0,"dr200":0.0,"loss200":0.0,"d500":0.0,"dr500":0.0,"loss500":0.0},"geometry":{"type":"Polygon","coordinates":[[[35.24071305294896,0.17883506647502695],[35.24610294705104,0.17883506647502695],[35.24610294705104,0.18422493352497304],[35.24071305294896,0.18422493352497304],[35.24071305294896,0.17883506647502695]]]}},{"type":"Feature","properties":{"id":"RFB-0882","cls":"semi_permanent","area":55,"cost":13200,"tiv":725000.0,"tivCsv":725000.0,"lat":-0.0453,"lon":35.30153,"where":"KE","settlement":"other","density_class":"peri_urban","stratum":"basin","d10":0.0,"dr10":0.0,"loss10":0.0,"d20":0.0,"dr20":0.0,"loss20":0.0,"d50":0.0,"dr50":0.0,"loss50":0.0,"d100":0.0,"dr100":0.0,"loss100":0.0,"d200":0.0,"dr200":0.0,"loss200":0.0,"d500":0.0,"dr500":0.0,"loss500":0.0},"geometry":{"type":"Polygon","coordinates":[[[35.29883106563291,-0.04798993352497305],[35.304220934367095,-0.04798993352497305],[35.304220934367095,-0.042600066475026954],[35.29883106563291,-0.042600066475026954],[35.29883106563291,-0.04798993352497305]]]}},{"type":"Feature","properties":{"id":"RFB-0883","cls":"permanent_masonry","area":242,"cost":60600,"tiv":14665000.0,"tivCsv":14665000.0,"lat":0.05998,"lon":34.29226,"where":"KE","settlement":"other","density_class":"urban","stratum":"basin","d10":0.0,"dr10":0.0,"loss10":0.0,"d20":0.0,"dr20":0.0,"loss20":0.0,"d50":0.0,"dr50":0.0,"loss50":0.0,"d100":0.0,"dr100":0.0,"loss100":0.0,"d200":0.0,"dr200":0.0,"loss200":0.0,"d500":0.0,"dr500":0.0,"loss500":0.0},"geometry":{"type":"Polygon","coordinates":[[[34.28956206499835,0.05728506647502695],[34.29495193500165,0.05728506647502695],[34.29495193500165,0.06267493352497305],[34.28956206499835,0.06267493352497305],[34.28956206499835,0.05728506647502695]]]}},{"type":"Feature","properties":{"id":"RFB-0884","cls":"informal_iron_sheet","area":19,"cost":8000,"tiv":150000.0,"tivCsv":150000.0,"lat":0.73513,"lon":34.8379,"where":"KE","settlement":"other","density_class":"peri_urban","stratum":"basin","d10":0.0,"dr10":0.0,"loss10":0.0,"d20":0.0,"dr20":0.0,"loss20":0.0,"d50":0.0,"dr50":0.0,"loss50":0.0,"d100":0.0,"dr100":0.0,"loss100":0.0,"d200":0.0,"dr200":0.0,"loss200":0.0,"d500":0.0,"dr500":0.0,"loss500":0.0},"geometry":{"type":"Polygon","coordinates":[[[34.835209844638406,0.7324370664750269],[34.84060015536159,0.7324370664750269],[34.84060015536159,0.7378269335249731],[34.835209844638406,0.7378269335249731],[34.835209844638406,0.7324370664750269]]]}},{"type":"Feature","properties":{"id":"RFB-0885","cls":"concrete_rcc","area":280,"cost":62800,"tiv":17585000.0,"tivCsv":17585000.0,"lat":0.70329,"lon":34.52969,"where":"KE","settlement":"other","density_class":"peri_urban","stratum":"basin","d10":0.0,"dr10":0.0,"loss10":0.0,"d20":0.0,"dr20":0.0,"loss20":0.0,"d50":0.0,"dr50":0.0,"loss50":0.0,"d100":0.0,"dr100":0.0,"loss100":0.0,"d200":0.0,"dr200":0.0,"loss200":0.0,"d500":0.0,"dr500":0.0,"loss500":0.0},"geometry":{"type":"Polygon","coordinates":[[[34.52698986344268,0.7005920664750269],[34.53238013655732,0.7005920664750269],[34.53238013655732,0.7059819335249731],[34.52698986344268,0.7059819335249731],[34.52698986344268,0.7005920664750269]]]}},{"type":"Feature","properties":{"id":"RFB-0886","cls":"informal_iron_sheet","area":19,"cost":6300,"tiv":120000.0,"tivCsv":120000.0,"lat":0.49398,"lon":35.32104,"where":"KE","settlement":"other","density_class":"peri_urban","stratum":"basin","d10":0.0,"dr10":0.0,"loss10":0.0,"d20":0.0,"dr20":0.0,"loss20":0.0,"d50":0.0,"dr50":0.0,"loss50":0.0,"d100":0.0,"dr100":0.0,"loss100":0.0,"d200":0.0,"dr200":0.0,"loss200":0.0,"d500":0.0,"dr500":0.0,"loss500":0.0},"geometry":{"type":"Polygon","coordinates":[[[35.31834196631216,0.49128606647502693],[35.32373203368783,0.49128606647502693],[35.32373203368783,0.4966759335249731],[35.31834196631216,0.4966759335249731],[35.31834196631216,0.49128606647502693]]]}},{"type":"Feature","properties":{"id":"RFB-0887","cls":"informal_iron_sheet","area":18,"cost":9100,"tiv":165000.0,"tivCsv":165000.0,"lat":0.53801,"lon":35.25596,"where":"KE","settlement":"other","density_class":"urban","stratum":"basin","d10":0.0,"dr10":0.0,"loss10":0.0,"d20":0.0,"dr20":0.0,"loss20":0.0,"d50":0.0,"dr50":0.0,"loss50":0.0,"d100":0.0,"dr100":0.0,"loss100":0.0,"d200":0.0,"dr200":0.0,"loss200":0.0,"d500":0.0,"dr500":0.0,"loss500":0.0},"geometry":{"type":"Polygon","coordinates":[[[35.253261947661414,0.535313066475027],[35.25865205233859,0.535313066475027],[35.25865205233859,0.5407029335249731],[35.253261947661414,0.5407029335249731],[35.253261947661414,0.535313066475027]]]}},{"type":"Feature","properties":{"id":"RFB-0888","cls":"permanent_masonry","area":83,"cost":53100,"tiv":4405000.0,"tivCsv":4405000.0,"lat":0.11896,"lon":34.42653,"where":"KE","settlement":"other","density_class":"peri_urban","stratum":"basin","d10":0.0,"dr10":0.0,"loss10":0.0,"d20":0.0,"dr20":0.0,"loss20":0.0,"d50":0.0,"dr50":0.0,"loss50":0.0,"d100":0.0,"dr100":0.0,"loss100":0.0,"d200":0.0,"dr200":0.0,"loss200":0.0,"d500":0.0,"dr500":0.0,"loss500":0.0},"geometry":{"type":"Polygon","coordinates":[[[34.42383106066618,0.11626706647502695],[34.429220939333824,0.11626706647502695],[34.429220939333824,0.12165693352497305],[34.42383106066618,0.12165693352497305],[34.42383106066618,0.11626706647502695]]]}},{"type":"Feature","properties":{"id":"RFB-0889","cls":"concrete_rcc","area":443,"cost":61100,"tiv":27065000.0,"tivCsv":27065000.0,"lat":0.33194,"lon":34.75475,"where":"KE","settlement":"other","density_class":"peri_urban","stratum":"basin","d10":0.0,"dr10":0.0,"loss10":0.0,"d20":0.0,"dr20":0.0,"loss20":0.0,"d50":0.0,"dr50":0.0,"loss50":0.0,"d100":0.0,"dr100":0.0,"loss100":0.0,"d200":0.0,"dr200":0.0,"loss200":0.0,"d500":0.0,"dr500":0.0,"loss500":0.0},"geometry":{"type":"Polygon","coordinates":[[[34.75205302124718,0.3292480664750269],[34.75744297875282,0.3292480664750269],[34.75744297875282,0.33463793352497306],[34.75205302124718,0.33463793352497306],[34.75205302124718,0.3292480664750269]]]}},{"type":"Feature","properties":{"id":"RFB-0890","cls":"semi_permanent","area":33,"cost":12000,"tiv":395000.0,"tivCsv":395000.0,"lat":0.47372,"lon":35.0325,"where":"KE","settlement":"other","density_class":"rural","stratum":"basin","d10":0.0,"dr10":0.0,"loss10":0.0,"d20":0.0,"dr20":0.0,"loss20":0.0,"d50":0.0,"dr50":0.0,"loss50":0.0,"d100":0.0,"dr100":0.0,"loss100":0.0,"d200":0.0,"dr200":0.0,"loss200":0.0,"d500":0.0,"dr500":0.0,"loss500":0.0},"geometry":{"type":"Polygon","coordinates":[[[35.0298069743604,0.4710250664750269],[35.035197025639604,0.4710250664750269],[35.035197025639604,0.47641493352497305],[35.0298069743604,0.47641493352497305],[35.0298069743604,0.4710250664750269]]]}},{"type":"Feature","properties":{"id":"RFB-0891","cls":"permanent_masonry","area":115,"cost":48100,"tiv":5530000.0,"tivCsv":5530000.0,"lat":0.26208,"lon":34.70496,"where":"KE","settlement":"other","density_class":"peri_urban","stratum":"basin","d10":0.0,"dr10":0.0,"loss10":0.0,"d20":0.0,"dr20":0.0,"loss20":0.0,"d50":0.0,"dr50":0.0,"loss50":0.0,"d100":0.0,"dr100":0.0,"loss100":0.0,"d200":0.0,"dr200":0.0,"loss200":0.0,"d500":0.0,"dr500":0.0,"loss500":0.0},"geometry":{"type":"Polygon","coordinates":[[[34.70226803828118,0.25938806647502693],[34.707657961718816,0.25938806647502693],[34.707657961718816,0.2647779335249731],[34.70226803828118,0.2647779335249731],[34.70226803828118,0.25938806647502693]]]}},{"type":"Feature","properties":{"id":"RFB-0892","cls":"semi_permanent","area":34,"cost":11200,"tiv":380000.0,"tivCsv":380000.0,"lat":0.52685,"lon":35.28958,"where":"KE","settlement":"other","density_class":"urban","stratum":"basin","d10":0.0,"dr10":0.0,"loss10":0.0,"d20":0.0,"dr20":0.0,"loss20":0.0,"d50":0.0,"dr50":0.0,"loss50":0.0,"d100":0.0,"dr100":0.0,"loss100":0.0,"d200":0.0,"dr200":0.0,"loss200":0.0,"d500":0.0,"dr500":0.0,"loss500":0.0},"geometry":{"type":"Polygon","coordinates":[[[35.28688595254003,0.5241520664750269],[35.292276047459964,0.5241520664750269],[35.292276047459964,0.529541933524973],[35.28688595254003,0.529541933524973],[35.28688595254003,0.5241520664750269]]]}},{"type":"Feature","properties":{"id":"RFB-0893","cls":"semi_permanent","area":31,"cost":9200,"tiv":285000.0,"tivCsv":285000.0,"lat":-0.04057,"lon":34.75422,"where":"KE","settlement":"Kisumu","density_class":"peri_urban","stratum":"basin","d10":0.0,"dr10":0.0,"loss10":0.0,"d20":0.0,"dr20":0.0,"loss20":0.0,"d50":0.0,"dr50":0.0,"loss50":0.0,"d100":0.0,"dr100":0.0,"loss100":0.0,"d200":0.0,"dr200":0.0,"loss200":0.0,"d500":0.0,"dr500":0.0,"loss500":0.0},"geometry":{"type":"Polygon","coordinates":[[[34.751525065799434,-0.04326493352497305],[34.75691493420056,-0.04326493352497305],[34.75691493420056,-0.037875066475026954],[34.751525065799434,-0.037875066475026954],[34.751525065799434,-0.04326493352497305]]]}},{"type":"Feature","properties":{"id":"RFB-0894","cls":"informal_iron_sheet","area":18,"cost":8700,"tiv":155000.0,"tivCsv":155000.0,"lat":0.09613,"lon":34.69291,"where":"KE","settlement":"other","density_class":"urban","stratum":"basin","d10":0.0,"dr10":0.0,"loss10":0.0,"d20":0.0,"dr20":0.0,"loss20":0.0,"d50":0.0,"dr50":0.0,"loss50":0.0,"d100":0.0,"dr100":0.0,"loss100":0.0,"d200":0.0,"dr200":0.0,"loss200":0.0,"d500":0.0,"dr500":0.0,"loss500":0.0},"geometry":{"type":"Polygon","coordinates":[[[34.6902100626818,0.09343706647502695],[34.69559993731821,0.09343706647502695],[34.69559993731821,0.09882693352497304],[34.6902100626818,0.09882693352497304],[34.6902100626818,0.09343706647502695]]]}},{"type":"Feature","properties":{"id":"RFB-0895","cls":"informal_iron_sheet","area":15,"cost":9300,"tiv":140000.0,"tivCsv":140000.0,"lat":0.05384,"lon":34.92447,"where":"KE","settlement":"other","density_class":"peri_urban","stratum":"basin","d10":0.0,"dr10":0.0,"loss10":0.0,"d20":0.0,"dr20":0.0,"loss20":0.0,"d50":0.0,"dr50":0.0,"loss50":0.0,"d100":0.0,"dr100":0.0,"loss100":0.0,"d200":0.0,"dr200":0.0,"loss200":0.0,"d500":0.0,"dr500":0.0,"loss500":0.0},"geometry":{"type":"Polygon","coordinates":[[[34.92177606528533,0.051142066475026955],[34.927165934714665,0.051142066475026955],[34.927165934714665,0.05653193352497305],[34.92177606528533,0.05653193352497305],[34.92177606528533,0.051142066475026955]]]}},{"type":"Feature","properties":{"id":"RFB-0896","cls":"informal_iron_sheet","area":13,"cost":7000,"tiv":90000.0,"tivCsv":90000.0,"lat":-0.26618,"lon":34.36136,"where":"KE","settlement":"other","density_class":"peri_urban","stratum":"basin","d10":0.0,"dr10":0.0,"loss10":0.0,"d20":0.0,"dr20":0.0,"loss20":0.0,"d50":0.0,"dr50":0.0,"loss50":0.0,"d100":0.0,"dr100":0.0,"loss100":0.0,"d200":0.0,"dr200":0.0,"loss200":0.0,"d500":0.0,"dr500":0.0,"loss500":0.0},"geometry":{"type":"Polygon","coordinates":[[[34.35866803739237,-0.26887693352497305],[34.364057962607625,-0.26887693352497305],[34.364057962607625,-0.2634870664750269],[34.35866803739237,-0.2634870664750269],[34.35866803739237,-0.26887693352497305]]]}},{"type":"Feature","properties":{"id":"RFB-0897","cls":"semi_permanent","area":38,"cost":12300,"tiv":465000.0,"tivCsv":465000.0,"lat":0.15948,"lon":34.07672,"where":"KE","settlement":"Rwambwa","density_class":"rural","stratum":"basin","d10":0.0,"dr10":0.0,"loss10":0.0,"d20":0.0,"dr20":0.0,"loss20":0.0,"d50":0.0,"dr50":0.0,"loss50":0.0,"d100":0.0,"dr100":0.0,"loss100":0.0,"d200":0.0,"dr200":0.0,"loss200":0.0,"d500":0.0,"dr500":0.0,"loss500":0.0},"geometry":{"type":"Polygon","coordinates":[[[34.07402405603483,0.15678906647502694],[34.079413943965164,0.15678906647502694],[34.079413943965164,0.16217893352497303],[34.07402405603483,0.16217893352497303],[34.07402405603483,0.15678906647502694]]]}},{"type":"Feature","properties":{"id":"RFB-0898","cls":"permanent_masonry","area":247,"cost":56600,"tiv":13980000.0,"tivCsv":13980000.0,"lat":0.20418,"lon":34.77971,"where":"KE","settlement":"other","density_class":"urban","stratum":"basin","d10":0.0,"dr10":0.0,"loss10":0.0,"d20":0.0,"dr20":0.0,"loss20":0.0,"d50":0.0,"dr50":0.0,"loss50":0.0,"d100":0.0,"dr100":0.0,"loss100":0.0,"d200":0.0,"dr200":0.0,"loss200":0.0,"d500":0.0,"dr500":0.0,"loss500":0.0},"geometry":{"type":"Polygon","coordinates":[[[34.777013049362495,0.20148806647502696],[34.782402950637504,0.20148806647502696],[34.782402950637504,0.20687793352497305],[34.777013049362495,0.20687793352497305],[34.777013049362495,0.20148806647502696]]]}},{"type":"Feature","properties":{"id":"RFB-0899","cls":"permanent_masonry","area":79,"cost":51800,"tiv":4090000.0,"tivCsv":4090000.0,"lat":0.08058,"lon":34.70965,"where":"KE","settlement":"other","density_class":"urban","stratum":"basin","d10":0.0,"dr10":0.0,"loss10":0.0,"d20":0.0,"dr20":0.0,"loss20":0.0,"d50":0.0,"dr50":0.0,"loss50":0.0,"d100":0.0,"dr100":0.0,"loss100":0.0,"d200":0.0,"dr200":0.0,"loss200":0.0,"d500":0.0,"dr500":0.0,"loss500":0.0},"geometry":{"type":"Polygon","coordinates":[[[34.706956063809905,0.07788406647502695],[34.7123459361901,0.07788406647502695],[34.7123459361901,0.08327393352497305],[34.706956063809905,0.08327393352497305],[34.706956063809905,0.07788406647502695]]]}},{"type":"Feature","properties":{"id":"RFB-0900","cls":"permanent_masonry","area":125,"cost":40200,"tiv":5025000.0,"tivCsv":5025000.0,"lat":0.2226,"lon":34.48654,"where":"KE","settlement":"other","density_class":"peri_urban","stratum":"basin","d10":0.0,"dr10":0.0,"loss10":0.0,"d20":0.0,"dr20":0.0,"loss20":0.0,"d50":0.0,"dr50":0.0,"loss50":0.0,"d100":0.0,"dr100":0.0,"loss100":0.0,"d200":0.0,"dr200":0.0,"loss200":0.0,"d500":0.0,"dr500":0.0,"loss500":0.0},"geometry":{"type":"Polygon","coordinates":[[[34.48384704613547,0.21990906647502695],[34.48923695386453,0.21990906647502695],[34.48923695386453,0.22529893352497304],[34.48384704613547,0.22529893352497304],[34.48384704613547,0.21990906647502695]]]}},{"type":"Feature","properties":{"id":"RFB-0901","cls":"permanent_masonry","area":124,"cost":58400,"tiv":7240000.0,"tivCsv":7240000.0,"lat":-0.12801,"lon":34.76285,"where":"KE","settlement":"Kisumu","density_class":"urban","stratum":"basin","d10":0.0,"dr10":0.0,"loss10":0.0,"d20":0.0,"dr20":0.0,"loss20":0.0,"d50":0.0,"dr50":0.0,"loss50":0.0,"d100":0.0,"dr100":0.0,"loss100":0.0,"d200":0.0,"dr200":0.0,"loss200":0.0,"d500":0.0,"dr500":0.0,"loss500":0.0},"geometry":{"type":"Polygon","coordinates":[[[34.760154059749276,-0.13070193352497306],[34.76554394025073,-0.13070193352497306],[34.76554394025073,-0.12531206647502696],[34.760154059749276,-0.12531206647502696],[34.760154059749276,-0.13070193352497306]]]}},{"type":"Feature","properties":{"id":"RFB-0902","cls":"permanent_masonry","area":191,"cost":41800,"tiv":7985000.0,"tivCsv":7985000.0,"lat":0.51584,"lon":35.27548,"where":"KE","settlement":"other","density_class":"urban","stratum":"basin","d10":0.0,"dr10":0.0,"loss10":0.0,"d20":0.0,"dr20":0.0,"loss20":0.0,"d50":0.0,"dr50":0.0,"loss50":0.0,"d100":0.0,"dr100":0.0,"loss100":0.0,"d200":0.0,"dr200":0.0,"loss200":0.0,"d500":0.0,"dr500":0.0,"loss500":0.0},"geometry":{"type":"Polygon","coordinates":[[[35.27277995724906,0.5131500664750269],[35.27817004275094,0.5131500664750269],[35.27817004275094,0.5185399335249731],[35.27277995724906,0.5185399335249731],[35.27277995724906,0.5131500664750269]]]}},{"type":"Feature","properties":{"id":"RFB-0903","cls":"concrete_rcc","area":234,"cost":59400,"tiv":13900000.0,"tivCsv":13900000.0,"lat":0.54019,"lon":35.3154,"where":"KE","settlement":"other","density_class":"urban","stratum":"basin","d10":0.0,"dr10":0.0,"loss10":0.0,"d20":0.0,"dr20":0.0,"loss20":0.0,"d50":0.0,"dr50":0.0,"loss50":0.0,"d100":0.0,"dr100":0.0,"loss100":0.0,"d200":0.0,"dr200":0.0,"loss200":0.0,"d500":0.0,"dr500":0.0,"loss500":0.0},"geometry":{"type":"Polygon","coordinates":[[[35.31270694669434,0.537498066475027],[35.31809705330566,0.537498066475027],[35.31809705330566,0.5428879335249731],[35.31270694669434,0.5428879335249731],[35.31270694669434,0.537498066475027]]]}},{"type":"Feature","properties":{"id":"RFB-0904","cls":"semi_permanent","area":43,"cost":15400,"tiv":660000.0,"tivCsv":660000.0,"lat":0.99579,"lon":34.96056,"where":"KE","settlement":"Kitale","density_class":"urban","stratum":"basin","d10":0.0,"dr10":0.0,"loss10":0.0,"d20":0.0,"dr20":0.0,"loss20":0.0,"d50":0.0,"dr50":0.0,"loss50":0.0,"d100":0.0,"dr100":0.0,"loss100":0.0,"d200":0.0,"dr200":0.0,"loss200":0.0,"d500":0.0,"dr500":0.0,"loss500":0.0},"geometry":{"type":"Polygon","coordinates":[[[34.95786565941239,0.9930930664750269],[34.963256340587606,0.9930930664750269],[34.963256340587606,0.9984829335249731],[34.95786565941239,0.9984829335249731],[34.95786565941239,0.9930930664750269]]]}},{"type":"Feature","properties":{"id":"RFB-0905","cls":"semi_permanent","area":46,"cost":10600,"tiv":490000.0,"tivCsv":490000.0,"lat":-0.11202,"lon":34.95472,"where":"KE","settlement":"other","density_class":"peri_urban","stratum":"basin","d10":0.0,"dr10":0.0,"loss10":0.0,"d20":0.0,"dr20":0.0,"loss20":0.0,"d50":0.0,"dr50":0.0,"loss50":0.0,"d100":0.0,"dr100":0.0,"loss100":0.0,"d200":0.0,"dr200":0.0,"loss200":0.0,"d500":0.0,"dr500":0.0,"loss500":0.0},"geometry":{"type":"Polygon","coordinates":[[[34.95202306132472,-0.11471093352497305],[34.95741293867528,-0.11471093352497305],[34.95741293867528,-0.10932106647502696],[34.95202306132472,-0.10932106647502696],[34.95202306132472,-0.11471093352497305]]]}},{"type":"Feature","properties":{"id":"RFB-0906","cls":"permanent_masonry","area":197,"cost":50500,"tiv":9950000.0,"tivCsv":9950000.0,"lat":1.0057,"lon":34.90547,"where":"KE","settlement":"Kitale","density_class":"peri_urban","stratum":"basin","d10":0.0,"dr10":0.0,"loss10":0.0,"d20":0.0,"dr20":0.0,"loss20":0.0,"d50":0.0,"dr50":0.0,"loss50":0.0,"d100":0.0,"dr100":0.0,"loss100":0.0,"d200":0.0,"dr200":0.0,"loss200":0.0,"d500":0.0,"dr500":0.0,"loss500":0.0},"geometry":{"type":"Polygon","coordinates":[[[34.90277065126892,1.003003066475027],[34.90816134873107,1.003003066475027],[34.90816134873107,1.008392933524973],[34.90277065126892,1.008392933524973],[34.90277065126892,1.003003066475027]]]}},{"type":"Feature","properties":{"id":"RFB-0907","cls":"semi_permanent","area":35,"cost":10900,"tiv":380000.0,"tivCsv":380000.0,"lat":-0.08738,"lon":34.8118,"where":"KE","settlement":"Kisumu","density_class":"peri_urban","stratum":"basin","d10":0.0,"dr10":0.0,"loss10":0.0,"d20":0.0,"dr20":0.0,"loss20":0.0,"d50":0.0,"dr50":0.0,"loss50":0.0,"d100":0.0,"dr100":0.0,"loss100":0.0,"d200":0.0,"dr200":0.0,"loss200":0.0,"d500":0.0,"dr500":0.0,"loss500":0.0},"geometry":{"type":"Polygon","coordinates":[[[34.80910606334083,-0.09007793352497305],[34.81449593665918,-0.09007793352497305],[34.81449593665918,-0.08468806647502695],[34.80910606334083,-0.08468806647502695],[34.80910606334083,-0.09007793352497305]]]}},{"type":"Feature","properties":{"id":"RFB-0908","cls":"concrete_rcc","area":608,"cost":78200,"tiv":47545000.0,"tivCsv":47545000.0,"lat":0.54723,"lon":35.26557,"where":"KE","settlement":"other","density_class":"urban","stratum":"basin","d10":0.0,"dr10":0.0,"loss10":0.0,"d20":0.0,"dr20":0.0,"loss20":0.0,"d50":0.0,"dr50":0.0,"loss50":0.0,"d100":0.0,"dr100":0.0,"loss100":0.0,"d200":0.0,"dr200":0.0,"loss200":0.0,"d500":0.0,"dr500":0.0,"loss500":0.0},"geometry":{"type":"Polygon","coordinates":[[[35.26287094355407,0.544533066475027],[35.26826105644593,0.544533066475027],[35.26826105644593,0.5499229335249731],[35.26287094355407,0.5499229335249731],[35.26287094355407,0.544533066475027]]]}},{"type":"Feature","properties":{"id":"RFB-0909","cls":"informal_iron_sheet","area":20,"cost":8700,"tiv":175000.0,"tivCsv":175000.0,"lat":-0.26604,"lon":34.36459,"where":"KE","settlement":"other","density_class":"peri_urban","stratum":"basin","d10":0.0,"dr10":0.0,"loss10":0.0,"d20":0.0,"dr20":0.0,"loss20":0.0,"d50":0.0,"dr50":0.0,"loss50":0.0,"d100":0.0,"dr100":0.0,"loss100":0.0,"d200":0.0,"dr200":0.0,"loss200":0.0,"d500":0.0,"dr500":0.0,"loss500":0.0},"geometry":{"type":"Polygon","coordinates":[[[34.36189903742252,-0.2687389335249731],[34.367288962577476,-0.2687389335249731],[34.367288962577476,-0.2633490664750269],[34.36189903742252,-0.2633490664750269],[34.36189903742252,-0.2687389335249731]]]}},{"type":"Feature","properties":{"id":"RFB-0910","cls":"informal_iron_sheet","area":14,"cost":6200,"tiv":85000.0,"tivCsv":85000.0,"lat":0.87377,"lon":35.31372,"where":"KE","settlement":"other","density_class":"peri_urban","stratum":"basin","d10":0.0,"dr10":0.0,"loss10":0.0,"d20":0.0,"dr20":0.0,"loss20":0.0,"d50":0.0,"dr50":0.0,"loss50":0.0,"d100":0.0,"dr100":0.0,"loss100":0.0,"d200":0.0,"dr200":0.0,"loss200":0.0,"d500":0.0,"dr500":0.0,"loss500":0.0},"geometry":{"type":"Polygon","coordinates":[[[35.311023753069854,0.8710720664750269],[35.316414246930144,0.8710720664750269],[35.316414246930144,0.876461933524973],[35.311023753069854,0.876461933524973],[35.311023753069854,0.8710720664750269]]]}},{"type":"Feature","properties":{"id":"RFB-0911","cls":"permanent_masonry","area":104,"cost":58500,"tiv":6085000.0,"tivCsv":6085000.0,"lat":0.68083,"lon":34.76317,"where":"KE","settlement":"Webuye","density_class":"peri_urban","stratum":"basin","d10":0.0,"dr10":0.0,"loss10":0.0,"d20":0.0,"dr20":0.0,"loss20":0.0,"d50":0.0,"dr50":0.0,"loss50":0.0,"d100":0.0,"dr100":0.0,"loss100":0.0,"d200":0.0,"dr200":0.0,"loss200":0.0,"d500":0.0,"dr500":0.0,"loss500":0.0},"geometry":{"type":"Polygon","coordinates":[[[34.76047087620434,0.6781320664750269],[34.76586112379566,0.6781320664750269],[34.76586112379566,0.683521933524973],[34.76047087620434,0.683521933524973],[34.76047087620434,0.6781320664750269]]]}},{"type":"Feature","properties":{"id":"RFB-0912","cls":"concrete_rcc","area":615,"cost":76900,"tiv":47295000.0,"tivCsv":47295000.0,"lat":0.05159,"lon":34.55641,"where":"KE","settlement":"other","density_class":"peri_urban","stratum":"basin","d10":0.0,"dr10":0.0,"loss10":0.0,"d20":0.0,"dr20":0.0,"loss20":0.0,"d50":0.0,"dr50":0.0,"loss50":0.0,"d100":0.0,"dr100":0.0,"loss100":0.0,"d200":0.0,"dr200":0.0,"loss200":0.0,"d500":0.0,"dr500":0.0,"loss500":0.0},"geometry":{"type":"Polygon","coordinates":[[[34.55371306538265,0.048893066475026954],[34.55910293461734,0.048893066475026954],[34.55910293461734,0.05428293352497305],[34.55371306538265,0.05428293352497305],[34.55371306538265,0.048893066475026954]]]}},{"type":"Feature","properties":{"id":"RFB-0913","cls":"semi_permanent","area":35,"cost":13700,"tiv":480000.0,"tivCsv":480000.0,"lat":0.52149,"lon":35.25111,"where":"KE","settlement":"other","density_class":"urban","stratum":"basin","d10":0.0,"dr10":0.0,"loss10":0.0,"d20":0.0,"dr20":0.0,"loss20":0.0,"d50":0.0,"dr50":0.0,"loss50":0.0,"d100":0.0,"dr100":0.0,"loss100":0.0,"d200":0.0,"dr200":0.0,"loss200":0.0,"d500":0.0,"dr500":0.0,"loss500":0.0},"geometry":{"type":"Polygon","coordinates":[[[35.2484109548449,0.518796066475027],[35.2538010451551,0.518796066475027],[35.2538010451551,0.5241859335249731],[35.2484109548449,0.5241859335249731],[35.2484109548449,0.518796066475027]]]}},{"type":"Feature","properties":{"id":"RFB-0914","cls":"permanent_masonry","area":135,"cost":48800,"tiv":6590000.0,"tivCsv":6590000.0,"lat":0.48107,"lon":34.89035,"where":"KE","settlement":"Kakamega","density_class":"peri_urban","stratum":"basin","d10":0.0,"dr10":0.0,"loss10":0.0,"d20":0.0,"dr20":0.0,"loss20":0.0,"d50":0.0,"dr50":0.0,"loss50":0.0,"d100":0.0,"dr100":0.0,"loss100":0.0,"d200":0.0,"dr200":0.0,"loss200":0.0,"d500":0.0,"dr500":0.0,"loss500":0.0},"geometry":{"type":"Polygon","coordinates":[[[34.88764997147776,0.4783800664750269],[34.89304002852225,0.4783800664750269],[34.89304002852225,0.48376993352497305],[34.88764997147776,0.48376993352497305],[34.88764997147776,0.4783800664750269]]]}},{"type":"Feature","properties":{"id":"RFB-0915","cls":"permanent_masonry","area":99,"cost":57300,"tiv":5675000.0,"tivCsv":5675000.0,"lat":0.75172,"lon":34.87786,"where":"KE","settlement":"other","density_class":"peri_urban","stratum":"basin","d10":0.0,"dr10":0.0,"loss10":0.0,"d20":0.0,"dr20":0.0,"loss20":0.0,"d50":0.0,"dr50":0.0,"loss50":0.0,"d100":0.0,"dr100":0.0,"loss100":0.0,"d200":0.0,"dr200":0.0,"loss200":0.0,"d500":0.0,"dr500":0.0,"loss500":0.0},"geometry":{"type":"Polygon","coordinates":[[[34.875166834513394,0.749025066475027],[34.88055716548661,0.749025066475027],[34.88055716548661,0.7544149335249731],[34.875166834513394,0.7544149335249731],[34.875166834513394,0.749025066475027]]]}},{"type":"Feature","properties":{"id":"RFB-0916","cls":"informal_iron_sheet","area":25,"cost":6900,"tiv":170000.0,"tivCsv":170000.0,"lat":0.8179,"lon":34.97579,"where":"KE","settlement":"other","density_class":"peri_urban","stratum":"basin","d10":0.0,"dr10":0.0,"loss10":0.0,"d20":0.0,"dr20":0.0,"loss20":0.0,"d50":0.0,"dr50":0.0,"loss50":0.0,"d100":0.0,"dr100":0.0,"loss100":0.0,"d200":0.0,"dr200":0.0,"loss200":0.0,"d500":0.0,"dr500":0.0,"loss500":0.0},"geometry":{"type":"Polygon","coordinates":[[[34.97309279186764,0.8152070664750269],[34.97848320813236,0.8152070664750269],[34.97848320813236,0.8205969335249731],[34.97309279186764,0.8205969335249731],[34.97309279186764,0.8152070664750269]]]}},{"type":"Feature","properties":{"id":"RFB-0917","cls":"semi_permanent","area":54,"cost":11200,"tiv":605000.0,"tivCsv":605000.0,"lat":-0.03464,"lon":35.05316,"where":"KE","settlement":"other","density_class":"rural","stratum":"basin","d10":0.0,"dr10":0.0,"loss10":0.0,"d20":0.0,"dr20":0.0,"loss20":0.0,"d50":0.0,"dr50":0.0,"loss50":0.0,"d100":0.0,"dr100":0.0,"loss100":0.0,"d200":0.0,"dr200":0.0,"loss200":0.0,"d500":0.0,"dr500":0.0,"loss500":0.0},"geometry":{"type":"Polygon","coordinates":[[[35.05046306598262,-0.03733093352497305],[35.05585293401739,-0.03733093352497305],[35.05585293401739,-0.03194106647502695],[35.05046306598262,-0.03194106647502695],[35.05046306598262,-0.03733093352497305]]]}},{"type":"Feature","properties":{"id":"RFB-0918","cls":"informal_iron_sheet","area":22,"cost":6700,"tiv":145000.0,"tivCsv":145000.0,"lat":0.27594,"lon":34.75295,"where":"KE","settlement":"other","density_class":"urban","stratum":"basin","d10":0.0,"dr10":0.0,"loss10":0.0,"d20":0.0,"dr20":0.0,"loss20":0.0,"d50":0.0,"dr50":0.0,"loss50":0.0,"d100":0.0,"dr100":0.0,"loss100":0.0,"d200":0.0,"dr200":0.0,"loss200":0.0,"d500":0.0,"dr500":0.0,"loss500":0.0},"geometry":{"type":"Polygon","coordinates":[[[34.750254035221886,0.27324106647502694],[34.755643964778116,0.27324106647502694],[34.755643964778116,0.2786309335249731],[34.750254035221886,0.2786309335249731],[34.750254035221886,0.27324106647502694]]]}},{"type":"Feature","properties":{"id":"RFB-0919","cls":"semi_permanent","area":35,"cost":10700,"tiv":375000.0,"tivCsv":375000.0,"lat":0.06341,"lon":35.04958,"where":"KE","settlement":"other","density_class":"rural","stratum":"basin","d10":0.0,"dr10":0.0,"loss10":0.0,"d20":0.0,"dr20":0.0,"loss20":0.0,"d50":0.0,"dr50":0.0,"loss50":0.0,"d100":0.0,"dr100":0.0,"loss100":0.0,"d200":0.0,"dr200":0.0,"loss200":0.0,"d500":0.0,"dr500":0.0,"loss500":0.0},"geometry":{"type":"Polygon","coordinates":[[[35.046888064824735,0.06071306647502696],[35.05227793517526,0.06071306647502696],[35.05227793517526,0.06610293352497305],[35.046888064824735,0.06610293352497305],[35.046888064824735,0.06071306647502696]]]}},{"type":"Feature","properties":{"id":"RFB-0920","cls":"concrete_rcc","area":343,"cost":62200,"tiv":21335000.0,"tivCsv":21335000.0,"lat":0.53509,"lon":35.26091,"where":"KE","settlement":"other","density_class":"urban","stratum":"basin","d10":0.0,"dr10":0.0,"loss10":0.0,"d20":0.0,"dr20":0.0,"loss20":0.0,"d50":0.0,"dr50":0.0,"loss50":0.0,"d100":0.0,"dr100":0.0,"loss100":0.0,"d200":0.0,"dr200":0.0,"loss200":0.0,"d500":0.0,"dr500":0.0,"loss500":0.0},"geometry":{"type":"Polygon","coordinates":[[[35.258216948944586,0.5324000664750269],[35.26360705105541,0.5324000664750269],[35.26360705105541,0.5377899335249731],[35.258216948944586,0.5377899335249731],[35.258216948944586,0.5324000664750269]]]}},{"type":"Feature","properties":{"id":"RFB-0921","cls":"concrete_rcc","area":773,"cost":60500,"tiv":46765000.0,"tivCsv":46765000.0,"lat":0.42665,"lon":34.16966,"where":"KE","settlement":"other","density_class":"peri_urban","stratum":"basin","d10":0.0,"dr10":0.0,"loss10":0.0,"d20":0.0,"dr20":0.0,"loss20":0.0,"d50":0.0,"dr50":0.0,"loss50":0.0,"d100":0.0,"dr100":0.0,"loss100":0.0,"d200":0.0,"dr200":0.0,"loss200":0.0,"d500":0.0,"dr500":0.0,"loss500":0.0},"geometry":{"type":"Polygon","coordinates":[[[34.166967991756486,0.4239560664750269],[34.17235800824351,0.4239560664750269],[34.17235800824351,0.4293459335249731],[34.166967991756486,0.4293459335249731],[34.166967991756486,0.4239560664750269]]]}},{"type":"Feature","properties":{"id":"RFB-0922","cls":"concrete_rcc","area":499,"cost":79100,"tiv":39470000.0,"tivCsv":39470000.0,"lat":-0.09437,"lon":34.765,"where":"KE","settlement":"Kisumu","density_class":"urban","stratum":"basin","d10":0.0,"dr10":0.0,"loss10":0.0,"d20":0.0,"dr20":0.0,"loss20":0.0,"d50":0.0,"dr50":0.0,"loss50":0.0,"d100":0.0,"dr100":0.0,"loss100":0.0,"d200":0.0,"dr200":0.0,"loss200":0.0,"d500":0.0,"dr500":0.0,"loss500":0.0},"geometry":{"type":"Polygon","coordinates":[[[34.7623020628195,-0.09706593352497304],[34.7676919371805,-0.09706593352497304],[34.7676919371805,-0.09167606647502695],[34.7623020628195,-0.09167606647502695],[34.7623020628195,-0.09706593352497304]]]}},{"type":"Feature","properties":{"id":"RFB-0923","cls":"concrete_rcc","area":186,"cost":59200,"tiv":11010000.0,"tivCsv":11010000.0,"lat":-0.08746,"lon":34.7815,"where":"KE","settlement":"Kisumu","density_class":"urban","stratum":"basin","d10":0.0,"dr10":0.0,"loss10":0.0,"d20":0.0,"dr20":0.0,"loss20":0.0,"d50":0.0,"dr50":0.0,"loss50":0.0,"d100":0.0,"dr100":0.0,"loss100":0.0,"d200":0.0,"dr200":0.0,"loss200":0.0,"d500":0.0,"dr500":0.0,"loss500":0.0},"geometry":{"type":"Polygon","coordinates":[[[34.77880106333501,-0.09015893352497305],[34.784190936664984,-0.09015893352497305],[34.784190936664984,-0.08476906647502695],[34.77880106333501,-0.08476906647502695],[34.77880106333501,-0.09015893352497305]]]}},{"type":"Feature","properties":{"id":"RFB-0924","cls":"informal_iron_sheet","area":25,"cost":7300,"tiv":180000.0,"tivCsv":180000.0,"lat":0.27197,"lon":34.46221,"where":"KE","settlement":"Mumias","density_class":"peri_urban","stratum":"basin","d10":0.0,"dr10":0.0,"loss10":0.0,"d20":0.0,"dr20":0.0,"loss20":0.0,"d50":0.0,"dr50":0.0,"loss50":0.0,"d100":0.0,"dr100":0.0,"loss100":0.0,"d200":0.0,"dr200":0.0,"loss200":0.0,"d500":0.0,"dr500":0.0,"loss500":0.0},"geometry":{"type":"Polygon","coordinates":[[[34.45951303611316,0.26927806647502694],[34.464902963886836,0.26927806647502694],[34.464902963886836,0.2746679335249731],[34.45951303611316,0.2746679335249731],[34.45951303611316,0.26927806647502694]]]}},{"type":"Feature","properties":{"id":"RFB-0925","cls":"concrete_rcc","area":678,"cost":53600,"tiv":36340000.0,"tivCsv":36340000.0,"lat":0.17091,"lon":34.35696,"where":"KE","settlement":"other","density_class":"peri_urban","stratum":"basin","d10":0.0,"dr10":0.0,"loss10":0.0,"d20":0.0,"dr20":0.0,"loss20":0.0,"d50":0.0,"dr50":0.0,"loss50":0.0,"d100":0.0,"dr100":0.0,"loss100":0.0,"d200":0.0,"dr200":0.0,"loss200":0.0,"d500":0.0,"dr500":0.0,"loss500":0.0},"geometry":{"type":"Polygon","coordinates":[[[34.35426405448502,0.16821706647502696],[34.359653945514985,0.16821706647502696],[34.359653945514985,0.17360693352497306],[34.35426405448502,0.17360693352497306],[34.35426405448502,0.16821706647502696]]]}},{"type":"Feature","properties":{"id":"RFB-0926","cls":"permanent_masonry","area":165,"cost":39200,"tiv":6470000.0,"tivCsv":6470000.0,"lat":1.02263,"lon":35.13386,"where":"KE","settlement":"other","density_class":"peri_urban","stratum":"basin","d10":0.0,"dr10":0.0,"loss10":0.0,"d20":0.0,"dr20":0.0,"loss20":0.0,"d50":0.0,"dr50":0.0,"loss50":0.0,"d100":0.0,"dr100":0.0,"loss100":0.0,"d200":0.0,"dr200":0.0,"loss200":0.0,"d500":0.0,"dr500":0.0,"loss500":0.0},"geometry":{"type":"Polygon","coordinates":[[[35.131166637171845,1.019931066475027],[35.13655736282816,1.019931066475027],[35.13655736282816,1.025320933524973],[35.131166637171845,1.025320933524973],[35.131166637171845,1.019931066475027]]]}},{"type":"Feature","properties":{"id":"RFB-0927","cls":"concrete_rcc","area":434,"cost":62400,"tiv":27080000.0,"tivCsv":27080000.0,"lat":0.55571,"lon":35.28918,"where":"KE","settlement":"other","density_class":"peri_urban","stratum":"basin","d10":0.0,"dr10":0.0,"loss10":0.0,"d20":0.0,"dr20":0.0,"loss20":0.0,"d50":0.0,"dr50":0.0,"loss50":0.0,"d100":0.0,"dr100":0.0,"loss100":0.0,"d200":0.0,"dr200":0.0,"loss200":0.0,"d500":0.0,"dr500":0.0,"loss500":0.0},"geometry":{"type":"Polygon","coordinates":[[[35.28648893971522,0.5530120664750269],[35.29187906028478,0.5530120664750269],[35.29187906028478,0.558401933524973],[35.28648893971522,0.558401933524973],[35.28648893971522,0.5530120664750269]]]}},{"type":"Feature","properties":{"id":"RFB-0928","cls":"semi_permanent","area":34,"cost":12800,"tiv":435000.0,"tivCsv":435000.0,"lat":0.30746,"lon":34.75935,"where":"KE","settlement":"other","density_class":"urban","stratum":"basin","d10":0.0,"dr10":0.0,"loss10":0.0,"d20":0.0,"dr20":0.0,"loss20":0.0,"d50":0.0,"dr50":0.0,"loss50":0.0,"d100":0.0,"dr100":0.0,"loss100":0.0,"d200":0.0,"dr200":0.0,"loss200":0.0,"d500":0.0,"dr500":0.0,"loss500":0.0},"geometry":{"type":"Polygon","coordinates":[[[34.75665202767393,0.30476106647502693],[34.76204197232607,0.30476106647502693],[34.76204197232607,0.3101509335249731],[34.75665202767393,0.3101509335249731],[34.75665202767393,0.30476106647502693]]]}},{"type":"Feature","properties":{"id":"RFB-0929","cls":"permanent_masonry","area":100,"cost":56700,"tiv":5670000.0,"tivCsv":5670000.0,"lat":0.48203,"lon":35.2517,"where":"KE","settlement":"other","density_class":"urban","stratum":"basin","d10":0.0,"dr10":0.0,"loss10":0.0,"d20":0.0,"dr20":0.0,"loss20":0.0,"d50":0.0,"dr50":0.0,"loss50":0.0,"d100":0.0,"dr100":0.0,"loss100":0.0,"d200":0.0,"dr200":0.0,"loss200":0.0,"d500":0.0,"dr500":0.0,"loss500":0.0},"geometry":{"type":"Polygon","coordinates":[[[35.24900497109941,0.47933706647502694],[35.25439502890059,0.47933706647502694],[35.25439502890059,0.4847269335249731],[35.24900497109941,0.4847269335249731],[35.24900497109941,0.47933706647502694]]]}},{"type":"Feature","properties":{"id":"RFB-0930","cls":"informal_iron_sheet","area":14,"cost":6600,"tiv":90000.0,"tivCsv":90000.0,"lat":0.58523,"lon":34.62429,"where":"KE","settlement":"other","density_class":"peri_urban","stratum":"basin","d10":0.0,"dr10":0.0,"loss10":0.0,"d20":0.0,"dr20":0.0,"loss20":0.0,"d50":0.0,"dr50":0.0,"loss50":0.0,"d100":0.0,"dr100":0.0,"loss100":0.0,"d200":0.0,"dr200":0.0,"loss200":0.0,"d500":0.0,"dr500":0.0,"loss500":0.0},"geometry":{"type":"Polygon","coordinates":[[[34.62159892588957,0.582532066475027],[34.626989074110426,0.582532066475027],[34.626989074110426,0.5879219335249731],[34.62159892588957,0.5879219335249731],[34.62159892588957,0.582532066475027]]]}},{"type":"Feature","properties":{"id":"RFB-0931","cls":"informal_iron_sheet","area":12,"cost":7300,"tiv":90000.0,"tivCsv":90000.0,"lat":0.14623,"lon":34.87449,"where":"KE","settlement":"other","density_class":"peri_urban","stratum":"basin","d10":0.0,"dr10":0.0,"loss10":0.0,"d20":0.0,"dr20":0.0,"loss20":0.0,"d50":0.0,"dr50":0.0,"loss50":0.0,"d100":0.0,"dr100":0.0,"loss100":0.0,"d200":0.0,"dr200":0.0,"loss200":0.0,"d500":0.0,"dr500":0.0,"loss500":0.0},"geometry":{"type":"Polygon","coordinates":[[[34.87179305769765,0.14353806647502695],[34.87718294230235,0.14353806647502695],[34.87718294230235,0.14892793352497305],[34.87179305769765,0.14892793352497305],[34.87179305769765,0.14353806647502695]]]}},{"type":"Feature","properties":{"id":"RFB-0932","cls":"informal_iron_sheet","area":18,"cost":5600,"tiv":100000.0,"tivCsv":100000.0,"lat":0.68922,"lon":34.30519,"where":"KE","settlement":"other","density_class":"peri_urban","stratum":"basin","d10":0.0,"dr10":0.0,"loss10":0.0,"d20":0.0,"dr20":0.0,"loss20":0.0,"d50":0.0,"dr50":0.0,"loss50":0.0,"d100":0.0,"dr100":0.0,"loss100":0.0,"d200":0.0,"dr200":0.0,"loss200":0.0,"d500":0.0,"dr500":0.0,"loss500":0.0},"geometry":{"type":"Polygon","coordinates":[[[34.30249187148622,0.686521066475027],[34.307882128513775,0.686521066475027],[34.307882128513775,0.6919109335249731],[34.30249187148622,0.6919109335249731],[34.30249187148622,0.686521066475027]]]}},{"type":"Feature","properties":{"id":"RFB-0933","cls":"permanent_masonry","area":148,"cost":38000,"tiv":5625000.0,"tivCsv":5625000.0,"lat":-0.08435,"lon":34.79545,"where":"KE","settlement":"Kisumu","density_class":"urban","stratum":"basin","d10":0.0,"dr10":0.0,"loss10":0.0,"d20":0.0,"dr20":0.0,"loss20":0.0,"d50":0.0,"dr50":0.0,"loss50":0.0,"d100":0.0,"dr100":0.0,"loss100":0.0,"d200":0.0,"dr200":0.0,"loss200":0.0,"d500":0.0,"dr500":0.0,"loss500":0.0},"geometry":{"type":"Polygon","coordinates":[[[34.792750063554415,-0.08704793352497305],[34.79813993644559,-0.08704793352497305],[34.79813993644559,-0.08165806647502695],[34.792750063554415,-0.08165806647502695],[34.792750063554415,-0.08704793352497305]]]}},{"type":"Feature","properties":{"id":"RFB-0934","cls":"informal_iron_sheet","area":19,"cost":7700,"tiv":145000.0,"tivCsv":145000.0,"lat":0.74546,"lon":35.14863,"where":"KE","settlement":"other","density_class":"urban","stratum":"basin","d10":0.0,"dr10":0.0,"loss10":0.0,"d20":0.0,"dr20":0.0,"loss20":0.0,"d50":0.0,"dr50":0.0,"loss50":0.0,"d100":0.0,"dr100":0.0,"loss100":0.0,"d200":0.0,"dr200":0.0,"loss200":0.0,"d500":0.0,"dr500":0.0,"loss500":0.0},"geometry":{"type":"Polygon","coordinates":[[[35.14593283835971,0.7427670664750269],[35.15132316164029,0.7427670664750269],[35.15132316164029,0.748156933524973],[35.14593283835971,0.748156933524973],[35.14593283835971,0.7427670664750269]]]}},{"type":"Feature","properties":{"id":"RFB-0935","cls":"semi_permanent","area":44,"cost":8500,"tiv":375000.0,"tivCsv":375000.0,"lat":0.12775,"lon":35.22852,"where":"KE","settlement":"other","density_class":"peri_urban","stratum":"basin","d10":0.0,"dr10":0.0,"loss10":0.0,"d20":0.0,"dr20":0.0,"loss20":0.0,"d50":0.0,"dr50":0.0,"loss50":0.0,"d100":0.0,"dr100":0.0,"loss100":0.0,"d200":0.0,"dr200":0.0,"loss200":0.0,"d500":0.0,"dr500":0.0,"loss500":0.0},"geometry":{"type":"Polygon","coordinates":[[[35.22582905977604,0.12505706647502696],[35.23121894022396,0.12505706647502696],[35.23121894022396,0.13044693352497305],[35.22582905977604,0.13044693352497305],[35.22582905977604,0.12505706647502696]]]}},{"type":"Feature","properties":{"id":"RFB-0936","cls":"informal_iron_sheet","area":12,"cost":5600,"tiv":65000.0,"tivCsv":65000.0,"lat":0.42249,"lon":34.82955,"where":"KE","settlement":"Kakamega","density_class":"peri_urban","stratum":"basin","d10":0.0,"dr10":0.0,"loss10":0.0,"d20":0.0,"dr20":0.0,"loss20":0.0,"d50":0.0,"dr50":0.0,"loss50":0.0,"d100":0.0,"dr100":0.0,"loss100":0.0,"d200":0.0,"dr200":0.0,"loss200":0.0,"d500":0.0,"dr500":0.0,"loss500":0.0},"geometry":{"type":"Polygon","coordinates":[[[34.826851993208216,0.4197910664750269],[34.83224200679178,0.4197910664750269],[34.83224200679178,0.42518093352497305],[34.826851993208216,0.42518093352497305],[34.826851993208216,0.4197910664750269]]]}},{"type":"Feature","properties":{"id":"RFB-0937","cls":"permanent_masonry","area":150,"cost":55400,"tiv":8310000.0,"tivCsv":8310000.0,"lat":0.1135,"lon":34.81791,"where":"KE","settlement":"other","density_class":"urban","stratum":"basin","d10":0.0,"dr10":0.0,"loss10":0.0,"d20":0.0,"dr20":0.0,"loss20":0.0,"d50":0.0,"dr50":0.0,"loss50":0.0,"d100":0.0,"dr100":0.0,"loss100":0.0,"d200":0.0,"dr200":0.0,"loss200":0.0,"d500":0.0,"dr500":0.0,"loss500":0.0},"geometry":{"type":"Polygon","coordinates":[[[34.81521306118688,0.11081006647502695],[34.820602938813124,0.11081006647502695],[34.820602938813124,0.11619993352497304],[34.81521306118688,0.11619993352497304],[34.81521306118688,0.11081006647502695]]]}},{"type":"Feature","properties":{"id":"RFB-0938","cls":"permanent_masonry","area":112,"cost":47700,"tiv":5340000.0,"tivCsv":5340000.0,"lat":0.51178,"lon":35.27096,"where":"KE","settlement":"other","density_class":"urban","stratum":"basin","d10":0.0,"dr10":0.0,"loss10":0.0,"d20":0.0,"dr20":0.0,"loss20":0.0,"d50":0.0,"dr50":0.0,"loss50":0.0,"d100":0.0,"dr100":0.0,"loss100":0.0,"d200":0.0,"dr200":0.0,"loss200":0.0,"d500":0.0,"dr500":0.0,"loss500":0.0},"geometry":{"type":"Polygon","coordinates":[[[35.26826995896505,0.509082066475027],[35.273660041034944,0.509082066475027],[35.273660041034944,0.5144719335249731],[35.26826995896505,0.5144719335249731],[35.26826995896505,0.509082066475027]]]}},{"type":"Feature","properties":{"id":"RFB-0939","cls":"informal_iron_sheet","area":12,"cost":9100,"tiv":110000.0,"tivCsv":110000.0,"lat":0.54476,"lon":35.25142,"where":"KE","settlement":"other","density_class":"urban","stratum":"basin","d10":0.0,"dr10":0.0,"loss10":0.0,"d20":0.0,"dr20":0.0,"loss20":0.0,"d50":0.0,"dr50":0.0,"loss50":0.0,"d100":0.0,"dr100":0.0,"loss100":0.0,"d200":0.0,"dr200":0.0,"loss200":0.0,"d500":0.0,"dr500":0.0,"loss500":0.0},"geometry":{"type":"Polygon","coordinates":[[[35.24872994466126,0.5420630664750269],[35.25412005533874,0.5420630664750269],[35.25412005533874,0.547452933524973],[35.24872994466126,0.547452933524973],[35.24872994466126,0.5420630664750269]]]}},{"type":"Feature","properties":{"id":"RFB-0940","cls":"permanent_masonry","area":99,"cost":48700,"tiv":4820000.0,"tivCsv":4820000.0,"lat":0.21517,"lon":34.77781,"where":"KE","settlement":"other","density_class":"urban","stratum":"basin","d10":0.0,"dr10":0.0,"loss10":0.0,"d20":0.0,"dr20":0.0,"loss20":0.0,"d50":0.0,"dr50":0.0,"loss50":0.0,"d100":0.0,"dr100":0.0,"loss100":0.0,"d200":0.0,"dr200":0.0,"loss200":0.0,"d500":0.0,"dr500":0.0,"loss500":0.0},"geometry":{"type":"Polygon","coordinates":[[[34.77512004747182,0.21247206647502695],[34.78050995252817,0.21247206647502695],[34.78050995252817,0.21786193352497304],[34.77512004747182,0.21786193352497304],[34.77512004747182,0.21247206647502695]]]}},{"type":"Feature","properties":{"id":"RFB-0941","cls":"semi_permanent","area":55,"cost":14400,"tiv":790000.0,"tivCsv":790000.0,"lat":-0.14552,"lon":35.0606,"where":"KE","settlement":"other","density_class":"peri_urban","stratum":"basin","d10":0.0,"dr10":0.0,"loss10":0.0,"d20":0.0,"dr20":0.0,"loss20":0.0,"d50":0.0,"dr50":0.0,"loss50":0.0,"d100":0.0,"dr100":0.0,"loss100":0.0,"d200":0.0,"dr200":0.0,"loss200":0.0,"d500":0.0,"dr500":0.0,"loss500":0.0},"geometry":{"type":"Polygon","coordinates":[[[35.057905057782435,-0.14821993352497304],[35.06329494221757,-0.14821993352497304],[35.06329494221757,-0.14283006647502694],[35.057905057782435,-0.14283006647502694],[35.057905057782435,-0.14821993352497304]]]}},{"type":"Feature","properties":{"id":"RFB-0942","cls":"informal_iron_sheet","area":23,"cost":7400,"tiv":170000.0,"tivCsv":170000.0,"lat":0.16232,"lon":34.52258,"where":"KE","settlement":"other","density_class":"peri_urban","stratum":"basin","d10":0.0,"dr10":0.0,"loss10":0.0,"d20":0.0,"dr20":0.0,"loss20":0.0,"d50":0.0,"dr50":0.0,"loss50":0.0,"d100":0.0,"dr100":0.0,"loss100":0.0,"d200":0.0,"dr200":0.0,"loss200":0.0,"d500":0.0,"dr500":0.0,"loss500":0.0},"geometry":{"type":"Polygon","coordinates":[[[34.519880055660636,0.15962206647502694],[34.52526994433937,0.15962206647502694],[34.52526994433937,0.16501193352497304],[34.519880055660636,0.16501193352497304],[34.519880055660636,0.15962206647502694]]]}},{"type":"Feature","properties":{"id":"RFB-0943","cls":"informal_iron_sheet","area":22,"cost":6600,"tiv":145000.0,"tivCsv":145000.0,"lat":1.19654,"lon":34.80529,"where":"KE","settlement":"other","density_class":"rural","stratum":"basin","d10":0.0,"dr10":0.0,"loss10":0.0,"d20":0.0,"dr20":0.0,"loss20":0.0,"d50":0.0,"dr50":0.0,"loss50":0.0,"d100":0.0,"dr100":0.0,"loss100":0.0,"d200":0.0,"dr200":0.0,"loss200":0.0,"d500":0.0,"dr500":0.0,"loss500":0.0},"geometry":{"type":"Polygon","coordinates":[[[34.802594478706716,1.1938450664750269],[34.80798552129328,1.1938450664750269],[34.80798552129328,1.199234933524973],[34.802594478706716,1.199234933524973],[34.802594478706716,1.1938450664750269]]]}},{"type":"Feature","properties":{"id":"RFB-0944","cls":"permanent_masonry","area":102,"cost":53900,"tiv":5500000.0,"tivCsv":5500000.0,"lat":1.10248,"lon":35.14836,"where":"KE","settlement":"other","density_class":"peri_urban","stratum":"basin","d10":0.0,"dr10":0.0,"loss10":0.0,"d20":0.0,"dr20":0.0,"loss20":0.0,"d50":0.0,"dr50":0.0,"loss50":0.0,"d100":0.0,"dr100":0.0,"loss100":0.0,"d200":0.0,"dr200":0.0,"loss200":0.0,"d500":0.0,"dr500":0.0,"loss500":0.0},"geometry":{"type":"Polygon","coordinates":[[[35.1456605674954,1.0997870664750269],[35.1510514325046,1.0997870664750269],[35.1510514325046,1.105176933524973],[35.1456605674954,1.105176933524973],[35.1456605674954,1.0997870664750269]]]}},{"type":"Feature","properties":{"id":"RFB-0945","cls":"informal_iron_sheet","area":18,"cost":6000,"tiv":110000.0,"tivCsv":110000.0,"lat":0.7366,"lon":35.15709,"where":"KE","settlement":"other","density_class":"peri_urban","stratum":"basin","d10":0.0,"dr10":0.0,"loss10":0.0,"d20":0.0,"dr20":0.0,"loss20":0.0,"d50":0.0,"dr50":0.0,"loss50":0.0,"d100":0.0,"dr100":0.0,"loss100":0.0,"d200":0.0,"dr200":0.0,"loss200":0.0,"d500":0.0,"dr500":0.0,"loss500":0.0},"geometry":{"type":"Polygon","coordinates":[[[35.15439384374846,0.7339100664750269],[35.15978415625154,0.7339100664750269],[35.15978415625154,0.739299933524973],[35.15439384374846,0.739299933524973],[35.15439384374846,0.7339100664750269]]]}},{"type":"Feature","properties":{"id":"RFB-0946","cls":"permanent_masonry","area":112,"cost":60400,"tiv":6765000.0,"tivCsv":6765000.0,"lat":0.54556,"lon":35.24291,"where":"KE","settlement":"other","density_class":"urban","stratum":"basin","d10":0.0,"dr10":0.0,"loss10":0.0,"d20":0.0,"dr20":0.0,"loss20":0.0,"d50":0.0,"dr50":0.0,"loss50":0.0,"d100":0.0,"dr100":0.0,"loss100":0.0,"d200":0.0,"dr200":0.0,"loss200":0.0,"d500":0.0,"dr500":0.0,"loss500":0.0},"geometry":{"type":"Polygon","coordinates":[[[35.24021394430141,0.5428670664750269],[35.245604055698585,0.5428670664750269],[35.245604055698585,0.5482569335249731],[35.24021394430141,0.5482569335249731],[35.24021394430141,0.5428670664750269]]]}},{"type":"Feature","properties":{"id":"RFB-0947","cls":"informal_iron_sheet","area":12,"cost":6000,"tiv":70000.0,"tivCsv":70000.0,"lat":0.81204,"lon":34.48284,"where":"KE","settlement":"other","density_class":"peri_urban","stratum":"basin","d10":0.0,"dr10":0.0,"loss10":0.0,"d20":0.0,"dr20":0.0,"loss20":0.0,"d50":0.0,"dr50":0.0,"loss50":0.0,"d100":0.0,"dr100":0.0,"loss100":0.0,"d200":0.0,"dr200":0.0,"loss200":0.0,"d500":0.0,"dr500":0.0,"loss500":0.0},"geometry":{"type":"Polygon","coordinates":[[[34.48014579578948,0.8093460664750269],[34.48553620421052,0.8093460664750269],[34.48553620421052,0.8147359335249731],[34.48014579578948,0.8147359335249731],[34.48014579578948,0.8093460664750269]]]}},{"type":"Feature","properties":{"id":"RFB-0948","cls":"concrete_rcc","area":513,"cost":83000,"tiv":42580000.0,"tivCsv":42580000.0,"lat":-0.1322,"lon":34.7568,"where":"KE","settlement":"Kisumu","density_class":"urban","stratum":"basin","d10":0.0,"dr10":0.0,"loss10":0.0,"d20":0.0,"dr20":0.0,"loss20":0.0,"d50":0.0,"dr50":0.0,"loss50":0.0,"d100":0.0,"dr100":0.0,"loss100":0.0,"d200":0.0,"dr200":0.0,"loss200":0.0,"d500":0.0,"dr500":0.0,"loss500":0.0},"geometry":{"type":"Polygon","coordinates":[[[34.75410805930132,-0.13489593352497306],[34.75949794069867,-0.13489593352497306],[34.75949794069867,-0.12950606647502697],[34.75410805930132,-0.12950606647502697],[34.75410805930132,-0.13489593352497306]]]}},{"type":"Feature","properties":{"id":"RFB-0949","cls":"semi_permanent","area":78,"cost":12000,"tiv":935000.0,"tivCsv":935000.0,"lat":0.6394,"lon":35.01139,"where":"KE","settlement":"other","density_class":"peri_urban","stratum":"basin","d10":0.0,"dr10":0.0,"loss10":0.0,"d20":0.0,"dr20":0.0,"loss20":0.0,"d50":0.0,"dr50":0.0,"loss50":0.0,"d100":0.0,"dr100":0.0,"loss100":0.0,"d200":0.0,"dr200":0.0,"loss200":0.0,"d500":0.0,"dr500":0.0,"loss500":0.0},"geometry":{"type":"Polygon","coordinates":[[[35.00869689865886,0.636700066475027],[35.01408710134114,0.636700066475027],[35.01408710134114,0.6420899335249731],[35.00869689865886,0.6420899335249731],[35.00869689865886,0.636700066475027]]]}},{"type":"Feature","properties":{"id":"RFB-0950","cls":"permanent_masonry","area":131,"cost":49500,"tiv":6485000.0,"tivCsv":6485000.0,"lat":0.46004,"lon":34.12136,"where":"KE","settlement":"other","density_class":"urban","stratum":"basin","d10":0.0,"dr10":0.0,"loss10":0.0,"d20":0.0,"dr20":0.0,"loss20":0.0,"d50":0.0,"dr50":0.0,"loss50":0.0,"d100":0.0,"dr100":0.0,"loss100":0.0,"d200":0.0,"dr200":0.0,"loss200":0.0,"d500":0.0,"dr500":0.0,"loss500":0.0},"geometry":{"type":"Polygon","coordinates":[[[34.11866997960461,0.4573430664750269],[34.12406002039538,0.4573430664750269],[34.12406002039538,0.4627329335249731],[34.11866997960461,0.4627329335249731],[34.11866997960461,0.4573430664750269]]]}},{"type":"Feature","properties":{"id":"RFB-0951","cls":"semi_permanent","area":53,"cost":8400,"tiv":445000.0,"tivCsv":445000.0,"lat":0.84617,"lon":34.94263,"where":"KE","settlement":"other","density_class":"peri_urban","stratum":"basin","d10":0.0,"dr10":0.0,"loss10":0.0,"d20":0.0,"dr20":0.0,"loss20":0.0,"d50":0.0,"dr50":0.0,"loss50":0.0,"d100":0.0,"dr100":0.0,"loss100":0.0,"d200":0.0,"dr200":0.0,"loss200":0.0,"d500":0.0,"dr500":0.0,"loss500":0.0},"geometry":{"type":"Polygon","coordinates":[[[34.939938772556125,0.8434750664750269],[34.94532922744387,0.8434750664750269],[34.94532922744387,0.848864933524973],[34.939938772556125,0.848864933524973],[34.939938772556125,0.8434750664750269]]]}},{"type":"Feature","properties":{"id":"RFB-0952","cls":"permanent_masonry","area":102,"cost":51300,"tiv":5235000.0,"tivCsv":5235000.0,"lat":0.58878,"lon":34.54367,"where":"KE","settlement":"other","density_class":"urban","stratum":"basin","d10":0.0,"dr10":0.0,"loss10":0.0,"d20":0.0,"dr20":0.0,"loss20":0.0,"d50":0.0,"dr50":0.0,"loss50":0.0,"d100":0.0,"dr100":0.0,"loss100":0.0,"d200":0.0,"dr200":0.0,"loss200":0.0,"d500":0.0,"dr500":0.0,"loss500":0.0},"geometry":{"type":"Polygon","coordinates":[[[34.5409779241797,0.586080066475027],[34.5463680758203,0.586080066475027],[34.5463680758203,0.5914699335249731],[34.5409779241797,0.5914699335249731],[34.5409779241797,0.586080066475027]]]}},{"type":"Feature","properties":{"id":"RFB-0953","cls":"permanent_masonry","area":72,"cost":63500,"tiv":4570000.0,"tivCsv":4570000.0,"lat":0.32733,"lon":34.49446,"where":"KE","settlement":"Mumias","density_class":"urban","stratum":"basin","d10":0.0,"dr10":0.0,"loss10":0.0,"d20":0.0,"dr20":0.0,"loss20":0.0,"d50":0.0,"dr50":0.0,"loss50":0.0,"d100":0.0,"dr100":0.0,"loss100":0.0,"d200":0.0,"dr200":0.0,"loss200":0.0,"d500":0.0,"dr500":0.0,"loss500":0.0},"geometry":{"type":"Polygon","coordinates":[[[34.49176102249445,0.32463906647502694],[34.49715097750555,0.32463906647502694],[34.49715097750555,0.3300289335249731],[34.49176102249445,0.3300289335249731],[34.49176102249445,0.32463906647502694]]]}},{"type":"Feature","properties":{"id":"RFB-0954","cls":"semi_permanent","area":51,"cost":11400,"tiv":580000.0,"tivCsv":580000.0,"lat":0.50153,"lon":35.28757,"where":"KE","settlement":"other","density_class":"urban","stratum":"basin","d10":0.0,"dr10":0.0,"loss10":0.0,"d20":0.0,"dr20":0.0,"loss20":0.0,"d50":0.0,"dr50":0.0,"loss50":0.0,"d100":0.0,"dr100":0.0,"loss100":0.0,"d200":0.0,"dr200":0.0,"loss200":0.0,"d500":0.0,"dr500":0.0,"loss500":0.0},"geometry":{"type":"Polygon","coordinates":[[[35.28487996322606,0.49883806647502693],[35.29027003677393,0.49883806647502693],[35.29027003677393,0.5042279335249731],[35.28487996322606,0.5042279335249731],[35.28487996322606,0.49883806647502693]]]}},{"type":"Feature","properties":{"id":"RFB-0955","cls":"concrete_rcc","area":258,"cost":80100,"tiv":20665000.0,"tivCsv":20665000.0,"lat":0.98678,"lon":35.03442,"where":"KE","settlement":"Kitale","density_class":"peri_urban","stratum":"basin","d10":0.0,"dr10":0.0,"loss10":0.0,"d20":0.0,"dr20":0.0,"loss20":0.0,"d50":0.0,"dr50":0.0,"loss50":0.0,"d100":0.0,"dr100":0.0,"loss100":0.0,"d200":0.0,"dr200":0.0,"loss200":0.0,"d500":0.0,"dr500":0.0,"loss500":0.0},"geometry":{"type":"Polygon","coordinates":[[[35.03172666674708,0.9840820664750269],[35.037117333252915,0.9840820664750269],[35.037117333252915,0.9894719335249731],[35.03172666674708,0.9894719335249731],[35.03172666674708,0.9840820664750269]]]}},{"type":"Feature","properties":{"id":"RFB-0956","cls":"permanent_masonry","area":125,"cost":49700,"tiv":6210000.0,"tivCsv":6210000.0,"lat":0.09262,"lon":34.69951,"where":"KE","settlement":"other","density_class":"urban","stratum":"basin","d10":0.0,"dr10":0.0,"loss10":0.0,"d20":0.0,"dr20":0.0,"loss20":0.0,"d50":0.0,"dr50":0.0,"loss50":0.0,"d100":0.0,"dr100":0.0,"loss100":0.0,"d200":0.0,"dr200":0.0,"loss200":0.0,"d500":0.0,"dr500":0.0,"loss500":0.0},"geometry":{"type":"Polygon","coordinates":[[[34.69681206295366,0.08992806647502695],[34.70220193704633,0.08992806647502695],[34.70220193704633,0.09531793352497304],[34.69681206295366,0.09531793352497304],[34.69681206295366,0.08992806647502695]]]}},{"type":"Feature","properties":{"id":"RFB-0957","cls":"permanent_masonry","area":117,"cost":40600,"tiv":4750000.0,"tivCsv":4750000.0,"lat":-0.16062,"lon":34.87387,"where":"KE","settlement":"other","density_class":"peri_urban","stratum":"basin","d10":0.0,"dr10":0.0,"loss10":0.0,"d20":0.0,"dr20":0.0,"loss20":0.0,"d50":0.0,"dr50":0.0,"loss50":0.0,"d100":0.0,"dr100":0.0,"loss100":0.0,"d200":0.0,"dr200":0.0,"loss200":0.0,"d500":0.0,"dr500":0.0,"loss500":0.0},"geometry":{"type":"Polygon","coordinates":[[[34.87117305588624,-0.16330993352497306],[34.876562944113765,-0.16330993352497306],[34.876562944113765,-0.15792006647502696],[34.87117305588624,-0.15792006647502696],[34.87117305588624,-0.16330993352497306]]]}},{"type":"Feature","properties":{"id":"RFB-0958","cls":"semi_permanent","area":53,"cost":12600,"tiv":670000.0,"tivCsv":670000.0,"lat":0.69909,"lon":35.26167,"where":"KE","settlement":"other","density_class":"rural","stratum":"basin","d10":0.0,"dr10":0.0,"loss10":0.0,"d20":0.0,"dr20":0.0,"loss20":0.0,"d50":0.0,"dr50":0.0,"loss50":0.0,"d100":0.0,"dr100":0.0,"loss100":0.0,"d200":0.0,"dr200":0.0,"loss200":0.0,"d500":0.0,"dr500":0.0,"loss500":0.0},"geometry":{"type":"Polygon","coordinates":[[[35.25896986585829,0.6963960664750269],[35.26436013414171,0.6963960664750269],[35.26436013414171,0.7017859335249731],[35.25896986585829,0.7017859335249731],[35.25896986585829,0.6963960664750269]]]}},{"type":"Feature","properties":{"id":"RFB-0959","cls":"permanent_masonry","area":218,"cost":38400,"tiv":8370000.0,"tivCsv":8370000.0,"lat":0.72023,"lon":34.82325,"where":"KE","settlement":"other","density_class":"peri_urban","stratum":"basin","d10":0.0,"dr10":0.0,"loss10":0.0,"d20":0.0,"dr20":0.0,"loss20":0.0,"d50":0.0,"dr50":0.0,"loss50":0.0,"d100":0.0,"dr100":0.0,"loss100":0.0,"d200":0.0,"dr200":0.0,"loss200":0.0,"d500":0.0,"dr500":0.0,"loss500":0.0},"geometry":{"type":"Polygon","coordinates":[[[34.82055785354221,0.7175340664750269],[34.82594814645779,0.7175340664750269],[34.82594814645779,0.7229239335249731],[34.82055785354221,0.7229239335249731],[34.82055785354221,0.7175340664750269]]]}},{"type":"Feature","properties":{"id":"RFB-0960","cls":"permanent_masonry","area":129,"cost":49300,"tiv":6360000.0,"tivCsv":6360000.0,"lat":0.08781,"lon":34.63754,"where":"KE","settlement":"other","density_class":"urban","stratum":"basin","d10":0.0,"dr10":0.0,"loss10":0.0,"d20":0.0,"dr20":0.0,"loss20":0.0,"d50":0.0,"dr50":0.0,"loss50":0.0,"d100":0.0,"dr100":0.0,"loss100":0.0,"d200":0.0,"dr200":0.0,"loss200":0.0,"d500":0.0,"dr500":0.0,"loss500":0.0},"geometry":{"type":"Polygon","coordinates":[[[34.63484106330997,0.08511706647502695],[34.640230936690024,0.08511706647502695],[34.640230936690024,0.09050693352497305],[34.63484106330997,0.09050693352497305],[34.63484106330997,0.08511706647502695]]]}},{"type":"Feature","properties":{"id":"RFB-0961","cls":"semi_permanent","area":48,"cost":13900,"tiv":665000.0,"tivCsv":665000.0,"lat":0.47405,"lon":35.31057,"where":"KE","settlement":"other","density_class":"peri_urban","stratum":"basin","d10":0.0,"dr10":0.0,"loss10":0.0,"d20":0.0,"dr20":0.0,"loss20":0.0,"d50":0.0,"dr50":0.0,"loss50":0.0,"d100":0.0,"dr100":0.0,"loss100":0.0,"d200":0.0,"dr200":0.0,"loss200":0.0,"d500":0.0,"dr500":0.0,"loss500":0.0},"geometry":{"type":"Polygon","coordinates":[[[35.307875974230456,0.4713590664750269],[35.31326602576955,0.4713590664750269],[35.31326602576955,0.47674893352497305],[35.307875974230456,0.47674893352497305],[35.307875974230456,0.4713590664750269]]]}},{"type":"Feature","properties":{"id":"RFB-0962","cls":"informal_iron_sheet","area":13,"cost":7900,"tiv":105000.0,"tivCsv":105000.0,"lat":1.05163,"lon":34.82952,"where":"KE","settlement":"other","density_class":"rural","stratum":"basin","d10":0.0,"dr10":0.0,"loss10":0.0,"d20":0.0,"dr20":0.0,"loss20":0.0,"d50":0.0,"dr50":0.0,"loss50":0.0,"d100":0.0,"dr100":0.0,"loss100":0.0,"d200":0.0,"dr200":0.0,"loss200":0.0,"d500":0.0,"dr500":0.0,"loss500":0.0},"geometry":{"type":"Polygon","coordinates":[[[34.8268276124736,1.048932066475027],[34.8322183875264,1.048932066475027],[34.8322183875264,1.0543219335249732],[34.8268276124736,1.0543219335249732],[34.8268276124736,1.048932066475027]]]}},{"type":"Feature","properties":{"id":"RFB-0963","cls":"semi_permanent","area":36,"cost":11200,"tiv":405000.0,"tivCsv":405000.0,"lat":1.03469,"lon":34.97643,"where":"KE","settlement":"Kitale","density_class":"urban","stratum":"basin","d10":0.0,"dr10":0.0,"loss10":0.0,"d20":0.0,"dr20":0.0,"loss20":0.0,"d50":0.0,"dr50":0.0,"loss50":0.0,"d100":0.0,"dr100":0.0,"loss100":0.0,"d200":0.0,"dr200":0.0,"loss200":0.0,"d500":0.0,"dr500":0.0,"loss500":0.0},"geometry":{"type":"Polygon","coordinates":[[[34.97373362698167,1.031995066475027],[34.97912437301834,1.031995066475027],[34.97912437301834,1.0373849335249732],[34.97373362698167,1.0373849335249732],[34.97373362698167,1.031995066475027]]]}},{"type":"Feature","properties":{"id":"RFB-0964","cls":"semi_permanent","area":33,"cost":12600,"tiv":415000.0,"tivCsv":415000.0,"lat":-0.18742,"lon":35.11352,"where":"KE","settlement":"other","density_class":"rural","stratum":"basin","d10":0.0,"dr10":0.0,"loss10":0.0,"d20":0.0,"dr20":0.0,"loss20":0.0,"d50":0.0,"dr50":0.0,"loss50":0.0,"d100":0.0,"dr100":0.0,"loss100":0.0,"d200":0.0,"dr200":0.0,"loss200":0.0,"d500":0.0,"dr500":0.0,"loss500":0.0},"geometry":{"type":"Polygon","coordinates":[[[35.110822052056974,-0.19011493352497305],[35.11621194794303,-0.19011493352497305],[35.11621194794303,-0.18472506647502696],[35.110822052056974,-0.18472506647502696],[35.110822052056974,-0.19011493352497305]]]}},{"type":"Feature","properties":{"id":"RFB-0965","cls":"permanent_masonry","area":115,"cost":52100,"tiv":5990000.0,"tivCsv":5990000.0,"lat":0.12219,"lon":34.79006,"where":"KE","settlement":"other","density_class":"urban","stratum":"basin","d10":0.0,"dr10":0.0,"loss10":0.0,"d20":0.0,"dr20":0.0,"loss20":0.0,"d50":0.0,"dr50":0.0,"loss50":0.0,"d100":0.0,"dr100":0.0,"loss100":0.0,"d200":0.0,"dr200":0.0,"loss200":0.0,"d500":0.0,"dr500":0.0,"loss500":0.0},"geometry":{"type":"Polygon","coordinates":[[[34.78736806034676,0.11949406647502696],[34.79275793965325,0.11949406647502696],[34.79275793965325,0.12488393352497305],[34.78736806034676,0.12488393352497305],[34.78736806034676,0.11949406647502696]]]}},{"type":"Feature","properties":{"id":"RFB-0966","cls":"informal_iron_sheet","area":17,"cost":9100,"tiv":155000.0,"tivCsv":155000.0,"lat":0.38239,"lon":34.5924,"where":"KE","settlement":"other","density_class":"peri_urban","stratum":"basin","d10":0.0,"dr10":0.0,"loss10":0.0,"d20":0.0,"dr20":0.0,"loss20":0.0,"d50":0.0,"dr50":0.0,"loss50":0.0,"d100":0.0,"dr100":0.0,"loss100":0.0,"d200":0.0,"dr200":0.0,"loss200":0.0,"d500":0.0,"dr500":0.0,"loss500":0.0},"geometry":{"type":"Polygon","coordinates":[[[34.589707006455,0.3796960664750269],[34.595096993545,0.3796960664750269],[34.595096993545,0.38508593352497306],[34.589707006455,0.38508593352497306],[34.589707006455,0.3796960664750269]]]}},{"type":"Feature","properties":{"id":"RFB-0967","cls":"permanent_masonry","area":103,"cost":46900,"tiv":4830000.0,"tivCsv":4830000.0,"lat":0.8181,"lon":35.12605,"where":"KE","settlement":"other","density_class":"urban","stratum":"basin","d10":0.0,"dr10":0.0,"loss10":0.0,"d20":0.0,"dr20":0.0,"loss20":0.0,"d50":0.0,"dr50":0.0,"loss50":0.0,"d100":0.0,"dr100":0.0,"loss100":0.0,"d200":0.0,"dr200":0.0,"loss200":0.0,"d500":0.0,"dr500":0.0,"loss500":0.0},"geometry":{"type":"Polygon","coordinates":[[[35.12335079173399,0.8154060664750269],[35.128741208266014,0.8154060664750269],[35.128741208266014,0.820795933524973],[35.12335079173399,0.820795933524973],[35.12335079173399,0.8154060664750269]]]}},{"type":"Feature","properties":{"id":"RFB-0968","cls":"semi_permanent","area":42,"cost":9900,"tiv":415000.0,"tivCsv":415000.0,"lat":-0.09087,"lon":34.85234,"where":"KE","settlement":"Kisumu","density_class":"rural","stratum":"basin","d10":0.0,"dr10":0.0,"loss10":0.0,"d20":0.0,"dr20":0.0,"loss20":0.0,"d50":0.0,"dr50":0.0,"loss50":0.0,"d100":0.0,"dr100":0.0,"loss100":0.0,"d200":0.0,"dr200":0.0,"loss200":0.0,"d500":0.0,"dr500":0.0,"loss500":0.0},"geometry":{"type":"Polygon","coordinates":[[[34.84964406308592,-0.09356193352497305],[34.85503393691408,-0.09356193352497305],[34.85503393691408,-0.08817206647502696],[34.84964406308592,-0.08817206647502696],[34.84964406308592,-0.09356193352497305]]]}},{"type":"Feature","properties":{"id":"RFB-0969","cls":"permanent_masonry","area":156,"cost":45300,"tiv":7065000.0,"tivCsv":7065000.0,"lat":0.52781,"lon":35.2433,"where":"KE","settlement":"other","density_class":"urban","stratum":"basin","d10":0.0,"dr10":0.0,"loss10":0.0,"d20":0.0,"dr20":0.0,"loss20":0.0,"d50":0.0,"dr50":0.0,"loss50":0.0,"d100":0.0,"dr100":0.0,"loss100":0.0,"d200":0.0,"dr200":0.0,"loss200":0.0,"d500":0.0,"dr500":0.0,"loss500":0.0},"geometry":{"type":"Polygon","coordinates":[[[35.24060795212486,0.5251110664750269],[35.24599804787513,0.5251110664750269],[35.24599804787513,0.5305009335249731],[35.24060795212486,0.5305009335249731],[35.24060795212486,0.5251110664750269]]]}},{"type":"Feature","properties":{"id":"RFB-0970","cls":"permanent_masonry","area":246,"cost":50900,"tiv":12520000.0,"tivCsv":12520000.0,"lat":0.56325,"lon":34.55944,"where":"KE","settlement":"other","density_class":"urban","stratum":"basin","d10":0.0,"dr10":0.0,"loss10":0.0,"d20":0.0,"dr20":0.0,"loss20":0.0,"d50":0.0,"dr50":0.0,"loss50":0.0,"d100":0.0,"dr100":0.0,"loss100":0.0,"d200":0.0,"dr200":0.0,"loss200":0.0,"d500":0.0,"dr500":0.0,"loss500":0.0},"geometry":{"type":"Polygon","coordinates":[[[34.55674593624914,0.5605580664750269],[34.562136063750856,0.5605580664750269],[34.562136063750856,0.5659479335249731],[34.55674593624914,0.5659479335249731],[34.55674593624914,0.5605580664750269]]]}},{"type":"Feature","properties":{"id":"RFB-0971","cls":"permanent_masonry","area":158,"cost":50600,"tiv":7995000.0,"tivCsv":7995000.0,"lat":0.05653,"lon":34.4394,"where":"KE","settlement":"other","density_class":"peri_urban","stratum":"basin","d10":0.0,"dr10":0.0,"loss10":0.0,"d20":0.0,"dr20":0.0,"loss20":0.0,"d50":0.0,"dr50":0.0,"loss50":0.0,"d100":0.0,"dr100":0.0,"loss100":0.0,"d200":0.0,"dr200":0.0,"loss200":0.0,"d500":0.0,"dr500":0.0,"loss500":0.0},"geometry":{"type":"Polygon","coordinates":[[[34.43670806516343,0.053833066475026954],[34.44209793483657,0.053833066475026954],[34.44209793483657,0.05922293352497305],[34.43670806516343,0.05922293352497305],[34.43670806516343,0.053833066475026954]]]}},{"type":"Feature","properties":{"id":"RFB-0972","cls":"semi_permanent","area":55,"cost":14000,"tiv":770000.0,"tivCsv":770000.0,"lat":0.02993,"lon":34.62723,"where":"KE","settlement":"other","density_class":"urban","stratum":"basin","d10":0.0,"dr10":0.0,"loss10":0.0,"d20":0.0,"dr20":0.0,"loss20":0.0,"d50":0.0,"dr50":0.0,"loss50":0.0,"d100":0.0,"dr100":0.0,"loss100":0.0,"d200":0.0,"dr200":0.0,"loss200":0.0,"d500":0.0,"dr500":0.0,"loss500":0.0},"geometry":{"type":"Polygon","coordinates":[[[34.62453506610721,0.02724006647502695],[34.62992493389279,0.02724006647502695],[34.62992493389279,0.03262993352497305],[34.62453506610721,0.03262993352497305],[34.62453506610721,0.02724006647502695]]]}},{"type":"Feature","properties":{"id":"RFB-0973","cls":"permanent_masonry","area":220,"cost":47800,"tiv":10515000.0,"tivCsv":10515000.0,"lat":1.18181,"lon":35.11437,"where":"KE","settlement":"other","density_class":"peri_urban","stratum":"basin","d10":0.0,"dr10":0.0,"loss10":0.0,"d20":0.0,"dr20":0.0,"loss20":0.0,"d50":0.0,"dr50":0.0,"loss50":0.0,"d100":0.0,"dr100":0.0,"loss100":0.0,"d200":0.0,"dr200":0.0,"loss200":0.0,"d500":0.0,"dr500":0.0,"loss500":0.0},"geometry":{"type":"Polygon","coordinates":[[[35.11167849308969,1.179117066475027],[35.117069506910305,1.179117066475027],[35.117069506910305,1.1845069335249732],[35.11167849308969,1.1845069335249732],[35.11167849308969,1.179117066475027]]]}},{"type":"Feature","properties":{"id":"RFB-0974","cls":"semi_permanent","area":41,"cost":14700,"tiv":605000.0,"tivCsv":605000.0,"lat":0.31757,"lon":34.2776,"where":"KE","settlement":"Busia","density_class":"peri_urban","stratum":"basin","d10":0.0,"dr10":0.0,"loss10":0.0,"d20":0.0,"dr20":0.0,"loss20":0.0,"d50":0.0,"dr50":0.0,"loss50":0.0,"d100":0.0,"dr100":0.0,"loss100":0.0,"d200":0.0,"dr200":0.0,"loss200":0.0,"d500":0.0,"dr500":0.0,"loss500":0.0},"geometry":{"type":"Polygon","coordinates":[[[34.274906025077826,0.3148800664750269],[34.28029597492217,0.3148800664750269],[34.28029597492217,0.32026993352497307],[34.274906025077826,0.32026993352497307],[34.274906025077826,0.3148800664750269]]]}},{"type":"Feature","properties":{"id":"RFB-0975","cls":"concrete_rcc","area":544,"cost":81200,"tiv":44175000.0,"tivCsv":44175000.0,"lat":0.54907,"lon":35.23708,"where":"KE","settlement":"other","density_class":"urban","stratum":"basin","d10":0.0,"dr10":0.0,"loss10":0.0,"d20":0.0,"dr20":0.0,"loss20":0.0,"d50":0.0,"dr50":0.0,"loss50":0.0,"d100":0.0,"dr100":0.0,"loss100":0.0,"d200":0.0,"dr200":0.0,"loss200":0.0,"d500":0.0,"dr500":0.0,"loss500":0.0},"geometry":{"type":"Polygon","coordinates":[[[35.23438894272333,0.5463790664750269],[35.23977905727668,0.5463790664750269],[35.23977905727668,0.551768933524973],[35.23438894272333,0.551768933524973],[35.23438894272333,0.5463790664750269]]]}},{"type":"Feature","properties":{"id":"RFB-0976","cls":"concrete_rcc","area":869,"cost":71000,"tiv":61700000.0,"tivCsv":61700000.0,"lat":-0.15898,"lon":35.06428,"where":"KE","settlement":"other","density_class":"peri_urban","stratum":"basin","d10":0.0,"dr10":0.0,"loss10":0.0,"d20":0.0,"dr20":0.0,"loss20":0.0,"d50":0.0,"dr50":0.0,"loss50":0.0,"d100":0.0,"dr100":0.0,"loss100":0.0,"d200":0.0,"dr200":0.0,"loss200":0.0,"d500":0.0,"dr500":0.0,"loss500":0.0},"geometry":{"type":"Polygon","coordinates":[[[35.06158805610098,-0.16167293352497306],[35.066977943899026,-0.16167293352497306],[35.066977943899026,-0.15628306647502696],[35.06158805610098,-0.15628306647502696],[35.06158805610098,-0.16167293352497306]]]}},{"type":"Feature","properties":{"id":"RFB-0977","cls":"informal_iron_sheet","area":18,"cost":6400,"tiv":115000.0,"tivCsv":115000.0,"lat":0.58275,"lon":34.82393,"where":"KE","settlement":"Webuye","density_class":"peri_urban","stratum":"basin","d10":0.0,"dr10":0.0,"loss10":0.0,"d20":0.0,"dr20":0.0,"loss20":0.0,"d50":0.0,"dr50":0.0,"loss50":0.0,"d100":0.0,"dr100":0.0,"loss100":0.0,"d200":0.0,"dr200":0.0,"loss200":0.0,"d500":0.0,"dr500":0.0,"loss500":0.0},"geometry":{"type":"Polygon","coordinates":[[[34.821231927077655,0.5800540664750269],[34.82662207292234,0.5800540664750269],[34.82662207292234,0.585443933524973],[34.821231927077655,0.585443933524973],[34.821231927077655,0.5800540664750269]]]}},{"type":"Feature","properties":{"id":"RFB-0978","cls":"informal_iron_sheet","area":17,"cost":9600,"tiv":165000.0,"tivCsv":165000.0,"lat":0.59534,"lon":34.77886,"where":"KE","settlement":"Webuye","density_class":"urban","stratum":"basin","d10":0.0,"dr10":0.0,"loss10":0.0,"d20":0.0,"dr20":0.0,"loss20":0.0,"d50":0.0,"dr50":0.0,"loss50":0.0,"d100":0.0,"dr100":0.0,"loss100":0.0,"d200":0.0,"dr200":0.0,"loss200":0.0,"d500":0.0,"dr500":0.0,"loss500":0.0},"geometry":{"type":"Polygon","coordinates":[[[34.776167920989586,0.592643066475027],[34.781558079010416,0.592643066475027],[34.781558079010416,0.5980329335249731],[34.776167920989586,0.5980329335249731],[34.776167920989586,0.592643066475027]]]}},{"type":"Feature","properties":{"id":"RFB-0979","cls":"informal_iron_sheet","area":17,"cost":8500,"tiv":145000.0,"tivCsv":145000.0,"lat":0.19596,"lon":34.42802,"where":"KE","settlement":"other","density_class":"peri_urban","stratum":"basin","d10":0.0,"dr10":0.0,"loss10":0.0,"d20":0.0,"dr20":0.0,"loss20":0.0,"d50":0.0,"dr50":0.0,"loss50":0.0,"d100":0.0,"dr100":0.0,"loss100":0.0,"d200":0.0,"dr200":0.0,"loss200":0.0,"d500":0.0,"dr500":0.0,"loss500":0.0},"geometry":{"type":"Polygon","coordinates":[[[34.42533005071244,0.19326906647502695],[34.43071994928756,0.19326906647502695],[34.43071994928756,0.19865893352497305],[34.42533005071244,0.19865893352497305],[34.42533005071244,0.19326906647502695]]]}},{"type":"Feature","properties":{"id":"RFB-0980","cls":"permanent_masonry","area":235,"cost":55400,"tiv":13020000.0,"tivCsv":13020000.0,"lat":-0.08644,"lon":34.78036,"where":"KE","settlement":"Kisumu","density_class":"urban","stratum":"basin","d10":0.0,"dr10":0.0,"loss10":0.0,"d20":0.0,"dr20":0.0,"loss20":0.0,"d50":0.0,"dr50":0.0,"loss50":0.0,"d100":0.0,"dr100":0.0,"loss100":0.0,"d200":0.0,"dr200":0.0,"loss200":0.0,"d500":0.0,"dr500":0.0,"loss500":0.0},"geometry":{"type":"Polygon","coordinates":[[[34.77766306340782,-0.08913893352497304],[34.78305293659218,-0.08913893352497304],[34.78305293659218,-0.08374906647502695],[34.77766306340782,-0.08374906647502695],[34.77766306340782,-0.08913893352497304]]]}},{"type":"Feature","properties":{"id":"RFB-0981","cls":"informal_iron_sheet","area":15,"cost":6800,"tiv":100000.0,"tivCsv":100000.0,"lat":0.2139,"lon":34.59394,"where":"KE","settlement":"other","density_class":"peri_urban","stratum":"basin","d10":0.0,"dr10":0.0,"loss10":0.0,"d20":0.0,"dr20":0.0,"loss20":0.0,"d50":0.0,"dr50":0.0,"loss50":0.0,"d100":0.0,"dr100":0.0,"loss100":0.0,"d200":0.0,"dr200":0.0,"loss200":0.0,"d500":0.0,"dr500":0.0,"loss500":0.0},"geometry":{"type":"Polygon","coordinates":[[[34.591245047695146,0.21120406647502696],[34.59663495230486,0.21120406647502696],[34.59663495230486,0.21659393352497305],[34.591245047695146,0.21659393352497305],[34.591245047695146,0.21120406647502696]]]}},{"type":"Feature","properties":{"id":"RFB-0982","cls":"permanent_masonry","area":88,"cost":47000,"tiv":4135000.0,"tivCsv":4135000.0,"lat":0.31464,"lon":34.76052,"where":"KE","settlement":"other","density_class":"urban","stratum":"basin","d10":0.0,"dr10":0.0,"loss10":0.0,"d20":0.0,"dr20":0.0,"loss20":0.0,"d50":0.0,"dr50":0.0,"loss50":0.0,"d100":0.0,"dr100":0.0,"loss100":0.0,"d200":0.0,"dr200":0.0,"loss200":0.0,"d500":0.0,"dr500":0.0,"loss500":0.0},"geometry":{"type":"Polygon","coordinates":[[[34.757827025838964,0.3119470664750269],[34.76321697416104,0.3119470664750269],[34.76321697416104,0.31733693352497305],[34.757827025838964,0.31733693352497305],[34.757827025838964,0.3119470664750269]]]}},{"type":"Feature","properties":{"id":"RFB-0983","cls":"permanent_masonry","area":75,"cost":49800,"tiv":3735000.0,"tivCsv":3735000.0,"lat":0.8875,"lon":35.00986,"where":"KE","settlement":"other","density_class":"peri_urban","stratum":"basin","d10":0.0,"dr10":0.0,"loss10":0.0,"d20":0.0,"dr20":0.0,"loss20":0.0,"d50":0.0,"dr50":0.0,"loss50":0.0,"d100":0.0,"dr100":0.0,"loss100":0.0,"d200":0.0,"dr200":0.0,"loss200":0.0,"d500":0.0,"dr500":0.0,"loss500":0.0},"geometry":{"type":"Polygon","coordinates":[[[35.00716774314278,0.8848010664750269],[35.012558256857226,0.8848010664750269],[35.012558256857226,0.890190933524973],[35.00716774314278,0.890190933524973],[35.00716774314278,0.8848010664750269]]]}},{"type":"Feature","properties":{"id":"RFB-0984","cls":"permanent_masonry","area":272,"cost":50900,"tiv":13845000.0,"tivCsv":13845000.0,"lat":0.64919,"lon":34.65255,"where":"KE","settlement":"other","density_class":"peri_urban","stratum":"basin","d10":0.0,"dr10":0.0,"loss10":0.0,"d20":0.0,"dr20":0.0,"loss20":0.0,"d50":0.0,"dr50":0.0,"loss50":0.0,"d100":0.0,"dr100":0.0,"loss100":0.0,"d200":0.0,"dr200":0.0,"loss200":0.0,"d500":0.0,"dr500":0.0,"loss500":0.0},"geometry":{"type":"Polygon","coordinates":[[[34.64985489347599,0.646498066475027],[34.655245106524006,0.646498066475027],[34.655245106524006,0.6518879335249731],[34.64985489347599,0.6518879335249731],[34.64985489347599,0.646498066475027]]]}},{"type":"Feature","properties":{"id":"RFB-0985","cls":"semi_permanent","area":38,"cost":14700,"tiv":560000.0,"tivCsv":560000.0,"lat":0.04263,"lon":34.38795,"where":"KE","settlement":"other","density_class":"peri_urban","stratum":"basin","d10":0.0,"dr10":0.0,"loss10":0.0,"d20":0.0,"dr20":0.0,"loss20":0.0,"d50":0.0,"dr50":0.0,"loss50":0.0,"d100":0.0,"dr100":0.0,"loss100":0.0,"d200":0.0,"dr200":0.0,"loss200":0.0,"d500":0.0,"dr500":0.0,"loss500":0.0},"geometry":{"type":"Polygon","coordinates":[[[34.38525606572891,0.03994006647502695],[34.39064593427109,0.03994006647502695],[34.39064593427109,0.04532993352497305],[34.38525606572891,0.04532993352497305],[34.38525606572891,0.03994006647502695]]]}},{"type":"Feature","properties":{"id":"RFB-0986","cls":"informal_iron_sheet","area":22,"cost":6700,"tiv":145000.0,"tivCsv":145000.0,"lat":0.85123,"lon":34.85516,"where":"KE","settlement":"other","density_class":"peri_urban","stratum":"basin","d10":0.0,"dr10":0.0,"loss10":0.0,"d20":0.0,"dr20":0.0,"loss20":0.0,"d50":0.0,"dr50":0.0,"loss50":0.0,"d100":0.0,"dr100":0.0,"loss100":0.0,"d200":0.0,"dr200":0.0,"loss200":0.0,"d500":0.0,"dr500":0.0,"loss500":0.0},"geometry":{"type":"Polygon","coordinates":[[[34.852469769027294,0.848539066475027],[34.857860230972705,0.848539066475027],[34.857860230972705,0.8539289335249731],[34.852469769027294,0.8539289335249731],[34.852469769027294,0.848539066475027]]]}},{"type":"Feature","properties":{"id":"RFB-0987","cls":"permanent_masonry","area":246,"cost":50600,"tiv":12450000.0,"tivCsv":12450000.0,"lat":-0.11149,"lon":34.78241,"where":"KE","settlement":"Kisumu","density_class":"urban","stratum":"basin","d10":0.0,"dr10":0.0,"loss10":0.0,"d20":0.0,"dr20":0.0,"loss20":0.0,"d50":0.0,"dr50":0.0,"loss50":0.0,"d100":0.0,"dr100":0.0,"loss100":0.0,"d200":0.0,"dr200":0.0,"loss200":0.0,"d500":0.0,"dr500":0.0,"loss500":0.0},"geometry":{"type":"Polygon","coordinates":[[[34.77971606137343,-0.11417993352497305],[34.78510593862658,-0.11417993352497305],[34.78510593862658,-0.10879006647502695],[34.77971606137343,-0.10879006647502695],[34.77971606137343,-0.11417993352497305]]]}},{"type":"Feature","properties":{"id":"RFB-0988","cls":"semi_permanent","area":38,"cost":10700,"tiv":405000.0,"tivCsv":405000.0,"lat":-0.1227,"lon":34.76091,"where":"KE","settlement":"Kisumu","density_class":"urban","stratum":"basin","d10":0.0,"dr10":0.0,"loss10":0.0,"d20":0.0,"dr20":0.0,"loss20":0.0,"d50":0.0,"dr50":0.0,"loss50":0.0,"d100":0.0,"dr100":0.0,"loss100":0.0,"d200":0.0,"dr200":0.0,"loss200":0.0,"d500":0.0,"dr500":0.0,"loss500":0.0},"geometry":{"type":"Polygon","coordinates":[[[34.75821406029529,-0.12539593352497305],[34.76360393970471,-0.12539593352497305],[34.76360393970471,-0.12000606647502696],[34.75821406029529,-0.12000606647502696],[34.75821406029529,-0.12539593352497305]]]}},{"type":"Feature","properties":{"id":"RFB-0989","cls":"semi_permanent","area":75,"cost":14700,"tiv":1100000.0,"tivCsv":1100000.0,"lat":0.22228,"lon":35.35603,"where":"KE","settlement":"other","density_class":"rural","stratum":"basin","d10":0.0,"dr10":0.0,"loss10":0.0,"d20":0.0,"dr20":0.0,"loss20":0.0,"d50":0.0,"dr50":0.0,"loss50":0.0,"d100":0.0,"dr100":0.0,"loss100":0.0,"d200":0.0,"dr200":0.0,"loss200":0.0,"d500":0.0,"dr500":0.0,"loss500":0.0},"geometry":{"type":"Polygon","coordinates":[[[35.35333404619409,0.21958806647502696],[35.35872395380591,0.21958806647502696],[35.35872395380591,0.22497793352497306],[35.35333404619409,0.22497793352497306],[35.35333404619409,0.21958806647502696]]]}},{"type":"Feature","properties":{"id":"RFB-0990","cls":"permanent_masonry","area":186,"cost":47200,"tiv":8780000.0,"tivCsv":8780000.0,"lat":0.59827,"lon":35.14681,"where":"KE","settlement":"other","density_class":"peri_urban","stratum":"basin","d10":0.0,"dr10":0.0,"loss10":0.0,"d20":0.0,"dr20":0.0,"loss20":0.0,"d50":0.0,"dr50":0.0,"loss50":0.0,"d100":0.0,"dr100":0.0,"loss100":0.0,"d200":0.0,"dr200":0.0,"loss200":0.0,"d500":0.0,"dr500":0.0,"loss500":0.0},"geometry":{"type":"Polygon","coordinates":[[[35.14411291955101,0.5955790664750269],[35.14950308044899,0.5955790664750269],[35.14950308044899,0.600968933524973],[35.14411291955101,0.600968933524973],[35.14411291955101,0.5955790664750269]]]}},{"type":"Feature","properties":{"id":"RFB-0991","cls":"informal_iron_sheet","area":20,"cost":7200,"tiv":145000.0,"tivCsv":145000.0,"lat":-0.09277,"lon":34.88252,"where":"KE","settlement":"other","density_class":"rural","stratum":"basin","d10":0.0,"dr10":0.0,"loss10":0.0,"d20":0.0,"dr20":0.0,"loss20":0.0,"d50":0.0,"dr50":0.0,"loss50":0.0,"d100":0.0,"dr100":0.0,"loss100":0.0,"d200":0.0,"dr200":0.0,"loss200":0.0,"d500":0.0,"dr500":0.0,"loss500":0.0},"geometry":{"type":"Polygon","coordinates":[[[34.879829062942704,-0.09546193352497305],[34.88521893705729,-0.09546193352497305],[34.88521893705729,-0.09007206647502695],[34.879829062942704,-0.09007206647502695],[34.879829062942704,-0.09546193352497305]]]}},{"type":"Feature","properties":{"id":"RFB-0992","cls":"concrete_rcc","area":150,"cost":62100,"tiv":9315000.0,"tivCsv":9315000.0,"lat":0.05398,"lon":35.27432,"where":"KE","settlement":"other","density_class":"peri_urban","stratum":"basin","d10":0.0,"dr10":0.0,"loss10":0.0,"d20":0.0,"dr20":0.0,"loss20":0.0,"d50":0.0,"dr50":0.0,"loss50":0.0,"d100":0.0,"dr100":0.0,"loss100":0.0,"d200":0.0,"dr200":0.0,"loss200":0.0,"d500":0.0,"dr500":0.0,"loss500":0.0},"geometry":{"type":"Polygon","coordinates":[[[35.271623065278966,0.051286066475026953],[35.277012934721036,0.051286066475026953],[35.277012934721036,0.05667593352497305],[35.271623065278966,0.05667593352497305],[35.271623065278966,0.051286066475026953]]]}},{"type":"Feature","properties":{"id":"RFB-0993","cls":"permanent_masonry","area":132,"cost":56000,"tiv":7390000.0,"tivCsv":7390000.0,"lat":0.10737,"lon":34.47061,"where":"KE","settlement":"other","density_class":"peri_urban","stratum":"basin","d10":0.0,"dr10":0.0,"loss10":0.0,"d20":0.0,"dr20":0.0,"loss20":0.0,"d50":0.0,"dr50":0.0,"loss50":0.0,"d100":0.0,"dr100":0.0,"loss100":0.0,"d200":0.0,"dr200":0.0,"loss200":0.0,"d500":0.0,"dr500":0.0,"loss500":0.0},"geometry":{"type":"Polygon","coordinates":[[[34.46791906174308,0.10467506647502695],[34.47330893825691,0.10467506647502695],[34.47330893825691,0.11006493352497304],[34.46791906174308,0.11006493352497304],[34.46791906174308,0.10467506647502695]]]}},{"type":"Feature","properties":{"id":"RFB-0994","cls":"informal_iron_sheet","area":11,"cost":7800,"tiv":85000.0,"tivCsv":85000.0,"lat":0.84336,"lon":35.15346,"where":"KE","settlement":"other","density_class":"peri_urban","stratum":"basin","d10":0.0,"dr10":0.0,"loss10":0.0,"d20":0.0,"dr20":0.0,"loss20":0.0,"d50":0.0,"dr50":0.0,"loss50":0.0,"d100":0.0,"dr100":0.0,"loss100":0.0,"d200":0.0,"dr200":0.0,"loss200":0.0,"d500":0.0,"dr500":0.0,"loss500":0.0},"geometry":{"type":"Polygon","coordinates":[[[35.150760774507255,0.840662066475027],[35.15615122549274,0.840662066475027],[35.15615122549274,0.8460519335249731],[35.150760774507255,0.8460519335249731],[35.150760774507255,0.840662066475027]]]}},{"type":"Feature","properties":{"id":"RFB-0995","cls":"informal_iron_sheet","area":11,"cost":5600,"tiv":60000.0,"tivCsv":60000.0,"lat":0.25204,"lon":34.54837,"where":"KE","settlement":"Mumias","density_class":"peri_urban","stratum":"basin","d10":0.0,"dr10":0.0,"loss10":0.0,"d20":0.0,"dr20":0.0,"loss20":0.0,"d50":0.0,"dr50":0.0,"loss50":0.0,"d100":0.0,"dr100":0.0,"loss100":0.0,"d200":0.0,"dr200":0.0,"loss200":0.0,"d500":0.0,"dr500":0.0,"loss500":0.0},"geometry":{"type":"Polygon","coordinates":[[[34.54567604040016,0.24934706647502694],[34.551065959599846,0.24934706647502694],[34.551065959599846,0.25473693352497306],[34.54567604040016,0.25473693352497306],[34.54567604040016,0.24934706647502694]]]}},{"type":"Feature","properties":{"id":"RFB-0996","cls":"permanent_masonry","area":158,"cost":46200,"tiv":7300000.0,"tivCsv":7300000.0,"lat":0.02578,"lon":34.60058,"where":"KE","settlement":"other","density_class":"urban","stratum":"basin","d10":0.0,"dr10":0.0,"loss10":0.0,"d20":0.0,"dr20":0.0,"loss20":0.0,"d50":0.0,"dr50":0.0,"loss50":0.0,"d100":0.0,"dr100":0.0,"loss100":0.0,"d200":0.0,"dr200":0.0,"loss200":0.0,"d500":0.0,"dr500":0.0,"loss500":0.0},"geometry":{"type":"Polygon","coordinates":[[[34.59788806620223,0.02308506647502695],[34.60327793379777,0.02308506647502695],[34.60327793379777,0.028474933524973052],[34.59788806620223,0.028474933524973052],[34.59788806620223,0.02308506647502695]]]}},{"type":"Feature","properties":{"id":"RFB-0997","cls":"semi_permanent","area":41,"cost":8900,"tiv":365000.0,"tivCsv":365000.0,"lat":0.70084,"lon":35.32261,"where":"KE","settlement":"other","density_class":"rural","stratum":"basin","d10":0.0,"dr10":0.0,"loss10":0.0,"d20":0.0,"dr20":0.0,"loss20":0.0,"d50":0.0,"dr50":0.0,"loss50":0.0,"d100":0.0,"dr100":0.0,"loss100":0.0,"d200":0.0,"dr200":0.0,"loss200":0.0,"d500":0.0,"dr500":0.0,"loss500":0.0},"geometry":{"type":"Polygon","coordinates":[[[35.319912864853734,0.6981440664750269],[35.32530313514627,0.6981440664750269],[35.32530313514627,0.7035339335249731],[35.319912864853734,0.7035339335249731],[35.319912864853734,0.6981440664750269]]]}},{"type":"Feature","properties":{"id":"RFB-0998","cls":"semi_permanent","area":71,"cost":10400,"tiv":740000.0,"tivCsv":740000.0,"lat":0.64649,"lon":35.02339,"where":"KE","settlement":"other","density_class":"peri_urban","stratum":"basin","d10":0.0,"dr10":0.0,"loss10":0.0,"d20":0.0,"dr20":0.0,"loss20":0.0,"d50":0.0,"dr50":0.0,"loss50":0.0,"d100":0.0,"dr100":0.0,"loss100":0.0,"d200":0.0,"dr200":0.0,"loss200":0.0,"d500":0.0,"dr500":0.0,"loss500":0.0},"geometry":{"type":"Polygon","coordinates":[[[35.02069489491155,0.6437990664750269],[35.02608510508845,0.6437990664750269],[35.02608510508845,0.6491889335249731],[35.02069489491155,0.6491889335249731],[35.02069489491155,0.6437990664750269]]]}},{"type":"Feature","properties":{"id":"RFB-0999","cls":"semi_permanent","area":39,"cost":12100,"tiv":470000.0,"tivCsv":470000.0,"lat":0.46853,"lon":34.22376,"where":"KE","settlement":"Busia","density_class":"peri_urban","stratum":"basin","d10":0.0,"dr10":0.0,"loss10":0.0,"d20":0.0,"dr20":0.0,"loss20":0.0,"d50":0.0,"dr50":0.0,"loss50":0.0,"d100":0.0,"dr100":0.0,"loss100":0.0,"d200":0.0,"dr200":0.0,"loss200":0.0,"d500":0.0,"dr500":0.0,"loss500":0.0},"geometry":{"type":"Polygon","coordinates":[[[34.22106197636932,0.4658310664750269],[34.22645202363068,0.4658310664750269],[34.22645202363068,0.4712209335249731],[34.22106197636932,0.4712209335249731],[34.22106197636932,0.4658310664750269]]]}},{"type":"Feature","properties":{"id":"RFB-1000","cls":"concrete_rcc","area":625,"cost":75200,"tiv":47000000.0,"tivCsv":47000000.0,"lat":0.04478,"lon":34.72557,"where":"KE","settlement":"other","density_class":"urban","stratum":"basin","d10":0.0,"dr10":0.0,"loss10":0.0,"d20":0.0,"dr20":0.0,"loss20":0.0,"d50":0.0,"dr50":0.0,"loss50":0.0,"d100":0.0,"dr100":0.0,"loss100":0.0,"d200":0.0,"dr200":0.0,"loss200":0.0,"d500":0.0,"dr500":0.0,"loss500":0.0},"geometry":{"type":"Polygon","coordinates":[[[34.72287206565195,0.04208506647502695],[34.72826193434805,0.04208506647502695],[34.72826193434805,0.04747493352497305],[34.72287206565195,0.04747493352497305],[34.72287206565195,0.04208506647502695]]]}},{"type":"Feature","properties":{"id":"RFB-1001","cls":"informal_iron_sheet","area":22,"cost":8900,"tiv":195000.0,"tivCsv":195000.0,"lat":0.96474,"lon":35.31334,"where":"KE","settlement":"other","density_class":"peri_urban","stratum":"basin","d10":0.0,"dr10":0.0,"loss10":0.0,"d20":0.0,"dr20":0.0,"loss20":0.0,"d50":0.0,"dr50":0.0,"loss50":0.0,"d100":0.0,"dr100":0.0,"loss100":0.0,"d200":0.0,"dr200":0.0,"loss200":0.0,"d500":0.0,"dr500":0.0,"loss500":0.0},"geometry":{"type":"Polygon","coordinates":[[[35.31064668440667,0.962041066475027],[35.31603731559333,0.962041066475027],[35.31603731559333,0.9674309335249731],[35.31064668440667,0.9674309335249731],[35.31064668440667,0.962041066475027]]]}},{"type":"Feature","properties":{"id":"RFB-1002","cls":"semi_permanent","area":40,"cost":12300,"tiv":490000.0,"tivCsv":490000.0,"lat":0.14567,"lon":34.79512,"where":"KE","settlement":"other","density_class":"peri_urban","stratum":"basin","d10":0.0,"dr10":0.0,"loss10":0.0,"d20":0.0,"dr20":0.0,"loss20":0.0,"d50":0.0,"dr50":0.0,"loss50":0.0,"d100":0.0,"dr100":0.0,"loss100":0.0,"d200":0.0,"dr200":0.0,"loss200":0.0,"d500":0.0,"dr500":0.0,"loss500":0.0},"geometry":{"type":"Polygon","coordinates":[[[34.792428057764866,0.14297706647502695],[34.79781794223513,0.14297706647502695],[34.79781794223513,0.14836693352497304],[34.792428057764866,0.14836693352497304],[34.792428057764866,0.14297706647502695]]]}},{"type":"Feature","properties":{"id":"RFB-1003","cls":"informal_iron_sheet","area":15,"cost":9200,"tiv":140000.0,"tivCsv":140000.0,"lat":0.29763,"lon":35.23427,"where":"KE","settlement":"other","density_class":"rural","stratum":"basin","d10":0.0,"dr10":0.0,"loss10":0.0,"d20":0.0,"dr20":0.0,"loss20":0.0,"d50":0.0,"dr50":0.0,"loss50":0.0,"d100":0.0,"dr100":0.0,"loss100":0.0,"d200":0.0,"dr200":0.0,"loss200":0.0,"d500":0.0,"dr500":0.0,"loss500":0.0},"geometry":{"type":"Polygon","coordinates":[[[35.2315730301154,0.2949310664750269],[35.2369629698846,0.2949310664750269],[35.2369629698846,0.3003209335249731],[35.2315730301154,0.3003209335249731],[35.2315730301154,0.2949310664750269]]]}},{"type":"Feature","properties":{"id":"RFB-1004","cls":"permanent_masonry","area":71,"cost":47900,"tiv":3400000.0,"tivCsv":3400000.0,"lat":0.14019,"lon":34.88972,"where":"KE","settlement":"other","density_class":"peri_urban","stratum":"basin","d10":0.0,"dr10":0.0,"loss10":0.0,"d20":0.0,"dr20":0.0,"loss20":0.0,"d50":0.0,"dr50":0.0,"loss50":0.0,"d100":0.0,"dr100":0.0,"loss100":0.0,"d200":0.0,"dr200":0.0,"loss200":0.0,"d500":0.0,"dr500":0.0,"loss500":0.0},"geometry":{"type":"Polygon","coordinates":[[[34.88702605840822,0.13749406647502696],[34.892415941591786,0.13749406647502696],[34.892415941591786,0.14288393352497306],[34.88702605840822,0.14288393352497306],[34.88702605840822,0.13749406647502696]]]}},{"type":"Feature","properties":{"id":"RFB-1005","cls":"permanent_masonry","area":266,"cost":42700,"tiv":11360000.0,"tivCsv":11360000.0,"lat":0.81889,"lon":34.6035,"where":"KE","settlement":"other","density_class":"peri_urban","stratum":"basin","d10":0.0,"dr10":0.0,"loss10":0.0,"d20":0.0,"dr20":0.0,"loss20":0.0,"d50":0.0,"dr50":0.0,"loss50":0.0,"d100":0.0,"dr100":0.0,"loss100":0.0,"d200":0.0,"dr200":0.0,"loss200":0.0,"d500":0.0,"dr500":0.0,"loss500":0.0},"geometry":{"type":"Polygon","coordinates":[[[34.600802791203755,0.8161950664750269],[34.60619320879625,0.8161950664750269],[34.60619320879625,0.8215849335249731],[34.600802791203755,0.8215849335249731],[34.600802791203755,0.8161950664750269]]]}},{"type":"Feature","properties":{"id":"RFB-1006","cls":"permanent_masonry","area":111,"cost":55200,"tiv":6125000.0,"tivCsv":6125000.0,"lat":-0.15515,"lon":34.8214,"where":"KE","settlement":"Kisumu","density_class":"peri_urban","stratum":"basin","d10":0.0,"dr10":0.0,"loss10":0.0,"d20":0.0,"dr20":0.0,"loss20":0.0,"d50":0.0,"dr50":0.0,"loss50":0.0,"d100":0.0,"dr100":0.0,"loss100":0.0,"d200":0.0,"dr200":0.0,"loss200":0.0,"d500":0.0,"dr500":0.0,"loss500":0.0},"geometry":{"type":"Polygon","coordinates":[[[34.818703056594686,-0.15784393352497306],[34.82409294340532,-0.15784393352497306],[34.82409294340532,-0.15245406647502696],[34.818703056594686,-0.15245406647502696],[34.818703056594686,-0.15784393352497306]]]}},{"type":"Feature","properties":{"id":"RFB-1007","cls":"informal_iron_sheet","area":15,"cost":8400,"tiv":125000.0,"tivCsv":125000.0,"lat":0.82198,"lon":34.81149,"where":"KE","settlement":"Bungoma","density_class":"peri_urban","stratum":"basin","d10":0.0,"dr10":0.0,"loss10":0.0,"d20":0.0,"dr20":0.0,"loss20":0.0,"d50":0.0,"dr50":0.0,"loss50":0.0,"d100":0.0,"dr100":0.0,"loss100":0.0,"d200":0.0,"dr200":0.0,"loss200":0.0,"d500":0.0,"dr500":0.0,"loss500":0.0},"geometry":{"type":"Polygon","coordinates":[[[34.80879278912088,0.8192870664750269],[34.814183210879115,0.8192870664750269],[34.814183210879115,0.8246769335249731],[34.80879278912088,0.8246769335249731],[34.80879278912088,0.8192870664750269]]]}},{"type":"Feature","properties":{"id":"RFB-1008","cls":"permanent_masonry","area":100,"cost":57300,"tiv":5730000.0,"tivCsv":5730000.0,"lat":0.02001,"lon":34.59433,"where":"KE","settlement":"other","density_class":"urban","stratum":"basin","d10":0.0,"dr10":0.0,"loss10":0.0,"d20":0.0,"dr20":0.0,"loss20":0.0,"d50":0.0,"dr50":0.0,"loss50":0.0,"d100":0.0,"dr100":0.0,"loss100":0.0,"d200":0.0,"dr200":0.0,"loss200":0.0,"d500":0.0,"dr500":0.0,"loss500":0.0},"geometry":{"type":"Polygon","coordinates":[[[34.59163106631068,0.01731506647502695],[34.59702093368932,0.01731506647502695],[34.59702093368932,0.02270493352497305],[34.59163106631068,0.02270493352497305],[34.59163106631068,0.01731506647502695]]]}},{"type":"Feature","properties":{"id":"RFB-1009","cls":"informal_iron_sheet","area":15,"cost":9700,"tiv":145000.0,"tivCsv":145000.0,"lat":1.24795,"lon":35.12311,"where":"KE","settlement":"other","density_class":"urban","stratum":"basin","d10":0.0,"dr10":0.0,"loss10":0.0,"d20":0.0,"dr20":0.0,"loss20":0.0,"d50":0.0,"dr50":0.0,"loss50":0.0,"d100":0.0,"dr100":0.0,"loss100":0.0,"d200":0.0,"dr200":0.0,"loss200":0.0,"d500":0.0,"dr500":0.0,"loss500":0.0},"geometry":{"type":"Polygon","coordinates":[[[35.12041542710185,1.2452570664750269],[35.125806572898156,1.2452570664750269],[35.125806572898156,1.250646933524973],[35.12041542710185,1.250646933524973],[35.12041542710185,1.2452570664750269]]]}},{"type":"Feature","properties":{"id":"RFB-1010","cls":"concrete_rcc","area":578,"cost":56200,"tiv":32485000.0,"tivCsv":32485000.0,"lat":0.12059,"lon":34.53995,"where":"KE","settlement":"other","density_class":"peri_urban","stratum":"basin","d10":0.0,"dr10":0.0,"loss10":0.0,"d20":0.0,"dr20":0.0,"loss20":0.0,"d50":0.0,"dr50":0.0,"loss50":0.0,"d100":0.0,"dr100":0.0,"loss100":0.0,"d200":0.0,"dr200":0.0,"loss200":0.0,"d500":0.0,"dr500":0.0,"loss500":0.0},"geometry":{"type":"Polygon","coordinates":[[[34.537257060506,0.11789606647502696],[34.542646939494,0.11789606647502696],[34.542646939494,0.12328593352497305],[34.537257060506,0.12328593352497305],[34.537257060506,0.11789606647502696]]]}},{"type":"Feature","properties":{"id":"RFB-1011","cls":"permanent_masonry","area":149,"cost":38200,"tiv":5690000.0,"tivCsv":5690000.0,"lat":0.58865,"lon":34.50152,"where":"KE","settlement":"other","density_class":"peri_urban","stratum":"basin","d10":0.0,"dr10":0.0,"loss10":0.0,"d20":0.0,"dr20":0.0,"loss20":0.0,"d50":0.0,"dr50":0.0,"loss50":0.0,"d100":0.0,"dr100":0.0,"loss100":0.0,"d200":0.0,"dr200":0.0,"loss200":0.0,"d500":0.0,"dr500":0.0,"loss500":0.0},"geometry":{"type":"Polygon","coordinates":[[[34.498825924241565,0.585952066475027],[34.50421607575843,0.585952066475027],[34.50421607575843,0.5913419335249731],[34.498825924241565,0.5913419335249731],[34.498825924241565,0.585952066475027]]]}},{"type":"Feature","properties":{"id":"RFB-1012","cls":"permanent_masonry","area":167,"cost":44200,"tiv":7380000.0,"tivCsv":7380000.0,"lat":0.53224,"lon":35.25422,"where":"KE","settlement":"other","density_class":"urban","stratum":"basin","d10":0.0,"dr10":0.0,"loss10":0.0,"d20":0.0,"dr20":0.0,"loss20":0.0,"d50":0.0,"dr50":0.0,"loss50":0.0,"d100":0.0,"dr100":0.0,"loss100":0.0,"d200":0.0,"dr200":0.0,"loss200":0.0,"d500":0.0,"dr500":0.0,"loss500":0.0},"geometry":{"type":"Polygon","coordinates":[[[35.25152595019764,0.5295400664750269],[35.25691604980236,0.5295400664750269],[35.25691604980236,0.5349299335249731],[35.25152595019764,0.5349299335249731],[35.25152595019764,0.5295400664750269]]]}},{"type":"Feature","properties":{"id":"RFB-1013","cls":"semi_permanent","area":38,"cost":14100,"tiv":535000.0,"tivCsv":535000.0,"lat":-0.07344,"lon":34.78481,"where":"KE","settlement":"Kisumu","density_class":"urban","stratum":"basin","d10":0.0,"dr10":0.0,"loss10":0.0,"d20":0.0,"dr20":0.0,"loss20":0.0,"d50":0.0,"dr50":0.0,"loss50":0.0,"d100":0.0,"dr100":0.0,"loss100":0.0,"d200":0.0,"dr200":0.0,"loss200":0.0,"d500":0.0,"dr500":0.0,"loss500":0.0},"geometry":{"type":"Polygon","coordinates":[[[34.782112064261106,-0.07613693352497304],[34.787501935738895,-0.07613693352497304],[34.787501935738895,-0.07074706647502695],[34.782112064261106,-0.07074706647502695],[34.782112064261106,-0.07613693352497304]]]}},{"type":"Feature","properties":{"id":"RFB-1014","cls":"concrete_rcc","area":250,"cost":73300,"tiv":18325000.0,"tivCsv":18325000.0,"lat":0.51753,"lon":35.26797,"where":"KE","settlement":"other","density_class":"urban","stratum":"basin","d10":0.0,"dr10":0.0,"loss10":0.0,"d20":0.0,"dr20":0.0,"loss20":0.0,"d50":0.0,"dr50":0.0,"loss50":0.0,"d100":0.0,"dr100":0.0,"loss100":0.0,"d200":0.0,"dr200":0.0,"loss200":0.0,"d500":0.0,"dr500":0.0,"loss500":0.0},"geometry":{"type":"Polygon","coordinates":[[[35.2652759565326,0.514839066475027],[35.27066604346741,0.514839066475027],[35.27066604346741,0.5202289335249731],[35.2652759565326,0.5202289335249731],[35.2652759565326,0.514839066475027]]]}},{"type":"Feature","properties":{"id":"RFB-1015","cls":"informal_iron_sheet","area":25,"cost":6100,"tiv":150000.0,"tivCsv":150000.0,"lat":0.34678,"lon":34.3347,"where":"KE","settlement":"Busia","density_class":"peri_urban","stratum":"basin","d10":0.0,"dr10":0.0,"loss10":0.0,"d20":0.0,"dr20":0.0,"loss20":0.0,"d50":0.0,"dr50":0.0,"loss50":0.0,"d100":0.0,"dr100":0.0,"loss100":0.0,"d200":0.0,"dr200":0.0,"loss200":0.0,"d500":0.0,"dr500":0.0,"loss500":0.0},"geometry":{"type":"Polygon","coordinates":[[[34.33200001711363,0.3440850664750269],[34.33738998288638,0.3440850664750269],[34.33738998288638,0.34947493352497305],[34.33200001711363,0.34947493352497305],[34.33200001711363,0.3440850664750269]]]}},{"type":"Feature","properties":{"id":"RFB-1016","cls":"concrete_rcc","area":265,"cost":67000,"tiv":17755000.0,"tivCsv":17755000.0,"lat":0.24748,"lon":34.69799,"where":"KE","settlement":"other","density_class":"peri_urban","stratum":"basin","d10":0.0,"dr10":0.0,"loss10":0.0,"d20":0.0,"dr20":0.0,"loss20":0.0,"d50":0.0,"dr50":0.0,"loss50":0.0,"d100":0.0,"dr100":0.0,"loss100":0.0,"d200":0.0,"dr200":0.0,"loss200":0.0,"d500":0.0,"dr500":0.0,"loss500":0.0},"geometry":{"type":"Polygon","coordinates":[[[34.69530004133534,0.24478606647502696],[34.70068995866466,0.24478606647502696],[34.70068995866466,0.2501759335249731],[34.69530004133534,0.2501759335249731],[34.69530004133534,0.24478606647502696]]]}},{"type":"Feature","properties":{"id":"RFB-1017","cls":"semi_permanent","area":33,"cost":9900,"tiv":325000.0,"tivCsv":325000.0,"lat":1.23226,"lon":35.1063,"where":"KE","settlement":"other","density_class":"peri_urban","stratum":"basin","d10":0.0,"dr10":0.0,"loss10":0.0,"d20":0.0,"dr20":0.0,"loss20":0.0,"d50":0.0,"dr50":0.0,"loss50":0.0,"d100":0.0,"dr100":0.0,"loss100":0.0,"d200":0.0,"dr200":0.0,"loss200":0.0,"d500":0.0,"dr500":0.0,"loss500":0.0},"geometry":{"type":"Polygon","coordinates":[[[35.103606443086086,1.2295620664750269],[35.10899755691391,1.2295620664750269],[35.10899755691391,1.234951933524973],[35.103606443086086,1.234951933524973],[35.103606443086086,1.2295620664750269]]]}},{"type":"Feature","properties":{"id":"RFB-1018","cls":"semi_permanent","area":26,"cost":11300,"tiv":295000.0,"tivCsv":295000.0,"lat":0.16257,"lon":35.00377,"where":"KE","settlement":"other","density_class":"rural","stratum":"basin","d10":0.0,"dr10":0.0,"loss10":0.0,"d20":0.0,"dr20":0.0,"loss20":0.0,"d50":0.0,"dr50":0.0,"loss50":0.0,"d100":0.0,"dr100":0.0,"loss100":0.0,"d200":0.0,"dr200":0.0,"loss200":0.0,"d500":0.0,"dr500":0.0,"loss500":0.0},"geometry":{"type":"Polygon","coordinates":[[[35.00107005562676,0.15987606647502695],[35.00645994437324,0.15987606647502695],[35.00645994437324,0.16526593352497304],[35.00107005562676,0.16526593352497304],[35.00107005562676,0.15987606647502695]]]}},{"type":"Feature","properties":{"id":"RFB-1019","cls":"semi_permanent","area":59,"cost":12500,"tiv":740000.0,"tivCsv":740000.0,"lat":-0.1227,"lon":34.77676,"where":"KE","settlement":"Kisumu","density_class":"urban","stratum":"basin","d10":0.0,"dr10":0.0,"loss10":0.0,"d20":0.0,"dr20":0.0,"loss20":0.0,"d50":0.0,"dr50":0.0,"loss50":0.0,"d100":0.0,"dr100":0.0,"loss100":0.0,"d200":0.0,"dr200":0.0,"loss200":0.0,"d500":0.0,"dr500":0.0,"loss500":0.0},"geometry":{"type":"Polygon","coordinates":[[[34.774067060295394,-0.12539493352497305],[34.7794569397046,-0.12539493352497305],[34.7794569397046,-0.12000506647502696],[34.774067060295394,-0.12000506647502696],[34.774067060295394,-0.12539493352497305]]]}},{"type":"Feature","properties":{"id":"RFB-1020","cls":"informal_iron_sheet","area":11,"cost":8700,"tiv":95000.0,"tivCsv":95000.0,"lat":0.51428,"lon":35.24227,"where":"KE","settlement":"other","density_class":"urban","stratum":"basin","d10":0.0,"dr10":0.0,"loss10":0.0,"d20":0.0,"dr20":0.0,"loss20":0.0,"d50":0.0,"dr50":0.0,"loss50":0.0,"d100":0.0,"dr100":0.0,"loss100":0.0,"d200":0.0,"dr200":0.0,"loss200":0.0,"d500":0.0,"dr500":0.0,"loss500":0.0},"geometry":{"type":"Polygon","coordinates":[[[35.23957695791251,0.5115810664750269],[35.24496704208749,0.5115810664750269],[35.24496704208749,0.516970933524973],[35.23957695791251,0.516970933524973],[35.23957695791251,0.5115810664750269]]]}},{"type":"Feature","properties":{"id":"RFB-1021","cls":"permanent_masonry","area":225,"cost":55100,"tiv":12400000.0,"tivCsv":12400000.0,"lat":-0.00771,"lon":34.651,"where":"KE","settlement":"other","density_class":"peri_urban","stratum":"basin","d10":0.0,"dr10":0.0,"loss10":0.0,"d20":0.0,"dr20":0.0,"loss20":0.0,"d50":0.0,"dr50":0.0,"loss50":0.0,"d100":0.0,"dr100":0.0,"loss100":0.0,"d200":0.0,"dr200":0.0,"loss200":0.0,"d500":0.0,"dr500":0.0,"loss500":0.0},"geometry":{"type":"Polygon","coordinates":[[[34.64830506645064,-0.01040393352497305],[34.65369493354937,-0.01040393352497305],[34.65369493354937,-0.005014066475026949],[34.64830506645064,-0.005014066475026949],[34.64830506645064,-0.01040393352497305]]]}},{"type":"Feature","properties":{"id":"RFB-1022","cls":"concrete_rcc","area":506,"cost":69300,"tiv":35065000.0,"tivCsv":35065000.0,"lat":0.70322,"lon":34.62396,"where":"KE","settlement":"other","density_class":"peri_urban","stratum":"basin","d10":0.0,"dr10":0.0,"loss10":0.0,"d20":0.0,"dr20":0.0,"loss20":0.0,"d50":0.0,"dr50":0.0,"loss50":0.0,"d100":0.0,"dr100":0.0,"loss100":0.0,"d200":0.0,"dr200":0.0,"loss200":0.0,"d500":0.0,"dr500":0.0,"loss500":0.0},"geometry":{"type":"Polygon","coordinates":[[[34.62126186348309,0.7005220664750269],[34.6266521365169,0.7005220664750269],[34.6266521365169,0.7059119335249731],[34.62126186348309,0.7059119335249731],[34.62126186348309,0.7005220664750269]]]}},{"type":"Feature","properties":{"id":"RFB-1023","cls":"semi_permanent","area":40,"cost":13600,"tiv":545000.0,"tivCsv":545000.0,"lat":0.32594,"lon":34.49454,"where":"KE","settlement":"Mumias","density_class":"urban","stratum":"basin","d10":0.0,"dr10":0.0,"loss10":0.0,"d20":0.0,"dr20":0.0,"loss20":0.0,"d50":0.0,"dr50":0.0,"loss50":0.0,"d100":0.0,"dr100":0.0,"loss100":0.0,"d200":0.0,"dr200":0.0,"loss200":0.0,"d500":0.0,"dr500":0.0,"loss500":0.0},"geometry":{"type":"Polygon","coordinates":[[[34.49184102286691,0.3232500664750269],[34.497230977133086,0.3232500664750269],[34.497230977133086,0.32863993352497306],[34.49184102286691,0.32863993352497306],[34.49184102286691,0.3232500664750269]]]}},{"type":"Feature","properties":{"id":"RFB-1024","cls":"permanent_masonry","area":262,"cost":55100,"tiv":14435000.0,"tivCsv":14435000.0,"lat":0.66767,"lon":34.68465,"where":"KE","settlement":"Webuye","density_class":"peri_urban","stratum":"basin","d10":0.0,"dr10":0.0,"loss10":0.0,"d20":0.0,"dr20":0.0,"loss20":0.0,"d50":0.0,"dr50":0.0,"loss50":0.0,"d100":0.0,"dr100":0.0,"loss100":0.0,"d200":0.0,"dr200":0.0,"loss200":0.0,"d500":0.0,"dr500":0.0,"loss500":0.0},"geometry":{"type":"Polygon","coordinates":[[[34.68194988348547,0.6649790664750269],[34.687340116514534,0.6649790664750269],[34.687340116514534,0.6703689335249731],[34.68194988348547,0.6703689335249731],[34.68194988348547,0.6649790664750269]]]}},{"type":"Feature","properties":{"id":"RFB-1025","cls":"permanent_masonry","area":159,"cost":55200,"tiv":8775000.0,"tivCsv":8775000.0,"lat":0.7363,"lon":34.33237,"where":"KE","settlement":"other","density_class":"peri_urban","stratum":"basin","d10":0.0,"dr10":0.0,"loss10":0.0,"d20":0.0,"dr20":0.0,"loss20":0.0,"d50":0.0,"dr50":0.0,"loss50":0.0,"d100":0.0,"dr100":0.0,"loss100":0.0,"d200":0.0,"dr200":0.0,"loss200":0.0,"d500":0.0,"dr500":0.0,"loss500":0.0},"geometry":{"type":"Polygon","coordinates":[[[34.329675843934695,0.7336020664750269],[34.33506615606531,0.7336020664750269],[34.33506615606531,0.738991933524973],[34.329675843934695,0.738991933524973],[34.329675843934695,0.7336020664750269]]]}},{"type":"Feature","properties":{"id":"RFB-1026","cls":"permanent_masonry","area":115,"cost":53600,"tiv":6165000.0,"tivCsv":6165000.0,"lat":0.22286,"lon":34.81569,"where":"KE","settlement":"other","density_class":"urban","stratum":"basin","d10":0.0,"dr10":0.0,"loss10":0.0,"d20":0.0,"dr20":0.0,"loss20":0.0,"d50":0.0,"dr50":0.0,"loss50":0.0,"d100":0.0,"dr100":0.0,"loss100":0.0,"d200":0.0,"dr200":0.0,"loss200":0.0,"d500":0.0,"dr500":0.0,"loss500":0.0},"geometry":{"type":"Polygon","coordinates":[[[34.81299304608812,0.22016806647502696],[34.818382953911886,0.22016806647502696],[34.818382953911886,0.22555793352497305],[34.81299304608812,0.22555793352497305],[34.81299304608812,0.22016806647502696]]]}},{"type":"Feature","properties":{"id":"RFB-1027","cls":"concrete_rcc","area":764,"cost":61900,"tiv":47290000.0,"tivCsv":47290000.0,"lat":1.11142,"lon":34.82867,"where":"KE","settlement":"other","density_class":"peri_urban","stratum":"basin","d10":0.0,"dr10":0.0,"loss10":0.0,"d20":0.0,"dr20":0.0,"loss20":0.0,"d50":0.0,"dr50":0.0,"loss50":0.0,"d100":0.0,"dr100":0.0,"loss100":0.0,"d200":0.0,"dr200":0.0,"loss200":0.0,"d500":0.0,"dr500":0.0,"loss500":0.0},"geometry":{"type":"Polygon","coordinates":[[[34.825975559368885,1.1087270664750268],[34.831366440631115,1.1087270664750268],[34.831366440631115,1.114116933524973],[34.825975559368885,1.114116933524973],[34.825975559368885,1.1087270664750268]]]}},{"type":"Feature","properties":{"id":"RFB-1028","cls":"concrete_rcc","area":694,"cost":57300,"tiv":39765000.0,"tivCsv":39765000.0,"lat":-0.24461,"lon":34.91957,"where":"KE","settlement":"other","density_class":"rural","stratum":"basin","d10":0.0,"dr10":0.0,"loss10":0.0,"d20":0.0,"dr20":0.0,"loss20":0.0,"d50":0.0,"dr50":0.0,"loss50":0.0,"d100":0.0,"dr100":0.0,"loss100":0.0,"d200":0.0,"dr200":0.0,"loss200":0.0,"d500":0.0,"dr500":0.0,"loss500":0.0},"geometry":{"type":"Polygon","coordinates":[[[34.91687204191424,-0.24730993352497305],[34.92226195808576,-0.24730993352497305],[34.92226195808576,-0.24192006647502695],[34.91687204191424,-0.24192006647502695],[34.91687204191424,-0.24730993352497305]]]}},{"type":"Feature","properties":{"id":"RFB-1029","cls":"permanent_masonry","area":182,"cost":45900,"tiv":8355000.0,"tivCsv":8355000.0,"lat":0.14579,"lon":34.69381,"where":"KE","settlement":"other","density_class":"peri_urban","stratum":"basin","d10":0.0,"dr10":0.0,"loss10":0.0,"d20":0.0,"dr20":0.0,"loss20":0.0,"d50":0.0,"dr50":0.0,"loss50":0.0,"d100":0.0,"dr100":0.0,"loss100":0.0,"d200":0.0,"dr200":0.0,"loss200":0.0,"d500":0.0,"dr500":0.0,"loss500":0.0},"geometry":{"type":"Polygon","coordinates":[[[34.69111705775075,0.14309506647502696],[34.69650694224925,0.14309506647502696],[34.69650694224925,0.14848493352497305],[34.69111705775075,0.14848493352497305],[34.69111705775075,0.14309506647502696]]]}},{"type":"Feature","properties":{"id":"RFB-1030","cls":"semi_permanent","area":70,"cost":14900,"tiv":1045000.0,"tivCsv":1045000.0,"lat":0.62998,"lon":34.45477,"where":"KE","settlement":"other","density_class":"peri_urban","stratum":"basin","d10":0.0,"dr10":0.0,"loss10":0.0,"d20":0.0,"dr20":0.0,"loss20":0.0,"d50":0.0,"dr50":0.0,"loss50":0.0,"d100":0.0,"dr100":0.0,"loss100":0.0,"d200":0.0,"dr200":0.0,"loss200":0.0,"d500":0.0,"dr500":0.0,"loss500":0.0},"geometry":{"type":"Polygon","coordinates":[[[34.45206990356589,0.627283066475027],[34.45746009643411,0.627283066475027],[34.45746009643411,0.6326729335249731],[34.45206990356589,0.6326729335249731],[34.45206990356589,0.627283066475027]]]}},{"type":"Feature","properties":{"id":"RFB-1031","cls":"semi_permanent","area":64,"cost":13800,"tiv":885000.0,"tivCsv":885000.0,"lat":0.26613,"lon":34.7105,"where":"KE","settlement":"other","density_class":"peri_urban","stratum":"basin","d10":0.0,"dr10":0.0,"loss10":0.0,"d20":0.0,"dr20":0.0,"loss20":0.0,"d50":0.0,"dr50":0.0,"loss50":0.0,"d100":0.0,"dr100":0.0,"loss100":0.0,"d200":0.0,"dr200":0.0,"loss200":0.0,"d500":0.0,"dr500":0.0,"loss500":0.0},"geometry":{"type":"Polygon","coordinates":[[[34.707806037403515,0.26343606647502693],[34.71319596259649,0.26343606647502693],[34.71319596259649,0.2688259335249731],[34.707806037403515,0.2688259335249731],[34.707806037403515,0.26343606647502693]]]}},{"type":"Feature","properties":{"id":"RFB-1032","cls":"permanent_masonry","area":88,"cost":56100,"tiv":4935000.0,"tivCsv":4935000.0,"lat":1.02996,"lon":34.97725,"where":"KE","settlement":"Kitale","density_class":"urban","stratum":"basin","d10":0.0,"dr10":0.0,"loss10":0.0,"d20":0.0,"dr20":0.0,"loss20":0.0,"d50":0.0,"dr50":0.0,"loss50":0.0,"d100":0.0,"dr100":0.0,"loss100":0.0,"d200":0.0,"dr200":0.0,"loss200":0.0,"d500":0.0,"dr500":0.0,"loss500":0.0},"geometry":{"type":"Polygon","coordinates":[[[34.97455063099293,1.0272630664750269],[34.97994136900707,1.0272630664750269],[34.97994136900707,1.032652933524973],[34.97455063099293,1.032652933524973],[34.97455063099293,1.0272630664750269]]]}},{"type":"Feature","properties":{"id":"RFB-1033","cls":"permanent_masonry","area":134,"cost":42800,"tiv":5735000.0,"tivCsv":5735000.0,"lat":0.19906,"lon":35.14905,"where":"KE","settlement":"other","density_class":"peri_urban","stratum":"basin","d10":0.0,"dr10":0.0,"loss10":0.0,"d20":0.0,"dr20":0.0,"loss20":0.0,"d50":0.0,"dr50":0.0,"loss50":0.0,"d100":0.0,"dr100":0.0,"loss100":0.0,"d200":0.0,"dr200":0.0,"loss200":0.0,"d500":0.0,"dr500":0.0,"loss500":0.0},"geometry":{"type":"Polygon","coordinates":[[[35.14635605021093,0.19636206647502696],[35.15174594978907,0.19636206647502696],[35.15174594978907,0.20175193352497306],[35.14635605021093,0.20175193352497306],[35.14635605021093,0.19636206647502696]]]}},{"type":"Feature","properties":{"id":"RFB-1034","cls":"permanent_masonry","area":142,"cost":49800,"tiv":7070000.0,"tivCsv":7070000.0,"lat":-0.00738,"lon":34.74253,"where":"KE","settlement":"Kisumu","density_class":"urban","stratum":"basin","d10":0.0,"dr10":0.0,"loss10":0.0,"d20":0.0,"dr20":0.0,"loss20":0.0,"d50":0.0,"dr50":0.0,"loss50":0.0,"d100":0.0,"dr100":0.0,"loss100":0.0,"d200":0.0,"dr200":0.0,"loss200":0.0,"d500":0.0,"dr500":0.0,"loss500":0.0},"geometry":{"type":"Polygon","coordinates":[[[34.73983706645267,-0.010073933524973051],[34.74522693354732,-0.010073933524973051],[34.74522693354732,-0.004684066475026949],[34.73983706645267,-0.004684066475026949],[34.73983706645267,-0.010073933524973051]]]}},{"type":"Feature","properties":{"id":"RFB-1035","cls":"semi_permanent","area":57,"cost":15500,"tiv":885000.0,"tivCsv":885000.0,"lat":0.03921,"lon":34.52683,"where":"KE","settlement":"other","density_class":"peri_urban","stratum":"basin","d10":0.0,"dr10":0.0,"loss10":0.0,"d20":0.0,"dr20":0.0,"loss20":0.0,"d50":0.0,"dr50":0.0,"loss50":0.0,"d100":0.0,"dr100":0.0,"loss100":0.0,"d200":0.0,"dr200":0.0,"loss200":0.0,"d500":0.0,"dr500":0.0,"loss500":0.0},"geometry":{"type":"Polygon","coordinates":[[[34.52413906584385,0.03651906647502695],[34.529528934156154,0.03651906647502695],[34.529528934156154,0.04190893352497305],[34.52413906584385,0.04190893352497305],[34.52413906584385,0.03651906647502695]]]}},{"type":"Feature","properties":{"id":"RFB-1036","cls":"semi_permanent","area":38,"cost":13500,"tiv":515000.0,"tivCsv":515000.0,"lat":0.87437,"lon":35.10934,"where":"KE","settlement":"other","density_class":"urban","stratum":"basin","d10":0.0,"dr10":0.0,"loss10":0.0,"d20":0.0,"dr20":0.0,"loss20":0.0,"d50":0.0,"dr50":0.0,"loss50":0.0,"d100":0.0,"dr100":0.0,"loss100":0.0,"d200":0.0,"dr200":0.0,"loss200":0.0,"d500":0.0,"dr500":0.0,"loss500":0.0},"geometry":{"type":"Polygon","coordinates":[[[35.10664175263565,0.871677066475027],[35.11203224736434,0.871677066475027],[35.11203224736434,0.8770669335249731],[35.10664175263565,0.8770669335249731],[35.10664175263565,0.871677066475027]]]}},{"type":"Feature","properties":{"id":"RFB-1037","cls":"semi_permanent","area":46,"cost":10300,"tiv":475000.0,"tivCsv":475000.0,"lat":0.82977,"lon":34.58403,"where":"KE","settlement":"other","density_class":"peri_urban","stratum":"basin","d10":0.0,"dr10":0.0,"loss10":0.0,"d20":0.0,"dr20":0.0,"loss20":0.0,"d50":0.0,"dr50":0.0,"loss50":0.0,"d100":0.0,"dr100":0.0,"loss100":0.0,"d200":0.0,"dr200":0.0,"loss200":0.0,"d500":0.0,"dr500":0.0,"loss500":0.0},"geometry":{"type":"Polygon","coordinates":[[[34.5813327838419,0.827072066475027],[34.586723216158106,0.827072066475027],[34.586723216158106,0.8324619335249731],[34.5813327838419,0.8324619335249731],[34.5813327838419,0.827072066475027]]]}},{"type":"Feature","properties":{"id":"RFB-1038","cls":"informal_iron_sheet","area":24,"cost":7100,"tiv":170000.0,"tivCsv":170000.0,"lat":0.19416,"lon":34.39283,"where":"KE","settlement":"other","density_class":"peri_urban","stratum":"basin","d10":0.0,"dr10":0.0,"loss10":0.0,"d20":0.0,"dr20":0.0,"loss20":0.0,"d50":0.0,"dr50":0.0,"loss50":0.0,"d100":0.0,"dr100":0.0,"loss100":0.0,"d200":0.0,"dr200":0.0,"loss200":0.0,"d500":0.0,"dr500":0.0,"loss500":0.0},"geometry":{"type":"Polygon","coordinates":[[[34.39013005100148,0.19146406647502695],[34.395519948998526,0.19146406647502695],[34.395519948998526,0.19685393352497305],[34.39013005100148,0.19685393352497305],[34.39013005100148,0.19146406647502695]]]}},{"type":"Feature","properties":{"id":"RFB-1039","cls":"permanent_masonry","area":228,"cost":52400,"tiv":11945000.0,"tivCsv":11945000.0,"lat":0.6091,"lon":34.96565,"where":"KE","settlement":"other","density_class":"urban","stratum":"basin","d10":0.0,"dr10":0.0,"loss10":0.0,"d20":0.0,"dr20":0.0,"loss20":0.0,"d50":0.0,"dr50":0.0,"loss50":0.0,"d100":0.0,"dr100":0.0,"loss100":0.0,"d200":0.0,"dr200":0.0,"loss200":0.0,"d500":0.0,"dr500":0.0,"loss500":0.0},"geometry":{"type":"Polygon","coordinates":[[[34.962956914183856,0.6064080664750269],[34.96834708581614,0.6064080664750269],[34.96834708581614,0.611797933524973],[34.962956914183856,0.611797933524973],[34.962956914183856,0.6064080664750269]]]}},{"type":"Feature","properties":{"id":"RFB-1040","cls":"semi_permanent","area":64,"cost":15500,"tiv":990000.0,"tivCsv":990000.0,"lat":-0.10347,"lon":34.78253,"where":"KE","settlement":"Kisumu","density_class":"urban","stratum":"basin","d10":0.0,"dr10":0.0,"loss10":0.0,"d20":0.0,"dr20":0.0,"loss20":0.0,"d50":0.0,"dr50":0.0,"loss50":0.0,"d100":0.0,"dr100":0.0,"loss100":0.0,"d200":0.0,"dr200":0.0,"loss200":0.0,"d500":0.0,"dr500":0.0,"loss500":0.0},"geometry":{"type":"Polygon","coordinates":[[[34.779833062080854,-0.10616193352497305],[34.785222937919144,-0.10616193352497305],[34.785222937919144,-0.10077206647502696],[34.779833062080854,-0.10077206647502696],[34.779833062080854,-0.10616193352497305]]]}},{"type":"Feature","properties":{"id":"RFB-1041","cls":"informal_iron_sheet","area":14,"cost":8000,"tiv":110000.0,"tivCsv":110000.0,"lat":0.29683,"lon":34.4911,"where":"KE","settlement":"Mumias","density_class":"peri_urban","stratum":"basin","d10":0.0,"dr10":0.0,"loss10":0.0,"d20":0.0,"dr20":0.0,"loss20":0.0,"d50":0.0,"dr50":0.0,"loss50":0.0,"d100":0.0,"dr100":0.0,"loss100":0.0,"d200":0.0,"dr200":0.0,"loss200":0.0,"d500":0.0,"dr500":0.0,"loss500":0.0},"geometry":{"type":"Polygon","coordinates":[[[34.48840103030865,0.2941390664750269],[34.49379096969135,0.2941390664750269],[34.49379096969135,0.29952893352497306],[34.48840103030865,0.29952893352497306],[34.48840103030865,0.2941390664750269]]]}},{"type":"Feature","properties":{"id":"RFB-1042","cls":"permanent_masonry","area":103,"cost":36700,"tiv":3780000.0,"tivCsv":3780000.0,"lat":0.30729,"lon":34.25299,"where":"KE","settlement":"Bumala","density_class":"peri_urban","stratum":"basin","d10":0.0,"dr10":0.0,"loss10":0.0,"d20":0.0,"dr20":0.0,"loss20":0.0,"d50":0.0,"dr50":0.0,"loss50":0.0,"d100":0.0,"dr100":0.0,"loss100":0.0,"d200":0.0,"dr200":0.0,"loss200":0.0,"d500":0.0,"dr500":0.0,"loss500":0.0},"geometry":{"type":"Polygon","coordinates":[[[34.250296027716075,0.3045940664750269],[34.25568597228393,0.3045940664750269],[34.25568597228393,0.30998393352497305],[34.250296027716075,0.30998393352497305],[34.250296027716075,0.3045940664750269]]]}},{"type":"Feature","properties":{"id":"RFB-1043","cls":"permanent_masonry","area":142,"cost":52300,"tiv":7425000.0,"tivCsv":7425000.0,"lat":0.08381,"lon":34.79106,"where":"KE","settlement":"other","density_class":"peri_urban","stratum":"basin","d10":0.0,"dr10":0.0,"loss10":0.0,"d20":0.0,"dr20":0.0,"loss20":0.0,"d50":0.0,"dr50":0.0,"loss50":0.0,"d100":0.0,"dr100":0.0,"loss100":0.0,"d200":0.0,"dr200":0.0,"loss200":0.0,"d500":0.0,"dr500":0.0,"loss500":0.0},"geometry":{"type":"Polygon","coordinates":[[[34.78836606359203,0.08111306647502695],[34.79375593640797,0.08111306647502695],[34.79375593640797,0.08650293352497304],[34.78836606359203,0.08650293352497304],[34.78836606359203,0.08111306647502695]]]}},{"type":"Feature","properties":{"id":"RFB-1044","cls":"informal_iron_sheet","area":21,"cost":8700,"tiv":185000.0,"tivCsv":185000.0,"lat":-0.07572,"lon":34.58233,"where":"KE","settlement":"other","density_class":"peri_urban","stratum":"basin","d10":0.0,"dr10":0.0,"loss10":0.0,"d20":0.0,"dr20":0.0,"loss20":0.0,"d50":0.0,"dr50":0.0,"loss50":0.0,"d100":0.0,"dr100":0.0,"loss100":0.0,"d200":0.0,"dr200":0.0,"loss200":0.0,"d500":0.0,"dr500":0.0,"loss500":0.0},"geometry":{"type":"Polygon","coordinates":[[[34.57963606412145,-0.07841793352497305],[34.585025935878555,-0.07841793352497305],[34.585025935878555,-0.07302806647502695],[34.57963606412145,-0.07302806647502695],[34.57963606412145,-0.07841793352497305]]]}},{"type":"Feature","properties":{"id":"RFB-1045","cls":"informal_iron_sheet","area":23,"cost":7700,"tiv":175000.0,"tivCsv":175000.0,"lat":0.46597,"lon":34.56118,"where":"KE","settlement":"other","density_class":"peri_urban","stratum":"basin","d10":0.0,"dr10":0.0,"loss10":0.0,"d20":0.0,"dr20":0.0,"loss20":0.0,"d50":0.0,"dr50":0.0,"loss50":0.0,"d100":0.0,"dr100":0.0,"loss100":0.0,"d200":0.0,"dr200":0.0,"loss200":0.0,"d500":0.0,"dr500":0.0,"loss500":0.0},"geometry":{"type":"Polygon","coordinates":[[[34.55848197734903,0.4632770664750269],[34.56387202265097,0.4632770664750269],[34.56387202265097,0.4686669335249731],[34.55848197734903,0.4686669335249731],[34.55848197734903,0.4632770664750269]]]}},{"type":"Feature","properties":{"id":"RFB-1046","cls":"permanent_masonry","area":143,"cost":60800,"tiv":8695000.0,"tivCsv":8695000.0,"lat":0.3078,"lon":34.12982,"where":"KE","settlement":"Bumala","density_class":"rural","stratum":"basin","d10":0.0,"dr10":0.0,"loss10":0.0,"d20":0.0,"dr20":0.0,"loss20":0.0,"d50":0.0,"dr50":0.0,"loss50":0.0,"d100":0.0,"dr100":0.0,"loss100":0.0,"d200":0.0,"dr200":0.0,"loss200":0.0,"d500":0.0,"dr500":0.0,"loss500":0.0},"geometry":{"type":"Polygon","coordinates":[[[34.1271220275858,0.3051100664750269],[34.13251197241421,0.3051100664750269],[34.13251197241421,0.31049993352497307],[34.1271220275858,0.31049993352497307],[34.1271220275858,0.3051100664750269]]]}},{"type":"Feature","properties":{"id":"RFB-1047","cls":"semi_permanent","area":44,"cost":12600,"tiv":555000.0,"tivCsv":555000.0,"lat":1.01112,"lon":34.99684,"where":"KE","settlement":"Kitale","density_class":"urban","stratum":"basin","d10":0.0,"dr10":0.0,"loss10":0.0,"d20":0.0,"dr20":0.0,"loss20":0.0,"d50":0.0,"dr50":0.0,"loss50":0.0,"d100":0.0,"dr100":0.0,"loss100":0.0,"d200":0.0,"dr200":0.0,"loss200":0.0,"d500":0.0,"dr500":0.0,"loss500":0.0},"geometry":{"type":"Polygon","coordinates":[[[34.99414164678261,1.0084210664750268],[34.99953235321739,1.0084210664750268],[34.99953235321739,1.013810933524973],[34.99414164678261,1.013810933524973],[34.99414164678261,1.0084210664750268]]]}},{"type":"Feature","properties":{"id":"RFB-1048","cls":"permanent_masonry","area":267,"cost":48600,"tiv":12975000.0,"tivCsv":12975000.0,"lat":-0.09409,"lon":35.01841,"where":"KE","settlement":"other","density_class":"peri_urban","stratum":"basin","d10":0.0,"dr10":0.0,"loss10":0.0,"d20":0.0,"dr20":0.0,"loss20":0.0,"d50":0.0,"dr50":0.0,"loss50":0.0,"d100":0.0,"dr100":0.0,"loss100":0.0,"d200":0.0,"dr200":0.0,"loss200":0.0,"d500":0.0,"dr500":0.0,"loss500":0.0},"geometry":{"type":"Polygon","coordinates":[[[35.01571206284108,-0.09678693352497304],[35.021101937158924,-0.09678693352497304],[35.021101937158924,-0.09139706647502695],[35.01571206284108,-0.09139706647502695],[35.01571206284108,-0.09678693352497304]]]}},{"type":"Feature","properties":{"id":"RFB-1049","cls":"informal_iron_sheet","area":14,"cost":7100,"tiv":100000.0,"tivCsv":100000.0,"lat":-0.08178,"lon":34.78952,"where":"KE","settlement":"Kisumu","density_class":"urban","stratum":"basin","d10":0.0,"dr10":0.0,"loss10":0.0,"d20":0.0,"dr20":0.0,"loss20":0.0,"d50":0.0,"dr50":0.0,"loss50":0.0,"d100":0.0,"dr100":0.0,"loss100":0.0,"d200":0.0,"dr200":0.0,"loss200":0.0,"d500":0.0,"dr500":0.0,"loss500":0.0},"geometry":{"type":"Polygon","coordinates":[[[34.7868300637298,-0.08447593352497305],[34.79221993627019,-0.08447593352497305],[34.79221993627019,-0.07908606647502696],[34.7868300637298,-0.07908606647502696],[34.7868300637298,-0.08447593352497305]]]}},{"type":"Feature","properties":{"id":"RFB-1050","cls":"informal_iron_sheet","area":12,"cost":7500,"tiv":90000.0,"tivCsv":90000.0,"lat":1.02727,"lon":34.97168,"where":"KE","settlement":"Kitale","density_class":"urban","stratum":"basin","d10":0.0,"dr10":0.0,"loss10":0.0,"d20":0.0,"dr20":0.0,"loss20":0.0,"d50":0.0,"dr50":0.0,"loss50":0.0,"d100":0.0,"dr100":0.0,"loss100":0.0,"d200":0.0,"dr200":0.0,"loss200":0.0,"d500":0.0,"dr500":0.0,"loss500":0.0},"geometry":{"type":"Polygon","coordinates":[[[34.968984633261634,1.0245770664750269],[34.974375366738364,1.0245770664750269],[34.974375366738364,1.029966933524973],[34.968984633261634,1.029966933524973],[34.968984633261634,1.0245770664750269]]]}},{"type":"Feature","properties":{"id":"RFB-1051","cls":"permanent_masonry","area":131,"cost":56600,"tiv":7415000.0,"tivCsv":7415000.0,"lat":0.54362,"lon":35.23616,"where":"KE","settlement":"other","density_class":"urban","stratum":"basin","d10":0.0,"dr10":0.0,"loss10":0.0,"d20":0.0,"dr20":0.0,"loss20":0.0,"d50":0.0,"dr50":0.0,"loss50":0.0,"d100":0.0,"dr100":0.0,"loss100":0.0,"d200":0.0,"dr200":0.0,"loss200":0.0,"d500":0.0,"dr500":0.0,"loss500":0.0},"geometry":{"type":"Polygon","coordinates":[[[35.23346294517013,0.5409240664750269],[35.238853054829875,0.5409240664750269],[35.238853054829875,0.546313933524973],[35.23346294517013,0.546313933524973],[35.23346294517013,0.5409240664750269]]]}},{"type":"Feature","properties":{"id":"RFB-1052","cls":"permanent_masonry","area":150,"cost":63400,"tiv":9510000.0,"tivCsv":9510000.0,"lat":-0.07666,"lon":34.78929,"where":"KE","settlement":"Kisumu","density_class":"urban","stratum":"basin","d10":0.0,"dr10":0.0,"loss10":0.0,"d20":0.0,"dr20":0.0,"loss20":0.0,"d50":0.0,"dr50":0.0,"loss50":0.0,"d100":0.0,"dr100":0.0,"loss100":0.0,"d200":0.0,"dr200":0.0,"loss200":0.0,"d500":0.0,"dr500":0.0,"loss500":0.0},"geometry":{"type":"Polygon","coordinates":[[[34.78659506406309,-0.07935093352497305],[34.79198493593691,-0.07935093352497305],[34.79198493593691,-0.07396106647502695],[34.78659506406309,-0.07396106647502695],[34.78659506406309,-0.07935093352497305]]]}},{"type":"Feature","properties":{"id":"RFB-1053","cls":"informal_iron_sheet","area":22,"cost":8100,"tiv":180000.0,"tivCsv":180000.0,"lat":0.2778,"lon":34.12881,"where":"KE","settlement":"Bumala","density_class":"peri_urban","stratum":"basin","d10":0.0,"dr10":0.0,"loss10":0.0,"d20":0.0,"dr20":0.0,"loss20":0.0,"d50":0.0,"dr50":0.0,"loss50":0.0,"d100":0.0,"dr100":0.0,"loss100":0.0,"d200":0.0,"dr200":0.0,"loss200":0.0,"d500":0.0,"dr500":0.0,"loss500":0.0},"geometry":{"type":"Polygon","coordinates":[[[34.12611203479912,0.2751010664750269],[34.13150196520088,0.2751010664750269],[34.13150196520088,0.28049093352497306],[34.12611203479912,0.28049093352497306],[34.12611203479912,0.2751010664750269]]]}},{"type":"Feature","properties":{"id":"RFB-1054","cls":"concrete_rcc","area":209,"cost":65800,"tiv":13750000.0,"tivCsv":13750000.0,"lat":0.56733,"lon":34.55972,"where":"KE","settlement":"other","density_class":"urban","stratum":"basin","d10":0.0,"dr10":0.0,"loss10":0.0,"d20":0.0,"dr20":0.0,"loss20":0.0,"d50":0.0,"dr50":0.0,"loss50":0.0,"d100":0.0,"dr100":0.0,"loss100":0.0,"d200":0.0,"dr200":0.0,"loss200":0.0,"d500":0.0,"dr500":0.0,"loss500":0.0},"geometry":{"type":"Polygon","coordinates":[[[34.557025934357945,0.564633066475027],[34.56241606564206,0.564633066475027],[34.56241606564206,0.5700229335249731],[34.557025934357945,0.5700229335249731],[34.557025934357945,0.564633066475027]]]}},{"type":"Feature","properties":{"id":"RFB-1055","cls":"semi_permanent","area":58,"cost":14000,"tiv":810000.0,"tivCsv":810000.0,"lat":0.5433,"lon":35.24524,"where":"KE","settlement":"other","density_class":"urban","stratum":"basin","d10":0.0,"dr10":0.0,"loss10":0.0,"d20":0.0,"dr20":0.0,"loss20":0.0,"d50":0.0,"dr50":0.0,"loss50":0.0,"d100":0.0,"dr100":0.0,"loss100":0.0,"d200":0.0,"dr200":0.0,"loss200":0.0,"d500":0.0,"dr500":0.0,"loss500":0.0},"geometry":{"type":"Polygon","coordinates":[[[35.242541945313796,0.540602066475027],[35.24793205468621,0.540602066475027],[35.24793205468621,0.5459919335249731],[35.242541945313796,0.5459919335249731],[35.242541945313796,0.540602066475027]]]}},{"type":"Feature","properties":{"id":"RFB-1056","cls":"permanent_masonry","area":80,"cost":52700,"tiv":4215000.0,"tivCsv":4215000.0,"lat":0.19806,"lon":35.12629,"where":"KE","settlement":"other","density_class":"peri_urban","stratum":"basin","d10":0.0,"dr10":0.0,"loss10":0.0,"d20":0.0,"dr20":0.0,"loss20":0.0,"d50":0.0,"dr50":0.0,"loss50":0.0,"d100":0.0,"dr100":0.0,"loss100":0.0,"d200":0.0,"dr200":0.0,"loss200":0.0,"d500":0.0,"dr500":0.0,"loss500":0.0},"geometry":{"type":"Polygon","coordinates":[[[35.12360005037361,0.19536406647502697],[35.12898994962639,0.19536406647502697],[35.12898994962639,0.20075393352497306],[35.12360005037361,0.20075393352497306],[35.12360005037361,0.19536406647502697]]]}},{"type":"Feature","properties":{"id":"RFB-1057","cls":"informal_iron_sheet","area":24,"cost":6800,"tiv":165000.0,"tivCsv":165000.0,"lat":0.16581,"lon":34.62016,"where":"KE","settlement":"other","density_class":"peri_urban","stratum":"basin","d10":0.0,"dr10":0.0,"loss10":0.0,"d20":0.0,"dr20":0.0,"loss20":0.0,"d50":0.0,"dr50":0.0,"loss50":0.0,"d100":0.0,"dr100":0.0,"loss100":0.0,"d200":0.0,"dr200":0.0,"loss200":0.0,"d500":0.0,"dr500":0.0,"loss500":0.0},"geometry":{"type":"Polygon","coordinates":[[[34.61746105518977,0.16311806647502694],[34.62285094481023,0.16311806647502694],[34.62285094481023,0.16850793352497304],[34.61746105518977,0.16850793352497304],[34.61746105518977,0.16311806647502694]]]}},{"type":"Feature","properties":{"id":"RFB-1058","cls":"permanent_masonry","area":176,"cost":58800,"tiv":10350000.0,"tivCsv":10350000.0,"lat":0.82916,"lon":34.58564,"where":"KE","settlement":"other","density_class":"peri_urban","stratum":"basin","d10":0.0,"dr10":0.0,"loss10":0.0,"d20":0.0,"dr20":0.0,"loss20":0.0,"d50":0.0,"dr50":0.0,"loss50":0.0,"d100":0.0,"dr100":0.0,"loss100":0.0,"d200":0.0,"dr200":0.0,"loss200":0.0,"d500":0.0,"dr500":0.0,"loss500":0.0},"geometry":{"type":"Polygon","coordinates":[[[34.58294078425393,0.8264670664750269],[34.588331215746074,0.8264670664750269],[34.588331215746074,0.831856933524973],[34.58294078425393,0.831856933524973],[34.58294078425393,0.8264670664750269]]]}},{"type":"Feature","properties":{"id":"RFB-1059","cls":"concrete_rcc","area":1064,"cost":79300,"tiv":84375000.0,"tivCsv":84375000.0,"lat":0.47297,"lon":34.11762,"where":"KE","settlement":"other","density_class":"urban","stratum":"basin","d10":0.0,"dr10":0.0,"loss10":0.0,"d20":0.0,"dr20":0.0,"loss20":0.0,"d50":0.0,"dr50":0.0,"loss50":0.0,"d100":0.0,"dr100":0.0,"loss100":0.0,"d200":0.0,"dr200":0.0,"loss200":0.0,"d500":0.0,"dr500":0.0,"loss500":0.0},"geometry":{"type":"Polygon","coordinates":[[[34.114929974650295,0.47027906647502693],[34.1203200253497,0.47027906647502693],[34.1203200253497,0.4756689335249731],[34.114929974650295,0.4756689335249731],[34.114929974650295,0.47027906647502693]]]}},{"type":"Feature","properties":{"id":"RFB-1060","cls":"permanent_masonry","area":115,"cost":47100,"tiv":5415000.0,"tivCsv":5415000.0,"lat":0.01611,"lon":35.35983,"where":"KE","settlement":"other","density_class":"peri_urban","stratum":"basin","d10":0.0,"dr10":0.0,"loss10":0.0,"d20":0.0,"dr20":0.0,"loss20":0.0,"d50":0.0,"dr50":0.0,"loss50":0.0,"d100":0.0,"dr100":0.0,"loss100":0.0,"d200":0.0,"dr200":0.0,"loss200":0.0,"d500":0.0,"dr500":0.0,"loss500":0.0},"geometry":{"type":"Polygon","coordinates":[[[35.3571330663685,0.013415066475026948],[35.3625229336315,0.013415066475026948],[35.3625229336315,0.01880493352497305],[35.3571330663685,0.01880493352497305],[35.3571330663685,0.013415066475026948]]]}},{"type":"Feature","properties":{"id":"RFB-1061","cls":"semi_permanent","area":33,"cost":9100,"tiv":300000.0,"tivCsv":300000.0,"lat":0.01496,"lon":34.86785,"where":"KE","settlement":"other","density_class":"rural","stratum":"basin","d10":0.0,"dr10":0.0,"loss10":0.0,"d20":0.0,"dr20":0.0,"loss20":0.0,"d50":0.0,"dr50":0.0,"loss50":0.0,"d100":0.0,"dr100":0.0,"loss100":0.0,"d200":0.0,"dr200":0.0,"loss200":0.0,"d500":0.0,"dr500":0.0,"loss500":0.0},"geometry":{"type":"Polygon","coordinates":[[[34.8651550663831,0.012270066475026948],[34.87054493361689,0.012270066475026948],[34.87054493361689,0.01765993352497305],[34.8651550663831,0.01765993352497305],[34.8651550663831,0.012270066475026948]]]}},{"type":"Feature","properties":{"id":"RFB-1062","cls":"informal_iron_sheet","area":17,"cost":7900,"tiv":135000.0,"tivCsv":135000.0,"lat":0.14676,"lon":34.19768,"where":"KE","settlement":"Rwambwa","density_class":"peri_urban","stratum":"basin","d10":0.0,"dr10":0.0,"loss10":0.0,"d20":0.0,"dr20":0.0,"loss20":0.0,"d50":0.0,"dr50":0.0,"loss50":0.0,"d100":0.0,"dr100":0.0,"loss100":0.0,"d200":0.0,"dr200":0.0,"loss200":0.0,"d500":0.0,"dr500":0.0,"loss500":0.0},"geometry":{"type":"Polygon","coordinates":[[[34.19498305763464,0.14406206647502695],[34.20037294236537,0.14406206647502695],[34.20037294236537,0.14945193352497305],[34.19498305763464,0.14945193352497305],[34.19498305763464,0.14406206647502695]]]}},{"type":"Feature","properties":{"id":"RFB-1063","cls":"concrete_rcc","area":434,"cost":71600,"tiv":31075000.0,"tivCsv":31075000.0,"lat":0.03624,"lon":34.58195,"where":"KE","settlement":"other","density_class":"urban","stratum":"basin","d10":0.0,"dr10":0.0,"loss10":0.0,"d20":0.0,"dr20":0.0,"loss20":0.0,"d50":0.0,"dr50":0.0,"loss50":0.0,"d100":0.0,"dr100":0.0,"loss100":0.0,"d200":0.0,"dr200":0.0,"loss200":0.0,"d500":0.0,"dr500":0.0,"loss500":0.0},"geometry":{"type":"Polygon","coordinates":[[[34.57925506593601,0.03354306647502695],[34.58464493406399,0.03354306647502695],[34.58464493406399,0.03893293352497305],[34.57925506593601,0.03893293352497305],[34.57925506593601,0.03354306647502695]]]}},{"type":"Feature","properties":{"id":"RFB-1064","cls":"semi_permanent","area":57,"cost":12600,"tiv":720000.0,"tivCsv":720000.0,"lat":0.17335,"lon":35.31902,"where":"KE","settlement":"other","density_class":"rural","stratum":"basin","d10":0.0,"dr10":0.0,"loss10":0.0,"d20":0.0,"dr20":0.0,"loss20":0.0,"d50":0.0,"dr50":0.0,"loss50":0.0,"d100":0.0,"dr100":0.0,"loss100":0.0,"d200":0.0,"dr200":0.0,"loss200":0.0,"d500":0.0,"dr500":0.0,"loss500":0.0},"geometry":{"type":"Polygon","coordinates":[[[35.316322054140514,0.17065506647502696],[35.32171194585949,0.17065506647502696],[35.32171194585949,0.17604493352497305],[35.316322054140514,0.17604493352497305],[35.316322054140514,0.17065506647502696]]]}},{"type":"Feature","properties":{"id":"RFB-1065","cls":"semi_permanent","area":53,"cost":12700,"tiv":675000.0,"tivCsv":675000.0,"lat":0.00628,"lon":34.60352,"where":"KE","settlement":"other","density_class":"peri_urban","stratum":"basin","d10":0.0,"dr10":0.0,"loss10":0.0,"d20":0.0,"dr20":0.0,"loss20":0.0,"d50":0.0,"dr50":0.0,"loss50":0.0,"d100":0.0,"dr100":0.0,"loss100":0.0,"d200":0.0,"dr200":0.0,"loss200":0.0,"d500":0.0,"dr500":0.0,"loss500":0.0},"geometry":{"type":"Polygon","coordinates":[[[34.600828066458824,0.003589066475026949],[34.60621793354118,0.003589066475026949],[34.60621793354118,0.00897893352497305],[34.600828066458824,0.00897893352497305],[34.600828066458824,0.003589066475026949]]]}},{"type":"Feature","properties":{"id":"RFB-1066","cls":"permanent_masonry","area":150,"cost":53500,"tiv":8025000.0,"tivCsv":8025000.0,"lat":0.54818,"lon":35.30716,"where":"KE","settlement":"other","density_class":"urban","stratum":"basin","d10":0.0,"dr10":0.0,"loss10":0.0,"d20":0.0,"dr20":0.0,"loss20":0.0,"d50":0.0,"dr50":0.0,"loss50":0.0,"d100":0.0,"dr100":0.0,"loss100":0.0,"d200":0.0,"dr200":0.0,"loss200":0.0,"d500":0.0,"dr500":0.0,"loss500":0.0},"geometry":{"type":"Polygon","coordinates":[[[35.30446794312465,0.5454880664750269],[35.309858056875356,0.5454880664750269],[35.309858056875356,0.550877933524973],[35.30446794312465,0.550877933524973],[35.30446794312465,0.5454880664750269]]]}},{"type":"Feature","properties":{"id":"RFB-1067","cls":"permanent_masonry","area":253,"cost":49800,"tiv":12600000.0,"tivCsv":12600000.0,"lat":1.01861,"lon":35.00296,"where":"KE","settlement":"Kitale","density_class":"urban","stratum":"basin","d10":0.0,"dr10":0.0,"loss10":0.0,"d20":0.0,"dr20":0.0,"loss20":0.0,"d50":0.0,"dr50":0.0,"loss50":0.0,"d100":0.0,"dr100":0.0,"loss100":0.0,"d200":0.0,"dr200":0.0,"loss200":0.0,"d500":0.0,"dr500":0.0,"loss500":0.0},"geometry":{"type":"Polygon","coordinates":[[[35.00026364053586,1.015917066475027],[35.00565435946413,1.015917066475027],[35.00565435946413,1.0213069335249731],[35.00026364053586,1.0213069335249731],[35.00026364053586,1.015917066475027]]]}},{"type":"Feature","properties":{"id":"RFB-1068","cls":"permanent_masonry","area":113,"cost":48700,"tiv":5505000.0,"tivCsv":5505000.0,"lat":0.9647,"lon":34.93843,"where":"KE","settlement":"Kitale","density_class":"peri_urban","stratum":"basin","d10":0.0,"dr10":0.0,"loss10":0.0,"d20":0.0,"dr20":0.0,"loss20":0.0,"d50":0.0,"dr50":0.0,"loss50":0.0,"d100":0.0,"dr100":0.0,"loss100":0.0,"d200":0.0,"dr200":0.0,"loss200":0.0,"d500":0.0,"dr500":0.0,"loss500":0.0},"geometry":{"type":"Polygon","coordinates":[[[34.93573168443835,0.9620010664750269],[34.94112231556164,0.9620010664750269],[34.94112231556164,0.9673909335249731],[34.93573168443835,0.9673909335249731],[34.93573168443835,0.9620010664750269]]]}},{"type":"Feature","properties":{"id":"RFB-1069","cls":"informal_iron_sheet","area":15,"cost":6300,"tiv":95000.0,"tivCsv":95000.0,"lat":0.28205,"lon":35.12249,"where":"KE","settlement":"other","density_class":"rural","stratum":"basin","d10":0.0,"dr10":0.0,"loss10":0.0,"d20":0.0,"dr20":0.0,"loss20":0.0,"d50":0.0,"dr50":0.0,"loss50":0.0,"d100":0.0,"dr100":0.0,"loss100":0.0,"d200":0.0,"dr200":0.0,"loss200":0.0,"d500":0.0,"dr500":0.0,"loss500":0.0},"geometry":{"type":"Polygon","coordinates":[[[35.11979303382178,0.2793540664750269],[35.125182966178215,0.2793540664750269],[35.125182966178215,0.28474393352497307],[35.11979303382178,0.28474393352497307],[35.11979303382178,0.2793540664750269]]]}},{"type":"Feature","properties":{"id":"RFB-1070","cls":"informal_iron_sheet","area":17,"cost":7100,"tiv":120000.0,"tivCsv":120000.0,"lat":1.21825,"lon":35.01324,"where":"KE","settlement":"other","density_class":"peri_urban","stratum":"basin","d10":0.0,"dr10":0.0,"loss10":0.0,"d20":0.0,"dr20":0.0,"loss20":0.0,"d50":0.0,"dr50":0.0,"loss50":0.0,"d100":0.0,"dr100":0.0,"loss100":0.0,"d200":0.0,"dr200":0.0,"loss200":0.0,"d500":0.0,"dr500":0.0,"loss500":0.0},"geometry":{"type":"Polygon","coordinates":[[[35.010544457177254,1.215558066475027],[35.01593554282275,1.215558066475027],[35.01593554282275,1.220947933524973],[35.010544457177254,1.220947933524973],[35.010544457177254,1.215558066475027]]]}},{"type":"Feature","properties":{"id":"RFB-1071","cls":"permanent_masonry","area":85,"cost":57400,"tiv":4880000.0,"tivCsv":4880000.0,"lat":-0.0057,"lon":34.58283,"where":"KE","settlement":"other","density_class":"peri_urban","stratum":"basin","d10":0.0,"dr10":0.0,"loss10":0.0,"d20":0.0,"dr20":0.0,"loss20":0.0,"d50":0.0,"dr50":0.0,"loss50":0.0,"d100":0.0,"dr100":0.0,"loss100":0.0,"d200":0.0,"dr200":0.0,"loss200":0.0,"d500":0.0,"dr500":0.0,"loss500":0.0},"geometry":{"type":"Polygon","coordinates":[[[34.58013706646169,-0.00839693352497305],[34.58552693353832,-0.00839693352497305],[34.58552693353832,-0.003007066475026949],[34.58013706646169,-0.003007066475026949],[34.58013706646169,-0.00839693352497305]]]}},{"type":"Feature","properties":{"id":"RFB-1072","cls":"semi_permanent","area":38,"cost":13000,"tiv":495000.0,"tivCsv":495000.0,"lat":0.77355,"lon":34.67589,"where":"KE","settlement":"Bungoma","density_class":"peri_urban","stratum":"basin","d10":0.0,"dr10":0.0,"loss10":0.0,"d20":0.0,"dr20":0.0,"loss20":0.0,"d50":0.0,"dr50":0.0,"loss50":0.0,"d100":0.0,"dr100":0.0,"loss100":0.0,"d200":0.0,"dr200":0.0,"loss200":0.0,"d500":0.0,"dr500":0.0,"loss500":0.0},"geometry":{"type":"Polygon","coordinates":[[[34.67319082084564,0.7708530664750269],[34.67858117915436,0.7708530664750269],[34.67858117915436,0.7762429335249731],[34.67319082084564,0.7762429335249731],[34.67319082084564,0.7708530664750269]]]}},{"type":"Feature","properties":{"id":"RFB-1073","cls":"concrete_rcc","area":417,"cost":68200,"tiv":28440000.0,"tivCsv":28440000.0,"lat":0.03071,"lon":34.59289,"where":"KE","settlement":"other","density_class":"urban","stratum":"basin","d10":0.0,"dr10":0.0,"loss10":0.0,"d20":0.0,"dr20":0.0,"loss20":0.0,"d50":0.0,"dr50":0.0,"loss50":0.0,"d100":0.0,"dr100":0.0,"loss100":0.0,"d200":0.0,"dr200":0.0,"loss200":0.0,"d500":0.0,"dr500":0.0,"loss500":0.0},"geometry":{"type":"Polygon","coordinates":[[[34.590195066088015,0.02801106647502695],[34.59558493391198,0.02801106647502695],[34.59558493391198,0.03340093352497305],[34.590195066088015,0.03340093352497305],[34.590195066088015,0.02801106647502695]]]}},{"type":"Feature","properties":{"id":"RFB-1074","cls":"permanent_masonry","area":288,"cost":52400,"tiv":15090000.0,"tivCsv":15090000.0,"lat":0.5425,"lon":35.30782,"where":"KE","settlement":"other","density_class":"urban","stratum":"basin","d10":0.0,"dr10":0.0,"loss10":0.0,"d20":0.0,"dr20":0.0,"loss20":0.0,"d50":0.0,"dr50":0.0,"loss50":0.0,"d100":0.0,"dr100":0.0,"loss100":0.0,"d200":0.0,"dr200":0.0,"loss200":0.0,"d500":0.0,"dr500":0.0,"loss500":0.0},"geometry":{"type":"Polygon","coordinates":[[[35.305120945668584,0.5398060664750269],[35.31051105433142,0.5398060664750269],[35.31051105433142,0.5451959335249731],[35.305120945668584,0.5451959335249731],[35.305120945668584,0.5398060664750269]]]}},{"type":"Feature","properties":{"id":"RFB-1075","cls":"informal_iron_sheet","area":12,"cost":8400,"tiv":100000.0,"tivCsv":100000.0,"lat":0.92307,"lon":34.98799,"where":"KE","settlement":"Kitale","density_class":"peri_urban","stratum":"basin","d10":0.0,"dr10":0.0,"loss10":0.0,"d20":0.0,"dr20":0.0,"loss20":0.0,"d50":0.0,"dr50":0.0,"loss50":0.0,"d100":0.0,"dr100":0.0,"loss100":0.0,"d200":0.0,"dr200":0.0,"loss200":0.0,"d500":0.0,"dr500":0.0,"loss500":0.0},"geometry":{"type":"Polygon","coordinates":[[[34.98529771669754,0.920378066475027],[34.99068828330247,0.920378066475027],[34.99068828330247,0.9257679335249731],[34.98529771669754,0.9257679335249731],[34.98529771669754,0.920378066475027]]]}},{"type":"Feature","properties":{"id":"RFB-1076","cls":"permanent_masonry","area":218,"cost":50600,"tiv":11030000.0,"tivCsv":11030000.0,"lat":0.5352,"lon":35.31154,"where":"KE","settlement":"other","density_class":"urban","stratum":"basin","d10":0.0,"dr10":0.0,"loss10":0.0,"d20":0.0,"dr20":0.0,"loss20":0.0,"d50":0.0,"dr50":0.0,"loss50":0.0,"d100":0.0,"dr100":0.0,"loss100":0.0,"d200":0.0,"dr200":0.0,"loss200":0.0,"d500":0.0,"dr500":0.0,"loss500":0.0},"geometry":{"type":"Polygon","coordinates":[[[35.30884694889934,0.5325030664750269],[35.31423705110067,0.5325030664750269],[35.31423705110067,0.537892933524973],[35.30884694889934,0.537892933524973],[35.30884694889934,0.5325030664750269]]]}},{"type":"Feature","properties":{"id":"RFB-1077","cls":"permanent_masonry","area":85,"cost":62300,"tiv":5295000.0,"tivCsv":5295000.0,"lat":1.24588,"lon":35.12415,"where":"KE","settlement":"other","density_class":"urban","stratum":"basin","d10":0.0,"dr10":0.0,"loss10":0.0,"d20":0.0,"dr20":0.0,"loss20":0.0,"d50":0.0,"dr50":0.0,"loss50":0.0,"d100":0.0,"dr100":0.0,"loss100":0.0,"d200":0.0,"dr200":0.0,"loss200":0.0,"d500":0.0,"dr500":0.0,"loss500":0.0},"geometry":{"type":"Polygon","coordinates":[[[35.121450429223636,1.243185066475027],[35.12684157077637,1.243185066475027],[35.12684157077637,1.2485749335249732],[35.121450429223636,1.2485749335249732],[35.121450429223636,1.243185066475027]]]}},{"type":"Feature","properties":{"id":"RFB-1078","cls":"informal_iron_sheet","area":22,"cost":5400,"tiv":120000.0,"tivCsv":120000.0,"lat":0.75207,"lon":34.84891,"where":"KE","settlement":"other","density_class":"peri_urban","stratum":"basin","d10":0.0,"dr10":0.0,"loss10":0.0,"d20":0.0,"dr20":0.0,"loss20":0.0,"d50":0.0,"dr50":0.0,"loss50":0.0,"d100":0.0,"dr100":0.0,"loss100":0.0,"d200":0.0,"dr200":0.0,"loss200":0.0,"d500":0.0,"dr500":0.0,"loss500":0.0},"geometry":{"type":"Polygon","coordinates":[[[34.8462118342967,0.749376066475027],[34.85160216570329,0.749376066475027],[34.85160216570329,0.7547659335249731],[34.8462118342967,0.7547659335249731],[34.8462118342967,0.749376066475027]]]}},{"type":"Feature","properties":{"id":"RFB-1079","cls":"semi_permanent","area":35,"cost":15300,"tiv":535000.0,"tivCsv":535000.0,"lat":0.83889,"lon":35.13204,"where":"KE","settlement":"other","density_class":"urban","stratum":"basin","d10":0.0,"dr10":0.0,"loss10":0.0,"d20":0.0,"dr20":0.0,"loss20":0.0,"d50":0.0,"dr50":0.0,"loss50":0.0,"d100":0.0,"dr100":0.0,"loss100":0.0,"d200":0.0,"dr200":0.0,"loss200":0.0,"d500":0.0,"dr500":0.0,"loss500":0.0},"geometry":{"type":"Polygon","coordinates":[[[35.129341777593645,0.8361930664750269],[35.13473222240635,0.8361930664750269],[35.13473222240635,0.841582933524973],[35.129341777593645,0.841582933524973],[35.129341777593645,0.8361930664750269]]]}},{"type":"Feature","properties":{"id":"RFB-1080","cls":"permanent_masonry","area":106,"cost":58300,"tiv":6180000.0,"tivCsv":6180000.0,"lat":-0.17007,"lon":34.92563,"where":"KE","settlement":"other","density_class":"urban","stratum":"basin","d10":0.0,"dr10":0.0,"loss10":0.0,"d20":0.0,"dr20":0.0,"loss20":0.0,"d50":0.0,"dr50":0.0,"loss50":0.0,"d100":0.0,"dr100":0.0,"loss100":0.0,"d200":0.0,"dr200":0.0,"loss200":0.0,"d500":0.0,"dr500":0.0,"loss500":0.0},"geometry":{"type":"Polygon","coordinates":[[[34.922937054603146,-0.17276293352497304],[34.928326945396854,-0.17276293352497304],[34.928326945396854,-0.16737306647502695],[34.922937054603146,-0.16737306647502695],[34.922937054603146,-0.17276293352497304]]]}},{"type":"Feature","properties":{"id":"RFB-1081","cls":"semi_permanent","area":52,"cost":12800,"tiv":665000.0,"tivCsv":665000.0,"lat":0.49031,"lon":35.25348,"where":"KE","settlement":"other","density_class":"urban","stratum":"basin","d10":0.0,"dr10":0.0,"loss10":0.0,"d20":0.0,"dr20":0.0,"loss20":0.0,"d50":0.0,"dr50":0.0,"loss50":0.0,"d100":0.0,"dr100":0.0,"loss100":0.0,"d200":0.0,"dr200":0.0,"loss200":0.0,"d500":0.0,"dr500":0.0,"loss500":0.0},"geometry":{"type":"Polygon","coordinates":[[[35.25077996779499,0.4876160664750269],[35.25617003220501,0.4876160664750269],[35.25617003220501,0.4930059335249731],[35.25077996779499,0.4930059335249731],[35.25077996779499,0.4876160664750269]]]}},{"type":"Feature","properties":{"id":"RFB-1082","cls":"informal_iron_sheet","area":20,"cost":7800,"tiv":155000.0,"tivCsv":155000.0,"lat":0.32775,"lon":35.13999,"where":"KE","settlement":"other","density_class":"rural","stratum":"basin","d10":0.0,"dr10":0.0,"loss10":0.0,"d20":0.0,"dr20":0.0,"loss20":0.0,"d50":0.0,"dr50":0.0,"loss50":0.0,"d100":0.0,"dr100":0.0,"loss100":0.0,"d200":0.0,"dr200":0.0,"loss200":0.0,"d500":0.0,"dr500":0.0,"loss500":0.0},"geometry":{"type":"Polygon","coordinates":[[[35.13729802238205,0.3250570664750269],[35.142687977617946,0.3250570664750269],[35.142687977617946,0.33044693352497306],[35.13729802238205,0.33044693352497306],[35.13729802238205,0.3250570664750269]]]}},{"type":"Feature","properties":{"id":"RFB-1083","cls":"permanent_masonry","area":154,"cost":59700,"tiv":9195000.0,"tivCsv":9195000.0,"lat":1.02572,"lon":34.97858,"where":"KE","settlement":"Kitale","density_class":"urban","stratum":"basin","d10":0.0,"dr10":0.0,"loss10":0.0,"d20":0.0,"dr20":0.0,"loss20":0.0,"d50":0.0,"dr50":0.0,"loss50":0.0,"d100":0.0,"dr100":0.0,"loss100":0.0,"d200":0.0,"dr200":0.0,"loss200":0.0,"d500":0.0,"dr500":0.0,"loss500":0.0},"geometry":{"type":"Polygon","coordinates":[[[34.97588663457235,1.023022066475027],[34.98127736542766,1.023022066475027],[34.98127736542766,1.028411933524973],[34.97588663457235,1.028411933524973],[34.97588663457235,1.023022066475027]]]}},{"type":"Feature","properties":{"id":"RFB-1084","cls":"concrete_rcc","area":176,"cost":64900,"tiv":11420000.0,"tivCsv":11420000.0,"lat":1.03022,"lon":34.98893,"where":"KE","settlement":"Kitale","density_class":"urban","stratum":"basin","d10":0.0,"dr10":0.0,"loss10":0.0,"d20":0.0,"dr20":0.0,"loss20":0.0,"d50":0.0,"dr50":0.0,"loss50":0.0,"d100":0.0,"dr100":0.0,"loss100":0.0,"d200":0.0,"dr200":0.0,"loss200":0.0,"d500":0.0,"dr500":0.0,"loss500":0.0},"geometry":{"type":"Polygon","coordinates":[[[34.986237630770475,1.027526066475027],[34.99162836922953,1.027526066475027],[34.99162836922953,1.0329159335249731],[34.986237630770475,1.0329159335249731],[34.986237630770475,1.027526066475027]]]}},{"type":"Feature","properties":{"id":"RFB-1085","cls":"informal_iron_sheet","area":17,"cost":6900,"tiv":115000.0,"tivCsv":115000.0,"lat":0.27172,"lon":35.17325,"where":"KE","settlement":"other","density_class":"rural","stratum":"basin","d10":0.0,"dr10":0.0,"loss10":0.0,"d20":0.0,"dr20":0.0,"loss20":0.0,"d50":0.0,"dr50":0.0,"loss50":0.0,"d100":0.0,"dr100":0.0,"loss100":0.0,"d200":0.0,"dr200":0.0,"loss200":0.0,"d500":0.0,"dr500":0.0,"loss500":0.0},"geometry":{"type":"Polygon","coordinates":[[[35.170558036169176,0.26902706647502694],[35.17594796383083,0.26902706647502694],[35.17594796383083,0.2744169335249731],[35.170558036169176,0.2744169335249731],[35.170558036169176,0.26902706647502694]]]}},{"type":"Feature","properties":{"id":"RFB-1086","cls":"concrete_rcc","area":271,"cost":80700,"tiv":21870000.0,"tivCsv":21870000.0,"lat":0.55235,"lon":34.56382,"where":"KE","settlement":"other","density_class":"urban","stratum":"basin","d10":0.0,"dr10":0.0,"loss10":0.0,"d20":0.0,"dr20":0.0,"loss20":0.0,"d50":0.0,"dr50":0.0,"loss50":0.0,"d100":0.0,"dr100":0.0,"loss100":0.0,"d200":0.0,"dr200":0.0,"loss200":0.0,"d500":0.0,"dr500":0.0,"loss500":0.0},"geometry":{"type":"Polygon","coordinates":[[[34.5611249412417,0.549656066475027],[34.5665150587583,0.549656066475027],[34.5665150587583,0.5550459335249731],[34.5611249412417,0.5550459335249731],[34.5611249412417,0.549656066475027]]]}},{"type":"Feature","properties":{"id":"RFB-1087","cls":"concrete_rcc","area":150,"cost":71400,"tiv":10710000.0,"tivCsv":10710000.0,"lat":0.59456,"lon":34.54419,"where":"KE","settlement":"other","density_class":"urban","stratum":"basin","d10":0.0,"dr10":0.0,"loss10":0.0,"d20":0.0,"dr20":0.0,"loss20":0.0,"d50":0.0,"dr50":0.0,"loss50":0.0,"d100":0.0,"dr100":0.0,"loss100":0.0,"d200":0.0,"dr200":0.0,"loss200":0.0,"d500":0.0,"dr500":0.0,"loss500":0.0},"geometry":{"type":"Polygon","coordinates":[[[34.541494921369114,0.5918660664750269],[34.546885078630886,0.5918660664750269],[34.546885078630886,0.5972559335249731],[34.541494921369114,0.5972559335249731],[34.541494921369114,0.5918660664750269]]]}},{"type":"Feature","properties":{"id":"RFB-1088","cls":"permanent_masonry","area":154,"cost":50700,"tiv":7810000.0,"tivCsv":7810000.0,"lat":0.81047,"lon":35.26414,"where":"KE","settlement":"other","density_class":"rural","stratum":"basin","d10":0.0,"dr10":0.0,"loss10":0.0,"d20":0.0,"dr20":0.0,"loss20":0.0,"d50":0.0,"dr50":0.0,"loss50":0.0,"d100":0.0,"dr100":0.0,"loss100":0.0,"d200":0.0,"dr200":0.0,"loss200":0.0,"d500":0.0,"dr500":0.0,"loss500":0.0},"geometry":{"type":"Polygon","coordinates":[[[35.261441796832585,0.8077800664750269],[35.26683220316741,0.8077800664750269],[35.26683220316741,0.813169933524973],[35.261441796832585,0.813169933524973],[35.261441796832585,0.8077800664750269]]]}},{"type":"Feature","properties":{"id":"RFB-1089","cls":"semi_permanent","area":60,"cost":12400,"tiv":745000.0,"tivCsv":745000.0,"lat":0.09007,"lon":34.73248,"where":"KE","settlement":"other","density_class":"urban","stratum":"basin","d10":0.0,"dr10":0.0,"loss10":0.0,"d20":0.0,"dr20":0.0,"loss20":0.0,"d50":0.0,"dr50":0.0,"loss50":0.0,"d100":0.0,"dr100":0.0,"loss100":0.0,"d200":0.0,"dr200":0.0,"loss200":0.0,"d500":0.0,"dr500":0.0,"loss500":0.0},"geometry":{"type":"Polygon","coordinates":[[[34.72979006314481,0.08737906647502695],[34.73517993685518,0.08737906647502695],[34.73517993685518,0.09276893352497305],[34.72979006314481,0.09276893352497305],[34.72979006314481,0.08737906647502695]]]}},{"type":"Feature","properties":{"id":"RFB-1090","cls":"permanent_masonry","area":189,"cost":50400,"tiv":9525000.0,"tivCsv":9525000.0,"lat":-0.11498,"lon":34.78695,"where":"KE","settlement":"Kisumu","density_class":"urban","stratum":"basin","d10":0.0,"dr10":0.0,"loss10":0.0,"d20":0.0,"dr20":0.0,"loss20":0.0,"d50":0.0,"dr50":0.0,"loss50":0.0,"d100":0.0,"dr100":0.0,"loss100":0.0,"d200":0.0,"dr200":0.0,"loss200":0.0,"d500":0.0,"dr500":0.0,"loss500":0.0},"geometry":{"type":"Polygon","coordinates":[[[34.784259061048836,-0.11767193352497304],[34.78964893895117,-0.11767193352497304],[34.78964893895117,-0.11228206647502695],[34.784259061048836,-0.11228206647502695],[34.784259061048836,-0.11767193352497304]]]}},{"type":"Feature","properties":{"id":"RFB-1091","cls":"concrete_rcc","area":458,"cost":72000,"tiv":32975000.0,"tivCsv":32975000.0,"lat":0.53441,"lon":35.30274,"where":"KE","settlement":"other","density_class":"urban","stratum":"basin","d10":0.0,"dr10":0.0,"loss10":0.0,"d20":0.0,"dr20":0.0,"loss20":0.0,"d50":0.0,"dr50":0.0,"loss50":0.0,"d100":0.0,"dr100":0.0,"loss100":0.0,"d200":0.0,"dr200":0.0,"loss200":0.0,"d500":0.0,"dr500":0.0,"loss500":0.0},"geometry":{"type":"Polygon","coordinates":[[[35.30004094924751,0.5317100664750269],[35.305431050752496,0.5317100664750269],[35.305431050752496,0.5370999335249731],[35.30004094924751,0.5370999335249731],[35.30004094924751,0.5317100664750269]]]}},{"type":"Feature","properties":{"id":"RFB-1092","cls":"concrete_rcc","area":1361,"cost":71200,"tiv":96905000.0,"tivCsv":96905000.0,"lat":0.52782,"lon":35.2469,"where":"KE","settlement":"other","density_class":"urban","stratum":"basin","d10":0.0,"dr10":0.0,"loss10":0.0,"d20":0.0,"dr20":0.0,"loss20":0.0,"d50":0.0,"dr50":0.0,"loss50":0.0,"d100":0.0,"dr100":0.0,"loss100":0.0,"d200":0.0,"dr200":0.0,"loss200":0.0,"d500":0.0,"dr500":0.0,"loss500":0.0},"geometry":{"type":"Polygon","coordinates":[[[35.24420295211663,0.5251300664750269],[35.24959304788337,0.5251300664750269],[35.24959304788337,0.5305199335249731],[35.24420295211663,0.5305199335249731],[35.24420295211663,0.5251300664750269]]]}},{"type":"Feature","properties":{"id":"RFB-1093","cls":"permanent_masonry","area":167,"cost":54200,"tiv":9050000.0,"tivCsv":9050000.0,"lat":0.60765,"lon":34.84391,"where":"KE","settlement":"Webuye","density_class":"peri_urban","stratum":"basin","d10":0.0,"dr10":0.0,"loss10":0.0,"d20":0.0,"dr20":0.0,"loss20":0.0,"d50":0.0,"dr50":0.0,"loss50":0.0,"d100":0.0,"dr100":0.0,"loss100":0.0,"d200":0.0,"dr200":0.0,"loss200":0.0,"d500":0.0,"dr500":0.0,"loss500":0.0},"geometry":{"type":"Polygon","coordinates":[[[34.84121291491059,0.6049530664750269],[34.846603085089406,0.6049530664750269],[34.846603085089406,0.610342933524973],[34.84121291491059,0.610342933524973],[34.84121291491059,0.6049530664750269]]]}},{"type":"Feature","properties":{"id":"RFB-1094","cls":"permanent_masonry","area":221,"cost":43900,"tiv":9700000.0,"tivCsv":9700000.0,"lat":0.78697,"lon":34.56126,"where":"KE","settlement":"other","density_class":"peri_urban","stratum":"basin","d10":0.0,"dr10":0.0,"loss10":0.0,"d20":0.0,"dr20":0.0,"loss20":0.0,"d50":0.0,"dr50":0.0,"loss50":0.0,"d100":0.0,"dr100":0.0,"loss100":0.0,"d200":0.0,"dr200":0.0,"loss200":0.0,"d500":0.0,"dr500":0.0,"loss500":0.0},"geometry":{"type":"Polygon","coordinates":[[[34.55856981224449,0.7842790664750269],[34.563960187755505,0.7842790664750269],[34.563960187755505,0.789668933524973],[34.55856981224449,0.789668933524973],[34.55856981224449,0.7842790664750269]]]}},{"type":"Feature","properties":{"id":"RFB-1095","cls":"concrete_rcc","area":277,"cost":69000,"tiv":19115000.0,"tivCsv":19115000.0,"lat":0.57942,"lon":34.76155,"where":"KE","settlement":"Webuye","density_class":"peri_urban","stratum":"basin","d10":0.0,"dr10":0.0,"loss10":0.0,"d20":0.0,"dr20":0.0,"loss20":0.0,"d50":0.0,"dr50":0.0,"loss50":0.0,"d100":0.0,"dr100":0.0,"loss100":0.0,"d200":0.0,"dr200":0.0,"loss200":0.0,"d500":0.0,"dr500":0.0,"loss500":0.0},"geometry":{"type":"Polygon","coordinates":[[[34.75885292866581,0.576725066475027],[34.764243071334185,0.576725066475027],[34.764243071334185,0.5821149335249731],[34.75885292866581,0.5821149335249731],[34.75885292866581,0.576725066475027]]]}},{"type":"Feature","properties":{"id":"RFB-1096","cls":"permanent_masonry","area":182,"cost":44200,"tiv":8045000.0,"tivCsv":8045000.0,"lat":0.02587,"lon":35.34837,"where":"KE","settlement":"other","density_class":"peri_urban","stratum":"basin","d10":0.0,"dr10":0.0,"loss10":0.0,"d20":0.0,"dr20":0.0,"loss20":0.0,"d50":0.0,"dr50":0.0,"loss50":0.0,"d100":0.0,"dr100":0.0,"loss100":0.0,"d200":0.0,"dr200":0.0,"loss200":0.0,"d500":0.0,"dr500":0.0,"loss500":0.0},"geometry":{"type":"Polygon","coordinates":[[[35.34567406620028,0.023177066475026948],[35.351063933799715,0.023177066475026948],[35.351063933799715,0.02856693352497305],[35.34567406620028,0.02856693352497305],[35.34567406620028,0.023177066475026948]]]}},{"type":"Feature","properties":{"id":"RFB-1097","cls":"concrete_rcc","area":615,"cost":68300,"tiv":42005000.0,"tivCsv":42005000.0,"lat":1.00379,"lon":35.07267,"where":"KE","settlement":"Kitale","density_class":"peri_urban","stratum":"basin","d10":0.0,"dr10":0.0,"loss10":0.0,"d20":0.0,"dr20":0.0,"loss20":0.0,"d50":0.0,"dr50":0.0,"loss50":0.0,"d100":0.0,"dr100":0.0,"loss100":0.0,"d200":0.0,"dr200":0.0,"loss200":0.0,"d500":0.0,"dr500":0.0,"loss500":0.0},"geometry":{"type":"Polygon","coordinates":[[[35.06997665284143,1.001097066475027],[35.07536734715856,1.001097066475027],[35.07536734715856,1.006486933524973],[35.06997665284143,1.006486933524973],[35.06997665284143,1.001097066475027]]]}},{"type":"Feature","properties":{"id":"RFB-1098","cls":"informal_iron_sheet","area":15,"cost":8300,"tiv":125000.0,"tivCsv":125000.0,"lat":0.02942,"lon":34.76518,"where":"KE","settlement":"other","density_class":"peri_urban","stratum":"basin","d10":0.0,"dr10":0.0,"loss10":0.0,"d20":0.0,"dr20":0.0,"loss20":0.0,"d50":0.0,"dr50":0.0,"loss50":0.0,"d100":0.0,"dr100":0.0,"loss100":0.0,"d200":0.0,"dr200":0.0,"loss200":0.0,"d500":0.0,"dr500":0.0,"loss500":0.0},"geometry":{"type":"Polygon","coordinates":[[[34.76248206611978,0.02672406647502695],[34.76787193388022,0.02672406647502695],[34.76787193388022,0.03211393352497305],[34.76248206611978,0.03211393352497305],[34.76248206611978,0.02672406647502695]]]}},{"type":"Feature","properties":{"id":"RFB-1099","cls":"concrete_rcc","area":335,"cost":67800,"tiv":22715000.0,"tivCsv":22715000.0,"lat":1.02937,"lon":34.97544,"where":"KE","settlement":"Kitale","density_class":"urban","stratum":"basin","d10":0.0,"dr10":0.0,"loss10":0.0,"d20":0.0,"dr20":0.0,"loss20":0.0,"d50":0.0,"dr50":0.0,"loss50":0.0,"d100":0.0,"dr100":0.0,"loss100":0.0,"d200":0.0,"dr200":0.0,"loss200":0.0,"d500":0.0,"dr500":0.0,"loss500":0.0},"geometry":{"type":"Polygon","coordinates":[[[34.972746631492626,1.0266720664750268],[34.978137368507376,1.0266720664750268],[34.978137368507376,1.032061933524973],[34.972746631492626,1.032061933524973],[34.972746631492626,1.0266720664750268]]]}},{"type":"Feature","properties":{"id":"RFB-1100","cls":"permanent_masonry","area":204,"cost":56900,"tiv":11610000.0,"tivCsv":11610000.0,"lat":0.3392,"lon":34.21011,"where":"KE","settlement":"Bumala","density_class":"peri_urban","stratum":"basin","d10":0.0,"dr10":0.0,"loss10":0.0,"d20":0.0,"dr20":0.0,"loss20":0.0,"d50":0.0,"dr50":0.0,"loss50":0.0,"d100":0.0,"dr100":0.0,"loss100":0.0,"d200":0.0,"dr200":0.0,"loss200":0.0,"d500":0.0,"dr500":0.0,"loss500":0.0},"geometry":{"type":"Polygon","coordinates":[[[34.20741801924686,0.33650906647502693],[34.21280798075314,0.33650906647502693],[34.21280798075314,0.3418989335249731],[34.20741801924686,0.3418989335249731],[34.20741801924686,0.33650906647502693]]]}},{"type":"Feature","properties":{"id":"RFB-1101","cls":"concrete_rcc","area":290,"cost":68500,"tiv":19865000.0,"tivCsv":19865000.0,"lat":0.07569,"lon":34.72393,"where":"KE","settlement":"other","density_class":"urban","stratum":"basin","d10":0.0,"dr10":0.0,"loss10":0.0,"d20":0.0,"dr20":0.0,"loss20":0.0,"d50":0.0,"dr50":0.0,"loss50":0.0,"d100":0.0,"dr100":0.0,"loss100":0.0,"d200":0.0,"dr200":0.0,"loss200":0.0,"d500":0.0,"dr500":0.0,"loss500":0.0},"geometry":{"type":"Polygon","coordinates":[[[34.7212370641235,0.07299506647502695],[34.726626935876496,0.07299506647502695],[34.726626935876496,0.07838493352497304],[34.7212370641235,0.07838493352497304],[34.7212370641235,0.07299506647502695]]]}},{"type":"Feature","properties":{"id":"RFB-1102","cls":"permanent_masonry","area":95,"cost":62700,"tiv":5955000.0,"tivCsv":5955000.0,"lat":0.55297,"lon":34.59657,"where":"KE","settlement":"other","density_class":"peri_urban","stratum":"basin","d10":0.0,"dr10":0.0,"loss10":0.0,"d20":0.0,"dr20":0.0,"loss20":0.0,"d50":0.0,"dr50":0.0,"loss50":0.0,"d100":0.0,"dr100":0.0,"loss100":0.0,"d200":0.0,"dr200":0.0,"loss200":0.0,"d500":0.0,"dr500":0.0,"loss500":0.0},"geometry":{"type":"Polygon","coordinates":[[[34.593871940960845,0.5502750664750269],[34.599262059039155,0.5502750664750269],[34.599262059039155,0.555664933524973],[34.593871940960845,0.555664933524973],[34.593871940960845,0.5502750664750269]]]}},{"type":"Feature","properties":{"id":"RFB-1103","cls":"semi_permanent","area":70,"cost":11400,"tiv":800000.0,"tivCsv":800000.0,"lat":-0.07239,"lon":34.75751,"where":"KE","settlement":"Kisumu","density_class":"urban","stratum":"basin","d10":0.0,"dr10":0.0,"loss10":0.0,"d20":0.0,"dr20":0.0,"loss20":0.0,"d50":0.0,"dr50":0.0,"loss50":0.0,"d100":0.0,"dr100":0.0,"loss100":0.0,"d200":0.0,"dr200":0.0,"loss200":0.0,"d500":0.0,"dr500":0.0,"loss500":0.0},"geometry":{"type":"Polygon","coordinates":[[[34.75482006432419,-0.07508293352497304],[34.7602099356758,-0.07508293352497304],[34.7602099356758,-0.06969306647502695],[34.75482006432419,-0.06969306647502695],[34.75482006432419,-0.07508293352497304]]]}},{"type":"Feature","properties":{"id":"RFB-1104","cls":"permanent_masonry","area":146,"cost":47800,"tiv":6980000.0,"tivCsv":6980000.0,"lat":0.07822,"lon":34.38666,"where":"KE","settlement":"other","density_class":"peri_urban","stratum":"basin","d10":0.0,"dr10":0.0,"loss10":0.0,"d20":0.0,"dr20":0.0,"loss20":0.0,"d50":0.0,"dr50":0.0,"loss50":0.0,"d100":0.0,"dr100":0.0,"loss100":0.0,"d200":0.0,"dr200":0.0,"loss200":0.0,"d500":0.0,"dr500":0.0,"loss500":0.0},"geometry":{"type":"Polygon","coordinates":[[[34.38396806396379,0.07552306647502695],[34.389357936036205,0.07552306647502695],[34.389357936036205,0.08091293352497304],[34.38396806396379,0.08091293352497304],[34.38396806396379,0.07552306647502695]]]}},{"type":"Feature","properties":{"id":"RFB-1105","cls":"concrete_rcc","area":523,"cost":82400,"tiv":43095000.0,"tivCsv":43095000.0,"lat":0.21498,"lon":34.49361,"where":"KE","settlement":"other","density_class":"urban","stratum":"basin","d10":0.0,"dr10":0.0,"loss10":0.0,"d20":0.0,"dr20":0.0,"loss20":0.0,"d50":0.0,"dr50":0.0,"loss50":0.0,"d100":0.0,"dr100":0.0,"loss100":0.0,"d200":0.0,"dr200":0.0,"loss200":0.0,"d500":0.0,"dr500":0.0,"loss500":0.0},"geometry":{"type":"Polygon","coordinates":[[[34.490910047505025,0.21228406647502696],[34.49629995249498,0.21228406647502696],[34.49629995249498,0.21767393352497305],[34.490910047505025,0.21767393352497305],[34.490910047505025,0.21228406647502696]]]}},{"type":"Feature","properties":{"id":"RFB-1106","cls":"semi_permanent","area":51,"cost":11700,"tiv":595000.0,"tivCsv":595000.0,"lat":0.53609,"lon":34.61358,"where":"KE","settlement":"other","density_class":"peri_urban","stratum":"basin","d10":0.0,"dr10":0.0,"loss10":0.0,"d20":0.0,"dr20":0.0,"loss20":0.0,"d50":0.0,"dr50":0.0,"loss50":0.0,"d100":0.0,"dr100":0.0,"loss100":0.0,"d200":0.0,"dr200":0.0,"loss200":0.0,"d500":0.0,"dr500":0.0,"loss500":0.0},"geometry":{"type":"Polygon","coordinates":[[[34.61088794850487,0.5334000664750269],[34.61627805149513,0.5334000664750269],[34.61627805149513,0.5387899335249731],[34.61088794850487,0.5387899335249731],[34.61088794850487,0.5334000664750269]]]}},{"type":"Feature","properties":{"id":"RFB-1107","cls":"informal_iron_sheet","area":22,"cost":7700,"tiv":170000.0,"tivCsv":170000.0,"lat":0.85638,"lon":34.86863,"where":"KE","settlement":"other","density_class":"peri_urban","stratum":"basin","d10":0.0,"dr10":0.0,"loss10":0.0,"d20":0.0,"dr20":0.0,"loss20":0.0,"d50":0.0,"dr50":0.0,"loss50":0.0,"d100":0.0,"dr100":0.0,"loss100":0.0,"d200":0.0,"dr200":0.0,"loss200":0.0,"d500":0.0,"dr500":0.0,"loss500":0.0},"geometry":{"type":"Polygon","coordinates":[[[34.86593876541904,0.8536860664750269],[34.87132923458096,0.8536860664750269],[34.87132923458096,0.859075933524973],[34.86593876541904,0.859075933524973],[34.86593876541904,0.8536860664750269]]]}},{"type":"Feature","properties":{"id":"RFB-1108","cls":"concrete_rcc","area":938,"cost":75500,"tiv":70820000.0,"tivCsv":70820000.0,"lat":0.27355,"lon":34.2942,"where":"KE","settlement":"Bumala","density_class":"peri_urban","stratum":"basin","d10":0.0,"dr10":0.0,"loss10":0.0,"d20":0.0,"dr20":0.0,"loss20":0.0,"d50":0.0,"dr50":0.0,"loss50":0.0,"d100":0.0,"dr100":0.0,"loss100":0.0,"d200":0.0,"dr200":0.0,"loss200":0.0,"d500":0.0,"dr500":0.0,"loss500":0.0},"geometry":{"type":"Polygon","coordinates":[[[34.29150003575982,0.2708560664750269],[34.29688996424019,0.2708560664750269],[34.29688996424019,0.27624593352497306],[34.29150003575982,0.27624593352497306],[34.29150003575982,0.2708560664750269]]]}},{"type":"Feature","properties":{"id":"RFB-1109","cls":"permanent_masonry","area":135,"cost":51100,"tiv":6900000.0,"tivCsv":6900000.0,"lat":0.74626,"lon":34.5785,"where":"KE","settlement":"other","density_class":"urban","stratum":"basin","d10":0.0,"dr10":0.0,"loss10":0.0,"d20":0.0,"dr20":0.0,"loss20":0.0,"d50":0.0,"dr50":0.0,"loss50":0.0,"d100":0.0,"dr100":0.0,"loss100":0.0,"d200":0.0,"dr200":0.0,"loss200":0.0,"d500":0.0,"dr500":0.0,"loss500":0.0},"geometry":{"type":"Polygon","coordinates":[[[34.575804837872255,0.7435630664750269],[34.58119516212774,0.7435630664750269],[34.58119516212774,0.748952933524973],[34.575804837872255,0.748952933524973],[34.575804837872255,0.7435630664750269]]]}},{"type":"Feature","properties":{"id":"RFB-1110","cls":"permanent_masonry","area":202,"cost":41000,"tiv":8280000.0,"tivCsv":8280000.0,"lat":-0.07092,"lon":34.78942,"where":"KE","settlement":"Kisumu","density_class":"urban","stratum":"basin","d10":0.0,"dr10":0.0,"loss10":0.0,"d20":0.0,"dr20":0.0,"loss20":0.0,"d50":0.0,"dr50":0.0,"loss50":0.0,"d100":0.0,"dr100":0.0,"loss100":0.0,"d200":0.0,"dr200":0.0,"loss200":0.0,"d500":0.0,"dr500":0.0,"loss500":0.0},"geometry":{"type":"Polygon","coordinates":[[[34.786722064410434,-0.07361693352497305],[34.79211193558957,-0.07361693352497305],[34.79211193558957,-0.06822706647502695],[34.786722064410434,-0.06822706647502695],[34.786722064410434,-0.07361693352497305]]]}},{"type":"Feature","properties":{"id":"RFB-1111","cls":"semi_permanent","area":43,"cost":13300,"tiv":570000.0,"tivCsv":570000.0,"lat":-0.07115,"lon":34.78782,"where":"KE","settlement":"Kisumu","density_class":"urban","stratum":"basin","d10":0.0,"dr10":0.0,"loss10":0.0,"d20":0.0,"dr20":0.0,"loss20":0.0,"d50":0.0,"dr50":0.0,"loss50":0.0,"d100":0.0,"dr100":0.0,"loss100":0.0,"d200":0.0,"dr200":0.0,"loss200":0.0,"d500":0.0,"dr500":0.0,"loss500":0.0},"geometry":{"type":"Polygon","coordinates":[[[34.78512506439708,-0.07384593352497305],[34.79051493560293,-0.07384593352497305],[34.79051493560293,-0.06845606647502696],[34.78512506439708,-0.06845606647502696],[34.78512506439708,-0.07384593352497305]]]}},{"type":"Feature","properties":{"id":"RFB-1112","cls":"semi_permanent","area":54,"cost":11200,"tiv":605000.0,"tivCsv":605000.0,"lat":0.41755,"lon":35.02133,"where":"KE","settlement":"other","density_class":"peri_urban","stratum":"basin","d10":0.0,"dr10":0.0,"loss10":0.0,"d20":0.0,"dr20":0.0,"loss20":0.0,"d50":0.0,"dr50":0.0,"loss50":0.0,"d100":0.0,"dr100":0.0,"loss100":0.0,"d200":0.0,"dr200":0.0,"loss200":0.0,"d500":0.0,"dr500":0.0,"loss500":0.0},"geometry":{"type":"Polygon","coordinates":[[[35.01863299490955,0.4148570664750269],[35.02402300509044,0.4148570664750269],[35.02402300509044,0.42024693352497305],[35.01863299490955,0.42024693352497305],[35.01863299490955,0.4148570664750269]]]}},{"type":"Feature","properties":{"id":"RFB-1113","cls":"concrete_rcc","area":527,"cost":78100,"tiv":41160000.0,"tivCsv":41160000.0,"lat":0.16363,"lon":34.72073,"where":"KE","settlement":"other","density_class":"peri_urban","stratum":"basin","d10":0.0,"dr10":0.0,"loss10":0.0,"d20":0.0,"dr20":0.0,"loss20":0.0,"d50":0.0,"dr50":0.0,"loss50":0.0,"d100":0.0,"dr100":0.0,"loss100":0.0,"d200":0.0,"dr200":0.0,"loss200":0.0,"d500":0.0,"dr500":0.0,"loss500":0.0},"geometry":{"type":"Polygon","coordinates":[[[34.718039055484965,0.16093506647502695],[34.723428944515035,0.16093506647502695],[34.723428944515035,0.16632493352497305],[34.718039055484965,0.16632493352497305],[34.718039055484965,0.16093506647502695]]]}},{"type":"Feature","properties":{"id":"RFB-1114","cls":"informal_iron_sheet","area":24,"cost":6300,"tiv":150000.0,"tivCsv":150000.0,"lat":0.11082,"lon":34.25754,"where":"KE","settlement":"other","density_class":"rural","stratum":"basin","d10":0.0,"dr10":0.0,"loss10":0.0,"d20":0.0,"dr20":0.0,"loss20":0.0,"d50":0.0,"dr50":0.0,"loss50":0.0,"d100":0.0,"dr100":0.0,"loss100":0.0,"d200":0.0,"dr200":0.0,"loss200":0.0,"d500":0.0,"dr500":0.0,"loss500":0.0},"geometry":{"type":"Polygon","coordinates":[[[34.254845061433834,0.10812806647502696],[34.260234938566164,0.10812806647502696],[34.260234938566164,0.11351793352497305],[34.254845061433834,0.11351793352497305],[34.254845061433834,0.10812806647502696]]]}},{"type":"Feature","properties":{"id":"RFB-1115","cls":"semi_permanent","area":43,"cost":12000,"tiv":515000.0,"tivCsv":515000.0,"lat":0.55557,"lon":35.24956,"where":"KE","settlement":"other","density_class":"urban","stratum":"basin","d10":0.0,"dr10":0.0,"loss10":0.0,"d20":0.0,"dr20":0.0,"loss20":0.0,"d50":0.0,"dr50":0.0,"loss50":0.0,"d100":0.0,"dr100":0.0,"loss100":0.0,"d200":0.0,"dr200":0.0,"loss200":0.0,"d500":0.0,"dr500":0.0,"loss500":0.0},"geometry":{"type":"Polygon","coordinates":[[[35.24686593977909,0.552872066475027],[35.25225606022091,0.552872066475027],[35.25225606022091,0.5582619335249731],[35.24686593977909,0.5582619335249731],[35.24686593977909,0.552872066475027]]]}},{"type":"Feature","properties":{"id":"RFB-1116","cls":"concrete_rcc","area":616,"cost":70200,"tiv":43245000.0,"tivCsv":43245000.0,"lat":0.81869,"lon":34.48751,"where":"KE","settlement":"other","density_class":"peri_urban","stratum":"basin","d10":0.0,"dr10":0.0,"loss10":0.0,"d20":0.0,"dr20":0.0,"loss20":0.0,"d50":0.0,"dr50":0.0,"loss50":0.0,"d100":0.0,"dr100":0.0,"loss100":0.0,"d200":0.0,"dr200":0.0,"loss200":0.0,"d500":0.0,"dr500":0.0,"loss500":0.0},"geometry":{"type":"Polygon","coordinates":[[[34.48481179133888,0.8159940664750269],[34.490202208661124,0.8159940664750269],[34.490202208661124,0.8213839335249731],[34.48481179133888,0.8213839335249731],[34.48481179133888,0.8159940664750269]]]}},{"type":"Feature","properties":{"id":"RFB-1117","cls":"semi_permanent","area":39,"cost":10100,"tiv":395000.0,"tivCsv":395000.0,"lat":0.48646,"lon":34.13779,"where":"KE","settlement":"other","density_class":"peri_urban","stratum":"basin","d10":0.0,"dr10":0.0,"loss10":0.0,"d20":0.0,"dr20":0.0,"loss20":0.0,"d50":0.0,"dr50":0.0,"loss50":0.0,"d100":0.0,"dr100":0.0,"loss100":0.0,"d200":0.0,"dr200":0.0,"loss200":0.0,"d500":0.0,"dr500":0.0,"loss500":0.0},"geometry":{"type":"Polygon","coordinates":[[[34.13509896933945,0.4837640664750269],[34.14048903066055,0.4837640664750269],[34.14048903066055,0.48915393352497305],[34.13509896933945,0.48915393352497305],[34.13509896933945,0.4837640664750269]]]}},{"type":"Feature","properties":{"id":"RFB-1118","cls":"permanent_masonry","area":216,"cost":42700,"tiv":9225000.0,"tivCsv":9225000.0,"lat":0.40463,"lon":34.85047,"where":"KE","settlement":"Kakamega","density_class":"peri_urban","stratum":"basin","d10":0.0,"dr10":0.0,"loss10":0.0,"d20":0.0,"dr20":0.0,"loss20":0.0,"d50":0.0,"dr50":0.0,"loss50":0.0,"d100":0.0,"dr100":0.0,"loss100":0.0,"d200":0.0,"dr200":0.0,"loss200":0.0,"d500":0.0,"dr500":0.0,"loss500":0.0},"geometry":{"type":"Polygon","coordinates":[[[34.84777799927125,0.4019330664750269],[34.85316800072875,0.4019330664750269],[34.85316800072875,0.40732293352497306],[34.84777799927125,0.40732293352497306],[34.84777799927125,0.4019330664750269]]]}},{"type":"Feature","properties":{"id":"RFB-1119","cls":"permanent_masonry","area":166,"cost":53600,"tiv":8900000.0,"tivCsv":8900000.0,"lat":0.15485,"lon":34.33114,"where":"KE","settlement":"other","density_class":"peri_urban","stratum":"basin","d10":0.0,"dr10":0.0,"loss10":0.0,"d20":0.0,"dr20":0.0,"loss20":0.0,"d50":0.0,"dr50":0.0,"loss50":0.0,"d100":0.0,"dr100":0.0,"loss100":0.0,"d200":0.0,"dr200":0.0,"loss200":0.0,"d500":0.0,"dr500":0.0,"loss500":0.0},"geometry":{"type":"Polygon","coordinates":[[[34.32844505663298,0.15215306647502697],[34.333834943367016,0.15215306647502697],[34.333834943367016,0.15754293352497306],[34.32844505663298,0.15754293352497306],[34.32844505663298,0.15215306647502697]]]}},{"type":"Feature","properties":{"id":"RFB-1120","cls":"permanent_masonry","area":151,"cost":51600,"tiv":7790000.0,"tivCsv":7790000.0,"lat":0.17118,"lon":34.78067,"where":"KE","settlement":"other","density_class":"peri_urban","stratum":"basin","d10":0.0,"dr10":0.0,"loss10":0.0,"d20":0.0,"dr20":0.0,"loss20":0.0,"d50":0.0,"dr50":0.0,"loss50":0.0,"d100":0.0,"dr100":0.0,"loss100":0.0,"d200":0.0,"dr200":0.0,"loss200":0.0,"d500":0.0,"dr500":0.0,"loss500":0.0},"geometry":{"type":"Polygon","coordinates":[[[34.77797305444795,0.16848106647502695],[34.78336294555205,0.16848106647502695],[34.78336294555205,0.17387093352497304],[34.77797305444795,0.17387093352497304],[34.77797305444795,0.16848106647502695]]]}},{"type":"Feature","properties":{"id":"RFB-1121","cls":"concrete_rcc","area":468,"cost":76500,"tiv":35800000.0,"tivCsv":35800000.0,"lat":1.02869,"lon":34.97599,"where":"KE","settlement":"Kitale","density_class":"urban","stratum":"basin","d10":0.0,"dr10":0.0,"loss10":0.0,"d20":0.0,"dr20":0.0,"loss20":0.0,"d50":0.0,"dr50":0.0,"loss50":0.0,"d100":0.0,"dr100":0.0,"loss100":0.0,"d200":0.0,"dr200":0.0,"loss200":0.0,"d500":0.0,"dr500":0.0,"loss500":0.0},"geometry":{"type":"Polygon","coordinates":[[[34.97329763206299,1.0259970664750269],[34.97868836793702,1.0259970664750269],[34.97868836793702,1.031386933524973],[34.97329763206299,1.031386933524973],[34.97329763206299,1.0259970664750269]]]}},{"type":"Feature","properties":{"id":"RFB-1122","cls":"permanent_masonry","area":173,"cost":50300,"tiv":8700000.0,"tivCsv":8700000.0,"lat":-0.0983,"lon":34.78473,"where":"KE","settlement":"Kisumu","density_class":"urban","stratum":"basin","d10":0.0,"dr10":0.0,"loss10":0.0,"d20":0.0,"dr20":0.0,"loss20":0.0,"d50":0.0,"dr50":0.0,"loss50":0.0,"d100":0.0,"dr100":0.0,"loss100":0.0,"d200":0.0,"dr200":0.0,"loss200":0.0,"d500":0.0,"dr500":0.0,"loss500":0.0},"geometry":{"type":"Polygon","coordinates":[[[34.78203106250853,-0.10099793352497305],[34.78742093749147,-0.10099793352497305],[34.78742093749147,-0.09560806647502695],[34.78203106250853,-0.09560806647502695],[34.78203106250853,-0.10099793352497305]]]}},{"type":"Feature","properties":{"id":"RFB-1123","cls":"informal_iron_sheet","area":15,"cost":8000,"tiv":120000.0,"tivCsv":120000.0,"lat":0.74791,"lon":34.73418,"where":"KE","settlement":"Bungoma","density_class":"peri_urban","stratum":"basin","d10":0.0,"dr10":0.0,"loss10":0.0,"d20":0.0,"dr20":0.0,"loss20":0.0,"d50":0.0,"dr50":0.0,"loss50":0.0,"d100":0.0,"dr100":0.0,"loss100":0.0,"d200":0.0,"dr200":0.0,"loss200":0.0,"d500":0.0,"dr500":0.0,"loss500":0.0},"geometry":{"type":"Polygon","coordinates":[[[34.73148283685587,0.7452200664750269],[34.73687316314413,0.7452200664750269],[34.73687316314413,0.7506099335249731],[34.73148283685587,0.7506099335249731],[34.73148283685587,0.7452200664750269]]]}},{"type":"Feature","properties":{"id":"RFB-1124","cls":"semi_permanent","area":58,"cost":10700,"tiv":620000.0,"tivCsv":620000.0,"lat":0.69725,"lon":34.68697,"where":"KE","settlement":"Bungoma","density_class":"peri_urban","stratum":"basin","d10":0.0,"dr10":0.0,"loss10":0.0,"d20":0.0,"dr20":0.0,"loss20":0.0,"d50":0.0,"dr50":0.0,"loss50":0.0,"d100":0.0,"dr100":0.0,"loss100":0.0,"d200":0.0,"dr200":0.0,"loss200":0.0,"d500":0.0,"dr500":0.0,"loss500":0.0},"geometry":{"type":"Polygon","coordinates":[[[34.68427986691472,0.6945530664750269],[34.68967013308527,0.6945530664750269],[34.68967013308527,0.699942933524973],[34.68427986691472,0.699942933524973],[34.68427986691472,0.6945530664750269]]]}},{"type":"Feature","properties":{"id":"RFB-1125","cls":"informal_iron_sheet","area":18,"cost":7600,"tiv":135000.0,"tivCsv":135000.0,"lat":0.98576,"lon":35.07134,"where":"KE","settlement":"Kitale","density_class":"peri_urban","stratum":"basin","d10":0.0,"dr10":0.0,"loss10":0.0,"d20":0.0,"dr20":0.0,"loss20":0.0,"d50":0.0,"dr50":0.0,"loss50":0.0,"d100":0.0,"dr100":0.0,"loss100":0.0,"d200":0.0,"dr200":0.0,"loss200":0.0,"d500":0.0,"dr500":0.0,"loss500":0.0},"geometry":{"type":"Polygon","coordinates":[[[35.06864566756827,0.9830680664750269],[35.074036332431724,0.9830680664750269],[35.074036332431724,0.988457933524973],[35.06864566756827,0.988457933524973],[35.06864566756827,0.9830680664750269]]]}},{"type":"Feature","properties":{"id":"RFB-1126","cls":"permanent_masonry","area":106,"cost":50400,"tiv":5340000.0,"tivCsv":5340000.0,"lat":0.4133,"lon":34.24268,"where":"KE","settlement":"Busia","density_class":"peri_urban","stratum":"basin","d10":0.0,"dr10":0.0,"loss10":0.0,"d20":0.0,"dr20":0.0,"loss20":0.0,"d50":0.0,"dr50":0.0,"loss50":0.0,"d100":0.0,"dr100":0.0,"loss100":0.0,"d200":0.0,"dr200":0.0,"loss200":0.0,"d500":0.0,"dr500":0.0,"loss500":0.0},"geometry":{"type":"Polygon","coordinates":[[[34.239980996358,0.4106100664750269],[34.245371003642006,0.4106100664750269],[34.245371003642006,0.41599993352497305],[34.239980996358,0.41599993352497305],[34.239980996358,0.4106100664750269]]]}},{"type":"Feature","properties":{"id":"RFB-1127","cls":"informal_iron_sheet","area":20,"cost":7600,"tiv":150000.0,"tivCsv":150000.0,"lat":-0.09688,"lon":35.00754,"where":"KE","settlement":"other","density_class":"peri_urban","stratum":"basin","d10":0.0,"dr10":0.0,"loss10":0.0,"d20":0.0,"dr20":0.0,"loss20":0.0,"d50":0.0,"dr50":0.0,"loss50":0.0,"d100":0.0,"dr100":0.0,"loss100":0.0,"d200":0.0,"dr200":0.0,"loss200":0.0,"d500":0.0,"dr500":0.0,"loss500":0.0},"geometry":{"type":"Polygon","coordinates":[[[35.00484806262246,-0.09957593352497304],[35.01023793737754,-0.09957593352497304],[35.01023793737754,-0.09418606647502695],[35.00484806262246,-0.09418606647502695],[35.00484806262246,-0.09957593352497304]]]}},{"type":"Feature","properties":{"id":"RFB-1128","cls":"permanent_masonry","area":89,"cost":42100,"tiv":3745000.0,"tivCsv":3745000.0,"lat":0.1922,"lon":35.04248,"where":"KE","settlement":"other","density_class":"peri_urban","stratum":"basin","d10":0.0,"dr10":0.0,"loss10":0.0,"d20":0.0,"dr20":0.0,"loss20":0.0,"d50":0.0,"dr50":0.0,"loss50":0.0,"d100":0.0,"dr100":0.0,"loss100":0.0,"d200":0.0,"dr200":0.0,"loss200":0.0,"d500":0.0,"dr500":0.0,"loss500":0.0},"geometry":{"type":"Polygon","coordinates":[[[35.03978505131183,0.18950706647502696],[35.045174948688164,0.18950706647502696],[35.045174948688164,0.19489693352497306],[35.03978505131183,0.19489693352497306],[35.03978505131183,0.18950706647502696]]]}},{"type":"Feature","properties":{"id":"RFB-1129","cls":"permanent_masonry","area":110,"cost":41200,"tiv":4530000.0,"tivCsv":4530000.0,"lat":0.4207,"lon":34.16825,"where":"KE","settlement":"other","density_class":"peri_urban","stratum":"basin","d10":0.0,"dr10":0.0,"loss10":0.0,"d20":0.0,"dr20":0.0,"loss20":0.0,"d50":0.0,"dr50":0.0,"loss50":0.0,"d100":0.0,"dr100":0.0,"loss100":0.0,"d200":0.0,"dr200":0.0,"loss200":0.0,"d500":0.0,"dr500":0.0,"loss500":0.0},"geometry":{"type":"Polygon","coordinates":[[[34.165555993825336,0.4180080664750269],[34.17094600617466,0.4180080664750269],[34.17094600617466,0.42339793352497307],[34.165555993825336,0.42339793352497307],[34.165555993825336,0.4180080664750269]]]}},{"type":"Feature","properties":{"id":"RFB-1130","cls":"semi_permanent","area":22,"cost":14400,"tiv":315000.0,"tivCsv":315000.0,"lat":-0.0485,"lon":34.15633,"where":"KE","settlement":"Siaya","density_class":"peri_urban","stratum":"basin","d10":0.0,"dr10":0.0,"loss10":0.0,"d20":0.0,"dr20":0.0,"loss20":0.0,"d50":0.0,"dr50":0.0,"loss50":0.0,"d100":0.0,"dr100":0.0,"loss100":0.0,"d200":0.0,"dr200":0.0,"loss200":0.0,"d500":0.0,"dr500":0.0,"loss500":0.0},"geometry":{"type":"Polygon","coordinates":[[[34.153638065509675,-0.051190933524973045],[34.15902793449032,-0.051190933524973045],[34.15902793449032,-0.04580106647502695],[34.153638065509675,-0.04580106647502695],[34.153638065509675,-0.051190933524973045]]]}},{"type":"Feature","properties":{"id":"RFB-1131","cls":"permanent_masonry","area":218,"cost":54400,"tiv":11860000.0,"tivCsv":11860000.0,"lat":-0.11724,"lon":34.78866,"where":"KE","settlement":"Kisumu","density_class":"urban","stratum":"basin","d10":0.0,"dr10":0.0,"loss10":0.0,"d20":0.0,"dr20":0.0,"loss20":0.0,"d50":0.0,"dr50":0.0,"loss50":0.0,"d100":0.0,"dr100":0.0,"loss100":0.0,"d200":0.0,"dr200":0.0,"loss200":0.0,"d500":0.0,"dr500":0.0,"loss500":0.0},"geometry":{"type":"Polygon","coordinates":[[[34.78596106083294,-0.11993693352497305],[34.79135093916707,-0.11993693352497305],[34.79135093916707,-0.11454706647502695],[34.78596106083294,-0.11454706647502695],[34.78596106083294,-0.11993693352497305]]]}},{"type":"Feature","properties":{"id":"RFB-1132","cls":"informal_iron_sheet","area":21,"cost":7000,"tiv":145000.0,"tivCsv":145000.0,"lat":0.31136,"lon":35.17345,"where":"KE","settlement":"other","density_class":"peri_urban","stratum":"basin","d10":0.0,"dr10":0.0,"loss10":0.0,"d20":0.0,"dr20":0.0,"loss20":0.0,"d50":0.0,"dr50":0.0,"loss50":0.0,"d100":0.0,"dr100":0.0,"loss100":0.0,"d200":0.0,"dr200":0.0,"loss200":0.0,"d500":0.0,"dr500":0.0,"loss500":0.0},"geometry":{"type":"Polygon","coordinates":[[[35.17075802668255,0.3086640664750269],[35.176147973317455,0.3086640664750269],[35.176147973317455,0.3140539335249731],[35.17075802668255,0.3140539335249731],[35.17075802668255,0.3086640664750269]]]}},{"type":"Feature","properties":{"id":"RFB-1133","cls":"permanent_masonry","area":102,"cost":43700,"tiv":4455000.0,"tivCsv":4455000.0,"lat":0.05303,"lon":34.69889,"where":"KE","settlement":"other","density_class":"peri_urban","stratum":"basin","d10":0.0,"dr10":0.0,"loss10":0.0,"d20":0.0,"dr20":0.0,"loss20":0.0,"d50":0.0,"dr50":0.0,"loss50":0.0,"d100":0.0,"dr100":0.0,"loss100":0.0,"d200":0.0,"dr200":0.0,"loss200":0.0,"d500":0.0,"dr500":0.0,"loss500":0.0},"geometry":{"type":"Polygon","coordinates":[[[34.69619406532065,0.050337066475026955],[34.701583934679356,0.050337066475026955],[34.701583934679356,0.05572693352497305],[34.69619406532065,0.05572693352497305],[34.69619406532065,0.050337066475026955]]]}},{"type":"Feature","properties":{"id":"RFB-1134","cls":"semi_permanent","area":36,"cost":11500,"tiv":415000.0,"tivCsv":415000.0,"lat":-0.1961,"lon":35.24946,"where":"KE","settlement":"other","density_class":"rural","stratum":"basin","d10":0.0,"dr10":0.0,"loss10":0.0,"d20":0.0,"dr20":0.0,"loss20":0.0,"d50":0.0,"dr50":0.0,"loss50":0.0,"d100":0.0,"dr100":0.0,"loss100":0.0,"d200":0.0,"dr200":0.0,"loss200":0.0,"d500":0.0,"dr500":0.0,"loss500":0.0},"geometry":{"type":"Polygon","coordinates":[[[35.24676405069023,-0.19879693352497305],[35.25215394930977,-0.19879693352497305],[35.25215394930977,-0.19340706647502695],[35.24676405069023,-0.19340706647502695],[35.24676405069023,-0.19879693352497305]]]}},{"type":"Feature","properties":{"id":"RFB-1135","cls":"informal_iron_sheet","area":25,"cost":7700,"tiv":190000.0,"tivCsv":190000.0,"lat":1.11564,"lon":35.14664,"where":"KE","settlement":"other","density_class":"peri_urban","stratum":"basin","d10":0.0,"dr10":0.0,"loss10":0.0,"d20":0.0,"dr20":0.0,"loss20":0.0,"d50":0.0,"dr50":0.0,"loss50":0.0,"d100":0.0,"dr100":0.0,"loss100":0.0,"d200":0.0,"dr200":0.0,"loss200":0.0,"d500":0.0,"dr500":0.0,"loss500":0.0},"geometry":{"type":"Polygon","coordinates":[[[35.143948555512814,1.112944066475027],[35.14933944448719,1.112944066475027],[35.14933944448719,1.1183339335249731],[35.143948555512814,1.1183339335249731],[35.143948555512814,1.112944066475027]]]}},{"type":"Feature","properties":{"id":"RFB-1136","cls":"informal_iron_sheet","area":12,"cost":6900,"tiv":85000.0,"tivCsv":85000.0,"lat":0.28939,"lon":35.20473,"where":"KE","settlement":"other","density_class":"rural","stratum":"basin","d10":0.0,"dr10":0.0,"loss10":0.0,"d20":0.0,"dr20":0.0,"loss20":0.0,"d50":0.0,"dr50":0.0,"loss50":0.0,"d100":0.0,"dr100":0.0,"loss100":0.0,"d200":0.0,"dr200":0.0,"loss200":0.0,"d500":0.0,"dr500":0.0,"loss500":0.0},"geometry":{"type":"Polygon","coordinates":[[[35.20203003210013,0.28669406647502693],[35.207419967899874,0.28669406647502693],[35.207419967899874,0.2920839335249731],[35.20203003210013,0.2920839335249731],[35.20203003210013,0.28669406647502693]]]}},{"type":"Feature","properties":{"id":"RFB-1137","cls":"informal_iron_sheet","area":21,"cost":6700,"tiv":140000.0,"tivCsv":140000.0,"lat":0.16178,"lon":34.5172,"where":"KE","settlement":"other","density_class":"peri_urban","stratum":"basin","d10":0.0,"dr10":0.0,"loss10":0.0,"d20":0.0,"dr20":0.0,"loss20":0.0,"d50":0.0,"dr50":0.0,"loss50":0.0,"d100":0.0,"dr100":0.0,"loss100":0.0,"d200":0.0,"dr200":0.0,"loss200":0.0,"d500":0.0,"dr500":0.0,"loss500":0.0},"geometry":{"type":"Polygon","coordinates":[[[34.51450005573273,0.15908006647502695],[34.51988994426727,0.15908006647502695],[34.51988994426727,0.16446993352497305],[34.51450005573273,0.16446993352497305],[34.51450005573273,0.15908006647502695]]]}},{"type":"Feature","properties":{"id":"RFB-1138","cls":"permanent_masonry","area":56,"cost":44900,"tiv":2515000.0,"tivCsv":2515000.0,"lat":0.33266,"lon":34.47897,"where":"KE","settlement":"Mumias","density_class":"urban","stratum":"basin","d10":0.0,"dr10":0.0,"loss10":0.0,"d20":0.0,"dr20":0.0,"loss20":0.0,"d50":0.0,"dr50":0.0,"loss50":0.0,"d100":0.0,"dr100":0.0,"loss100":0.0,"d200":0.0,"dr200":0.0,"loss200":0.0,"d500":0.0,"dr500":0.0,"loss500":0.0},"geometry":{"type":"Polygon","coordinates":[[[34.476274021052404,0.3299620664750269],[34.481663978947594,0.3299620664750269],[34.481663978947594,0.33535193352497306],[34.476274021052404,0.33535193352497306],[34.476274021052404,0.3299620664750269]]]}},{"type":"Feature","properties":{"id":"RFB-1139","cls":"informal_iron_sheet","area":15,"cost":7600,"tiv":115000.0,"tivCsv":115000.0,"lat":0.58739,"lon":34.28586,"where":"KE","settlement":"other","density_class":"peri_urban","stratum":"basin","d10":0.0,"dr10":0.0,"loss10":0.0,"d20":0.0,"dr20":0.0,"loss20":0.0,"d50":0.0,"dr50":0.0,"loss50":0.0,"d100":0.0,"dr100":0.0,"loss100":0.0,"d200":0.0,"dr200":0.0,"loss200":0.0,"d500":0.0,"dr500":0.0,"loss500":0.0},"geometry":{"type":"Polygon","coordinates":[[[34.28316492484647,0.5846990664750269],[34.28855507515353,0.5846990664750269],[34.28855507515353,0.590088933524973],[34.28316492484647,0.590088933524973],[34.28316492484647,0.5846990664750269]]]}},{"type":"Feature","properties":{"id":"RFB-1140","cls":"concrete_rcc","area":324,"cost":73900,"tiv":23945000.0,"tivCsv":23945000.0,"lat":0.62875,"lon":34.26755,"where":"KE","settlement":"other","density_class":"urban","stratum":"basin","d10":0.0,"dr10":0.0,"loss10":0.0,"d20":0.0,"dr20":0.0,"loss20":0.0,"d50":0.0,"dr50":0.0,"loss50":0.0,"d100":0.0,"dr100":0.0,"loss100":0.0,"d200":0.0,"dr200":0.0,"loss200":0.0,"d500":0.0,"dr500":0.0,"loss500":0.0},"geometry":{"type":"Polygon","coordinates":[[[34.26485190419835,0.626059066475027],[34.27024209580165,0.626059066475027],[34.27024209580165,0.6314489335249731],[34.26485190419835,0.6314489335249731],[34.26485190419835,0.626059066475027]]]}},{"type":"Feature","properties":{"id":"RFB-1141","cls":"informal_iron_sheet","area":14,"cost":7200,"tiv":100000.0,"tivCsv":100000.0,"lat":-0.08283,"lon":34.74674,"where":"KE","settlement":"Kisumu","density_class":"urban","stratum":"basin","d10":0.0,"dr10":0.0,"loss10":0.0,"d20":0.0,"dr20":0.0,"loss20":0.0,"d50":0.0,"dr50":0.0,"loss50":0.0,"d100":0.0,"dr100":0.0,"loss100":0.0,"d200":0.0,"dr200":0.0,"loss200":0.0,"d500":0.0,"dr500":0.0,"loss500":0.0},"geometry":{"type":"Polygon","coordinates":[[[34.74404006365892,-0.08552493352497305],[34.74942993634108,-0.08552493352497305],[34.74942993634108,-0.08013506647502695],[34.74404006365892,-0.08013506647502695],[34.74404006365892,-0.08552493352497305]]]}},{"type":"Feature","properties":{"id":"RFB-1142","cls":"permanent_masonry","area":103,"cost":59900,"tiv":6170000.0,"tivCsv":6170000.0,"lat":-0.07437,"lon":34.81742,"where":"KE","settlement":"Kisumu","density_class":"urban","stratum":"basin","d10":0.0,"dr10":0.0,"loss10":0.0,"d20":0.0,"dr20":0.0,"loss20":0.0,"d50":0.0,"dr50":0.0,"loss50":0.0,"d100":0.0,"dr100":0.0,"loss100":0.0,"d200":0.0,"dr200":0.0,"loss200":0.0,"d500":0.0,"dr500":0.0,"loss500":0.0},"geometry":{"type":"Polygon","coordinates":[[[34.81472806420468,-0.07706693352497304],[34.82011793579532,-0.07706693352497304],[34.82011793579532,-0.07167706647502695],[34.81472806420468,-0.07167706647502695],[34.81472806420468,-0.07706693352497304]]]}},{"type":"Feature","properties":{"id":"RFB-1143","cls":"permanent_masonry","area":75,"cost":59500,"tiv":4460000.0,"tivCsv":4460000.0,"lat":0.85355,"lon":35.24681,"where":"KE","settlement":"other","density_class":"peri_urban","stratum":"basin","d10":0.0,"dr10":0.0,"loss10":0.0,"d20":0.0,"dr20":0.0,"loss20":0.0,"d50":0.0,"dr50":0.0,"loss50":0.0,"d100":0.0,"dr100":0.0,"loss100":0.0,"d200":0.0,"dr200":0.0,"loss200":0.0,"d500":0.0,"dr500":0.0,"loss500":0.0},"geometry":{"type":"Polygon","coordinates":[[[35.24411276740778,0.8508530664750269],[35.249503232592225,0.8508530664750269],[35.249503232592225,0.856242933524973],[35.24411276740778,0.856242933524973],[35.24411276740778,0.8508530664750269]]]}},{"type":"Feature","properties":{"id":"RFB-1144","cls":"permanent_masonry","area":91,"cost":55400,"tiv":5040000.0,"tivCsv":5040000.0,"lat":0.09276,"lon":34.15764,"where":"KE","settlement":"Rwambwa","density_class":"peri_urban","stratum":"basin","d10":0.0,"dr10":0.0,"loss10":0.0,"d20":0.0,"dr20":0.0,"loss20":0.0,"d50":0.0,"dr50":0.0,"loss50":0.0,"d100":0.0,"dr100":0.0,"loss100":0.0,"d200":0.0,"dr200":0.0,"loss200":0.0,"d500":0.0,"dr500":0.0,"loss500":0.0},"geometry":{"type":"Polygon","coordinates":[[[34.15494506294331,0.09006406647502695],[34.16033493705669,0.09006406647502695],[34.16033493705669,0.09545393352497304],[34.15494506294331,0.09545393352497304],[34.15494506294331,0.09006406647502695]]]}},{"type":"Feature","properties":{"id":"RFB-1145","cls":"permanent_masonry","area":167,"cost":43100,"tiv":7200000.0,"tivCsv":7200000.0,"lat":0.14497,"lon":34.32021,"where":"KE","settlement":"other","density_class":"peri_urban","stratum":"basin","d10":0.0,"dr10":0.0,"loss10":0.0,"d20":0.0,"dr20":0.0,"loss20":0.0,"d50":0.0,"dr50":0.0,"loss50":0.0,"d100":0.0,"dr100":0.0,"loss100":0.0,"d200":0.0,"dr200":0.0,"loss200":0.0,"d500":0.0,"dr500":0.0,"loss500":0.0},"geometry":{"type":"Polygon","coordinates":[[[34.31751405784849,0.14227606647502694],[34.322903942151505,0.14227606647502694],[34.322903942151505,0.14766593352497304],[34.31751405784849,0.14766593352497304],[34.31751405784849,0.14227606647502694]]]}},{"type":"Feature","properties":{"id":"RFB-1146","cls":"informal_iron_sheet","area":17,"cost":7500,"tiv":130000.0,"tivCsv":130000.0,"lat":0.46198,"lon":34.572,"where":"KE","settlement":"other","density_class":"peri_urban","stratum":"basin","d10":0.0,"dr10":0.0,"loss10":0.0,"d20":0.0,"dr20":0.0,"loss20":0.0,"d50":0.0,"dr50":0.0,"loss50":0.0,"d100":0.0,"dr100":0.0,"loss100":0.0,"d200":0.0,"dr200":0.0,"loss200":0.0,"d500":0.0,"dr500":0.0,"loss500":0.0},"geometry":{"type":"Polygon","coordinates":[[[34.569304978870385,0.4592830664750269],[34.57469502112962,0.4592830664750269],[34.57469502112962,0.4646729335249731],[34.569304978870385,0.4646729335249731],[34.569304978870385,0.4592830664750269]]]}},{"type":"Feature","properties":{"id":"RFB-1147","cls":"permanent_masonry","area":117,"cost":48700,"tiv":5700000.0,"tivCsv":5700000.0,"lat":0.51334,"lon":34.12549,"where":"KE","settlement":"other","density_class":"peri_urban","stratum":"basin","d10":0.0,"dr10":0.0,"loss10":0.0,"d20":0.0,"dr20":0.0,"loss20":0.0,"d50":0.0,"dr50":0.0,"loss50":0.0,"d100":0.0,"dr100":0.0,"loss100":0.0,"d200":0.0,"dr200":0.0,"loss200":0.0,"d500":0.0,"dr500":0.0,"loss500":0.0},"geometry":{"type":"Polygon","coordinates":[[[34.122791958305655,0.510649066475027],[34.128182041694345,0.510649066475027],[34.128182041694345,0.5160389335249731],[34.122791958305655,0.5160389335249731],[34.122791958305655,0.510649066475027]]]}},{"type":"Feature","properties":{"id":"RFB-1148","cls":"semi_permanent","area":47,"cost":13800,"tiv":650000.0,"tivCsv":650000.0,"lat":0.56878,"lon":35.23642,"where":"KE","settlement":"other","density_class":"urban","stratum":"basin","d10":0.0,"dr10":0.0,"loss10":0.0,"d20":0.0,"dr20":0.0,"loss20":0.0,"d50":0.0,"dr50":0.0,"loss50":0.0,"d100":0.0,"dr100":0.0,"loss100":0.0,"d200":0.0,"dr200":0.0,"loss200":0.0,"d500":0.0,"dr500":0.0,"loss500":0.0},"geometry":{"type":"Polygon","coordinates":[[[35.23372293368171,0.5660830664750269],[35.23911306631829,0.5660830664750269],[35.23911306631829,0.5714729335249731],[35.23372293368171,0.5714729335249731],[35.23372293368171,0.5660830664750269]]]}},{"type":"Feature","properties":{"id":"RFB-1149","cls":"informal_iron_sheet","area":17,"cost":9200,"tiv":155000.0,"tivCsv":155000.0,"lat":0.13171,"lon":35.02625,"where":"KE","settlement":"other","density_class":"rural","stratum":"basin","d10":0.0,"dr10":0.0,"loss10":0.0,"d20":0.0,"dr20":0.0,"loss20":0.0,"d50":0.0,"dr50":0.0,"loss50":0.0,"d100":0.0,"dr100":0.0,"loss100":0.0,"d200":0.0,"dr200":0.0,"loss200":0.0,"d500":0.0,"dr500":0.0,"loss500":0.0},"geometry":{"type":"Polygon","coordinates":[[[35.023550059354626,0.12901406647502695],[35.02893994064538,0.12901406647502695],[35.02893994064538,0.13440393352497304],[35.023550059354626,0.13440393352497304],[35.023550059354626,0.12901406647502695]]]}},{"type":"Feature","properties":{"id":"RFB-1150","cls":"semi_permanent","area":59,"cost":13600,"tiv":800000.0,"tivCsv":800000.0,"lat":0.47319,"lon":35.25232,"where":"KE","settlement":"other","density_class":"urban","stratum":"basin","d10":0.0,"dr10":0.0,"loss10":0.0,"d20":0.0,"dr20":0.0,"loss20":0.0,"d50":0.0,"dr50":0.0,"loss50":0.0,"d100":0.0,"dr100":0.0,"loss100":0.0,"d200":0.0,"dr200":0.0,"loss200":0.0,"d500":0.0,"dr500":0.0,"loss500":0.0},"geometry":{"type":"Polygon","coordinates":[[[35.24962597456485,0.47049906647502693],[35.255016025435154,0.47049906647502693],[35.255016025435154,0.4758889335249731],[35.24962597456485,0.4758889335249731],[35.24962597456485,0.47049906647502693]]]}},{"type":"Feature","properties":{"id":"RFB-1151","cls":"semi_permanent","area":27,"cost":14900,"tiv":400000.0,"tivCsv":400000.0,"lat":0.17802,"lon":34.76727,"where":"KE","settlement":"other","density_class":"peri_urban","stratum":"basin","d10":0.0,"dr10":0.0,"loss10":0.0,"d20":0.0,"dr20":0.0,"loss20":0.0,"d50":0.0,"dr50":0.0,"loss50":0.0,"d100":0.0,"dr100":0.0,"loss100":0.0,"d200":0.0,"dr200":0.0,"loss200":0.0,"d500":0.0,"dr500":0.0,"loss500":0.0},"geometry":{"type":"Polygon","coordinates":[[[34.76457505346625,0.17533006647502694],[34.769964946533754,0.17533006647502694],[34.769964946533754,0.18071993352497304],[34.76457505346625,0.18071993352497304],[34.76457505346625,0.17533006647502694]]]}},{"type":"Feature","properties":{"id":"RFB-1152","cls":"semi_permanent","area":57,"cost":13200,"tiv":750000.0,"tivCsv":750000.0,"lat":0.144,"lon":34.25411,"where":"KE","settlement":"other","density_class":"rural","stratum":"basin","d10":0.0,"dr10":0.0,"loss10":0.0,"d20":0.0,"dr20":0.0,"loss20":0.0,"d50":0.0,"dr50":0.0,"loss50":0.0,"d100":0.0,"dr100":0.0,"loss100":0.0,"d200":0.0,"dr200":0.0,"loss200":0.0,"d500":0.0,"dr500":0.0,"loss500":0.0},"geometry":{"type":"Polygon","coordinates":[[[34.251410057964264,0.14130006647502696],[34.25679994203574,0.14130006647502696],[34.25679994203574,0.14668993352497306],[34.251410057964264,0.14668993352497306],[34.251410057964264,0.14130006647502696]]]}},{"type":"Feature","properties":{"id":"RFB-1153","cls":"permanent_masonry","area":152,"cost":54700,"tiv":8315000.0,"tivCsv":8315000.0,"lat":-0.18439,"lon":34.95625,"where":"KE","settlement":"other","density_class":"peri_urban","stratum":"basin","d10":0.0,"dr10":0.0,"loss10":0.0,"d20":0.0,"dr20":0.0,"loss20":0.0,"d50":0.0,"dr50":0.0,"loss50":0.0,"d100":0.0,"dr100":0.0,"loss100":0.0,"d200":0.0,"dr200":0.0,"loss200":0.0,"d500":0.0,"dr500":0.0,"loss500":0.0},"geometry":{"type":"Polygon","coordinates":[[[34.953551052519856,-0.18708193352497304],[34.958940947480144,-0.18708193352497304],[34.958940947480144,-0.18169206647502695],[34.953551052519856,-0.18169206647502695],[34.953551052519856,-0.18708193352497304]]]}},{"type":"Feature","properties":{"id":"RFB-1154","cls":"permanent_masonry","area":104,"cost":53000,"tiv":5510000.0,"tivCsv":5510000.0,"lat":0.16714,"lon":34.67257,"where":"KE","settlement":"other","density_class":"peri_urban","stratum":"basin","d10":0.0,"dr10":0.0,"loss10":0.0,"d20":0.0,"dr20":0.0,"loss20":0.0,"d50":0.0,"dr50":0.0,"loss50":0.0,"d100":0.0,"dr100":0.0,"loss100":0.0,"d200":0.0,"dr200":0.0,"loss200":0.0,"d500":0.0,"dr500":0.0,"loss500":0.0},"geometry":{"type":"Polygon","coordinates":[[[34.66987605500841,0.16444506647502696],[34.67526594499159,0.16444506647502696],[34.67526594499159,0.16983493352497306],[34.66987605500841,0.16983493352497306],[34.66987605500841,0.16444506647502696]]]}},{"type":"Feature","properties":{"id":"RFB-1155","cls":"semi_permanent","area":45,"cost":14500,"tiv":650000.0,"tivCsv":650000.0,"lat":1.0103,"lon":35.01613,"where":"KE","settlement":"Kitale","density_class":"urban","stratum":"basin","d10":0.0,"dr10":0.0,"loss10":0.0,"d20":0.0,"dr20":0.0,"loss20":0.0,"d50":0.0,"dr50":0.0,"loss50":0.0,"d100":0.0,"dr100":0.0,"loss100":0.0,"d200":0.0,"dr200":0.0,"loss200":0.0,"d500":0.0,"dr500":0.0,"loss500":0.0},"geometry":{"type":"Polygon","coordinates":[[[35.01343464745983,1.007605066475027],[35.01882535254016,1.007605066475027],[35.01882535254016,1.012994933524973],[35.01343464745983,1.012994933524973],[35.01343464745983,1.007605066475027]]]}},{"type":"Feature","properties":{"id":"RFB-1156","cls":"informal_iron_sheet","area":16,"cost":5800,"tiv":95000.0,"tivCsv":95000.0,"lat":0.72295,"lon":34.84051,"where":"KE","settlement":"other","density_class":"peri_urban","stratum":"basin","d10":0.0,"dr10":0.0,"loss10":0.0,"d20":0.0,"dr20":0.0,"loss20":0.0,"d50":0.0,"dr50":0.0,"loss50":0.0,"d100":0.0,"dr100":0.0,"loss100":0.0,"d200":0.0,"dr200":0.0,"loss200":0.0,"d500":0.0,"dr500":0.0,"loss500":0.0},"geometry":{"type":"Polygon","coordinates":[[[34.83781685192837,0.7202580664750269],[34.84320714807162,0.7202580664750269],[34.84320714807162,0.725647933524973],[34.83781685192837,0.725647933524973],[34.83781685192837,0.7202580664750269]]]}},{"type":"Feature","properties":{"id":"RFB-1157","cls":"permanent_masonry","area":118,"cost":59000,"tiv":6960000.0,"tivCsv":6960000.0,"lat":0.27719,"lon":34.67238,"where":"KE","settlement":"other","density_class":"peri_urban","stratum":"basin","d10":0.0,"dr10":0.0,"loss10":0.0,"d20":0.0,"dr20":0.0,"loss20":0.0,"d50":0.0,"dr50":0.0,"loss50":0.0,"d100":0.0,"dr100":0.0,"loss100":0.0,"d200":0.0,"dr200":0.0,"loss200":0.0,"d500":0.0,"dr500":0.0,"loss500":0.0},"geometry":{"type":"Polygon","coordinates":[[[34.66969003493694,0.27449606647502695],[34.675079965063055,0.27449606647502695],[34.675079965063055,0.2798859335249731],[34.66969003493694,0.2798859335249731],[34.66969003493694,0.27449606647502695]]]}},{"type":"Feature","properties":{"id":"RFB-1158","cls":"permanent_masonry","area":64,"cost":62400,"tiv":3995000.0,"tivCsv":3995000.0,"lat":1.14006,"lon":34.98945,"where":"KE","settlement":"other","density_class":"peri_urban","stratum":"basin","d10":0.0,"dr10":0.0,"loss10":0.0,"d20":0.0,"dr20":0.0,"loss20":0.0,"d50":0.0,"dr50":0.0,"loss50":0.0,"d100":0.0,"dr100":0.0,"loss100":0.0,"d200":0.0,"dr200":0.0,"loss200":0.0,"d500":0.0,"dr500":0.0,"loss500":0.0},"geometry":{"type":"Polygon","coordinates":[[[34.98675653289089,1.137369066475027],[34.99214746710911,1.137369066475027],[34.99214746710911,1.142758933524973],[34.98675653289089,1.142758933524973],[34.98675653289089,1.137369066475027]]]}},{"type":"Feature","properties":{"id":"RFB-1159","cls":"permanent_masonry","area":152,"cost":59800,"tiv":9090000.0,"tivCsv":9090000.0,"lat":0.46872,"lon":35.26312,"where":"KE","settlement":"other","density_class":"urban","stratum":"basin","d10":0.0,"dr10":0.0,"loss10":0.0,"d20":0.0,"dr20":0.0,"loss20":0.0,"d50":0.0,"dr50":0.0,"loss50":0.0,"d100":0.0,"dr100":0.0,"loss100":0.0,"d200":0.0,"dr200":0.0,"loss200":0.0,"d500":0.0,"dr500":0.0,"loss500":0.0},"geometry":{"type":"Polygon","coordinates":[[[35.2604249762943,0.4660260664750269],[35.2658150237057,0.4660260664750269],[35.2658150237057,0.4714159335249731],[35.2604249762943,0.4714159335249731],[35.2604249762943,0.4660260664750269]]]}},{"type":"Feature","properties":{"id":"RFB-1160","cls":"concrete_rcc","area":613,"cost":75000,"tiv":45975000.0,"tivCsv":45975000.0,"lat":0.58905,"lon":34.55055,"where":"KE","settlement":"other","density_class":"urban","stratum":"basin","d10":0.0,"dr10":0.0,"loss10":0.0,"d20":0.0,"dr20":0.0,"loss20":0.0,"d50":0.0,"dr50":0.0,"loss50":0.0,"d100":0.0,"dr100":0.0,"loss100":0.0,"d200":0.0,"dr200":0.0,"loss200":0.0,"d500":0.0,"dr500":0.0,"loss500":0.0},"geometry":{"type":"Polygon","coordinates":[[[34.54785492404723,0.586354066475027],[34.55324507595277,0.586354066475027],[34.55324507595277,0.5917439335249731],[34.54785492404723,0.5917439335249731],[34.54785492404723,0.586354066475027]]]}},{"type":"Feature","properties":{"id":"RFB-1161","cls":"concrete_rcc","area":286,"cost":60300,"tiv":17245000.0,"tivCsv":17245000.0,"lat":0.78976,"lon":34.79782,"where":"KE","settlement":"Bungoma","density_class":"urban","stratum":"basin","d10":0.0,"dr10":0.0,"loss10":0.0,"d20":0.0,"dr20":0.0,"loss20":0.0,"d50":0.0,"dr50":0.0,"loss50":0.0,"d100":0.0,"dr100":0.0,"loss100":0.0,"d200":0.0,"dr200":0.0,"loss200":0.0,"d500":0.0,"dr500":0.0,"loss500":0.0},"geometry":{"type":"Polygon","coordinates":[[[34.79512681044049,0.787066066475027],[34.8005171895595,0.787066066475027],[34.8005171895595,0.7924559335249731],[34.79512681044049,0.7924559335249731],[34.79512681044049,0.787066066475027]]]}},{"type":"Feature","properties":{"id":"RFB-1162","cls":"semi_permanent","area":44,"cost":13900,"tiv":610000.0,"tivCsv":610000.0,"lat":1.04678,"lon":35.20502,"where":"KE","settlement":"other","density_class":"peri_urban","stratum":"basin","d10":0.0,"dr10":0.0,"loss10":0.0,"d20":0.0,"dr20":0.0,"loss20":0.0,"d50":0.0,"dr50":0.0,"loss50":0.0,"d100":0.0,"dr100":0.0,"loss100":0.0,"d200":0.0,"dr200":0.0,"loss200":0.0,"d500":0.0,"dr500":0.0,"loss500":0.0},"geometry":{"type":"Polygon","coordinates":[[[35.20232761664784,1.044087066475027],[35.20771838335215,1.044087066475027],[35.20771838335215,1.0494769335249732],[35.20232761664784,1.0494769335249732],[35.20232761664784,1.044087066475027]]]}},{"type":"Feature","properties":{"id":"RFB-1163","cls":"permanent_masonry","area":283,"cost":52300,"tiv":14800000.0,"tivCsv":14800000.0,"lat":1.19521,"lon":35.09908,"where":"KE","settlement":"other","density_class":"peri_urban","stratum":"basin","d10":0.0,"dr10":0.0,"loss10":0.0,"d20":0.0,"dr20":0.0,"loss20":0.0,"d50":0.0,"dr50":0.0,"loss50":0.0,"d100":0.0,"dr100":0.0,"loss100":0.0,"d200":0.0,"dr200":0.0,"loss200":0.0,"d500":0.0,"dr500":0.0,"loss500":0.0},"geometry":{"type":"Polygon","coordinates":[[[35.09638748001387,1.192514066475027],[35.101778519986134,1.192514066475027],[35.101778519986134,1.197903933524973],[35.09638748001387,1.197903933524973],[35.09638748001387,1.192514066475027]]]}},{"type":"Feature","properties":{"id":"RFB-1164","cls":"semi_permanent","area":69,"cost":11700,"tiv":805000.0,"tivCsv":805000.0,"lat":0.79518,"lon":34.59348,"where":"KE","settlement":"other","density_class":"peri_urban","stratum":"basin","d10":0.0,"dr10":0.0,"loss10":0.0,"d20":0.0,"dr20":0.0,"loss20":0.0,"d50":0.0,"dr50":0.0,"loss50":0.0,"d100":0.0,"dr100":0.0,"loss100":0.0,"d200":0.0,"dr200":0.0,"loss200":0.0,"d500":0.0,"dr500":0.0,"loss500":0.0},"geometry":{"type":"Polygon","coordinates":[[[34.59078580691455,0.7924850664750269],[34.59617619308544,0.7924850664750269],[34.59617619308544,0.7978749335249731],[34.59078580691455,0.7978749335249731],[34.59078580691455,0.7924850664750269]]]}},{"type":"Feature","properties":{"id":"RFB-1165","cls":"informal_iron_sheet","area":18,"cost":7600,"tiv":135000.0,"tivCsv":135000.0,"lat":-0.11139,"lon":34.77407,"where":"KE","settlement":"Kisumu","density_class":"urban","stratum":"basin","d10":0.0,"dr10":0.0,"loss10":0.0,"d20":0.0,"dr20":0.0,"loss20":0.0,"d50":0.0,"dr50":0.0,"loss50":0.0,"d100":0.0,"dr100":0.0,"loss100":0.0,"d200":0.0,"dr200":0.0,"loss200":0.0,"d500":0.0,"dr500":0.0,"loss500":0.0},"geometry":{"type":"Polygon","coordinates":[[[34.7713780613823,-0.11408293352497305],[34.7767679386177,-0.11408293352497305],[34.7767679386177,-0.10869306647502695],[34.7713780613823,-0.10869306647502695],[34.7713780613823,-0.11408293352497305]]]}},{"type":"Feature","properties":{"id":"RFB-1166","cls":"permanent_masonry","area":126,"cost":49000,"tiv":6175000.0,"tivCsv":6175000.0,"lat":0.56069,"lon":34.55164,"where":"KE","settlement":"other","density_class":"urban","stratum":"basin","d10":0.0,"dr10":0.0,"loss10":0.0,"d20":0.0,"dr20":0.0,"loss20":0.0,"d50":0.0,"dr50":0.0,"loss50":0.0,"d100":0.0,"dr100":0.0,"loss100":0.0,"d200":0.0,"dr200":0.0,"loss200":0.0,"d500":0.0,"dr500":0.0,"loss500":0.0},"geometry":{"type":"Polygon","coordinates":[[[34.54894093743026,0.5579980664750269],[34.554331062569744,0.5579980664750269],[34.554331062569744,0.5633879335249731],[34.54894093743026,0.5633879335249731],[34.54894093743026,0.5579980664750269]]]}},{"type":"Feature","properties":{"id":"RFB-1167","cls":"semi_permanent","area":61,"cost":13200,"tiv":805000.0,"tivCsv":805000.0,"lat":-0.11233,"lon":34.76757,"where":"KE","settlement":"Kisumu","density_class":"urban","stratum":"basin","d10":0.0,"dr10":0.0,"loss10":0.0,"d20":0.0,"dr20":0.0,"loss20":0.0,"d50":0.0,"dr50":0.0,"loss50":0.0,"d100":0.0,"dr100":0.0,"loss100":0.0,"d200":0.0,"dr200":0.0,"loss200":0.0,"d500":0.0,"dr500":0.0,"loss500":0.0},"geometry":{"type":"Polygon","coordinates":[[[34.76487106129589,-0.11502393352497305],[34.77026093870411,-0.11502393352497305],[34.77026093870411,-0.10963406647502695],[34.76487106129589,-0.10963406647502695],[34.76487106129589,-0.11502393352497305]]]}},{"type":"Feature","properties":{"id":"RFB-1168","cls":"semi_permanent","area":30,"cost":12200,"tiv":365000.0,"tivCsv":365000.0,"lat":0.95462,"lon":35.09683,"where":"KE","settlement":"other","density_class":"peri_urban","stratum":"basin","d10":0.0,"dr10":0.0,"loss10":0.0,"d20":0.0,"dr20":0.0,"loss20":0.0,"d50":0.0,"dr50":0.0,"loss50":0.0,"d100":0.0,"dr100":0.0,"loss100":0.0,"d200":0.0,"dr200":0.0,"loss200":0.0,"d500":0.0,"dr500":0.0,"loss500":0.0},"geometry":{"type":"Polygon","coordinates":[[[35.09413469237579,0.9519280664750269],[35.099525307624205,0.9519280664750269],[35.099525307624205,0.9573179335249731],[35.09413469237579,0.9573179335249731],[35.09413469237579,0.9519280664750269]]]}},{"type":"Feature","properties":{"id":"RFB-1169","cls":"informal_iron_sheet","area":18,"cost":8400,"tiv":150000.0,"tivCsv":150000.0,"lat":0.26114,"lon":34.61951,"where":"KE","settlement":"other","density_class":"peri_urban","stratum":"basin","d10":0.0,"dr10":0.0,"loss10":0.0,"d20":0.0,"dr20":0.0,"loss20":0.0,"d50":0.0,"dr50":0.0,"loss50":0.0,"d100":0.0,"dr100":0.0,"loss100":0.0,"d200":0.0,"dr200":0.0,"loss200":0.0,"d500":0.0,"dr500":0.0,"loss500":0.0},"geometry":{"type":"Polygon","coordinates":[[[34.61682003848285,0.2584490664750269],[34.62220996151715,0.2584490664750269],[34.62220996151715,0.26383893352497306],[34.61682003848285,0.26383893352497306],[34.61682003848285,0.2584490664750269]]]}},{"type":"Feature","properties":{"id":"RFB-1170","cls":"permanent_masonry","area":163,"cost":50200,"tiv":8185000.0,"tivCsv":8185000.0,"lat":0.35257,"lon":34.19608,"where":"KE","settlement":"Bumala","density_class":"peri_urban","stratum":"basin","d10":0.0,"dr10":0.0,"loss10":0.0,"d20":0.0,"dr20":0.0,"loss20":0.0,"d50":0.0,"dr50":0.0,"loss50":0.0,"d100":0.0,"dr100":0.0,"loss100":0.0,"d200":0.0,"dr200":0.0,"loss200":0.0,"d500":0.0,"dr500":0.0,"loss500":0.0},"geometry":{"type":"Polygon","coordinates":[[[34.19338301545296,0.34987006647502694],[34.19877298454704,0.34987006647502694],[34.19877298454704,0.3552599335249731],[34.19338301545296,0.3552599335249731],[34.19338301545296,0.34987006647502694]]]}},{"type":"Feature","properties":{"id":"RFB-1171","cls":"informal_iron_sheet","area":18,"cost":7500,"tiv":135000.0,"tivCsv":135000.0,"lat":0.21727,"lon":34.65325,"where":"KE","settlement":"other","density_class":"peri_urban","stratum":"basin","d10":0.0,"dr10":0.0,"loss10":0.0,"d20":0.0,"dr20":0.0,"loss20":0.0,"d50":0.0,"dr50":0.0,"loss50":0.0,"d100":0.0,"dr100":0.0,"loss100":0.0,"d200":0.0,"dr200":0.0,"loss200":0.0,"d500":0.0,"dr500":0.0,"loss500":0.0},"geometry":{"type":"Polygon","coordinates":[[[34.65055104709837,0.21457606647502694],[34.65594095290164,0.21457606647502694],[34.65594095290164,0.21996593352497304],[34.65055104709837,0.21996593352497304],[34.65055104709837,0.21457606647502694]]]}},{"type":"Feature","properties":{"id":"RFB-1172","cls":"semi_permanent","area":41,"cost":9800,"tiv":400000.0,"tivCsv":400000.0,"lat":-0.00924,"lon":34.71844,"where":"KE","settlement":"Kisumu","density_class":"peri_urban","stratum":"basin","d10":0.0,"dr10":0.0,"loss10":0.0,"d20":0.0,"dr20":0.0,"loss20":0.0,"d50":0.0,"dr50":0.0,"loss50":0.0,"d100":0.0,"dr100":0.0,"loss100":0.0,"d200":0.0,"dr200":0.0,"loss200":0.0,"d500":0.0,"dr500":0.0,"loss500":0.0},"geometry":{"type":"Polygon","coordinates":[[[34.71574206644,-0.011932933524973051],[34.72113193356,-0.011932933524973051],[34.72113193356,-0.0065430664750269485],[34.71574206644,-0.0065430664750269485],[34.71574206644,-0.011932933524973051]]]}},{"type":"Feature","properties":{"id":"RFB-1173","cls":"concrete_rcc","area":247,"cost":73700,"tiv":18205000.0,"tivCsv":18205000.0,"lat":0.51737,"lon":35.25684,"where":"KE","settlement":"other","density_class":"urban","stratum":"basin","d10":0.0,"dr10":0.0,"loss10":0.0,"d20":0.0,"dr20":0.0,"loss20":0.0,"d50":0.0,"dr50":0.0,"loss50":0.0,"d100":0.0,"dr100":0.0,"loss100":0.0,"d200":0.0,"dr200":0.0,"loss200":0.0,"d500":0.0,"dr500":0.0,"loss500":0.0},"geometry":{"type":"Polygon","coordinates":[[[35.254148956603544,0.514672066475027],[35.25953904339646,0.514672066475027],[35.25953904339646,0.5200619335249731],[35.254148956603544,0.5200619335249731],[35.254148956603544,0.514672066475027]]]}},{"type":"Feature","properties":{"id":"RFB-1174","cls":"permanent_masonry","area":190,"cost":46900,"tiv":8910000.0,"tivCsv":8910000.0,"lat":0.19796,"lon":35.28977,"where":"KE","settlement":"other","density_class":"peri_urban","stratum":"basin","d10":0.0,"dr10":0.0,"loss10":0.0,"d20":0.0,"dr20":0.0,"loss20":0.0,"d50":0.0,"dr50":0.0,"loss50":0.0,"d100":0.0,"dr100":0.0,"loss100":0.0,"d200":0.0,"dr200":0.0,"loss200":0.0,"d500":0.0,"dr500":0.0,"loss500":0.0},"geometry":{"type":"Polygon","coordinates":[[[35.287073050389864,0.19526406647502695],[35.29246294961014,0.19526406647502695],[35.29246294961014,0.20065393352497304],[35.287073050389864,0.20065393352497304],[35.287073050389864,0.19526406647502695]]]}},{"type":"Feature","properties":{"id":"RFB-1175","cls":"semi_permanent","area":21,"cost":11300,"tiv":235000.0,"tivCsv":235000.0,"lat":0.74033,"lon":34.70256,"where":"KE","settlement":"Bungoma","density_class":"peri_urban","stratum":"basin","d10":0.0,"dr10":0.0,"loss10":0.0,"d20":0.0,"dr20":0.0,"loss20":0.0,"d50":0.0,"dr50":0.0,"loss50":0.0,"d100":0.0,"dr100":0.0,"loss100":0.0,"d200":0.0,"dr200":0.0,"loss200":0.0,"d500":0.0,"dr500":0.0,"loss500":0.0},"geometry":{"type":"Polygon","coordinates":[[[34.69986884148752,0.737639066475027],[34.70525915851248,0.737639066475027],[34.70525915851248,0.7430289335249731],[34.69986884148752,0.7430289335249731],[34.69986884148752,0.737639066475027]]]}},{"type":"Feature","properties":{"id":"RFB-1176","cls":"semi_permanent","area":41,"cost":9000,"tiv":370000.0,"tivCsv":370000.0,"lat":0.06126,"lon":34.91125,"where":"KE","settlement":"other","density_class":"peri_urban","stratum":"basin","d10":0.0,"dr10":0.0,"loss10":0.0,"d20":0.0,"dr20":0.0,"loss20":0.0,"d50":0.0,"dr50":0.0,"loss50":0.0,"d100":0.0,"dr100":0.0,"loss100":0.0,"d200":0.0,"dr200":0.0,"loss200":0.0,"d500":0.0,"dr500":0.0,"loss500":0.0},"geometry":{"type":"Polygon","coordinates":[[[34.908560064934846,0.05856106647502695],[34.91394993506515,0.05856106647502695],[34.91394993506515,0.06395093352497305],[34.908560064934846,0.06395093352497305],[34.908560064934846,0.05856106647502695]]]}},{"type":"Feature","properties":{"id":"RFB-1177","cls":"informal_iron_sheet","area":9,"cost":5800,"tiv":50000.0,"tivCsv":50000.0,"lat":0.34777,"lon":34.50616,"where":"KE","settlement":"Mumias","density_class":"peri_urban","stratum":"basin","d10":0.0,"dr10":0.0,"loss10":0.0,"d20":0.0,"dr20":0.0,"loss20":0.0,"d50":0.0,"dr50":0.0,"loss50":0.0,"d100":0.0,"dr100":0.0,"loss100":0.0,"d200":0.0,"dr200":0.0,"loss200":0.0,"d500":0.0,"dr500":0.0,"loss500":0.0},"geometry":{"type":"Polygon","coordinates":[[[34.50346501683224,0.3450720664750269],[34.508854983167765,0.3450720664750269],[34.508854983167765,0.35046193352497307],[34.50346501683224,0.35046193352497307],[34.50346501683224,0.3450720664750269]]]}},{"type":"Feature","properties":{"id":"RFB-1178","cls":"permanent_masonry","area":180,"cost":56200,"tiv":10115000.0,"tivCsv":10115000.0,"lat":1.01138,"lon":35.08717,"where":"KE","settlement":"Kitale","density_class":"peri_urban","stratum":"basin","d10":0.0,"dr10":0.0,"loss10":0.0,"d20":0.0,"dr20":0.0,"loss20":0.0,"d50":0.0,"dr50":0.0,"loss50":0.0,"d100":0.0,"dr100":0.0,"loss100":0.0,"d200":0.0,"dr200":0.0,"loss200":0.0,"d500":0.0,"dr500":0.0,"loss500":0.0},"geometry":{"type":"Polygon","coordinates":[[[35.08447364656672,1.008681066475027],[35.089864353433285,1.008681066475027],[35.089864353433285,1.0140709335249731],[35.08447364656672,1.0140709335249731],[35.08447364656672,1.008681066475027]]]}},{"type":"Feature","properties":{"id":"RFB-1179","cls":"semi_permanent","area":62,"cost":12100,"tiv":750000.0,"tivCsv":750000.0,"lat":0.60454,"lon":34.964,"where":"KE","settlement":"other","density_class":"peri_urban","stratum":"basin","d10":0.0,"dr10":0.0,"loss10":0.0,"d20":0.0,"dr20":0.0,"loss20":0.0,"d50":0.0,"dr50":0.0,"loss50":0.0,"d100":0.0,"dr100":0.0,"loss100":0.0,"d200":0.0,"dr200":0.0,"loss200":0.0,"d500":0.0,"dr500":0.0,"loss500":0.0},"geometry":{"type":"Polygon","coordinates":[[[34.96130791645516,0.6018490664750269],[34.966698083544834,0.6018490664750269],[34.966698083544834,0.607238933524973],[34.96130791645516,0.607238933524973],[34.96130791645516,0.6018490664750269]]]}},{"type":"Feature","properties":{"id":"RFB-1180","cls":"semi_permanent","area":44,"cost":9800,"tiv":430000.0,"tivCsv":430000.0,"lat":0.85062,"lon":34.4573,"where":"KE","settlement":"other","density_class":"peri_urban","stratum":"basin","d10":0.0,"dr10":0.0,"loss10":0.0,"d20":0.0,"dr20":0.0,"loss20":0.0,"d50":0.0,"dr50":0.0,"loss50":0.0,"d100":0.0,"dr100":0.0,"loss100":0.0,"d200":0.0,"dr200":0.0,"loss200":0.0,"d500":0.0,"dr500":0.0,"loss500":0.0},"geometry":{"type":"Polygon","coordinates":[[[34.45460076945558,0.8479260664750269],[34.45999123054442,0.8479260664750269],[34.45999123054442,0.853315933524973],[34.45460076945558,0.853315933524973],[34.45460076945558,0.8479260664750269]]]}},{"type":"Feature","properties":{"id":"RFB-1181","cls":"semi_permanent","area":71,"cost":12900,"tiv":915000.0,"tivCsv":915000.0,"lat":0.09381,"lon":34.45669,"where":"KE","settlement":"other","density_class":"peri_urban","stratum":"basin","d10":0.0,"dr10":0.0,"loss10":0.0,"d20":0.0,"dr20":0.0,"loss20":0.0,"d50":0.0,"dr50":0.0,"loss50":0.0,"d100":0.0,"dr100":0.0,"loss100":0.0,"d200":0.0,"dr200":0.0,"loss200":0.0,"d500":0.0,"dr500":0.0,"loss500":0.0},"geometry":{"type":"Polygon","coordinates":[[[34.45399906286267,0.09111706647502696],[34.45938893713733,0.09111706647502696],[34.45938893713733,0.09650693352497305],[34.45399906286267,0.09650693352497305],[34.45399906286267,0.09111706647502696]]]}},{"type":"Feature","properties":{"id":"RFB-1182","cls":"permanent_masonry","area":67,"cost":63800,"tiv":4275000.0,"tivCsv":4275000.0,"lat":0.51286,"lon":35.26323,"where":"KE","settlement":"other","density_class":"urban","stratum":"basin","d10":0.0,"dr10":0.0,"loss10":0.0,"d20":0.0,"dr20":0.0,"loss20":0.0,"d50":0.0,"dr50":0.0,"loss50":0.0,"d100":0.0,"dr100":0.0,"loss100":0.0,"d200":0.0,"dr200":0.0,"loss200":0.0,"d500":0.0,"dr500":0.0,"loss500":0.0},"geometry":{"type":"Polygon","coordinates":[[[35.26053695850954,0.5101650664750269],[35.265927041490464,0.5101650664750269],[35.265927041490464,0.5155549335249731],[35.26053695850954,0.5155549335249731],[35.26053695850954,0.5101650664750269]]]}},{"type":"Feature","properties":{"id":"RFB-1183","cls":"semi_permanent","area":24,"cost":11100,"tiv":265000.0,"tivCsv":265000.0,"lat":0.36955,"lon":34.98966,"where":"KE","settlement":"other","density_class":"rural","stratum":"basin","d10":0.0,"dr10":0.0,"loss10":0.0,"d20":0.0,"dr20":0.0,"loss20":0.0,"d50":0.0,"dr50":0.0,"loss50":0.0,"d100":0.0,"dr100":0.0,"loss100":0.0,"d200":0.0,"dr200":0.0,"loss200":0.0,"d500":0.0,"dr500":0.0,"loss500":0.0},"geometry":{"type":"Polygon","coordinates":[[[34.98696501041934,0.36685206647502694],[34.99235498958066,0.36685206647502694],[34.99235498958066,0.3722419335249731],[34.98696501041934,0.3722419335249731],[34.98696501041934,0.36685206647502694]]]}},{"type":"Feature","properties":{"id":"RFB-1184","cls":"permanent_masonry","area":87,"cost":42700,"tiv":3715000.0,"tivCsv":3715000.0,"lat":0.25757,"lon":34.26014,"where":"KE","settlement":"Bumala","density_class":"peri_urban","stratum":"basin","d10":0.0,"dr10":0.0,"loss10":0.0,"d20":0.0,"dr20":0.0,"loss20":0.0,"d50":0.0,"dr50":0.0,"loss50":0.0,"d100":0.0,"dr100":0.0,"loss100":0.0,"d200":0.0,"dr200":0.0,"loss200":0.0,"d500":0.0,"dr500":0.0,"loss500":0.0},"geometry":{"type":"Polygon","coordinates":[[[34.2574460392436,0.2548760664750269],[34.2628359607564,0.2548760664750269],[34.2628359607564,0.26026593352497307],[34.2574460392436,0.26026593352497307],[34.2574460392436,0.2548760664750269]]]}},{"type":"Feature","properties":{"id":"RFB-1185","cls":"permanent_masonry","area":209,"cost":55600,"tiv":11620000.0,"tivCsv":11620000.0,"lat":0.529,"lon":34.78174,"where":"KE","settlement":"Kakamega","density_class":"peri_urban","stratum":"basin","d10":0.0,"dr10":0.0,"loss10":0.0,"d20":0.0,"dr20":0.0,"loss20":0.0,"d50":0.0,"dr50":0.0,"loss50":0.0,"d100":0.0,"dr100":0.0,"loss100":0.0,"d200":0.0,"dr200":0.0,"loss200":0.0,"d500":0.0,"dr500":0.0,"loss500":0.0},"geometry":{"type":"Polygon","coordinates":[[[34.779043951608195,0.526302066475027],[34.78443404839181,0.526302066475027],[34.78443404839181,0.5316919335249731],[34.779043951608195,0.5316919335249731],[34.779043951608195,0.526302066475027]]]}},{"type":"Feature","properties":{"id":"RFB-1186","cls":"informal_iron_sheet","area":21,"cost":8600,"tiv":180000.0,"tivCsv":180000.0,"lat":-0.22322,"lon":34.21895,"where":"KE","settlement":"other","density_class":"peri_urban","stratum":"basin","d10":0.0,"dr10":0.0,"loss10":0.0,"d20":0.0,"dr20":0.0,"loss20":0.0,"d50":0.0,"dr50":0.0,"loss50":0.0,"d100":0.0,"dr100":0.0,"loss100":0.0,"d200":0.0,"dr200":0.0,"loss200":0.0,"d500":0.0,"dr500":0.0,"loss500":0.0},"geometry":{"type":"Polygon","coordinates":[[[34.21625504602201,-0.22591893352497305],[34.221644953977986,-0.22591893352497305],[34.221644953977986,-0.22052906647502696],[34.21625504602201,-0.22052906647502696],[34.21625504602201,-0.22591893352497305]]]}},{"type":"Feature","properties":{"id":"RFB-1187","cls":"informal_iron_sheet","area":21,"cost":5800,"tiv":120000.0,"tivCsv":120000.0,"lat":0.08746,"lon":34.22026,"where":"KE","settlement":"other","density_class":"rural","stratum":"basin","d10":0.0,"dr10":0.0,"loss10":0.0,"d20":0.0,"dr20":0.0,"loss20":0.0,"d50":0.0,"dr50":0.0,"loss50":0.0,"d100":0.0,"dr100":0.0,"loss100":0.0,"d200":0.0,"dr200":0.0,"loss200":0.0,"d500":0.0,"dr500":0.0,"loss500":0.0},"geometry":{"type":"Polygon","coordinates":[[[34.21756106333501,0.08476906647502695],[34.222950936664986,0.08476906647502695],[34.222950936664986,0.09015893352497305],[34.21756106333501,0.09015893352497305],[34.21756106333501,0.08476906647502695]]]}},{"type":"Feature","properties":{"id":"RFB-1188","cls":"informal_iron_sheet","area":27,"cost":7100,"tiv":190000.0,"tivCsv":190000.0,"lat":0.20475,"lon":34.42165,"where":"KE","settlement":"other","density_class":"peri_urban","stratum":"basin","d10":0.0,"dr10":0.0,"loss10":0.0,"d20":0.0,"dr20":0.0,"loss20":0.0,"d50":0.0,"dr50":0.0,"loss50":0.0,"d100":0.0,"dr100":0.0,"loss100":0.0,"d200":0.0,"dr200":0.0,"loss200":0.0,"d500":0.0,"dr500":0.0,"loss500":0.0},"geometry":{"type":"Polygon","coordinates":[[[34.41895504926648,0.20206006647502694],[34.42434495073352,0.20206006647502694],[34.42434495073352,0.20744993352497304],[34.41895504926648,0.20744993352497304],[34.41895504926648,0.20206006647502694]]]}},{"type":"Feature","properties":{"id":"RFB-1189","cls":"permanent_masonry","area":138,"cost":57200,"tiv":7895000.0,"tivCsv":7895000.0,"lat":0.83099,"lon":35.12785,"where":"KE","settlement":"other","density_class":"urban","stratum":"basin","d10":0.0,"dr10":0.0,"loss10":0.0,"d20":0.0,"dr20":0.0,"loss20":0.0,"d50":0.0,"dr50":0.0,"loss50":0.0,"d100":0.0,"dr100":0.0,"loss100":0.0,"d200":0.0,"dr200":0.0,"loss200":0.0,"d500":0.0,"dr500":0.0,"loss500":0.0},"geometry":{"type":"Polygon","coordinates":[[[35.1251557830067,0.8282970664750269],[35.1305462169933,0.8282970664750269],[35.1305462169933,0.833686933524973],[35.1251557830067,0.833686933524973],[35.1251557830067,0.8282970664750269]]]}},{"type":"Feature","properties":{"id":"RFB-1190","cls":"informal_iron_sheet","area":18,"cost":6200,"tiv":110000.0,"tivCsv":110000.0,"lat":0.52946,"lon":34.34828,"where":"KE","settlement":"other","density_class":"rural","stratum":"basin","d10":0.0,"dr10":0.0,"loss10":0.0,"d20":0.0,"dr20":0.0,"loss20":0.0,"d50":0.0,"dr50":0.0,"loss50":0.0,"d100":0.0,"dr100":0.0,"loss100":0.0,"d200":0.0,"dr200":0.0,"loss200":0.0,"d500":0.0,"dr500":0.0,"loss500":0.0},"geometry":{"type":"Polygon","coordinates":[[[34.34558895140486,0.5267700664750269],[34.35097904859514,0.5267700664750269],[34.35097904859514,0.532159933524973],[34.34558895140486,0.532159933524973],[34.34558895140486,0.5267700664750269]]]}},{"type":"Feature","properties":{"id":"RFB-1191","cls":"semi_permanent","area":38,"cost":12400,"tiv":470000.0,"tivCsv":470000.0,"lat":0.52707,"lon":35.26321,"where":"KE","settlement":"other","density_class":"urban","stratum":"basin","d10":0.0,"dr10":0.0,"loss10":0.0,"d20":0.0,"dr20":0.0,"loss20":0.0,"d50":0.0,"dr50":0.0,"loss50":0.0,"d100":0.0,"dr100":0.0,"loss100":0.0,"d200":0.0,"dr200":0.0,"loss200":0.0,"d500":0.0,"dr500":0.0,"loss500":0.0},"geometry":{"type":"Polygon","coordinates":[[[35.26051295244529,0.524371066475027],[35.26590304755471,0.524371066475027],[35.26590304755471,0.5297609335249731],[35.26051295244529,0.5297609335249731],[35.26051295244529,0.524371066475027]]]}},{"type":"Feature","properties":{"id":"RFB-1192","cls":"semi_permanent","area":44,"cost":14300,"tiv":630000.0,"tivCsv":630000.0,"lat":0.14423,"lon":35.14921,"where":"KE","settlement":"other","density_class":"peri_urban","stratum":"basin","d10":0.0,"dr10":0.0,"loss10":0.0,"d20":0.0,"dr20":0.0,"loss20":0.0,"d50":0.0,"dr50":0.0,"loss50":0.0,"d100":0.0,"dr100":0.0,"loss100":0.0,"d200":0.0,"dr200":0.0,"loss200":0.0,"d500":0.0,"dr500":0.0,"loss500":0.0},"geometry":{"type":"Polygon","coordinates":[[[35.146511057936216,0.14153706647502695],[35.15190094206378,0.14153706647502695],[35.15190094206378,0.14692693352497305],[35.146511057936216,0.14692693352497305],[35.146511057936216,0.14153706647502695]]]}},{"type":"Feature","properties":{"id":"RFB-1193","cls":"permanent_masonry","area":153,"cost":52100,"tiv":7970000.0,"tivCsv":7970000.0,"lat":1.01525,"lon":35.31918,"where":"KE","settlement":"other","density_class":"rural","stratum":"basin","d10":0.0,"dr10":0.0,"loss10":0.0,"d20":0.0,"dr20":0.0,"loss20":0.0,"d50":0.0,"dr50":0.0,"loss50":0.0,"d100":0.0,"dr100":0.0,"loss100":0.0,"d200":0.0,"dr200":0.0,"loss200":0.0,"d500":0.0,"dr500":0.0,"loss500":0.0},"geometry":{"type":"Polygon","coordinates":[[[35.31648064334661,1.012551066475027],[35.32187135665339,1.012551066475027],[35.32187135665339,1.0179409335249732],[35.31648064334661,1.0179409335249732],[35.31648064334661,1.012551066475027]]]}},{"type":"Feature","properties":{"id":"RFB-1194","cls":"informal_iron_sheet","area":20,"cost":6800,"tiv":135000.0,"tivCsv":135000.0,"lat":0.84713,"lon":34.79734,"where":"KE","settlement":"Bungoma","density_class":"peri_urban","stratum":"basin","d10":0.0,"dr10":0.0,"loss10":0.0,"d20":0.0,"dr20":0.0,"loss20":0.0,"d50":0.0,"dr50":0.0,"loss50":0.0,"d100":0.0,"dr100":0.0,"loss100":0.0,"d200":0.0,"dr200":0.0,"loss200":0.0,"d500":0.0,"dr500":0.0,"loss500":0.0},"geometry":{"type":"Polygon","coordinates":[[[34.79464077188947,0.844434066475027],[34.800031228110534,0.844434066475027],[34.800031228110534,0.8498239335249731],[34.79464077188947,0.8498239335249731],[34.79464077188947,0.844434066475027]]]}},{"type":"Feature","properties":{"id":"RFB-1195","cls":"permanent_masonry","area":123,"cost":48100,"tiv":5915000.0,"tivCsv":5915000.0,"lat":0.05495,"lon":34.72657,"where":"KE","settlement":"other","density_class":"urban","stratum":"basin","d10":0.0,"dr10":0.0,"loss10":0.0,"d20":0.0,"dr20":0.0,"loss20":0.0,"d50":0.0,"dr50":0.0,"loss50":0.0,"d100":0.0,"dr100":0.0,"loss100":0.0,"d200":0.0,"dr200":0.0,"loss200":0.0,"d500":0.0,"dr500":0.0,"loss500":0.0},"geometry":{"type":"Polygon","coordinates":[[[34.72387706523577,0.052252066475026955],[34.729266934764226,0.052252066475026955],[34.729266934764226,0.05764193352497305],[34.72387706523577,0.05764193352497305],[34.72387706523577,0.052252066475026955]]]}},{"type":"Feature","properties":{"id":"RFB-1196","cls":"permanent_masonry","area":81,"cost":43700,"tiv":3540000.0,"tivCsv":3540000.0,"lat":0.52986,"lon":35.3017,"where":"KE","settlement":"other","density_class":"urban","stratum":"basin","d10":0.0,"dr10":0.0,"loss10":0.0,"d20":0.0,"dr20":0.0,"loss20":0.0,"d50":0.0,"dr50":0.0,"loss50":0.0,"d100":0.0,"dr100":0.0,"loss100":0.0,"d200":0.0,"dr200":0.0,"loss200":0.0,"d500":0.0,"dr500":0.0,"loss500":0.0},"geometry":{"type":"Polygon","coordinates":[[[35.299007951233094,0.5271650664750269],[35.30439804876691,0.5271650664750269],[35.30439804876691,0.5325549335249731],[35.299007951233094,0.5325549335249731],[35.299007951233094,0.5271650664750269]]]}},{"type":"Feature","properties":{"id":"RFB-1197","cls":"informal_iron_sheet","area":15,"cost":7600,"tiv":115000.0,"tivCsv":115000.0,"lat":0.59237,"lon":34.62928,"where":"KE","settlement":"other","density_class":"peri_urban","stratum":"basin","d10":0.0,"dr10":0.0,"loss10":0.0,"d20":0.0,"dr20":0.0,"loss20":0.0,"d50":0.0,"dr50":0.0,"loss50":0.0,"d100":0.0,"dr100":0.0,"loss100":0.0,"d200":0.0,"dr200":0.0,"loss200":0.0,"d500":0.0,"dr500":0.0,"loss500":0.0},"geometry":{"type":"Polygon","coordinates":[[[34.626588922438096,0.5896720664750269],[34.6319790775619,0.5896720664750269],[34.6319790775619,0.595061933524973],[34.626588922438096,0.595061933524973],[34.626588922438096,0.5896720664750269]]]}},{"type":"Feature","properties":{"id":"RFB-1198","cls":"semi_permanent","area":65,"cost":13300,"tiv":865000.0,"tivCsv":865000.0,"lat":0.92684,"lon":35.18217,"where":"KE","settlement":"other","density_class":"rural","stratum":"basin","d10":0.0,"dr10":0.0,"loss10":0.0,"d20":0.0,"dr20":0.0,"loss20":0.0,"d50":0.0,"dr50":0.0,"loss50":0.0,"d100":0.0,"dr100":0.0,"loss100":0.0,"d200":0.0,"dr200":0.0,"loss200":0.0,"d500":0.0,"dr500":0.0,"loss500":0.0},"geometry":{"type":"Polygon","coordinates":[[[35.179477713834274,0.9241480664750269],[35.184868286165724,0.9241480664750269],[35.184868286165724,0.929537933524973],[35.179477713834274,0.929537933524973],[35.179477713834274,0.9241480664750269]]]}},{"type":"Feature","properties":{"id":"RFB-1199","cls":"semi_permanent","area":36,"cost":13700,"tiv":495000.0,"tivCsv":495000.0,"lat":1.00596,"lon":35.37063,"where":"KE","settlement":"other","density_class":"rural","stratum":"basin","d10":0.0,"dr10":0.0,"loss10":0.0,"d20":0.0,"dr20":0.0,"loss20":0.0,"d50":0.0,"dr50":0.0,"loss50":0.0,"d100":0.0,"dr100":0.0,"loss100":0.0,"d200":0.0,"dr200":0.0,"loss200":0.0,"d500":0.0,"dr500":0.0,"loss500":0.0},"geometry":{"type":"Polygon","coordinates":[[[35.36793065105254,1.003265066475027],[35.373321348947464,1.003265066475027],[35.373321348947464,1.008654933524973],[35.36793065105254,1.008654933524973],[35.36793065105254,1.003265066475027]]]}}]}