{"type":"FeatureCollection","features":[{"type":"Feature","properties":{"d10":1.55,"d20":1.78,"d50":2.05,"d100":2.23,"d200":2.39,"d500":2.59},"geometry":{"type":"Polygon","coordinates":[[[33.69999999999999,1.058333333333326],[33.70833333333332,1.058333333333326],[33.70833333333332,1.049999999999993],[33.69999999999999,1.049999999999993],[33.69999999999999,1.058333333333326]]]}},{"type":"Feature","properties":{"d10":0.02,"d20":0.19,"d50":0.41,"d100":0.56,"d200":0.7,"d500":0.87},"geometry":{"type":"Polygon","coordinates":[[[33.70833333333332,1.058333333333326],[33.716666666666654,1.058333333333326],[33.716666666666654,1.049999999999993],[33.70833333333332,1.049999999999993],[33.70833333333332,1.058333333333326]]]}},{"type":"Feature","properties":{"d10":1.08,"d20":1.26,"d50":1.47,"d100":1.62,"d200":1.75,"d500":1.92},"geometry":{"type":"Polygon","coordinates":[[[33.716666666666654,1.058333333333326],[33.72499999999999,1.058333333333326],[33.72499999999999,1.049999999999993],[33.716666666666654,1.049999999999993],[33.716666666666654,1.058333333333326]]]}},{"type":"Feature","properties":{"d10":1.0,"d20":1.19,"d50":1.41,"d100":1.56,"d200":1.7,"d500":1.87},"geometry":{"type":"Polygon","coordinates":[[[33.69999999999999,1.049999999999993],[33.70833333333332,1.049999999999993],[33.70833333333332,1.0416666666666599],[33.69999999999999,1.0416666666666599],[33.69999999999999,1.049999999999993]]]}},{"type":"Feature","properties":{"d10":1.08,"d20":1.26,"d50":1.47,"d100":1.62,"d200":1.76,"d500":1.93},"geometry":{"type":"Polygon","coordinates":[[[33.70833333333332,1.049999999999993],[33.716666666666654,1.049999999999993],[33.716666666666654,1.0416666666666599],[33.70833333333332,1.0416666666666599],[33.70833333333332,1.049999999999993]]]}},{"type":"Feature","properties":{"d10":1.24,"d20":1.42,"d50":1.64,"d100":1.79,"d200":1.93,"d500":2.1},"geometry":{"type":"Polygon","coordinates":[[[33.69999999999999,1.0416666666666599],[33.70833333333332,1.0416666666666599],[33.70833333333332,1.0333333333333268],[33.69999999999999,1.0333333333333268],[33.69999999999999,1.0416666666666599]]]}},{"type":"Feature","properties":{"d10":2.23,"d20":2.42,"d50":2.63,"d100":2.79,"d200":2.93,"d500":3.1},"geometry":{"type":"Polygon","coordinates":[[[33.70833333333332,1.0416666666666599],[33.716666666666654,1.0416666666666599],[33.716666666666654,1.0333333333333268],[33.70833333333332,1.0333333333333268],[33.70833333333332,1.0416666666666599]]]}},{"type":"Feature","properties":{"d10":0.0,"d20":0.0,"d50":0.0,"d100":0.0,"d200":0.03,"d500":0.15},"geometry":{"type":"Polygon","coordinates":[[[33.716666666666654,1.0416666666666599],[33.72499999999999,1.0416666666666599],[33.72499999999999,1.0333333333333268],[33.716666666666654,1.0333333333333268],[33.716666666666654,1.0416666666666599]]]}},{"type":"Feature","properties":{"d10":0.59,"d20":0.76,"d50":0.97,"d100":1.11,"d200":1.25,"d500":1.41},"geometry":{"type":"Polygon","coordinates":[[[33.69999999999999,1.033333333333327],[33.70833333333332,1.033333333333327],[33.70833333333332,1.024999999999994],[33.69999999999999,1.024999999999994],[33.69999999999999,1.033333333333327]]]}},{"type":"Feature","properties":{"d10":1.43,"d20":1.62,"d50":1.84,"d100":1.99,"d200":2.13,"d500":2.3},"geometry":{"type":"Polygon","coordinates":[[[33.70833333333332,1.033333333333327],[33.716666666666654,1.033333333333327],[33.716666666666654,1.024999999999994],[33.70833333333332,1.024999999999994],[33.70833333333332,1.033333333333327]]]}},{"type":"Feature","properties":{"d10":5.79,"d20":5.98,"d50":6.19,"d100":6.34,"d200":6.48,"d500":6.65,"pw":1},"geometry":{"type":"Polygon","coordinates":[[[33.69999999999999,1.024999999999994],[33.70833333333332,1.024999999999994],[33.70833333333332,1.0166666666666608],[33.69999999999999,1.0166666666666608],[33.69999999999999,1.024999999999994]]]}},{"type":"Feature","properties":{"d10":0.09,"d20":0.2,"d50":0.35,"d100":0.46,"d200":0.57,"d500":0.71},"geometry":{"type":"Polygon","coordinates":[[[33.70833333333332,1.024999999999994],[33.716666666666654,1.024999999999994],[33.716666666666654,1.0166666666666608],[33.70833333333332,1.0166666666666608],[33.70833333333332,1.024999999999994]]]}},{"type":"Feature","properties":{"d10":3.28,"d20":3.48,"d50":3.71,"d100":3.86,"d200":4.01,"d500":4.18},"geometry":{"type":"Polygon","coordinates":[[[33.69999999999999,1.0166666666666608],[33.70833333333332,1.0166666666666608],[33.70833333333332,1.0083333333333278],[33.69999999999999,1.0083333333333278],[33.69999999999999,1.0166666666666608]]]}},{"type":"Feature","properties":{"d10":3.78,"d20":3.98,"d50":4.2,"d100":4.34,"d200":4.48,"d500":4.65,"pw":1},"geometry":{"type":"Polygon","coordinates":[[[33.69999999999999,1.008333333333328],[33.70833333333332,1.008333333333328],[33.70833333333332,0.999999999999995],[33.69999999999999,0.999999999999995],[33.69999999999999,1.008333333333328]]]}},{"type":"Feature","properties":{"d10":1.71,"d20":1.91,"d50":2.14,"d100":2.29,"d200":2.43,"d500":2.61},"geometry":{"type":"Polygon","coordinates":[[[33.70833333333332,1.008333333333328],[33.716666666666654,1.008333333333328],[33.716666666666654,0.999999999999995],[33.70833333333332,0.999999999999995],[33.70833333333332,1.008333333333328]]]}},{"type":"Feature","properties":{"d10":1.27,"d20":1.48,"d50":1.71,"d100":1.86,"d200":2.01,"d500":2.18},"geometry":{"type":"Polygon","coordinates":[[[33.716666666666654,1.008333333333328],[33.72499999999999,1.008333333333328],[33.72499999999999,0.999999999999995],[33.716666666666654,0.999999999999995],[33.716666666666654,1.008333333333328]]]}},{"type":"Feature","properties":{"d10":0.48,"d20":0.68,"d50":0.91,"d100":1.06,"d200":1.2,"d500":1.38},"geometry":{"type":"Polygon","coordinates":[[[33.72499999999999,1.008333333333328],[33.73333333333332,1.008333333333328],[33.73333333333332,0.999999999999995],[33.72499999999999,0.999999999999995],[33.72499999999999,1.008333333333328]]]}},{"type":"Feature","properties":{"d10":2.53,"d20":2.74,"d50":2.97,"d100":3.12,"d200":3.26,"d500":3.43},"geometry":{"type":"Polygon","coordinates":[[[33.73333333333332,1.008333333333328],[33.74166666666665,1.008333333333328],[33.74166666666665,0.999999999999995],[33.73333333333332,0.999999999999995],[33.73333333333332,1.008333333333328]]]}},{"type":"Feature","properties":{"d10":0.53,"d20":0.74,"d50":0.97,"d100":1.12,"d200":1.26,"d500":1.43},"geometry":{"type":"Polygon","coordinates":[[[33.74166666666665,1.008333333333328],[33.749999999999986,1.008333333333328],[33.749999999999986,0.999999999999995],[33.74166666666665,0.999999999999995],[33.74166666666665,1.008333333333328]]]}},{"type":"Feature","properties":{"d10":0.19,"d20":0.28,"d50":0.41,"d100":0.5,"d200":0.59,"d500":0.71},"geometry":{"type":"Polygon","coordinates":[[[33.69999999999999,0.9999999999999949],[33.70833333333332,0.9999999999999949],[33.70833333333332,0.9916666666666619],[33.69999999999999,0.9916666666666619],[33.69999999999999,0.9999999999999949]]]}},{"type":"Feature","properties":{"d10":3.04,"d20":3.26,"d50":3.49,"d100":3.64,"d200":3.78,"d500":3.96},"geometry":{"type":"Polygon","coordinates":[[[33.70833333333332,0.9999999999999949],[33.716666666666654,0.9999999999999949],[33.716666666666654,0.9916666666666619],[33.70833333333332,0.9916666666666619],[33.70833333333332,0.9999999999999949]]]}},{"type":"Feature","properties":{"d10":2.43,"d20":2.64,"d50":2.87,"d100":3.02,"d200":3.16,"d500":3.34},"geometry":{"type":"Polygon","coordinates":[[[33.716666666666654,0.9999999999999949],[33.72499999999999,0.9999999999999949],[33.72499999999999,0.9916666666666619],[33.716666666666654,0.9916666666666619],[33.716666666666654,0.9999999999999949]]]}},{"type":"Feature","properties":{"d10":2.53,"d20":2.74,"d50":2.97,"d100":3.12,"d200":3.26,"d500":3.44},"geometry":{"type":"Polygon","coordinates":[[[33.72499999999999,0.9999999999999949],[33.73333333333332,0.9999999999999949],[33.73333333333332,0.9916666666666619],[33.72499999999999,0.9916666666666619],[33.72499999999999,0.9999999999999949]]]}},{"type":"Feature","properties":{"d10":0.0,"d20":0.05,"d50":0.13,"d100":0.19,"d200":0.26,"d500":0.35},"geometry":{"type":"Polygon","coordinates":[[[33.69999999999999,0.9916666666666619],[33.70833333333332,0.9916666666666619],[33.70833333333332,0.983333333333329],[33.69999999999999,0.983333333333329],[33.69999999999999,0.9916666666666619]]]}},{"type":"Feature","properties":{"d10":2.66,"d20":2.85,"d50":3.06,"d100":3.2,"d200":3.33,"d500":3.5},"geometry":{"type":"Polygon","coordinates":[[[33.70833333333332,0.9916666666666619],[33.716666666666654,0.9916666666666619],[33.716666666666654,0.983333333333329],[33.70833333333332,0.983333333333329],[33.70833333333332,0.9916666666666619]]]}},{"type":"Feature","properties":{"d10":1.66,"d20":1.86,"d50":2.1,"d100":2.25,"d200":2.39,"d500":2.57},"geometry":{"type":"Polygon","coordinates":[[[33.716666666666654,0.9916666666666619],[33.72499999999999,0.9916666666666619],[33.72499999999999,0.983333333333329],[33.716666666666654,0.983333333333329],[33.716666666666654,0.9916666666666619]]]}},{"type":"Feature","properties":{"d10":2.67,"d20":2.89,"d50":3.14,"d100":3.3,"d200":3.45,"d500":3.64},"geometry":{"type":"Polygon","coordinates":[[[33.72499999999999,0.9916666666666619],[33.73333333333332,0.9916666666666619],[33.73333333333332,0.983333333333329],[33.72499999999999,0.983333333333329],[33.72499999999999,0.9916666666666619]]]}},{"type":"Feature","properties":{"d10":0.0,"d20":0.0,"d50":0.0,"d100":0.0,"d200":0.0,"d500":0.04},"geometry":{"type":"Polygon","coordinates":[[[33.78333333333332,0.9916666666666619],[33.79166666666665,0.9916666666666619],[33.79166666666665,0.983333333333329],[33.78333333333332,0.983333333333329],[33.78333333333332,0.9916666666666619]]]}},{"type":"Feature","properties":{"d10":0.0,"d20":0.18,"d50":0.53,"d100":0.73,"d200":0.9,"d500":1.1},"geometry":{"type":"Polygon","coordinates":[[[33.79166666666665,0.9916666666666619],[33.79999999999998,0.9916666666666619],[33.79999999999998,0.983333333333329],[33.79166666666665,0.983333333333329],[33.79166666666665,0.9916666666666619]]]}},{"type":"Feature","properties":{"d10":3.03,"d20":3.23,"d50":3.45,"d100":3.59,"d200":3.72,"d500":3.89},"geometry":{"type":"Polygon","coordinates":[[[33.70833333333332,0.983333333333329],[33.716666666666654,0.983333333333329],[33.716666666666654,0.974999999999996],[33.70833333333332,0.974999999999996],[33.70833333333332,0.983333333333329]]]}},{"type":"Feature","properties":{"d10":1.31,"d20":1.48,"d50":1.68,"d100":1.82,"d200":1.95,"d500":2.12},"geometry":{"type":"Polygon","coordinates":[[[33.716666666666654,0.983333333333329],[33.72499999999999,0.983333333333329],[33.72499999999999,0.974999999999996],[33.716666666666654,0.974999999999996],[33.716666666666654,0.983333333333329]]]}},{"type":"Feature","properties":{"d10":1.58,"d20":1.77,"d50":1.98,"d100":2.12,"d200":2.26,"d500":2.43},"geometry":{"type":"Polygon","coordinates":[[[33.72499999999999,0.983333333333329],[33.73333333333332,0.983333333333329],[33.73333333333332,0.974999999999996],[33.72499999999999,0.974999999999996],[33.72499999999999,0.983333333333329]]]}},{"type":"Feature","properties":{"d10":1.18,"d20":1.36,"d50":1.56,"d100":1.7,"d200":1.83,"d500":1.99},"geometry":{"type":"Polygon","coordinates":[[[33.73333333333332,0.983333333333329],[33.74166666666665,0.983333333333329],[33.74166666666665,0.974999999999996],[33.73333333333332,0.974999999999996],[33.73333333333332,0.983333333333329]]]}},{"type":"Feature","properties":{"d10":0.0,"d20":0.0,"d50":0.0,"d100":0.0,"d200":0.0,"d500":0.05},"geometry":{"type":"Polygon","coordinates":[[[33.774999999999984,0.983333333333329],[33.78333333333332,0.983333333333329],[33.78333333333332,0.974999999999996],[33.774999999999984,0.974999999999996],[33.774999999999984,0.983333333333329]]]}},{"type":"Feature","properties":{"d10":0.03,"d20":0.26,"d50":0.54,"d100":0.73,"d200":0.9,"d500":1.1},"geometry":{"type":"Polygon","coordinates":[[[33.78333333333332,0.983333333333329],[33.79166666666665,0.983333333333329],[33.79166666666665,0.974999999999996],[33.78333333333332,0.974999999999996],[33.78333333333332,0.983333333333329]]]}},{"type":"Feature","properties":{"d10":0.07,"d20":0.14,"d50":0.26,"d100":0.35,"d200":0.45,"d500":0.6},"geometry":{"type":"Polygon","coordinates":[[[33.70833333333332,0.9749999999999959],[33.716666666666654,0.9749999999999959],[33.716666666666654,0.9666666666666629],[33.70833333333332,0.9666666666666629],[33.70833333333332,0.9749999999999959]]]}},{"type":"Feature","properties":{"d10":2.73,"d20":2.94,"d50":3.16,"d100":3.31,"d200":3.44,"d500":3.61},"geometry":{"type":"Polygon","coordinates":[[[33.716666666666654,0.9749999999999959],[33.72499999999999,0.9749999999999959],[33.72499999999999,0.9666666666666629],[33.716666666666654,0.9666666666666629],[33.716666666666654,0.9749999999999959]]]}},{"type":"Feature","properties":{"d10":3.05,"d20":3.25,"d50":3.46,"d100":3.6,"d200":3.73,"d500":3.9},"geometry":{"type":"Polygon","coordinates":[[[33.72499999999999,0.9749999999999959],[33.73333333333332,0.9749999999999959],[33.73333333333332,0.9666666666666629],[33.72499999999999,0.9666666666666629],[33.72499999999999,0.9749999999999959]]]}},{"type":"Feature","properties":{"d10":4.5,"d20":4.69,"d50":4.9,"d100":5.04,"d200":5.18,"d500":5.35,"pw":1},"geometry":{"type":"Polygon","coordinates":[[[33.73333333333332,0.9749999999999959],[33.74166666666665,0.9749999999999959],[33.74166666666665,0.9666666666666629],[33.73333333333332,0.9666666666666629],[33.73333333333332,0.9749999999999959]]]}},{"type":"Feature","properties":{"d10":4.76,"d20":4.98,"d50":5.22,"d100":5.37,"d200":5.52,"d500":5.71,"pw":1},"geometry":{"type":"Polygon","coordinates":[[[33.74166666666665,0.9749999999999959],[33.749999999999986,0.9749999999999959],[33.749999999999986,0.9666666666666629],[33.74166666666665,0.9666666666666629],[33.74166666666665,0.9749999999999959]]]}},{"type":"Feature","properties":{"d10":5.83,"d20":6.02,"d50":6.23,"d100":6.38,"d200":6.52,"d500":6.69,"pw":1},"geometry":{"type":"Polygon","coordinates":[[[33.749999999999986,0.9749999999999959],[33.75833333333332,0.9749999999999959],[33.75833333333332,0.9666666666666629],[33.749999999999986,0.9666666666666629],[33.749999999999986,0.9749999999999959]]]}},{"type":"Feature","properties":{"d10":0.0,"d20":0.0,"d50":0.0,"d100":0.0,"d200":0.0,"d500":0.05},"geometry":{"type":"Polygon","coordinates":[[[33.76666666666665,0.9749999999999959],[33.774999999999984,0.9749999999999959],[33.774999999999984,0.9666666666666629],[33.76666666666665,0.9666666666666629],[33.76666666666665,0.9749999999999959]]]}},{"type":"Feature","properties":{"d10":0.08,"d20":0.32,"d50":0.56,"d100":0.73,"d200":0.9,"d500":1.1},"geometry":{"type":"Polygon","coordinates":[[[33.774999999999984,0.9749999999999959],[33.78333333333332,0.9749999999999959],[33.78333333333332,0.9666666666666629],[33.774999999999984,0.9666666666666629],[33.774999999999984,0.9749999999999959]]]}},{"type":"Feature","properties":{"d10":1.11,"d20":1.32,"d50":1.56,"d100":1.73,"d200":1.9,"d500":2.1},"geometry":{"type":"Polygon","coordinates":[[[33.78333333333332,0.9749999999999959],[33.79166666666665,0.9749999999999959],[33.79166666666665,0.9666666666666629],[33.78333333333332,0.9666666666666629],[33.78333333333332,0.9749999999999959]]]}},{"type":"Feature","properties":{"d10":0.0,"d20":0.0,"d50":0.0,"d100":0.0,"d200":0.0,"d500":0.01},"geometry":{"type":"Polygon","coordinates":[[[33.70833333333332,0.966666666666663],[33.716666666666654,0.966666666666663],[33.716666666666654,0.95833333333333],[33.70833333333332,0.95833333333333],[33.70833333333332,0.966666666666663]]]}},{"type":"Feature","properties":{"d10":0.2,"d20":0.33,"d50":0.5,"d100":0.62,"d200":0.74,"d500":0.9},"geometry":{"type":"Polygon","coordinates":[[[33.716666666666654,0.966666666666663],[33.72499999999999,0.966666666666663],[33.72499999999999,0.95833333333333],[33.716666666666654,0.95833333333333],[33.716666666666654,0.966666666666663]]]}},{"type":"Feature","properties":{"d10":0.34,"d20":0.5,"d50":0.68,"d100":0.81,"d200":0.94,"d500":1.1},"geometry":{"type":"Polygon","coordinates":[[[33.72499999999999,0.966666666666663],[33.73333333333332,0.966666666666663],[33.73333333333332,0.95833333333333],[33.72499999999999,0.95833333333333],[33.72499999999999,0.966666666666663]]]}},{"type":"Feature","properties":{"d10":1.54,"d20":1.74,"d50":1.95,"d100":2.09,"d200":2.22,"d500":2.39},"geometry":{"type":"Polygon","coordinates":[[[33.73333333333332,0.966666666666663],[33.74166666666665,0.966666666666663],[33.74166666666665,0.95833333333333],[33.73333333333332,0.95833333333333],[33.73333333333332,0.966666666666663]]]}},{"type":"Feature","properties":{"d10":1.66,"d20":1.86,"d50":2.08,"d100":2.23,"d200":2.37,"d500":2.55},"geometry":{"type":"Polygon","coordinates":[[[33.74166666666665,0.966666666666663],[33.749999999999986,0.966666666666663],[33.749999999999986,0.95833333333333],[33.74166666666665,0.95833333333333],[33.74166666666665,0.966666666666663]]]}},{"type":"Feature","properties":{"d10":1.73,"d20":1.94,"d50":2.17,"d100":2.32,"d200":2.46,"d500":2.65},"geometry":{"type":"Polygon","coordinates":[[[33.749999999999986,0.966666666666663],[33.75833333333332,0.966666666666663],[33.75833333333332,0.95833333333333],[33.749999999999986,0.95833333333333],[33.749999999999986,0.966666666666663]]]}},{"type":"Feature","properties":{"d10":6.05,"d20":6.25,"d50":6.48,"d100":6.63,"d200":6.79,"d500":6.98,"pw":1},"geometry":{"type":"Polygon","coordinates":[[[33.75833333333332,0.966666666666663],[33.76666666666665,0.966666666666663],[33.76666666666665,0.95833333333333],[33.75833333333332,0.95833333333333],[33.75833333333332,0.966666666666663]]]}},{"type":"Feature","properties":{"d10":4.15,"d20":4.36,"d50":4.59,"d100":4.75,"d200":4.91,"d500":5.11,"pw":1},"geometry":{"type":"Polygon","coordinates":[[[33.76666666666665,0.966666666666663],[33.774999999999984,0.966666666666663],[33.774999999999984,0.95833333333333],[33.76666666666665,0.95833333333333],[33.76666666666665,0.966666666666663]]]}},{"type":"Feature","properties":{"d10":2.15,"d20":2.36,"d50":2.58,"d100":2.75,"d200":2.91,"d500":3.11},"geometry":{"type":"Polygon","coordinates":[[[33.774999999999984,0.966666666666663],[33.78333333333332,0.966666666666663],[33.78333333333332,0.95833333333333],[33.774999999999984,0.95833333333333],[33.774999999999984,0.966666666666663]]]}},{"type":"Feature","properties":{"d10":1.11,"d20":1.32,"d50":1.56,"d100":1.73,"d200":1.9,"d500":2.1},"geometry":{"type":"Polygon","coordinates":[[[33.78333333333332,0.966666666666663],[33.79166666666665,0.966666666666663],[33.79166666666665,0.95833333333333],[33.78333333333332,0.95833333333333],[33.78333333333332,0.966666666666663]]]}},{"type":"Feature","properties":{"d10":1.06,"d20":1.3,"d50":1.54,"d100":1.72,"d200":1.88,"d500":2.09},"geometry":{"type":"Polygon","coordinates":[[[33.79166666666665,0.966666666666663],[33.79999999999998,0.966666666666663],[33.79999999999998,0.95833333333333],[33.79166666666665,0.95833333333333],[33.79166666666665,0.966666666666663]]]}},{"type":"Feature","properties":{"d10":1.01,"d20":1.27,"d50":1.51,"d100":1.68,"d200":1.85,"d500":2.06},"geometry":{"type":"Polygon","coordinates":[[[33.79999999999998,0.966666666666663],[33.808333333333316,0.966666666666663],[33.808333333333316,0.95833333333333],[33.79999999999998,0.95833333333333],[33.79999999999998,0.966666666666663]]]}},{"type":"Feature","properties":{"d10":1.01,"d20":1.26,"d50":1.5,"d100":1.67,"d200":1.84,"d500":2.05},"geometry":{"type":"Polygon","coordinates":[[[33.808333333333316,0.966666666666663],[33.81666666666665,0.966666666666663],[33.81666666666665,0.95833333333333],[33.808333333333316,0.95833333333333],[33.808333333333316,0.966666666666663]]]}},{"type":"Feature","properties":{"d10":0.18,"d20":0.33,"d50":0.5,"d100":0.62,"d200":0.74,"d500":0.9},"geometry":{"type":"Polygon","coordinates":[[[33.70833333333332,0.9583333333333299],[33.716666666666654,0.9583333333333299],[33.716666666666654,0.949999999999997],[33.70833333333332,0.949999999999997],[33.70833333333332,0.9583333333333299]]]}},{"type":"Feature","properties":{"d10":0.0,"d20":0.0,"d50":0.0,"d100":0.0,"d200":0.0,"d500":0.04},"geometry":{"type":"Polygon","coordinates":[[[33.716666666666654,0.9583333333333299],[33.72499999999999,0.9583333333333299],[33.72499999999999,0.949999999999997],[33.716666666666654,0.949999999999997],[33.716666666666654,0.9583333333333299]]]}},{"type":"Feature","properties":{"d10":0.37,"d20":0.52,"d50":0.7,"d100":0.83,"d200":0.96,"d500":1.13},"geometry":{"type":"Polygon","coordinates":[[[33.72499999999999,0.9583333333333299],[33.73333333333332,0.9583333333333299],[33.73333333333332,0.949999999999997],[33.72499999999999,0.949999999999997],[33.72499999999999,0.9583333333333299]]]}},{"type":"Feature","properties":{"d10":0.08,"d20":0.13,"d50":0.22,"d100":0.3,"d200":0.39,"d500":0.52},"geometry":{"type":"Polygon","coordinates":[[[33.73333333333332,0.9583333333333299],[33.74166666666665,0.9583333333333299],[33.74166666666665,0.949999999999997],[33.73333333333332,0.949999999999997],[33.73333333333332,0.9583333333333299]]]}},{"type":"Feature","properties":{"d10":0.71,"d20":0.9,"d50":1.13,"d100":1.28,"d200":1.43,"d500":1.61},"geometry":{"type":"Polygon","coordinates":[[[33.74166666666665,0.9583333333333299],[33.749999999999986,0.9583333333333299],[33.749999999999986,0.949999999999997],[33.74166666666665,0.949999999999997],[33.74166666666665,0.9583333333333299]]]}},{"type":"Feature","properties":{"d10":0.37,"d20":0.5,"d50":0.66,"d100":0.78,"d200":0.9,"d500":1.05},"geometry":{"type":"Polygon","coordinates":[[[33.749999999999986,0.9583333333333299],[33.75833333333332,0.9583333333333299],[33.75833333333332,0.949999999999997],[33.749999999999986,0.949999999999997],[33.749999999999986,0.9583333333333299]]]}},{"type":"Feature","properties":{"d10":0.49,"d20":0.64,"d50":0.83,"d100":0.96,"d200":1.08,"d500":1.24},"geometry":{"type":"Polygon","coordinates":[[[33.75833333333332,0.9583333333333299],[33.76666666666665,0.9583333333333299],[33.76666666666665,0.949999999999997],[33.75833333333332,0.949999999999997],[33.75833333333332,0.9583333333333299]]]}},{"type":"Feature","properties":{"d10":3.49,"d20":3.69,"d50":3.9,"d100":4.05,"d200":4.18,"d500":4.35},"geometry":{"type":"Polygon","coordinates":[[[33.76666666666665,0.9583333333333299],[33.774999999999984,0.9583333333333299],[33.774999999999984,0.949999999999997],[33.76666666666665,0.949999999999997],[33.76666666666665,0.9583333333333299]]]}},{"type":"Feature","properties":{"d10":1.15,"d20":1.36,"d50":1.59,"d100":1.76,"d200":1.92,"d500":2.13},"geometry":{"type":"Polygon","coordinates":[[[33.774999999999984,0.9583333333333299],[33.78333333333332,0.9583333333333299],[33.78333333333332,0.949999999999997],[33.774999999999984,0.949999999999997],[33.774999999999984,0.9583333333333299]]]}},{"type":"Feature","properties":{"d10":0.06,"d20":0.31,"d50":0.56,"d100":0.73,"d200":0.9,"d500":1.1},"geometry":{"type":"Polygon","coordinates":[[[33.78333333333332,0.9583333333333299],[33.79166666666665,0.9583333333333299],[33.79166666666665,0.949999999999997],[33.78333333333332,0.949999999999997],[33.78333333333332,0.9583333333333299]]]}},{"type":"Feature","properties":{"d10":0.02,"d20":0.27,"d50":0.53,"d100":0.71,"d200":0.88,"d500":1.08},"geometry":{"type":"Polygon","coordinates":[[[33.79166666666665,0.9583333333333299],[33.79999999999998,0.9583333333333299],[33.79999999999998,0.949999999999997],[33.79166666666665,0.949999999999997],[33.79166666666665,0.9583333333333299]]]}},{"type":"Feature","properties":{"d10":0.0,"d20":0.23,"d50":0.51,"d100":0.68,"d200":0.85,"d500":1.06},"geometry":{"type":"Polygon","coordinates":[[[33.79999999999998,0.9583333333333299],[33.808333333333316,0.9583333333333299],[33.808333333333316,0.949999999999997],[33.79999999999998,0.949999999999997],[33.79999999999998,0.9583333333333299]]]}},{"type":"Feature","properties":{"d10":0.0,"d20":0.16,"d50":0.44,"d100":0.62,"d200":0.8,"d500":1.02},"geometry":{"type":"Polygon","coordinates":[[[33.808333333333316,0.9583333333333299],[33.81666666666665,0.9583333333333299],[33.81666666666665,0.949999999999997],[33.808333333333316,0.949999999999997],[33.808333333333316,0.9583333333333299]]]}},{"type":"Feature","properties":{"d10":0.0,"d20":0.09,"d50":0.35,"d100":0.55,"d200":0.75,"d500":0.99},"geometry":{"type":"Polygon","coordinates":[[[33.81666666666665,0.9583333333333299],[33.82499999999998,0.9583333333333299],[33.82499999999998,0.949999999999997],[33.81666666666665,0.949999999999997],[33.81666666666665,0.9583333333333299]]]}},{"type":"Feature","properties":{"d10":0.0,"d20":0.01,"d50":0.2,"d100":0.46,"d200":0.68,"d500":0.95},"geometry":{"type":"Polygon","coordinates":[[[33.82499999999998,0.9583333333333299],[33.833333333333314,0.9583333333333299],[33.833333333333314,0.949999999999997],[33.82499999999998,0.949999999999997],[33.82499999999998,0.9583333333333299]]]}},{"type":"Feature","properties":{"d10":0.0,"d20":0.0,"d50":0.0,"d100":0.0,"d200":0.0,"d500":0.03},"geometry":{"type":"Polygon","coordinates":[[[33.716666666666654,0.949999999999997],[33.72499999999999,0.949999999999997],[33.72499999999999,0.941666666666664],[33.716666666666654,0.941666666666664],[33.716666666666654,0.949999999999997]]]}},{"type":"Feature","properties":{"d10":0.33,"d20":0.45,"d50":0.63,"d100":0.77,"d200":0.9,"d500":1.05},"geometry":{"type":"Polygon","coordinates":[[[33.74166666666665,0.949999999999997],[33.749999999999986,0.949999999999997],[33.749999999999986,0.941666666666664],[33.74166666666665,0.941666666666664],[33.74166666666665,0.949999999999997]]]}},{"type":"Feature","properties":{"d10":0.34,"d20":0.44,"d50":0.57,"d100":0.67,"d200":0.76,"d500":0.87},"geometry":{"type":"Polygon","coordinates":[[[33.749999999999986,0.949999999999997],[33.75833333333332,0.949999999999997],[33.75833333333332,0.941666666666664],[33.749999999999986,0.941666666666664],[33.749999999999986,0.949999999999997]]]}},{"type":"Feature","properties":{"d10":0.55,"d20":0.68,"d50":0.83,"d100":0.94,"d200":1.04,"d500":1.16},"geometry":{"type":"Polygon","coordinates":[[[33.75833333333332,0.949999999999997],[33.76666666666665,0.949999999999997],[33.76666666666665,0.941666666666664],[33.75833333333332,0.941666666666664],[33.75833333333332,0.949999999999997]]]}},{"type":"Feature","properties":{"d10":0.29,"d20":0.38,"d50":0.48,"d100":0.56,"d200":0.63,"d500":0.71},"geometry":{"type":"Polygon","coordinates":[[[33.76666666666665,0.949999999999997],[33.774999999999984,0.949999999999997],[33.774999999999984,0.941666666666664],[33.76666666666665,0.941666666666664],[33.76666666666665,0.949999999999997]]]}},{"type":"Feature","properties":{"d10":4.43,"d20":4.67,"d50":4.93,"d100":5.1,"d200":5.24,"d500":5.41,"pw":1},"geometry":{"type":"Polygon","coordinates":[[[33.774999999999984,0.949999999999997],[33.78333333333332,0.949999999999997],[33.78333333333332,0.941666666666664],[33.774999999999984,0.941666666666664],[33.774999999999984,0.949999999999997]]]}},{"type":"Feature","properties":{"d10":0.0,"d20":0.0,"d50":0.0,"d100":0.01,"d200":0.05,"d500":0.13},"geometry":{"type":"Polygon","coordinates":[[[33.78333333333332,0.949999999999997],[33.79166666666665,0.949999999999997],[33.79166666666665,0.941666666666664],[33.78333333333332,0.941666666666664],[33.78333333333332,0.949999999999997]]]}},{"type":"Feature","properties":{"d10":0.0,"d20":0.0,"d50":0.0,"d100":0.0,"d200":0.02,"d500":0.12},"geometry":{"type":"Polygon","coordinates":[[[33.79166666666665,0.949999999999997],[33.79999999999998,0.949999999999997],[33.79999999999998,0.941666666666664],[33.79166666666665,0.941666666666664],[33.79166666666665,0.949999999999997]]]}},{"type":"Feature","properties":{"d10":0.0,"d20":0.0,"d50":0.0,"d100":0.0,"d200":0.0,"d500":0.05},"geometry":{"type":"Polygon","coordinates":[[[33.79999999999998,0.949999999999997],[33.808333333333316,0.949999999999997],[33.808333333333316,0.941666666666664],[33.79999999999998,0.941666666666664],[33.79999999999998,0.949999999999997]]]}},{"type":"Feature","properties":{"d10":0.0,"d20":0.0,"d50":0.0,"d100":0.0,"d200":0.0,"d500":0.01},"geometry":{"type":"Polygon","coordinates":[[[33.808333333333316,0.949999999999997],[33.81666666666665,0.949999999999997],[33.81666666666665,0.941666666666664],[33.808333333333316,0.941666666666664],[33.808333333333316,0.949999999999997]]]}},{"type":"Feature","properties":{"d10":0.0,"d20":0.03,"d50":0.31,"d100":0.54,"d200":0.74,"d500":0.99},"geometry":{"type":"Polygon","coordinates":[[[33.81666666666665,0.949999999999997],[33.82499999999998,0.949999999999997],[33.82499999999998,0.941666666666664],[33.81666666666665,0.941666666666664],[33.81666666666665,0.949999999999997]]]}},{"type":"Feature","properties":{"d10":0.0,"d20":0.0,"d50":0.02,"d100":0.17,"d200":0.5,"d500":0.93},"geometry":{"type":"Polygon","coordinates":[[[33.833333333333314,0.949999999999997],[33.84166666666665,0.949999999999997],[33.84166666666665,0.941666666666664],[33.833333333333314,0.941666666666664],[33.833333333333314,0.949999999999997]]]}},{"type":"Feature","properties":{"d10":0.0,"d20":0.0,"d50":0.0,"d100":0.0,"d200":0.0,"d500":0.03},"geometry":{"type":"Polygon","coordinates":[[[33.70833333333332,0.941666666666664],[33.716666666666654,0.941666666666664],[33.716666666666654,0.933333333333331],[33.70833333333332,0.933333333333331],[33.70833333333332,0.941666666666664]]]}},{"type":"Feature","properties":{"d10":0.03,"d20":0.08,"d50":0.21,"d100":0.31,"d200":0.4,"d500":0.51},"geometry":{"type":"Polygon","coordinates":[[[33.74166666666665,0.941666666666664],[33.749999999999986,0.941666666666664],[33.749999999999986,0.933333333333331],[33.74166666666665,0.933333333333331],[33.74166666666665,0.941666666666664]]]}},{"type":"Feature","properties":{"d10":0.01,"d20":0.03,"d50":0.1,"d100":0.16,"d200":0.22,"d500":0.3},"geometry":{"type":"Polygon","coordinates":[[[33.749999999999986,0.941666666666664],[33.75833333333332,0.941666666666664],[33.75833333333332,0.933333333333331],[33.749999999999986,0.933333333333331],[33.749999999999986,0.941666666666664]]]}},{"type":"Feature","properties":{"d10":0.67,"d20":0.82,"d50":0.99,"d100":1.1,"d200":1.2,"d500":1.32},"geometry":{"type":"Polygon","coordinates":[[[33.75833333333332,0.941666666666664],[33.76666666666665,0.941666666666664],[33.76666666666665,0.933333333333331],[33.75833333333332,0.933333333333331],[33.75833333333332,0.941666666666664]]]}},{"type":"Feature","properties":{"d10":0.75,"d20":0.92,"d50":1.09,"d100":1.21,"d200":1.32,"d500":1.44},"geometry":{"type":"Polygon","coordinates":[[[33.76666666666665,0.941666666666664],[33.774999999999984,0.941666666666664],[33.774999999999984,0.933333333333331],[33.76666666666665,0.933333333333331],[33.76666666666665,0.941666666666664]]]}},{"type":"Feature","properties":{"d10":3.17,"d20":3.37,"d50":3.6,"d100":3.75,"d200":3.9,"d500":4.06},"geometry":{"type":"Polygon","coordinates":[[[33.774999999999984,0.941666666666664],[33.78333333333332,0.941666666666664],[33.78333333333332,0.933333333333331],[33.774999999999984,0.933333333333331],[33.774999999999984,0.941666666666664]]]}},{"type":"Feature","properties":{"d10":0.0,"d20":0.0,"d50":0.0,"d100":0.0,"d200":0.0,"d500":0.04},"geometry":{"type":"Polygon","coordinates":[[[33.78333333333332,0.941666666666664],[33.79166666666665,0.941666666666664],[33.79166666666665,0.933333333333331],[33.78333333333332,0.933333333333331],[33.78333333333332,0.941666666666664]]]}},{"type":"Feature","properties":{"d10":0.0,"d20":0.0,"d50":0.0,"d100":0.0,"d200":0.0,"d500":0.05},"geometry":{"type":"Polygon","coordinates":[[[33.79166666666665,0.941666666666664],[33.79999999999998,0.941666666666664],[33.79999999999998,0.933333333333331],[33.79166666666665,0.933333333333331],[33.79166666666665,0.941666666666664]]]}},{"type":"Feature","properties":{"d10":0.05,"d20":0.11,"d50":0.24,"d100":0.34,"d200":0.43,"d500":0.53},"geometry":{"type":"Polygon","coordinates":[[[33.749999999999986,0.9333333333333309],[33.75833333333332,0.9333333333333309],[33.75833333333332,0.9249999999999979],[33.749999999999986,0.9249999999999979],[33.749999999999986,0.9333333333333309]]]}},{"type":"Feature","properties":{"d10":2.93,"d20":3.11,"d50":3.3,"d100":3.42,"d200":3.53,"d500":3.66},"geometry":{"type":"Polygon","coordinates":[[[33.75833333333332,0.9333333333333309],[33.76666666666665,0.9333333333333309],[33.76666666666665,0.9249999999999979],[33.75833333333332,0.9249999999999979],[33.75833333333332,0.9333333333333309]]]}},{"type":"Feature","properties":{"d10":1.94,"d20":2.12,"d50":2.33,"d100":2.46,"d200":2.58,"d500":2.71},"geometry":{"type":"Polygon","coordinates":[[[33.76666666666665,0.9333333333333309],[33.774999999999984,0.9333333333333309],[33.774999999999984,0.9249999999999979],[33.76666666666665,0.9249999999999979],[33.76666666666665,0.9333333333333309]]]}},{"type":"Feature","properties":{"d10":4.99,"d20":5.19,"d50":5.4,"d100":5.54,"d200":5.67,"d500":5.82,"pw":1},"geometry":{"type":"Polygon","coordinates":[[[33.774999999999984,0.9333333333333309],[33.78333333333332,0.9333333333333309],[33.78333333333332,0.9249999999999979],[33.774999999999984,0.9249999999999979],[33.774999999999984,0.9333333333333309]]]}},{"type":"Feature","properties":{"d10":0.97,"d20":1.2,"d50":1.51,"d100":1.72,"d200":1.9,"d500":2.09},"geometry":{"type":"Polygon","coordinates":[[[33.78333333333332,0.9333333333333309],[33.79166666666665,0.9333333333333309],[33.79166666666665,0.9249999999999979],[33.78333333333332,0.9249999999999979],[33.78333333333332,0.9333333333333309]]]}},{"type":"Feature","properties":{"d10":0.98,"d20":1.21,"d50":1.56,"d100":1.81,"d200":2.01,"d500":2.23},"geometry":{"type":"Polygon","coordinates":[[[33.79166666666665,0.9333333333333309],[33.79999999999998,0.9333333333333309],[33.79999999999998,0.9249999999999979],[33.79166666666665,0.9249999999999979],[33.79166666666665,0.9333333333333309]]]}},{"type":"Feature","properties":{"d10":0.0,"d20":0.0,"d50":0.0,"d100":0.0,"d200":0.03,"d500":0.19},"geometry":{"type":"Polygon","coordinates":[[[33.79999999999998,0.9333333333333309],[33.808333333333316,0.9333333333333309],[33.808333333333316,0.9249999999999979],[33.79999999999998,0.9249999999999979],[33.79999999999998,0.9333333333333309]]]}},{"type":"Feature","properties":{"d10":0.93,"d20":1.11,"d50":1.3,"d100":1.42,"d200":1.53,"d500":1.66},"geometry":{"type":"Polygon","coordinates":[[[33.749999999999986,0.9249999999999979],[33.75833333333332,0.9249999999999979],[33.75833333333332,0.916666666666665],[33.749999999999986,0.916666666666665],[33.749999999999986,0.9249999999999979]]]}},{"type":"Feature","properties":{"d10":0.19,"d20":0.28,"d50":0.41,"d100":0.51,"d200":0.61,"d500":0.73},"geometry":{"type":"Polygon","coordinates":[[[33.75833333333332,0.9249999999999979],[33.76666666666665,0.9249999999999979],[33.76666666666665,0.916666666666665],[33.75833333333332,0.916666666666665],[33.75833333333332,0.9249999999999979]]]}},{"type":"Feature","properties":{"d10":0.42,"d20":0.54,"d50":0.7,"d100":0.81,"d200":0.91,"d500":1.04},"geometry":{"type":"Polygon","coordinates":[[[33.76666666666665,0.9249999999999979],[33.774999999999984,0.9249999999999979],[33.774999999999984,0.916666666666665],[33.76666666666665,0.916666666666665],[33.76666666666665,0.9249999999999979]]]}},{"type":"Feature","properties":{"d10":0.0,"d20":0.17,"d50":0.39,"d100":0.54,"d200":0.67,"d500":0.82},"geometry":{"type":"Polygon","coordinates":[[[33.774999999999984,0.9249999999999979],[33.78333333333332,0.9249999999999979],[33.78333333333332,0.916666666666665],[33.774999999999984,0.916666666666665],[33.774999999999984,0.9249999999999979]]]}},{"type":"Feature","properties":{"d10":5.02,"d20":5.28,"d50":5.54,"d100":5.71,"d200":5.87,"d500":6.06,"pw":1},"geometry":{"type":"Polygon","coordinates":[[[33.78333333333332,0.9249999999999979],[33.79166666666665,0.9249999999999979],[33.79166666666665,0.916666666666665],[33.78333333333332,0.916666666666665],[33.78333333333332,0.9249999999999979]]]}},{"type":"Feature","properties":{"d10":0.0,"d20":0.3,"d50":0.73,"d100":0.97,"d200":1.17,"d500":1.39},"geometry":{"type":"Polygon","coordinates":[[[33.79166666666665,0.9249999999999979],[33.79999999999998,0.9249999999999979],[33.79999999999998,0.916666666666665],[33.79166666666665,0.916666666666665],[33.79166666666665,0.9249999999999979]]]}},{"type":"Feature","properties":{"d10":0.0,"d20":0.0,"d50":0.0,"d100":0.0,"d200":0.0,"d500":0.08},"geometry":{"type":"Polygon","coordinates":[[[33.808333333333316,0.9249999999999979],[33.81666666666665,0.9249999999999979],[33.81666666666665,0.916666666666665],[33.808333333333316,0.916666666666665],[33.808333333333316,0.9249999999999979]]]}},{"type":"Feature","properties":{"d10":5.03,"d20":5.28,"d50":5.54,"d100":5.71,"d200":5.86,"d500":6.05,"pw":1},"geometry":{"type":"Polygon","coordinates":[[[33.78333333333332,0.916666666666665],[33.79166666666665,0.916666666666665],[33.79166666666665,0.908333333333332],[33.78333333333332,0.908333333333332],[33.78333333333332,0.916666666666665]]]}},{"type":"Feature","properties":{"d10":0.0,"d20":0.15,"d50":0.42,"d100":0.59,"d200":0.75,"d500":0.94},"geometry":{"type":"Polygon","coordinates":[[[33.79166666666665,0.916666666666665],[33.79999999999998,0.916666666666665],[33.79999999999998,0.908333333333332],[33.79166666666665,0.908333333333332],[33.79166666666665,0.916666666666665]]]}},{"type":"Feature","properties":{"d10":5.03,"d20":5.28,"d50":5.53,"d100":5.69,"d200":5.84,"d500":6.03,"pw":1},"geometry":{"type":"Polygon","coordinates":[[[33.78333333333332,0.9083333333333319],[33.79166666666665,0.9083333333333319],[33.79166666666665,0.8999999999999989],[33.78333333333332,0.8999999999999989],[33.78333333333332,0.9083333333333319]]]}},{"type":"Feature","properties":{"d10":3.02,"d20":3.26,"d50":3.5,"d100":3.66,"d200":3.8,"d500":3.98},"geometry":{"type":"Polygon","coordinates":[[[33.78333333333332,0.8999999999999989],[33.79166666666665,0.8999999999999989],[33.79166666666665,0.8916666666666659],[33.78333333333332,0.8916666666666659],[33.78333333333332,0.8999999999999989]]]}},{"type":"Feature","properties":{"d10":0.0,"d20":0.18,"d50":0.49,"d100":0.65,"d200":0.8,"d500":0.98},"geometry":{"type":"Polygon","coordinates":[[[33.79166666666665,0.8999999999999989],[33.79999999999998,0.8999999999999989],[33.79999999999998,0.8916666666666659],[33.79166666666665,0.8916666666666659],[33.79166666666665,0.8999999999999989]]]}},{"type":"Feature","properties":{"d10":3.01,"d20":3.25,"d50":3.47,"d100":3.62,"d200":3.76,"d500":3.95},"geometry":{"type":"Polygon","coordinates":[[[33.78333333333332,0.8916666666666659],[33.79166666666665,0.8916666666666659],[33.79166666666665,0.883333333333333],[33.78333333333332,0.883333333333333],[33.78333333333332,0.8916666666666659]]]}},{"type":"Feature","properties":{"d10":5.01,"d20":5.24,"d50":5.45,"d100":5.59,"d200":5.73,"d500":5.93,"pw":1},"geometry":{"type":"Polygon","coordinates":[[[33.78333333333332,0.8833333333333329],[33.79166666666665,0.8833333333333329],[33.79166666666665,0.8749999999999999],[33.78333333333332,0.8749999999999999],[33.78333333333332,0.8833333333333329]]]}},{"type":"Feature","properties":{"d10":4.01,"d20":4.23,"d50":4.44,"d100":4.58,"d200":4.72,"d500":4.93,"pw":1},"geometry":{"type":"Polygon","coordinates":[[[33.78333333333332,0.875],[33.79166666666665,0.875],[33.79166666666665,0.866666666666667],[33.78333333333332,0.866666666666667],[33.78333333333332,0.875]]]}},{"type":"Feature","properties":{"d10":3.01,"d20":3.23,"d50":3.43,"d100":3.57,"d200":3.72,"d500":3.93},"geometry":{"type":"Polygon","coordinates":[[[33.78333333333332,0.8666666666666669],[33.79166666666665,0.8666666666666669],[33.79166666666665,0.858333333333334],[33.78333333333332,0.858333333333334],[33.78333333333332,0.8666666666666669]]]}},{"type":"Feature","properties":{"d10":0.0,"d20":0.19,"d50":0.41,"d100":0.56,"d200":0.72,"d500":0.93},"geometry":{"type":"Polygon","coordinates":[[[33.79166666666665,0.8666666666666669],[33.79999999999998,0.8666666666666669],[33.79999999999998,0.858333333333334],[33.79166666666665,0.858333333333334],[33.79166666666665,0.8666666666666669]]]}},{"type":"Feature","properties":{"d10":3.01,"d20":3.23,"d50":3.42,"d100":3.56,"d200":3.72,"d500":3.93},"geometry":{"type":"Polygon","coordinates":[[[33.78333333333332,0.858333333333334],[33.79166666666665,0.858333333333334],[33.79166666666665,0.850000000000001],[33.78333333333332,0.850000000000001],[33.78333333333332,0.858333333333334]]]}},{"type":"Feature","properties":{"d10":0.0,"d20":0.07,"d50":0.31,"d100":0.54,"d200":0.72,"d500":0.93},"geometry":{"type":"Polygon","coordinates":[[[33.79999999999998,0.858333333333334],[33.808333333333316,0.858333333333334],[33.808333333333316,0.850000000000001],[33.79999999999998,0.850000000000001],[33.79999999999998,0.858333333333334]]]}},{"type":"Feature","properties":{"d10":5.02,"d20":5.23,"d50":5.42,"d100":5.56,"d200":5.72,"d500":5.93,"pw":1},"geometry":{"type":"Polygon","coordinates":[[[33.78333333333332,0.850000000000001],[33.79166666666665,0.850000000000001],[33.79166666666665,0.841666666666668],[33.78333333333332,0.841666666666668],[33.78333333333332,0.850000000000001]]]}},{"type":"Feature","properties":{"d10":0.0,"d20":0.15,"d50":0.37,"d100":0.55,"d200":0.72,"d500":0.93},"geometry":{"type":"Polygon","coordinates":[[[33.79166666666665,0.850000000000001],[33.79999999999998,0.850000000000001],[33.79999999999998,0.841666666666668],[33.79166666666665,0.841666666666668],[33.79166666666665,0.850000000000001]]]}},{"type":"Feature","properties":{"d10":0.0,"d20":0.44,"d50":1.31,"d100":1.54,"d200":1.72,"d500":1.93},"geometry":{"type":"Polygon","coordinates":[[[33.79999999999998,0.850000000000001],[33.808333333333316,0.850000000000001],[33.808333333333316,0.841666666666668],[33.79999999999998,0.841666666666668],[33.79999999999998,0.850000000000001]]]}},{"type":"Feature","properties":{"d10":0.0,"d20":0.01,"d50":0.28,"d100":0.54,"d200":0.72,"d500":0.93},"geometry":{"type":"Polygon","coordinates":[[[33.808333333333316,0.850000000000001],[33.81666666666665,0.850000000000001],[33.81666666666665,0.841666666666668],[33.808333333333316,0.841666666666668],[33.808333333333316,0.850000000000001]]]}},{"type":"Feature","properties":{"d10":3.02,"d20":3.23,"d50":3.42,"d100":3.56,"d200":3.72,"d500":3.93},"geometry":{"type":"Polygon","coordinates":[[[33.78333333333332,0.8416666666666679],[33.79166666666665,0.8416666666666679],[33.79166666666665,0.8333333333333349],[33.78333333333332,0.8333333333333349],[33.78333333333332,0.8416666666666679]]]}},{"type":"Feature","properties":{"d10":0.0,"d20":0.16,"d50":0.38,"d100":0.55,"d200":0.72,"d500":0.93},"geometry":{"type":"Polygon","coordinates":[[[33.79166666666665,0.8416666666666679],[33.79999999999998,0.8416666666666679],[33.79999999999998,0.8333333333333349],[33.79166666666665,0.8333333333333349],[33.79166666666665,0.8416666666666679]]]}},{"type":"Feature","properties":{"d10":3.02,"d20":3.23,"d50":3.42,"d100":3.56,"d200":3.72,"d500":3.93},"geometry":{"type":"Polygon","coordinates":[[[33.78333333333332,0.8333333333333349],[33.79166666666665,0.8333333333333349],[33.79166666666665,0.825000000000002],[33.78333333333332,0.825000000000002],[33.78333333333332,0.8333333333333349]]]}},{"type":"Feature","properties":{"d10":3.02,"d20":3.23,"d50":3.42,"d100":3.56,"d200":3.72,"d500":3.93},"geometry":{"type":"Polygon","coordinates":[[[33.78333333333332,0.825000000000002],[33.79166666666665,0.825000000000002],[33.79166666666665,0.816666666666669],[33.78333333333332,0.816666666666669],[33.78333333333332,0.825000000000002]]]}},{"type":"Feature","properties":{"d10":3.02,"d20":3.23,"d50":3.42,"d100":3.56,"d200":3.72,"d500":3.93},"geometry":{"type":"Polygon","coordinates":[[[33.78333333333332,0.8166666666666689],[33.79166666666665,0.8166666666666689],[33.79166666666665,0.8083333333333359],[33.78333333333332,0.8083333333333359],[33.78333333333332,0.8166666666666689]]]}},{"type":"Feature","properties":{"d10":3.02,"d20":3.23,"d50":3.42,"d100":3.56,"d200":3.72,"d500":3.93},"geometry":{"type":"Polygon","coordinates":[[[33.78333333333332,0.808333333333336],[33.79166666666665,0.808333333333336],[33.79166666666665,0.800000000000003],[33.78333333333332,0.800000000000003],[33.78333333333332,0.808333333333336]]]}},{"type":"Feature","properties":{"d10":3.02,"d20":3.23,"d50":3.42,"d100":3.56,"d200":3.72,"d500":3.93},"geometry":{"type":"Polygon","coordinates":[[[33.78333333333332,0.8000000000000029],[33.79166666666665,0.8000000000000029],[33.79166666666665,0.79166666666667],[33.78333333333332,0.79166666666667],[33.78333333333332,0.8000000000000029]]]}},{"type":"Feature","properties":{"d10":2.02,"d20":2.23,"d50":2.42,"d100":2.56,"d200":2.72,"d500":2.93},"geometry":{"type":"Polygon","coordinates":[[[33.79166666666665,0.79166666666667],[33.79999999999998,0.79166666666667],[33.79999999999998,0.783333333333337],[33.79166666666665,0.783333333333337],[33.79166666666665,0.79166666666667]]]}},{"type":"Feature","properties":{"d10":1.02,"d20":1.23,"d50":1.42,"d100":1.56,"d200":1.72,"d500":1.93},"geometry":{"type":"Polygon","coordinates":[[[33.79166666666665,0.783333333333337],[33.79999999999998,0.783333333333337],[33.79999999999998,0.775000000000004],[33.79166666666665,0.775000000000004],[33.79166666666665,0.783333333333337]]]}},{"type":"Feature","properties":{"d10":1.02,"d20":1.23,"d50":1.42,"d100":1.56,"d200":1.73,"d500":1.94},"geometry":{"type":"Polygon","coordinates":[[[33.79999999999998,0.7750000000000039],[33.808333333333316,0.7750000000000039],[33.808333333333316,0.7666666666666709],[33.79999999999998,0.7666666666666709],[33.79999999999998,0.7750000000000039]]]}},{"type":"Feature","properties":{"d10":1.02,"d20":1.23,"d50":1.42,"d100":1.56,"d200":1.73,"d500":1.94},"geometry":{"type":"Polygon","coordinates":[[[33.79999999999998,0.7666666666666709],[33.808333333333316,0.7666666666666709],[33.808333333333316,0.758333333333338],[33.79999999999998,0.758333333333338],[33.79999999999998,0.7666666666666709]]]}},{"type":"Feature","properties":{"d10":0.0,"d20":0.23,"d50":0.42,"d100":0.56,"d200":0.73,"d500":0.94},"geometry":{"type":"Polygon","coordinates":[[[33.808333333333316,0.758333333333338],[33.81666666666665,0.758333333333338],[33.81666666666665,0.750000000000005],[33.808333333333316,0.750000000000005],[33.808333333333316,0.758333333333338]]]}},{"type":"Feature","properties":{"d10":0.0,"d20":0.0,"d50":0.0,"d100":0.0,"d200":0.0,"d500":0.36},"geometry":{"type":"Polygon","coordinates":[[[34.91666666666661,0.700000000000007],[34.92499999999994,0.700000000000007],[34.92499999999994,0.691666666666674],[34.91666666666661,0.691666666666674],[34.91666666666661,0.700000000000007]]]}},{"type":"Feature","properties":{"d10":3.88,"d20":4.34,"d50":4.89,"d100":5.28,"d200":5.65,"d500":6.11,"pw":1},"geometry":{"type":"Polygon","coordinates":[[[34.883333333333276,0.691666666666674],[34.89166666666661,0.691666666666674],[34.89166666666661,0.683333333333341],[34.883333333333276,0.683333333333341],[34.883333333333276,0.691666666666674]]]}},{"type":"Feature","properties":{"d10":4.69,"d20":5.21,"d50":5.84,"d100":6.28,"d200":6.69,"d500":7.24,"pw":1},"geometry":{"type":"Polygon","coordinates":[[[34.89166666666661,0.691666666666674],[34.89999999999994,0.691666666666674],[34.89999999999994,0.683333333333341],[34.89166666666661,0.683333333333341],[34.89166666666661,0.691666666666674]]]}},{"type":"Feature","properties":{"d10":0.76,"d20":1.3,"d50":1.95,"d100":2.4,"d200":2.83,"d500":3.36},"geometry":{"type":"Polygon","coordinates":[[[34.89999999999994,0.691666666666674],[34.908333333333275,0.691666666666674],[34.908333333333275,0.683333333333341],[34.89999999999994,0.683333333333341],[34.89999999999994,0.691666666666674]]]}},{"type":"Feature","properties":{"d10":0.76,"d20":1.3,"d50":1.95,"d100":2.4,"d200":2.83,"d500":3.36},"geometry":{"type":"Polygon","coordinates":[[[34.908333333333275,0.691666666666674],[34.91666666666661,0.691666666666674],[34.91666666666661,0.683333333333341],[34.908333333333275,0.683333333333341],[34.908333333333275,0.691666666666674]]]}},{"type":"Feature","properties":{"d10":4.33,"d20":4.85,"d50":5.48,"d100":5.92,"d200":6.35,"d500":6.88,"pw":1},"geometry":{"type":"Polygon","coordinates":[[[34.85833333333328,0.6833333333333409],[34.86666666666661,0.6833333333333409],[34.86666666666661,0.6750000000000079],[34.85833333333328,0.6750000000000079],[34.85833333333328,0.6833333333333409]]]}},{"type":"Feature","properties":{"d10":2.5,"d20":2.81,"d50":3.19,"d100":3.46,"d200":3.72,"d500":4.04},"geometry":{"type":"Polygon","coordinates":[[[34.86666666666661,0.6833333333333409],[34.87499999999994,0.6833333333333409],[34.87499999999994,0.6750000000000079],[34.86666666666661,0.6750000000000079],[34.86666666666661,0.6833333333333409]]]}},{"type":"Feature","properties":{"d10":3.02,"d20":3.39,"d50":3.82,"d100":4.13,"d200":4.43,"d500":4.8},"geometry":{"type":"Polygon","coordinates":[[[34.87499999999994,0.6833333333333409],[34.883333333333276,0.6833333333333409],[34.883333333333276,0.6750000000000079],[34.87499999999994,0.6750000000000079],[34.87499999999994,0.6833333333333409]]]}},{"type":"Feature","properties":{"d10":3.82,"d20":4.3,"d50":4.88,"d100":5.29,"d200":5.68,"d500":6.18,"pw":1},"geometry":{"type":"Polygon","coordinates":[[[34.849999999999945,0.6750000000000079],[34.85833333333328,0.6750000000000079],[34.85833333333328,0.666666666666675],[34.849999999999945,0.666666666666675],[34.849999999999945,0.6750000000000079]]]}},{"type":"Feature","properties":{"d10":4.53,"d20":5.08,"d50":5.73,"d100":6.19,"d200":6.63,"d500":7.19,"pw":1},"geometry":{"type":"Polygon","coordinates":[[[34.84166666666661,0.666666666666675],[34.849999999999945,0.666666666666675],[34.849999999999945,0.658333333333342],[34.84166666666661,0.658333333333342],[34.84166666666661,0.666666666666675]]]}},{"type":"Feature","properties":{"d10":3.78,"d20":4.27,"d50":4.87,"d100":5.3,"d200":5.71,"d500":6.24,"pw":1},"geometry":{"type":"Polygon","coordinates":[[[34.83333333333328,0.658333333333342],[34.84166666666661,0.658333333333342],[34.84166666666661,0.650000000000009],[34.83333333333328,0.650000000000009],[34.83333333333328,0.658333333333342]]]}},{"type":"Feature","properties":{"d10":4.73,"d20":5.34,"d50":6.08,"d100":6.61,"d200":7.12,"d500":7.76,"pw":1},"geometry":{"type":"Polygon","coordinates":[[[34.83333333333328,0.6500000000000089],[34.84166666666661,0.6500000000000089],[34.84166666666661,0.6416666666666759],[34.83333333333328,0.6416666666666759],[34.83333333333328,0.6500000000000089]]]}},{"type":"Feature","properties":{"d10":5.78,"d20":6.45,"d50":7.25,"d100":7.8,"d200":8.33,"d500":9.0,"pw":1},"geometry":{"type":"Polygon","coordinates":[[[34.83333333333328,0.6416666666666759],[34.84166666666661,0.6416666666666759],[34.84166666666661,0.633333333333343],[34.83333333333328,0.633333333333343],[34.83333333333328,0.6416666666666759]]]}},{"type":"Feature","properties":{"d10":5.24,"d20":5.86,"d50":6.62,"d100":7.14,"d200":7.64,"d500":8.27,"pw":1},"geometry":{"type":"Polygon","coordinates":[[[34.83333333333328,0.633333333333343],[34.84166666666661,0.633333333333343],[34.84166666666661,0.62500000000001],[34.83333333333328,0.62500000000001],[34.83333333333328,0.633333333333343]]]}},{"type":"Feature","properties":{"d10":5.13,"d20":5.66,"d50":6.3,"d100":6.74,"d200":7.15,"d500":7.67,"pw":1},"geometry":{"type":"Polygon","coordinates":[[[34.81666666666661,0.6250000000000099],[34.824999999999946,0.6250000000000099],[34.824999999999946,0.6166666666666769],[34.81666666666661,0.6166666666666769],[34.81666666666661,0.6250000000000099]]]}},{"type":"Feature","properties":{"d10":5.24,"d20":5.84,"d50":6.55,"d100":7.04,"d200":7.51,"d500":8.09,"pw":1},"geometry":{"type":"Polygon","coordinates":[[[34.824999999999946,0.6250000000000099],[34.83333333333328,0.6250000000000099],[34.83333333333328,0.6166666666666769],[34.824999999999946,0.6166666666666769],[34.824999999999946,0.6250000000000099]]]}},{"type":"Feature","properties":{"d10":2.93,"d20":3.28,"d50":3.7,"d100":4.0,"d200":4.29,"d500":4.64},"geometry":{"type":"Polygon","coordinates":[[[34.80833333333328,0.6166666666666769],[34.81666666666661,0.6166666666666769],[34.81666666666661,0.6083333333333439],[34.80833333333328,0.6083333333333439],[34.80833333333328,0.6166666666666769]]]}},{"type":"Feature","properties":{"d10":2.27,"d20":2.54,"d50":2.88,"d100":3.12,"d200":3.34,"d500":3.63},"geometry":{"type":"Polygon","coordinates":[[[34.79999999999995,0.6083333333333439],[34.80833333333328,0.6083333333333439],[34.80833333333328,0.600000000000011],[34.79999999999995,0.600000000000011],[34.79999999999995,0.6083333333333439]]]}},{"type":"Feature","properties":{"d10":3.22,"d20":3.64,"d50":4.15,"d100":4.52,"d200":4.87,"d500":5.31},"geometry":{"type":"Polygon","coordinates":[[[34.79999999999995,0.600000000000011],[34.80833333333328,0.600000000000011],[34.80833333333328,0.591666666666678],[34.79999999999995,0.591666666666678],[34.79999999999995,0.600000000000011]]]}},{"type":"Feature","properties":{"d10":5.1,"d20":5.72,"d50":6.48,"d100":7.01,"d200":7.51,"d500":8.12,"pw":1},"geometry":{"type":"Polygon","coordinates":[[[34.79999999999995,0.5916666666666779],[34.80833333333328,0.5916666666666779],[34.80833333333328,0.5833333333333449],[34.79999999999995,0.5833333333333449],[34.79999999999995,0.5916666666666779]]]}},{"type":"Feature","properties":{"d10":4.29,"d20":4.84,"d50":5.51,"d100":5.99,"d200":6.39,"d500":6.87,"pw":1},"geometry":{"type":"Polygon","coordinates":[[[34.78333333333328,0.5833333333333449],[34.791666666666615,0.5833333333333449],[34.791666666666615,0.575000000000012],[34.78333333333328,0.575000000000012],[34.78333333333328,0.5833333333333449]]]}},{"type":"Feature","properties":{"d10":5.81,"d20":6.44,"d50":7.18,"d100":7.71,"d200":8.18,"d500":8.75,"pw":1},"geometry":{"type":"Polygon","coordinates":[[[34.791666666666615,0.5833333333333449],[34.79999999999995,0.5833333333333449],[34.79999999999995,0.575000000000012],[34.791666666666615,0.575000000000012],[34.791666666666615,0.5833333333333449]]]}},{"type":"Feature","properties":{"d10":5.54,"d20":6.2,"d50":7.0,"d100":7.57,"d200":8.11,"d500":8.8,"pw":1},"geometry":{"type":"Polygon","coordinates":[[[34.77499999999995,0.575000000000012],[34.78333333333328,0.575000000000012],[34.78333333333328,0.566666666666679],[34.77499999999995,0.566666666666679],[34.77499999999995,0.575000000000012]]]}},{"type":"Feature","properties":{"d10":5.01,"d20":5.65,"d50":6.44,"d100":7.0,"d200":7.52,"d500":8.2,"pw":1},"geometry":{"type":"Polygon","coordinates":[[[34.766666666666616,0.566666666666679],[34.77499999999995,0.566666666666679],[34.77499999999995,0.558333333333346],[34.766666666666616,0.558333333333346],[34.766666666666616,0.566666666666679]]]}},{"type":"Feature","properties":{"d10":5.53,"d20":6.23,"d50":7.08,"d100":7.69,"d200":8.24,"d500":8.97,"pw":1},"geometry":{"type":"Polygon","coordinates":[[[34.75833333333328,0.5583333333333459],[34.766666666666616,0.5583333333333459],[34.766666666666616,0.5500000000000129],[34.75833333333328,0.5500000000000129],[34.75833333333328,0.5583333333333459]]]}},{"type":"Feature","properties":{"d10":6.73,"d20":7.46,"d50":8.33,"d100":8.95,"d200":9.51,"d500":10.24,"pw":1},"geometry":{"type":"Polygon","coordinates":[[[34.75833333333328,0.5500000000000129],[34.766666666666616,0.5500000000000129],[34.766666666666616,0.54166666666668],[34.75833333333328,0.54166666666668],[34.75833333333328,0.5500000000000129]]]}},{"type":"Feature","properties":{"d10":7.43,"d20":8.1,"d50":8.91,"d100":9.48,"d200":10.01,"d500":10.68,"pw":1},"geometry":{"type":"Polygon","coordinates":[[[34.74166666666661,0.54166666666668],[34.74999999999994,0.54166666666668],[34.74999999999994,0.533333333333347],[34.74166666666661,0.533333333333347],[34.74166666666661,0.54166666666668]]]}},{"type":"Feature","properties":{"d10":5.38,"d20":6.05,"d50":6.85,"d100":7.42,"d200":7.96,"d500":8.64,"pw":1},"geometry":{"type":"Polygon","coordinates":[[[34.74999999999994,0.54166666666668],[34.758333333333276,0.54166666666668],[34.758333333333276,0.533333333333347],[34.74999999999994,0.533333333333347],[34.74999999999994,0.54166666666668]]]}},{"type":"Feature","properties":{"d10":4.86,"d20":5.45,"d50":6.17,"d100":6.67,"d200":7.15,"d500":7.76,"pw":1},"geometry":{"type":"Polygon","coordinates":[[[34.73333333333328,0.533333333333347],[34.74166666666661,0.533333333333347],[34.74166666666661,0.525000000000014],[34.73333333333328,0.525000000000014],[34.73333333333328,0.533333333333347]]]}},{"type":"Feature","properties":{"d10":5.14,"d20":5.74,"d50":6.45,"d100":6.95,"d200":7.43,"d500":8.03,"pw":1},"geometry":{"type":"Polygon","coordinates":[[[34.73333333333328,0.5250000000000139],[34.74166666666661,0.5250000000000139],[34.74166666666661,0.5166666666666809],[34.73333333333328,0.5166666666666809],[34.73333333333328,0.5250000000000139]]]}},{"type":"Feature","properties":{"d10":4.93,"d20":5.48,"d50":6.12,"d100":6.58,"d200":7.01,"d500":7.55,"pw":1},"geometry":{"type":"Polygon","coordinates":[[[34.724999999999945,0.5166666666666809],[34.73333333333328,0.5166666666666809],[34.73333333333328,0.508333333333348],[34.724999999999945,0.508333333333348],[34.724999999999945,0.5166666666666809]]]}},{"type":"Feature","properties":{"d10":4.6,"d20":5.16,"d50":5.83,"d100":6.31,"d200":6.76,"d500":7.33,"pw":1},"geometry":{"type":"Polygon","coordinates":[[[34.699999999999946,0.508333333333348],[34.70833333333328,0.508333333333348],[34.70833333333328,0.500000000000015],[34.699999999999946,0.500000000000015],[34.699999999999946,0.508333333333348]]]}},{"type":"Feature","properties":{"d10":4.67,"d20":5.24,"d50":5.92,"d100":6.41,"d200":6.86,"d500":7.44,"pw":1},"geometry":{"type":"Polygon","coordinates":[[[34.70833333333328,0.508333333333348],[34.71666666666661,0.508333333333348],[34.71666666666661,0.500000000000015],[34.70833333333328,0.500000000000015],[34.70833333333328,0.508333333333348]]]}},{"type":"Feature","properties":{"d10":3.29,"d20":3.7,"d50":4.2,"d100":4.57,"d200":4.91,"d500":5.35},"geometry":{"type":"Polygon","coordinates":[[[34.71666666666661,0.508333333333348],[34.724999999999945,0.508333333333348],[34.724999999999945,0.500000000000015],[34.71666666666661,0.500000000000015],[34.71666666666661,0.508333333333348]]]}},{"type":"Feature","properties":{"d10":5.04,"d20":5.6,"d50":6.26,"d100":6.73,"d200":7.17,"d500":7.72,"pw":1},"geometry":{"type":"Polygon","coordinates":[[[34.69166666666661,0.5000000000000149],[34.699999999999946,0.5000000000000149],[34.699999999999946,0.49166666666668185],[34.69166666666661,0.49166666666668185],[34.69166666666661,0.5000000000000149]]]}},{"type":"Feature","properties":{"d10":3.63,"d20":4.07,"d50":4.6,"d100":4.97,"d200":5.33,"d500":5.78,"pw":1},"geometry":{"type":"Polygon","coordinates":[[[34.68333333333328,0.4916666666666819],[34.69166666666661,0.4916666666666819],[34.69166666666661,0.4833333333333489],[34.68333333333328,0.4833333333333489],[34.68333333333328,0.4916666666666819]]]}},{"type":"Feature","properties":{"d10":3.76,"d20":4.2,"d50":4.75,"d100":5.13,"d200":5.49,"d500":5.95,"pw":1},"geometry":{"type":"Polygon","coordinates":[[[34.67499999999995,0.48333333333334894],[34.68333333333328,0.48333333333334894],[34.68333333333328,0.4750000000000159],[34.67499999999995,0.4750000000000159],[34.67499999999995,0.48333333333334894]]]}},{"type":"Feature","properties":{"d10":3.52,"d20":3.95,"d50":4.46,"d100":4.82,"d200":5.17,"d500":5.6,"pw":1},"geometry":{"type":"Polygon","coordinates":[[[34.67499999999995,0.47500000000001597],[34.68333333333328,0.47500000000001597],[34.68333333333328,0.46666666666668294],[34.67499999999995,0.46666666666668294],[34.67499999999995,0.47500000000001597]]]}},{"type":"Feature","properties":{"d10":4.51,"d20":5.05,"d50":5.72,"d100":6.19,"d200":6.65,"d500":7.22,"pw":1},"geometry":{"type":"Polygon","coordinates":[[[34.62499999999995,0.4666666666666829],[34.63333333333328,0.4666666666666829],[34.63333333333328,0.45833333333334986],[34.62499999999995,0.45833333333334986],[34.62499999999995,0.4666666666666829]]]}},{"type":"Feature","properties":{"d10":2.81,"d20":3.15,"d50":3.58,"d100":3.88,"d200":4.16,"d500":4.53},"geometry":{"type":"Polygon","coordinates":[[[34.65833333333328,0.4666666666666829],[34.666666666666615,0.4666666666666829],[34.666666666666615,0.45833333333334986],[34.65833333333328,0.45833333333334986],[34.65833333333328,0.4666666666666829]]]}},{"type":"Feature","properties":{"d10":3.65,"d20":4.08,"d50":4.59,"d100":4.95,"d200":5.29,"d500":5.72,"pw":1},"geometry":{"type":"Polygon","coordinates":[[[34.666666666666615,0.4666666666666829],[34.67499999999995,0.4666666666666829],[34.67499999999995,0.45833333333334986],[34.666666666666615,0.45833333333334986],[34.666666666666615,0.4666666666666829]]]}},{"type":"Feature","properties":{"d10":5.75,"d20":6.35,"d50":7.06,"d100":7.57,"d200":8.04,"d500":8.64,"pw":1},"geometry":{"type":"Polygon","coordinates":[[[34.61666666666662,0.4583333333333499],[34.62499999999995,0.4583333333333499],[34.62499999999995,0.4500000000000169],[34.61666666666662,0.4500000000000169],[34.61666666666662,0.4583333333333499]]]}},{"type":"Feature","properties":{"d10":5.51,"d20":6.13,"d50":6.87,"d100":7.4,"d200":7.89,"d500":8.52,"pw":1},"geometry":{"type":"Polygon","coordinates":[[[34.63333333333328,0.4583333333333499],[34.641666666666616,0.4583333333333499],[34.641666666666616,0.4500000000000169],[34.63333333333328,0.4500000000000169],[34.63333333333328,0.4583333333333499]]]}},{"type":"Feature","properties":{"d10":5.23,"d20":5.83,"d50":6.56,"d100":7.08,"d200":7.6,"d500":8.22,"pw":1},"geometry":{"type":"Polygon","coordinates":[[[34.64999999999995,0.4583333333333499],[34.65833333333328,0.4583333333333499],[34.65833333333328,0.4500000000000169],[34.64999999999995,0.4500000000000169],[34.64999999999995,0.4583333333333499]]]}},{"type":"Feature","properties":{"d10":4.61,"d20":5.19,"d50":5.9,"d100":6.41,"d200":6.9,"d500":7.52,"pw":1},"geometry":{"type":"Polygon","coordinates":[[[34.59166666666662,0.45000000000001694],[34.59999999999995,0.45000000000001694],[34.59999999999995,0.4416666666666839],[34.59166666666662,0.4416666666666839],[34.59166666666662,0.45000000000001694]]]}},{"type":"Feature","properties":{"d10":3.65,"d20":4.1,"d50":4.65,"d100":5.05,"d200":5.43,"d500":5.92,"pw":1},"geometry":{"type":"Polygon","coordinates":[[[34.59999999999995,0.45000000000001694],[34.608333333333285,0.45000000000001694],[34.608333333333285,0.4416666666666839],[34.59999999999995,0.4416666666666839],[34.59999999999995,0.45000000000001694]]]}},{"type":"Feature","properties":{"d10":4.11,"d20":4.59,"d50":5.17,"d100":5.58,"d200":5.98,"d500":6.48,"pw":1},"geometry":{"type":"Polygon","coordinates":[[[34.608333333333285,0.45000000000001694],[34.61666666666662,0.45000000000001694],[34.61666666666662,0.4416666666666839],[34.608333333333285,0.4416666666666839],[34.608333333333285,0.45000000000001694]]]}},{"type":"Feature","properties":{"d10":4.9,"d20":5.5,"d50":6.22,"d100":6.73,"d200":7.21,"d500":7.83,"pw":1},"geometry":{"type":"Polygon","coordinates":[[[34.641666666666616,0.45000000000001694],[34.64999999999995,0.45000000000001694],[34.64999999999995,0.4416666666666839],[34.641666666666616,0.4416666666666839],[34.641666666666616,0.45000000000001694]]]}},{"type":"Feature","properties":{"d10":5.32,"d20":5.98,"d50":6.79,"d100":7.37,"d200":7.92,"d500":8.61,"pw":1},"geometry":{"type":"Polygon","coordinates":[[[34.583333333333286,0.44166666666668397],[34.59166666666662,0.44166666666668397],[34.59166666666662,0.43333333333335095],[34.583333333333286,0.43333333333335095],[34.583333333333286,0.44166666666668397]]]}},{"type":"Feature","properties":{"d10":7.86,"d20":8.6,"d50":9.5,"d100":10.12,"d200":10.7,"d500":11.42,"pw":1},"geometry":{"type":"Polygon","coordinates":[[[34.59166666666662,0.4333333333333509],[34.59999999999995,0.4333333333333509],[34.59999999999995,0.42500000000001786],[34.59166666666662,0.42500000000001786],[34.59166666666662,0.4333333333333509]]]}},{"type":"Feature","properties":{"d10":5.34,"d20":6.03,"d50":6.88,"d100":7.46,"d200":7.99,"d500":8.66,"pw":1},"geometry":{"type":"Polygon","coordinates":[[[34.583333333333286,0.4250000000000179],[34.59166666666662,0.4250000000000179],[34.59166666666662,0.4166666666666849],[34.583333333333286,0.4166666666666849],[34.583333333333286,0.4250000000000179]]]}},{"type":"Feature","properties":{"d10":6.93,"d20":7.71,"d50":8.64,"d100":9.25,"d200":9.79,"d500":10.44,"pw":1},"geometry":{"type":"Polygon","coordinates":[[[34.583333333333286,0.41666666666668495],[34.59166666666662,0.41666666666668495],[34.59166666666662,0.4083333333333519],[34.583333333333286,0.4083333333333519],[34.583333333333286,0.41666666666668495]]]}},{"type":"Feature","properties":{"d10":7.44,"d20":8.21,"d50":9.11,"d100":9.69,"d200":10.24,"d500":10.93,"pw":1},"geometry":{"type":"Polygon","coordinates":[[[34.57499999999995,0.408333333333352],[34.583333333333286,0.408333333333352],[34.583333333333286,0.40000000000001895],[34.57499999999995,0.40000000000001895],[34.57499999999995,0.408333333333352]]]}},{"type":"Feature","properties":{"d10":0.0,"d20":0.0,"d50":0.0,"d100":0.0,"d200":0.0,"d500":0.03},"geometry":{"type":"Polygon","coordinates":[[[34.549999999999955,0.4000000000000189],[34.55833333333329,0.4000000000000189],[34.55833333333329,0.39166666666668587],[34.549999999999955,0.39166666666668587],[34.549999999999955,0.4000000000000189]]]}},{"type":"Feature","properties":{"d10":8.36,"d20":9.05,"d50":9.8,"d100":10.26,"d200":10.69,"d500":11.2,"pw":1},"geometry":{"type":"Polygon","coordinates":[[[34.55833333333329,0.4000000000000189],[34.56666666666662,0.4000000000000189],[34.56666666666662,0.39166666666668587],[34.55833333333329,0.39166666666668587],[34.55833333333329,0.4000000000000189]]]}},{"type":"Feature","properties":{"d10":7.26,"d20":7.99,"d50":8.81,"d100":9.34,"d200":9.83,"d500":10.42,"pw":1},"geometry":{"type":"Polygon","coordinates":[[[34.56666666666662,0.4000000000000189],[34.57499999999995,0.4000000000000189],[34.57499999999995,0.39166666666668587],[34.56666666666662,0.39166666666668587],[34.56666666666662,0.4000000000000189]]]}},{"type":"Feature","properties":{"d10":0.0,"d20":0.21,"d50":0.7,"d100":1.03,"d200":1.33,"d500":1.7},"geometry":{"type":"Polygon","coordinates":[[[34.524999999999956,0.3916666666666859],[34.53333333333329,0.3916666666666859],[34.53333333333329,0.3833333333333529],[34.524999999999956,0.3833333333333529],[34.524999999999956,0.3916666666666859]]]}},{"type":"Feature","properties":{"d10":6.72,"d20":7.35,"d50":7.93,"d100":8.29,"d200":8.61,"d500":8.99,"pw":1},"geometry":{"type":"Polygon","coordinates":[[[34.53333333333329,0.3916666666666859],[34.54166666666662,0.3916666666666859],[34.54166666666662,0.3833333333333529],[34.53333333333329,0.3833333333333529],[34.53333333333329,0.3916666666666859]]]}},{"type":"Feature","properties":{"d10":0.0,"d20":0.0,"d50":0.25,"d100":0.5,"d200":0.73,"d500":1.02},"geometry":{"type":"Polygon","coordinates":[[[34.54166666666662,0.3916666666666859],[34.549999999999955,0.3916666666666859],[34.549999999999955,0.3833333333333529],[34.54166666666662,0.3833333333333529],[34.54166666666662,0.3916666666666859]]]}},{"type":"Feature","properties":{"d10":6.19,"d20":6.89,"d50":7.65,"d100":8.1,"d200":8.5,"d500":8.98,"pw":1},"geometry":{"type":"Polygon","coordinates":[[[34.549999999999955,0.3916666666666859],[34.55833333333329,0.3916666666666859],[34.55833333333329,0.3833333333333529],[34.549999999999955,0.3833333333333529],[34.549999999999955,0.3916666666666859]]]}},{"type":"Feature","properties":{"d10":6.16,"d20":6.68,"d50":7.26,"d100":7.64,"d200":7.99,"d500":8.42,"pw":1},"geometry":{"type":"Polygon","coordinates":[[[34.51666666666662,0.38333333333335295],[34.524999999999956,0.38333333333335295],[34.524999999999956,0.37500000000001993],[34.51666666666662,0.37500000000001993],[34.51666666666662,0.38333333333335295]]]}},{"type":"Feature","properties":{"d10":7.11,"d20":7.71,"d50":8.33,"d100":8.7,"d200":9.04,"d500":9.44,"pw":1},"geometry":{"type":"Polygon","coordinates":[[[34.524999999999956,0.38333333333335295],[34.53333333333329,0.38333333333335295],[34.53333333333329,0.37500000000001993],[34.524999999999956,0.37500000000001993],[34.524999999999956,0.38333333333335295]]]}},{"type":"Feature","properties":{"d10":0.0,"d20":0.0,"d50":0.08,"d100":0.18,"d200":0.29,"d500":0.43},"geometry":{"type":"Polygon","coordinates":[[[34.53333333333329,0.38333333333335295],[34.54166666666662,0.38333333333335295],[34.54166666666662,0.37500000000001993],[34.53333333333329,0.37500000000001993],[34.53333333333329,0.38333333333335295]]]}},{"type":"Feature","properties":{"d10":7.09,"d20":7.78,"d50":8.49,"d100":8.91,"d200":9.29,"d500":9.73,"pw":1},"geometry":{"type":"Polygon","coordinates":[[[34.54166666666662,0.38333333333335295],[34.549999999999955,0.38333333333335295],[34.549999999999955,0.37500000000001993],[34.54166666666662,0.37500000000001993],[34.54166666666662,0.38333333333335295]]]}},{"type":"Feature","properties":{"d10":6.08,"d20":6.75,"d50":7.56,"d100":8.14,"d200":8.67,"d500":9.34,"pw":1},"geometry":{"type":"Polygon","coordinates":[[[34.48333333333329,0.37500000000002],[34.491666666666625,0.37500000000002],[34.491666666666625,0.36666666666668696],[34.48333333333329,0.36666666666668696],[34.48333333333329,0.37500000000002]]]}},{"type":"Feature","properties":{"d10":5.08,"d20":5.59,"d50":6.18,"d100":6.6,"d200":6.98,"d500":7.48,"pw":1},"geometry":{"type":"Polygon","coordinates":[[[34.491666666666625,0.37500000000002],[34.49999999999996,0.37500000000002],[34.49999999999996,0.36666666666668696],[34.491666666666625,0.36666666666668696],[34.491666666666625,0.37500000000002]]]}},{"type":"Feature","properties":{"d10":6.28,"d20":6.77,"d50":7.34,"d100":7.74,"d200":8.12,"d500":8.6,"pw":1},"geometry":{"type":"Polygon","coordinates":[[[34.49999999999996,0.37500000000002],[34.50833333333329,0.37500000000002],[34.50833333333329,0.36666666666668696],[34.49999999999996,0.36666666666668696],[34.49999999999996,0.37500000000002]]]}},{"type":"Feature","properties":{"d10":6.44,"d20":7.03,"d50":7.65,"d100":8.08,"d200":8.47,"d500":8.97,"pw":1},"geometry":{"type":"Polygon","coordinates":[[[34.50833333333329,0.37500000000002],[34.51666666666662,0.37500000000002],[34.51666666666662,0.36666666666668696],[34.50833333333329,0.36666666666668696],[34.50833333333329,0.37500000000002]]]}},{"type":"Feature","properties":{"d10":0.0,"d20":0.0,"d50":0.24,"d100":0.61,"d200":0.95,"d500":1.37},"geometry":{"type":"Polygon","coordinates":[[[34.51666666666662,0.37500000000002],[34.524999999999956,0.37500000000002],[34.524999999999956,0.36666666666668696],[34.51666666666662,0.36666666666668696],[34.51666666666662,0.37500000000002]]]}},{"type":"Feature","properties":{"d10":5.68,"d20":6.34,"d50":7.13,"d100":7.7,"d200":8.23,"d500":8.91,"pw":1},"geometry":{"type":"Polygon","coordinates":[[[34.47499999999996,0.3666666666666869],[34.48333333333329,0.3666666666666869],[34.48333333333329,0.3583333333333539],[34.47499999999996,0.3583333333333539],[34.47499999999996,0.3666666666666869]]]}},{"type":"Feature","properties":{"d10":6.58,"d20":7.26,"d50":8.07,"d100":8.65,"d200":9.19,"d500":9.88,"pw":1},"geometry":{"type":"Polygon","coordinates":[[[34.47499999999996,0.35833333333335393],[34.48333333333329,0.35833333333335393],[34.48333333333329,0.3500000000000209],[34.47499999999996,0.3500000000000209],[34.47499999999996,0.35833333333335393]]]}},{"type":"Feature","properties":{"d10":5.49,"d20":6.1,"d50":6.84,"d100":7.37,"d200":7.86,"d500":8.48,"pw":1},"geometry":{"type":"Polygon","coordinates":[[[34.44999999999996,0.35000000000002096],[34.45833333333329,0.35000000000002096],[34.45833333333329,0.34166666666668793],[34.44999999999996,0.34166666666668793],[34.44999999999996,0.35000000000002096]]]}},{"type":"Feature","properties":{"d10":5.64,"d20":6.26,"d50":7.02,"d100":7.55,"d200":8.04,"d500":8.68,"pw":1},"geometry":{"type":"Polygon","coordinates":[[[34.45833333333329,0.35000000000002096],[34.466666666666626,0.35000000000002096],[34.466666666666626,0.34166666666668793],[34.45833333333329,0.34166666666668793],[34.45833333333329,0.35000000000002096]]]}},{"type":"Feature","properties":{"d10":5.71,"d20":6.34,"d50":7.1,"d100":7.65,"d200":8.15,"d500":8.79,"pw":1},"geometry":{"type":"Polygon","coordinates":[[[34.466666666666626,0.35000000000002096],[34.47499999999996,0.35000000000002096],[34.47499999999996,0.34166666666668793],[34.466666666666626,0.34166666666668793],[34.466666666666626,0.35000000000002096]]]}},{"type":"Feature","properties":{"d10":5.55,"d20":6.12,"d50":6.8,"d100":7.27,"d200":7.73,"d500":8.29,"pw":1},"geometry":{"type":"Polygon","coordinates":[[[34.433333333333294,0.3416666666666879],[34.44166666666663,0.3416666666666879],[34.44166666666663,0.33333333333335485],[34.433333333333294,0.33333333333335485],[34.433333333333294,0.3416666666666879]]]}},{"type":"Feature","properties":{"d10":6.16,"d20":6.78,"d50":7.52,"d100":8.04,"d200":8.52,"d500":9.16,"pw":1},"geometry":{"type":"Polygon","coordinates":[[[34.44166666666663,0.3416666666666879],[34.44999999999996,0.3416666666666879],[34.44999999999996,0.33333333333335485],[34.44166666666663,0.33333333333335485],[34.44166666666663,0.3416666666666879]]]}},{"type":"Feature","properties":{"d10":4.2,"d20":4.67,"d50":5.24,"d100":5.65,"d200":6.04,"d500":6.53,"pw":1},"geometry":{"type":"Polygon","coordinates":[[[34.41666666666663,0.3333333333333549],[34.42499999999996,0.3333333333333549],[34.42499999999996,0.3250000000000219],[34.41666666666663,0.3250000000000219],[34.41666666666663,0.3333333333333549]]]}},{"type":"Feature","properties":{"d10":4.32,"d20":4.79,"d50":5.37,"d100":5.78,"d200":6.17,"d500":6.66,"pw":1},"geometry":{"type":"Polygon","coordinates":[[[34.42499999999996,0.3333333333333549],[34.433333333333294,0.3333333333333549],[34.433333333333294,0.3250000000000219],[34.42499999999996,0.3250000000000219],[34.42499999999996,0.3333333333333549]]]}},{"type":"Feature","properties":{"d10":4.26,"d20":4.76,"d50":5.39,"d100":5.84,"d200":6.26,"d500":6.79,"pw":1},"geometry":{"type":"Polygon","coordinates":[[[34.408333333333296,0.32500000000002194],[34.41666666666663,0.32500000000002194],[34.41666666666663,0.3166666666666889],[34.408333333333296,0.3166666666666889],[34.408333333333296,0.32500000000002194]]]}},{"type":"Feature","properties":{"d10":5.89,"d20":6.53,"d50":7.32,"d100":7.86,"d200":8.37,"d500":8.97,"pw":1},"geometry":{"type":"Polygon","coordinates":[[[34.408333333333296,0.31666666666668897],[34.41666666666663,0.31666666666668897],[34.41666666666663,0.30833333333335594],[34.408333333333296,0.30833333333335594],[34.408333333333296,0.31666666666668897]]]}},{"type":"Feature","properties":{"d10":0.0,"d20":0.0,"d50":0.0,"d100":0.12,"d200":0.53,"d500":2.26},"geometry":{"type":"Polygon","coordinates":[[[33.72499999999999,0.3083333333333559],[33.73333333333332,0.3083333333333559],[33.73333333333332,0.30000000000002286],[33.72499999999999,0.30000000000002286],[33.72499999999999,0.3083333333333559]]]}},{"type":"Feature","properties":{"d10":5.21,"d20":5.84,"d50":6.61,"d100":7.14,"d200":7.6,"d500":8.14,"pw":1},"geometry":{"type":"Polygon","coordinates":[[[34.41666666666663,0.3083333333333559],[34.42499999999996,0.3083333333333559],[34.42499999999996,0.30000000000002286],[34.41666666666663,0.30000000000002286],[34.41666666666663,0.3083333333333559]]]}},{"type":"Feature","properties":{"d10":0.0,"d20":0.0,"d50":0.0,"d100":0.13,"d200":0.19,"d500":0.39},"geometry":{"type":"Polygon","coordinates":[[[33.716666666666654,0.3000000000000229],[33.72499999999999,0.3000000000000229],[33.72499999999999,0.2916666666666899],[33.716666666666654,0.2916666666666899],[33.716666666666654,0.3000000000000229]]]}},{"type":"Feature","properties":{"d10":6.41,"d20":7.12,"d50":7.96,"d100":8.54,"d200":9.1,"d500":9.76,"pw":1},"geometry":{"type":"Polygon","coordinates":[[[34.41666666666663,0.3000000000000229],[34.42499999999996,0.3000000000000229],[34.42499999999996,0.2916666666666899],[34.41666666666663,0.2916666666666899],[34.41666666666663,0.3000000000000229]]]}},{"type":"Feature","properties":{"d10":6.37,"d20":7.07,"d50":7.89,"d100":8.46,"d200":9.0,"d500":9.6,"pw":1},"geometry":{"type":"Polygon","coordinates":[[[34.408333333333296,0.29166666666668983],[34.41666666666663,0.29166666666668983],[34.41666666666663,0.2833333333333568],[34.408333333333296,0.2833333333333568],[34.408333333333296,0.29166666666668983]]]}},{"type":"Feature","properties":{"d10":6.76,"d20":7.42,"d50":8.16,"d100":8.67,"d200":9.13,"d500":9.67,"pw":1},"geometry":{"type":"Polygon","coordinates":[[[34.39166666666663,0.283333333333357],[34.39999999999996,0.283333333333357],[34.39999999999996,0.27500000000002395],[34.39166666666663,0.27500000000002395],[34.39166666666663,0.283333333333357]]]}},{"type":"Feature","properties":{"d10":6.3,"d20":6.97,"d50":7.76,"d100":8.29,"d200":8.8,"d500":9.4,"pw":1},"geometry":{"type":"Polygon","coordinates":[[[34.39999999999996,0.283333333333357],[34.408333333333296,0.283333333333357],[34.408333333333296,0.27500000000002395],[34.39999999999996,0.27500000000002395],[34.39999999999996,0.283333333333357]]]}},{"type":"Feature","properties":{"d10":6.86,"d20":7.51,"d50":8.24,"d100":8.73,"d200":9.17,"d500":9.7,"pw":1},"geometry":{"type":"Polygon","coordinates":[[[34.36666666666663,0.2750000000000239],[34.374999999999964,0.2750000000000239],[34.374999999999964,0.26666666666669087],[34.36666666666663,0.26666666666669087],[34.36666666666663,0.2750000000000239]]]}},{"type":"Feature","properties":{"d10":6.32,"d20":6.92,"d50":7.59,"d100":8.05,"d200":8.46,"d500":8.98,"pw":1},"geometry":{"type":"Polygon","coordinates":[[[34.374999999999964,0.2750000000000239],[34.3833333333333,0.2750000000000239],[34.3833333333333,0.26666666666669087],[34.374999999999964,0.26666666666669087],[34.374999999999964,0.2750000000000239]]]}},{"type":"Feature","properties":{"d10":6.04,"d20":6.62,"d50":7.25,"d100":7.67,"d200":8.05,"d500":8.54,"pw":1},"geometry":{"type":"Polygon","coordinates":[[[34.3833333333333,0.2750000000000239],[34.39166666666663,0.2750000000000239],[34.39166666666663,0.26666666666669087],[34.3833333333333,0.26666666666669087],[34.3833333333333,0.2750000000000239]]]}},{"type":"Feature","properties":{"d10":5.66,"d20":6.29,"d50":7.02,"d100":7.51,"d200":7.98,"d500":8.56,"pw":1},"geometry":{"type":"Polygon","coordinates":[[[34.349999999999966,0.26666666666669103],[34.3583333333333,0.26666666666669103],[34.3583333333333,0.258333333333358],[34.349999999999966,0.258333333333358],[34.349999999999966,0.26666666666669103]]]}},{"type":"Feature","properties":{"d10":6.23,"d20":6.88,"d50":7.66,"d100":8.18,"d200":8.64,"d500":9.19,"pw":1},"geometry":{"type":"Polygon","coordinates":[[[34.3583333333333,0.26666666666669103],[34.36666666666663,0.26666666666669103],[34.36666666666663,0.258333333333358],[34.3583333333333,0.258333333333358],[34.3583333333333,0.26666666666669103]]]}},{"type":"Feature","properties":{"d10":7.42,"d20":8.02,"d50":8.68,"d100":9.12,"d200":9.52,"d500":10.02,"pw":1},"geometry":{"type":"Polygon","coordinates":[[[34.3333333333333,0.25833333333335795],[34.34166666666663,0.25833333333335795],[34.34166666666663,0.2500000000000249],[34.3333333333333,0.2500000000000249],[34.3333333333333,0.25833333333335795]]]}},{"type":"Feature","properties":{"d10":6.68,"d20":7.31,"d50":7.98,"d100":8.41,"d200":8.82,"d500":9.32,"pw":1},"geometry":{"type":"Polygon","coordinates":[[[34.34166666666663,0.25833333333335795],[34.349999999999966,0.25833333333335795],[34.349999999999966,0.2500000000000249],[34.34166666666663,0.2500000000000249],[34.34166666666663,0.25833333333335795]]]}},{"type":"Feature","properties":{"d10":0.0,"d20":0.0,"d50":0.0,"d100":0.0,"d200":0.0,"d500":0.03},"geometry":{"type":"Polygon","coordinates":[[[34.349999999999966,0.25833333333335795],[34.3583333333333,0.25833333333335795],[34.3583333333333,0.2500000000000249],[34.349999999999966,0.2500000000000249],[34.349999999999966,0.25833333333335795]]]}},{"type":"Feature","properties":{"d10":0.0,"d20":0.09,"d50":0.35,"d100":0.4,"d200":0.45,"d500":0.51},"geometry":{"type":"Polygon","coordinates":[[[33.73333333333332,0.25000000000002487],[33.74166666666665,0.25000000000002487],[33.74166666666665,0.24166666666669187],[33.73333333333332,0.24166666666669187],[33.73333333333332,0.25000000000002487]]]}},{"type":"Feature","properties":{"d10":0.09,"d20":0.46,"d50":0.96,"d100":1.31,"d200":1.64,"d500":2.06},"geometry":{"type":"Polygon","coordinates":[[[34.29999999999996,0.25000000000002487],[34.308333333333294,0.25000000000002487],[34.308333333333294,0.24166666666669187],[34.29999999999996,0.24166666666669187],[34.29999999999996,0.25000000000002487]]]}},{"type":"Feature","properties":{"d10":6.27,"d20":6.78,"d50":7.39,"d100":7.8,"d200":8.18,"d500":8.66,"pw":1},"geometry":{"type":"Polygon","coordinates":[[[34.308333333333294,0.25000000000002487],[34.31666666666663,0.25000000000002487],[34.31666666666663,0.24166666666669187],[34.308333333333294,0.24166666666669187],[34.308333333333294,0.25000000000002487]]]}},{"type":"Feature","properties":{"d10":7.14,"d20":7.66,"d50":8.29,"d100":8.71,"d200":9.1,"d500":9.6,"pw":1},"geometry":{"type":"Polygon","coordinates":[[[34.31666666666663,0.25000000000002487],[34.32499999999996,0.25000000000002487],[34.32499999999996,0.24166666666669187],[34.31666666666663,0.24166666666669187],[34.31666666666663,0.25000000000002487]]]}},{"type":"Feature","properties":{"d10":6.16,"d20":6.66,"d50":7.28,"d100":7.69,"d200":8.08,"d500":8.57,"pw":1},"geometry":{"type":"Polygon","coordinates":[[[34.32499999999996,0.25000000000002487],[34.33333333333329,0.25000000000002487],[34.33333333333329,0.24166666666669187],[34.32499999999996,0.24166666666669187],[34.32499999999996,0.25000000000002487]]]}},{"type":"Feature","properties":{"d10":0.0,"d20":0.3,"d50":1.11,"d100":1.58,"d200":2.0,"d500":2.52},"geometry":{"type":"Polygon","coordinates":[[[34.3333333333333,0.25000000000002487],[34.34166666666663,0.25000000000002487],[34.34166666666663,0.24166666666669187],[34.3333333333333,0.24166666666669187],[34.3333333333333,0.25000000000002487]]]}},{"type":"Feature","properties":{"d10":0.0,"d20":0.0,"d50":0.0,"d100":0.11,"d200":0.32,"d500":0.63},"geometry":{"type":"Polygon","coordinates":[[[34.29166666666663,0.241666666666692],[34.29999999999996,0.241666666666692],[34.29999999999996,0.233333333333359],[34.29166666666663,0.233333333333359],[34.29166666666663,0.241666666666692]]]}},{"type":"Feature","properties":{"d10":6.18,"d20":6.76,"d50":7.49,"d100":7.99,"d200":8.47,"d500":9.06,"pw":1},"geometry":{"type":"Polygon","coordinates":[[[34.29999999999996,0.241666666666692],[34.308333333333294,0.241666666666692],[34.308333333333294,0.233333333333359],[34.29999999999996,0.233333333333359],[34.29999999999996,0.241666666666692]]]}},{"type":"Feature","properties":{"d10":0.0,"d20":0.0,"d50":0.0,"d100":0.0,"d200":0.07,"d500":0.31},"geometry":{"type":"Polygon","coordinates":[[[33.92499999999998,0.23333333333335893],[33.933333333333316,0.23333333333335893],[33.933333333333316,0.22500000000002593],[33.92499999999998,0.22500000000002593],[33.92499999999998,0.23333333333335893]]]}},{"type":"Feature","properties":{"d10":0.0,"d20":0.0,"d50":0.08,"d100":0.29,"d200":0.51,"d500":0.86},"geometry":{"type":"Polygon","coordinates":[[[33.99999999999998,0.23333333333335893],[34.00833333333331,0.23333333333335893],[34.00833333333331,0.22500000000002593],[33.99999999999998,0.22500000000002593],[33.99999999999998,0.23333333333335893]]]}},{"type":"Feature","properties":{"d10":0.0,"d20":0.0,"d50":0.0,"d100":0.01,"d200":0.1,"d500":0.24},"geometry":{"type":"Polygon","coordinates":[[[34.29166666666663,0.23333333333335893],[34.29999999999996,0.23333333333335893],[34.29999999999996,0.22500000000002593],[34.29166666666663,0.22500000000002593],[34.29166666666663,0.23333333333335893]]]}},{"type":"Feature","properties":{"d10":4.61,"d20":5.11,"d50":5.76,"d100":6.21,"d200":6.64,"d500":7.19,"pw":1},"geometry":{"type":"Polygon","coordinates":[[[34.29999999999996,0.23333333333335893],[34.308333333333294,0.23333333333335893],[34.308333333333294,0.22500000000002593],[34.29999999999996,0.22500000000002593],[34.29999999999996,0.23333333333335893]]]}},{"type":"Feature","properties":{"d10":0.0,"d20":0.02,"d50":0.14,"d100":0.29,"d200":0.51,"d500":0.86},"geometry":{"type":"Polygon","coordinates":[[[33.99999999999998,0.22500000000002585],[34.00833333333331,0.22500000000002585],[34.00833333333331,0.21666666666669285],[33.99999999999998,0.21666666666669285],[33.99999999999998,0.22500000000002585]]]}},{"type":"Feature","properties":{"d10":4.87,"d20":5.44,"d50":6.14,"d100":6.63,"d200":7.11,"d500":7.72,"pw":1},"geometry":{"type":"Polygon","coordinates":[[[34.29166666666663,0.22500000000002585],[34.29999999999996,0.22500000000002585],[34.29999999999996,0.21666666666669285],[34.29166666666663,0.21666666666669285],[34.29166666666663,0.22500000000002585]]]}},{"type":"Feature","properties":{"d10":0.37,"d20":0.69,"d50":1.09,"d100":1.31,"d200":1.45,"d500":1.57},"geometry":{"type":"Polygon","coordinates":[[[33.774999999999984,0.216666666666693],[33.78333333333332,0.216666666666693],[33.78333333333332,0.20833333333336],[33.774999999999984,0.20833333333336],[33.774999999999984,0.216666666666693]]]}},{"type":"Feature","properties":{"d10":0.0,"d20":0.0,"d50":0.0,"d100":0.21,"d200":0.44,"d500":0.57},"geometry":{"type":"Polygon","coordinates":[[[33.808333333333316,0.216666666666693],[33.81666666666665,0.216666666666693],[33.81666666666665,0.20833333333336],[33.808333333333316,0.20833333333336],[33.808333333333316,0.216666666666693]]]}},{"type":"Feature","properties":{"d10":6.49,"d20":7.12,"d50":7.89,"d100":8.43,"d200":8.93,"d500":9.58,"pw":1},"geometry":{"type":"Polygon","coordinates":[[[34.29166666666663,0.216666666666693],[34.29999999999996,0.216666666666693],[34.29999999999996,0.20833333333336],[34.29166666666663,0.20833333333336],[34.29166666666663,0.216666666666693]]]}},{"type":"Feature","properties":{"d10":4.4,"d20":4.89,"d50":5.5,"d100":5.93,"d200":6.34,"d500":6.88,"pw":1},"geometry":{"type":"Polygon","coordinates":[[[34.27499999999996,0.2083333333333599],[34.283333333333296,0.2083333333333599],[34.283333333333296,0.2000000000000269],[34.27499999999996,0.2000000000000269],[34.27499999999996,0.2083333333333599]]]}},{"type":"Feature","properties":{"d10":5.59,"d20":6.14,"d50":6.82,"d100":7.3,"d200":7.75,"d500":8.34,"pw":1},"geometry":{"type":"Polygon","coordinates":[[[34.283333333333296,0.2083333333333599],[34.29166666666663,0.2083333333333599],[34.29166666666663,0.2000000000000269],[34.283333333333296,0.2000000000000269],[34.283333333333296,0.2083333333333599]]]}},{"type":"Feature","properties":{"d10":5.2,"d20":5.76,"d50":6.47,"d100":6.96,"d200":7.43,"d500":8.04,"pw":1},"geometry":{"type":"Polygon","coordinates":[[[34.2583333333333,0.20000000000002682],[34.26666666666663,0.20000000000002682],[34.26666666666663,0.19166666666669382],[34.2583333333333,0.19166666666669382],[34.2583333333333,0.20000000000002682]]]}},{"type":"Feature","properties":{"d10":4.78,"d20":5.32,"d50":5.99,"d100":6.46,"d200":6.91,"d500":7.49,"pw":1},"geometry":{"type":"Polygon","coordinates":[[[34.26666666666663,0.20000000000002682],[34.27499999999996,0.20000000000002682],[34.27499999999996,0.19166666666669382],[34.26666666666663,0.19166666666669382],[34.26666666666663,0.20000000000002682]]]}},{"type":"Feature","properties":{"d10":0.75,"d20":1.1,"d50":1.22,"d100":1.33,"d200":1.45,"d500":1.57},"geometry":{"type":"Polygon","coordinates":[[[33.808333333333316,0.19166666666669396],[33.81666666666665,0.19166666666669396],[33.81666666666665,0.18333333333336096],[33.808333333333316,0.18333333333336096],[33.808333333333316,0.19166666666669396]]]}},{"type":"Feature","properties":{"d10":0.19,"d20":0.24,"d50":0.28,"d100":0.31,"d200":0.34,"d500":0.39},"geometry":{"type":"Polygon","coordinates":[[[33.991666666666646,0.19166666666669396],[33.99999999999998,0.19166666666669396],[33.99999999999998,0.18333333333336096],[33.991666666666646,0.18333333333336096],[33.991666666666646,0.19166666666669396]]]}},{"type":"Feature","properties":{"d10":4.63,"d20":5.21,"d50":5.92,"d100":6.44,"d200":6.94,"d500":7.59,"pw":1},"geometry":{"type":"Polygon","coordinates":[[[34.224999999999966,0.19166666666669396],[34.2333333333333,0.19166666666669396],[34.2333333333333,0.18333333333336096],[34.224999999999966,0.18333333333336096],[34.224999999999966,0.19166666666669396]]]}},{"type":"Feature","properties":{"d10":3.47,"d20":3.89,"d50":4.43,"d100":4.83,"d200":5.22,"d500":5.74},"geometry":{"type":"Polygon","coordinates":[[[34.2333333333333,0.19166666666669396],[34.24166666666663,0.19166666666669396],[34.24166666666663,0.18333333333336096],[34.2333333333333,0.18333333333336096],[34.2333333333333,0.19166666666669396]]]}},{"type":"Feature","properties":{"d10":4.89,"d20":5.37,"d50":5.95,"d100":6.4,"d200":6.81,"d500":7.33,"pw":1},"geometry":{"type":"Polygon","coordinates":[[[34.24166666666663,0.19166666666669396],[34.249999999999964,0.19166666666669396],[34.249999999999964,0.18333333333336096],[34.24166666666663,0.18333333333336096],[34.24166666666663,0.19166666666669396]]]}},{"type":"Feature","properties":{"d10":6.31,"d20":6.88,"d50":7.59,"d100":8.08,"d200":8.55,"d500":9.15,"pw":1},"geometry":{"type":"Polygon","coordinates":[[[34.249999999999964,0.19166666666669396],[34.2583333333333,0.19166666666669396],[34.2583333333333,0.18333333333336096],[34.249999999999964,0.18333333333336096],[34.249999999999964,0.19166666666669396]]]}},{"type":"Feature","properties":{"d10":5.52,"d20":6.15,"d50":6.93,"d100":7.48,"d200":8.02,"d500":8.71,"pw":1},"geometry":{"type":"Polygon","coordinates":[[[34.224999999999966,0.18333333333336088],[34.2333333333333,0.18333333333336088],[34.2333333333333,0.17500000000002788],[34.224999999999966,0.17500000000002788],[34.224999999999966,0.18333333333336088]]]}},{"type":"Feature","properties":{"d10":6.72,"d20":7.41,"d50":8.24,"d100":8.82,"d200":9.36,"d500":10.04,"pw":1},"geometry":{"type":"Polygon","coordinates":[[[34.1833333333333,0.17500000000002802],[34.191666666666634,0.17500000000002802],[34.191666666666634,0.16666666666669502],[34.1833333333333,0.16666666666669502],[34.1833333333333,0.17500000000002802]]]}},{"type":"Feature","properties":{"d10":6.95,"d20":7.66,"d50":8.51,"d100":9.11,"d200":9.67,"d500":10.38,"pw":1},"geometry":{"type":"Polygon","coordinates":[[[34.191666666666634,0.17500000000002802],[34.19999999999997,0.17500000000002802],[34.19999999999997,0.16666666666669502],[34.191666666666634,0.16666666666669502],[34.191666666666634,0.17500000000002802]]]}},{"type":"Feature","properties":{"d10":6.02,"d20":6.7,"d50":7.53,"d100":8.12,"d200":8.69,"d500":9.42,"pw":1},"geometry":{"type":"Polygon","coordinates":[[[34.224999999999966,0.17500000000002802],[34.2333333333333,0.17500000000002802],[34.2333333333333,0.16666666666669502],[34.224999999999966,0.16666666666669502],[34.224999999999966,0.17500000000002802]]]}},{"type":"Feature","properties":{"d10":6.78,"d20":7.45,"d50":8.26,"d100":8.81,"d200":9.31,"d500":9.94,"pw":1},"geometry":{"type":"Polygon","coordinates":[[[34.17499999999997,0.16666666666669494],[34.1833333333333,0.16666666666669494],[34.1833333333333,0.15833333333336194],[34.17499999999997,0.15833333333336194],[34.17499999999997,0.16666666666669494]]]}},{"type":"Feature","properties":{"d10":8.99,"d20":9.75,"d50":10.66,"d100":11.3,"d200":11.88,"d500":12.64,"pw":1},"geometry":{"type":"Polygon","coordinates":[[[34.19999999999997,0.16666666666669494],[34.2083333333333,0.16666666666669494],[34.2083333333333,0.15833333333336194],[34.19999999999997,0.15833333333336194],[34.19999999999997,0.16666666666669494]]]}},{"type":"Feature","properties":{"d10":7.33,"d20":8.05,"d50":8.93,"d100":9.55,"d200":10.13,"d500":10.89,"pw":1},"geometry":{"type":"Polygon","coordinates":[[[34.21666666666663,0.16666666666669494],[34.224999999999966,0.16666666666669494],[34.224999999999966,0.15833333333336194],[34.21666666666663,0.15833333333336194],[34.21666666666663,0.16666666666669494]]]}},{"type":"Feature","properties":{"d10":6.63,"d20":7.22,"d50":7.91,"d100":8.34,"d200":8.73,"d500":9.19,"pw":1},"geometry":{"type":"Polygon","coordinates":[[[34.1583333333333,0.15833333333336186],[34.166666666666636,0.15833333333336186],[34.166666666666636,0.15000000000002886],[34.1583333333333,0.15000000000002886],[34.1583333333333,0.15833333333336186]]]}},{"type":"Feature","properties":{"d10":6.89,"d20":7.54,"d50":8.29,"d100":8.79,"d200":9.23,"d500":9.79,"pw":1},"geometry":{"type":"Polygon","coordinates":[[[34.166666666666636,0.15833333333336186],[34.17499999999997,0.15833333333336186],[34.17499999999997,0.15000000000002886],[34.166666666666636,0.15000000000002886],[34.166666666666636,0.15833333333336186]]]}},{"type":"Feature","properties":{"d10":5.88,"d20":6.57,"d50":7.4,"d100":8.0,"d200":8.56,"d500":9.28,"pw":1},"geometry":{"type":"Polygon","coordinates":[[[34.2083333333333,0.15833333333336186],[34.21666666666663,0.15833333333336186],[34.21666666666663,0.15000000000002886],[34.2083333333333,0.15000000000002886],[34.2083333333333,0.15833333333336186]]]}},{"type":"Feature","properties":{"d10":1.69,"d20":1.98,"d50":2.3,"d100":2.51,"d200":2.7,"d500":2.94},"geometry":{"type":"Polygon","coordinates":[[[34.108333333333306,0.150000000000029],[34.11666666666664,0.150000000000029],[34.11666666666664,0.141666666666696],[34.108333333333306,0.141666666666696],[34.108333333333306,0.150000000000029]]]}},{"type":"Feature","properties":{"d10":6.6,"d20":6.96,"d50":7.35,"d100":7.6,"d200":7.82,"d500":8.1,"pw":1},"geometry":{"type":"Polygon","coordinates":[[[34.12499999999997,0.150000000000029],[34.133333333333304,0.150000000000029],[34.133333333333304,0.141666666666696],[34.12499999999997,0.141666666666696],[34.12499999999997,0.150000000000029]]]}},{"type":"Feature","properties":{"d10":7.49,"d20":7.89,"d50":8.32,"d100":8.59,"d200":8.83,"d500":9.12,"pw":1},"geometry":{"type":"Polygon","coordinates":[[[34.133333333333304,0.150000000000029],[34.14166666666664,0.150000000000029],[34.14166666666664,0.141666666666696],[34.133333333333304,0.141666666666696],[34.133333333333304,0.150000000000029]]]}},{"type":"Feature","properties":{"d10":11.98,"d20":12.39,"d50":12.83,"d100":13.11,"d200":13.37,"d500":13.69,"pw":1},"geometry":{"type":"Polygon","coordinates":[[[34.14166666666664,0.150000000000029],[34.14999999999997,0.150000000000029],[34.14999999999997,0.141666666666696],[34.14166666666664,0.141666666666696],[34.14166666666664,0.150000000000029]]]}},{"type":"Feature","properties":{"d10":8.61,"d20":9.1,"d50":9.65,"d100":10.0,"d200":10.32,"d500":10.72,"pw":1},"geometry":{"type":"Polygon","coordinates":[[[34.14999999999997,0.150000000000029],[34.1583333333333,0.150000000000029],[34.1583333333333,0.141666666666696],[34.14999999999997,0.141666666666696],[34.14999999999997,0.150000000000029]]]}},{"type":"Feature","properties":{"d10":4.56,"d20":4.71,"d50":4.89,"d100":5.01,"d200":5.12,"d500":5.25,"pw":1},"geometry":{"type":"Polygon","coordinates":[[[34.016666666666644,0.14166666666669592],[34.02499999999998,0.14166666666669592],[34.02499999999998,0.13333333333336292],[34.016666666666644,0.13333333333336292],[34.016666666666644,0.14166666666669592]]]}},{"type":"Feature","properties":{"d10":1.09,"d20":1.22,"d50":1.37,"d100":1.47,"d200":1.57,"d500":1.68},"geometry":{"type":"Polygon","coordinates":[[[34.049999999999976,0.14166666666669592],[34.05833333333331,0.14166666666669592],[34.05833333333331,0.13333333333336292],[34.049999999999976,0.13333333333336292],[34.049999999999976,0.14166666666669592]]]}},{"type":"Feature","properties":{"d10":0.0,"d20":0.0,"d50":0.0,"d100":0.0,"d200":0.0,"d500":0.01},"geometry":{"type":"Polygon","coordinates":[[[34.08333333333331,0.14166666666669592],[34.09166666666664,0.14166666666669592],[34.09166666666664,0.13333333333336292],[34.08333333333331,0.13333333333336292],[34.08333333333331,0.14166666666669592]]]}},{"type":"Feature","properties":{"d10":0.0,"d20":0.0,"d50":0.0,"d100":0.0,"d200":0.0,"d500":0.01},"geometry":{"type":"Polygon","coordinates":[[[34.09166666666664,0.14166666666669592],[34.09999999999997,0.14166666666669592],[34.09999999999997,0.13333333333336292],[34.09166666666664,0.13333333333336292],[34.09166666666664,0.14166666666669592]]]}},{"type":"Feature","properties":{"d10":6.69,"d20":6.98,"d50":7.3,"d100":7.51,"d200":7.7,"d500":7.94,"pw":1},"geometry":{"type":"Polygon","coordinates":[[[34.11666666666664,0.14166666666669592],[34.12499999999997,0.14166666666669592],[34.12499999999997,0.13333333333336292],[34.11666666666664,0.13333333333336292],[34.11666666666664,0.14166666666669592]]]}},{"type":"Feature","properties":{"d10":0.31,"d20":0.5,"d50":0.74,"d100":0.9,"d200":1.06,"d500":1.25},"geometry":{"type":"Polygon","coordinates":[[[34.12499999999997,0.14166666666669592],[34.133333333333304,0.14166666666669592],[34.133333333333304,0.13333333333336292],[34.12499999999997,0.13333333333336292],[34.12499999999997,0.14166666666669592]]]}},{"type":"Feature","properties":{"d10":1.77,"d20":2.05,"d50":2.36,"d100":2.57,"d200":2.77,"d500":3.03},"geometry":{"type":"Polygon","coordinates":[[[34.133333333333304,0.14166666666669592],[34.14166666666664,0.14166666666669592],[34.14166666666664,0.13333333333336292],[34.133333333333304,0.13333333333336292],[34.133333333333304,0.14166666666669592]]]}},{"type":"Feature","properties":{"d10":0.54,"d20":0.69,"d50":0.87,"d100":0.99,"d200":1.09,"d500":1.22},"geometry":{"type":"Polygon","coordinates":[[[34.00833333333331,0.13333333333336284],[34.016666666666644,0.13333333333336284],[34.016666666666644,0.12500000000002984],[34.00833333333331,0.12500000000002984],[34.00833333333331,0.13333333333336284]]]}},{"type":"Feature","properties":{"d10":1.55,"d20":1.71,"d50":1.89,"d100":2.01,"d200":2.12,"d500":2.24},"geometry":{"type":"Polygon","coordinates":[[[34.016666666666644,0.13333333333336284],[34.02499999999998,0.13333333333336284],[34.02499999999998,0.12500000000002984],[34.016666666666644,0.12500000000002984],[34.016666666666644,0.13333333333336284]]]}},{"type":"Feature","properties":{"d10":0.38,"d20":0.46,"d50":0.56,"d100":0.63,"d200":0.7,"d500":0.79},"geometry":{"type":"Polygon","coordinates":[[[34.02499999999998,0.13333333333336284],[34.03333333333331,0.13333333333336284],[34.03333333333331,0.12500000000002984],[34.02499999999998,0.12500000000002984],[34.02499999999998,0.13333333333336284]]]}},{"type":"Feature","properties":{"d10":0.72,"d20":0.83,"d50":0.96,"d100":1.05,"d200":1.13,"d500":1.23},"geometry":{"type":"Polygon","coordinates":[[[34.03333333333331,0.13333333333336284],[34.04166666666664,0.13333333333336284],[34.04166666666664,0.12500000000002984],[34.03333333333331,0.12500000000002984],[34.03333333333331,0.13333333333336284]]]}},{"type":"Feature","properties":{"d10":1.98,"d20":2.11,"d50":2.25,"d100":2.35,"d200":2.45,"d500":2.56},"geometry":{"type":"Polygon","coordinates":[[[34.04166666666664,0.13333333333336284],[34.049999999999976,0.13333333333336284],[34.049999999999976,0.12500000000002984],[34.04166666666664,0.12500000000002984],[34.04166666666664,0.13333333333336284]]]}},{"type":"Feature","properties":{"d10":1.16,"d20":1.29,"d50":1.44,"d100":1.54,"d200":1.64,"d500":1.75},"geometry":{"type":"Polygon","coordinates":[[[34.049999999999976,0.13333333333336284],[34.05833333333331,0.13333333333336284],[34.05833333333331,0.12500000000002984],[34.049999999999976,0.12500000000002984],[34.049999999999976,0.13333333333336284]]]}},{"type":"Feature","properties":{"d10":0.0,"d20":0.0,"d50":0.0,"d100":0.0,"d200":0.0,"d500":0.01},"geometry":{"type":"Polygon","coordinates":[[[34.06666666666664,0.13333333333336284],[34.074999999999974,0.13333333333336284],[34.074999999999974,0.12500000000002984],[34.06666666666664,0.12500000000002984],[34.06666666666664,0.13333333333336284]]]}},{"type":"Feature","properties":{"d10":3.03,"d20":3.2,"d50":3.38,"d100":3.53,"d200":3.66,"d500":3.82},"geometry":{"type":"Polygon","coordinates":[[[34.074999999999974,0.13333333333336284],[34.08333333333331,0.13333333333336284],[34.08333333333331,0.12500000000002984],[34.074999999999974,0.12500000000002984],[34.074999999999974,0.13333333333336284]]]}},{"type":"Feature","properties":{"d10":1.25,"d20":1.42,"d50":1.62,"d100":1.76,"d200":1.89,"d500":2.04},"geometry":{"type":"Polygon","coordinates":[[[34.08333333333331,0.13333333333336284],[34.09166666666664,0.13333333333336284],[34.09166666666664,0.12500000000002984],[34.08333333333331,0.12500000000002984],[34.08333333333331,0.13333333333336284]]]}},{"type":"Feature","properties":{"d10":0.36,"d20":0.51,"d50":0.68,"d100":0.81,"d200":0.93,"d500":1.07},"geometry":{"type":"Polygon","coordinates":[[[34.09166666666664,0.13333333333336284],[34.09999999999997,0.13333333333336284],[34.09999999999997,0.12500000000002984],[34.09166666666664,0.12500000000002984],[34.09166666666664,0.13333333333336284]]]}},{"type":"Feature","properties":{"d10":0.94,"d20":1.18,"d50":1.45,"d100":1.63,"d200":1.8,"d500":2.01},"geometry":{"type":"Polygon","coordinates":[[[34.108333333333306,0.13333333333336284],[34.11666666666664,0.13333333333336284],[34.11666666666664,0.12500000000002984],[34.108333333333306,0.12500000000002984],[34.108333333333306,0.13333333333336284]]]}},{"type":"Feature","properties":{"d10":6.97,"d20":7.25,"d50":7.56,"d100":7.77,"d200":7.97,"d500":8.2,"pw":1},"geometry":{"type":"Polygon","coordinates":[[[34.11666666666664,0.13333333333336284],[34.12499999999997,0.13333333333336284],[34.12499999999997,0.12500000000002984],[34.11666666666664,0.12500000000002984],[34.11666666666664,0.13333333333336284]]]}},{"type":"Feature","properties":{"d10":0.24,"d20":0.37,"d50":0.53,"d100":0.65,"d200":0.76,"d500":0.92},"geometry":{"type":"Polygon","coordinates":[[[34.12499999999997,0.13333333333336284],[34.133333333333304,0.13333333333336284],[34.133333333333304,0.12500000000002984],[34.12499999999997,0.12500000000002984],[34.12499999999997,0.13333333333336284]]]}},{"type":"Feature","properties":{"d10":1.49,"d20":1.64,"d50":1.82,"d100":1.93,"d200":2.04,"d500":2.17},"geometry":{"type":"Polygon","coordinates":[[[34.00833333333331,0.12500000000002998],[34.016666666666644,0.12500000000002998],[34.016666666666644,0.11666666666669698],[34.00833333333331,0.11666666666669698],[34.00833333333331,0.12500000000002998]]]}},{"type":"Feature","properties":{"d10":1.53,"d20":1.69,"d50":1.86,"d100":1.98,"d200":2.09,"d500":2.22},"geometry":{"type":"Polygon","coordinates":[[[34.016666666666644,0.12500000000002998],[34.02499999999998,0.12500000000002998],[34.02499999999998,0.11666666666669698],[34.016666666666644,0.11666666666669698],[34.016666666666644,0.12500000000002998]]]}},{"type":"Feature","properties":{"d10":0.98,"d20":1.11,"d50":1.26,"d100":1.36,"d200":1.46,"d500":1.57},"geometry":{"type":"Polygon","coordinates":[[[34.02499999999998,0.12500000000002998],[34.03333333333331,0.12500000000002998],[34.03333333333331,0.11666666666669698],[34.02499999999998,0.11666666666669698],[34.02499999999998,0.12500000000002998]]]}},{"type":"Feature","properties":{"d10":0.7,"d20":0.81,"d50":0.93,"d100":1.02,"d200":1.1,"d500":1.2},"geometry":{"type":"Polygon","coordinates":[[[34.03333333333331,0.12500000000002998],[34.04166666666664,0.12500000000002998],[34.04166666666664,0.11666666666669698],[34.03333333333331,0.11666666666669698],[34.03333333333331,0.12500000000002998]]]}},{"type":"Feature","properties":{"d10":1.95,"d20":2.08,"d50":2.23,"d100":2.33,"d200":2.42,"d500":2.53},"geometry":{"type":"Polygon","coordinates":[[[34.04166666666664,0.12500000000002998],[34.049999999999976,0.12500000000002998],[34.049999999999976,0.11666666666669698],[34.04166666666664,0.11666666666669698],[34.04166666666664,0.12500000000002998]]]}},{"type":"Feature","properties":{"d10":1.22,"d20":1.36,"d50":1.51,"d100":1.61,"d200":1.71,"d500":1.83},"geometry":{"type":"Polygon","coordinates":[[[34.049999999999976,0.12500000000002998],[34.05833333333331,0.12500000000002998],[34.05833333333331,0.11666666666669698],[34.049999999999976,0.11666666666669698],[34.049999999999976,0.12500000000002998]]]}},{"type":"Feature","properties":{"d10":1.51,"d20":1.66,"d50":1.84,"d100":1.96,"d200":2.07,"d500":2.2},"geometry":{"type":"Polygon","coordinates":[[[34.05833333333331,0.12500000000002998],[34.06666666666664,0.12500000000002998],[34.06666666666664,0.11666666666669698],[34.05833333333331,0.11666666666669698],[34.05833333333331,0.12500000000002998]]]}},{"type":"Feature","properties":{"d10":1.5,"d20":1.65,"d50":1.84,"d100":1.96,"d200":2.08,"d500":2.22},"geometry":{"type":"Polygon","coordinates":[[[34.06666666666664,0.12500000000002998],[34.074999999999974,0.12500000000002998],[34.074999999999974,0.11666666666669698],[34.06666666666664,0.11666666666669698],[34.06666666666664,0.12500000000002998]]]}},{"type":"Feature","properties":{"d10":8.24,"d20":8.41,"d50":8.61,"d100":8.75,"d200":8.88,"d500":9.05,"pw":1},"geometry":{"type":"Polygon","coordinates":[[[34.074999999999974,0.12500000000002998],[34.08333333333331,0.12500000000002998],[34.08333333333331,0.11666666666669698],[34.074999999999974,0.11666666666669698],[34.074999999999974,0.12500000000002998]]]}},{"type":"Feature","properties":{"d10":6.46,"d20":6.61,"d50":6.78,"d100":6.9,"d200":7.01,"d500":7.14,"pw":1},"geometry":{"type":"Polygon","coordinates":[[[34.08333333333331,0.12500000000002998],[34.09166666666664,0.12500000000002998],[34.09166666666664,0.11666666666669698],[34.08333333333331,0.11666666666669698],[34.08333333333331,0.12500000000002998]]]}},{"type":"Feature","properties":{"d10":7.25,"d20":7.45,"d50":7.66,"d100":7.81,"d200":7.93,"d500":8.08,"pw":1},"geometry":{"type":"Polygon","coordinates":[[[34.09166666666664,0.12500000000002998],[34.09999999999997,0.12500000000002998],[34.09999999999997,0.11666666666669698],[34.09166666666664,0.11666666666669698],[34.09166666666664,0.12500000000002998]]]}},{"type":"Feature","properties":{"d10":7.81,"d20":8.05,"d50":8.3,"d100":8.47,"d200":8.63,"d500":8.81,"pw":1},"geometry":{"type":"Polygon","coordinates":[[[34.09999999999997,0.12500000000002998],[34.108333333333306,0.12500000000002998],[34.108333333333306,0.11666666666669698],[34.09999999999997,0.11666666666669698],[34.09999999999997,0.12500000000002998]]]}},{"type":"Feature","properties":{"d10":8.19,"d20":8.45,"d50":8.75,"d100":8.94,"d200":9.12,"d500":9.33,"pw":1},"geometry":{"type":"Polygon","coordinates":[[[34.108333333333306,0.12500000000002998],[34.11666666666664,0.12500000000002998],[34.11666666666664,0.11666666666669698],[34.108333333333306,0.11666666666669698],[34.108333333333306,0.12500000000002998]]]}},{"type":"Feature","properties":{"d10":0.77,"d20":1.02,"d50":1.3,"d100":1.5,"d200":1.68,"d500":1.9},"geometry":{"type":"Polygon","coordinates":[[[34.11666666666664,0.12500000000002998],[34.12499999999997,0.12500000000002998],[34.12499999999997,0.11666666666669698],[34.11666666666664,0.11666666666669698],[34.11666666666664,0.12500000000002998]]]}},{"type":"Feature","properties":{"d10":2.3,"d20":2.45,"d50":2.62,"d100":2.73,"d200":2.83,"d500":2.95},"geometry":{"type":"Polygon","coordinates":[[[34.00833333333331,0.1166666666666969],[34.016666666666644,0.1166666666666969],[34.016666666666644,0.1083333333333639],[34.00833333333331,0.1083333333333639],[34.00833333333331,0.1166666666666969]]]}},{"type":"Feature","properties":{"d10":1.49,"d20":1.64,"d50":1.81,"d100":1.92,"d200":2.03,"d500":2.15},"geometry":{"type":"Polygon","coordinates":[[[34.016666666666644,0.1166666666666969],[34.02499999999998,0.1166666666666969],[34.02499999999998,0.1083333333333639],[34.016666666666644,0.1083333333333639],[34.016666666666644,0.1166666666666969]]]}},{"type":"Feature","properties":{"d10":0.97,"d20":1.09,"d50":1.24,"d100":1.34,"d200":1.43,"d500":1.54},"geometry":{"type":"Polygon","coordinates":[[[34.02499999999998,0.1166666666666969],[34.03333333333331,0.1166666666666969],[34.03333333333331,0.1083333333333639],[34.02499999999998,0.1083333333333639],[34.02499999999998,0.1166666666666969]]]}},{"type":"Feature","properties":{"d10":1.35,"d20":1.47,"d50":1.62,"d100":1.72,"d200":1.81,"d500":1.92},"geometry":{"type":"Polygon","coordinates":[[[34.03333333333331,0.1166666666666969],[34.04166666666664,0.1166666666666969],[34.04166666666664,0.1083333333333639],[34.03333333333331,0.1083333333333639],[34.03333333333331,0.1166666666666969]]]}},{"type":"Feature","properties":{"d10":1.01,"d20":1.13,"d50":1.27,"d100":1.36,"d200":1.45,"d500":1.56},"geometry":{"type":"Polygon","coordinates":[[[34.04166666666664,0.1166666666666969],[34.049999999999976,0.1166666666666969],[34.049999999999976,0.1083333333333639],[34.04166666666664,0.1083333333333639],[34.04166666666664,0.1166666666666969]]]}},{"type":"Feature","properties":{"d10":5.34,"d20":5.47,"d50":5.62,"d100":5.72,"d200":5.82,"d500":5.93,"pw":1},"geometry":{"type":"Polygon","coordinates":[[[34.049999999999976,0.1166666666666969],[34.05833333333331,0.1166666666666969],[34.05833333333331,0.1083333333333639],[34.049999999999976,0.1083333333333639],[34.049999999999976,0.1166666666666969]]]}},{"type":"Feature","properties":{"d10":3.91,"d20":4.04,"d50":4.19,"d100":4.29,"d200":4.38,"d500":4.5,"pw":1},"geometry":{"type":"Polygon","coordinates":[[[34.05833333333331,0.1166666666666969],[34.06666666666664,0.1166666666666969],[34.06666666666664,0.1083333333333639],[34.05833333333331,0.1083333333333639],[34.05833333333331,0.1166666666666969]]]}},{"type":"Feature","properties":{"d10":4.54,"d20":4.67,"d50":4.83,"d100":4.94,"d200":5.05,"d500":5.17,"pw":1},"geometry":{"type":"Polygon","coordinates":[[[34.06666666666664,0.1166666666666969],[34.074999999999974,0.1166666666666969],[34.074999999999974,0.1083333333333639],[34.06666666666664,0.1083333333333639],[34.06666666666664,0.1166666666666969]]]}},{"type":"Feature","properties":{"d10":1.53,"d20":1.7,"d50":1.88,"d100":2.01,"d200":2.12,"d500":2.26},"geometry":{"type":"Polygon","coordinates":[[[34.074999999999974,0.1166666666666969],[34.08333333333331,0.1166666666666969],[34.08333333333331,0.1083333333333639],[34.074999999999974,0.1083333333333639],[34.074999999999974,0.1166666666666969]]]}},{"type":"Feature","properties":{"d10":0.99,"d20":1.15,"d50":1.35,"d100":1.48,"d200":1.6,"d500":1.74},"geometry":{"type":"Polygon","coordinates":[[[34.08333333333331,0.1166666666666969],[34.09166666666664,0.1166666666666969],[34.09166666666664,0.1083333333333639],[34.08333333333331,0.1083333333333639],[34.08333333333331,0.1166666666666969]]]}},{"type":"Feature","properties":{"d10":0.34,"d20":0.48,"d50":0.65,"d100":0.77,"d200":0.88,"d500":1.01},"geometry":{"type":"Polygon","coordinates":[[[34.09166666666664,0.1166666666666969],[34.09999999999997,0.1166666666666969],[34.09999999999997,0.1083333333333639],[34.09166666666664,0.1083333333333639],[34.09166666666664,0.1166666666666969]]]}},{"type":"Feature","properties":{"d10":0.7,"d20":0.9,"d50":1.14,"d100":1.29,"d200":1.44,"d500":1.61},"geometry":{"type":"Polygon","coordinates":[[[34.09999999999997,0.1166666666666969],[34.108333333333306,0.1166666666666969],[34.108333333333306,0.1083333333333639],[34.09999999999997,0.1083333333333639],[34.09999999999997,0.1166666666666969]]]}},{"type":"Feature","properties":{"d10":0.36,"d20":0.54,"d50":0.76,"d100":0.94,"d200":1.1,"d500":1.29},"geometry":{"type":"Polygon","coordinates":[[[34.108333333333306,0.1166666666666969],[34.11666666666664,0.1166666666666969],[34.11666666666664,0.1083333333333639],[34.108333333333306,0.1083333333333639],[34.108333333333306,0.1166666666666969]]]}},{"type":"Feature","properties":{"d10":1.39,"d20":1.43,"d50":1.48,"d100":1.51,"d200":1.54,"d500":1.58},"geometry":{"type":"Polygon","coordinates":[[[33.958333333333314,0.10833333333336403],[33.96666666666665,0.10833333333336403],[33.96666666666665,0.10000000000003104],[33.958333333333314,0.10000000000003104],[33.958333333333314,0.10833333333336403]]]}},{"type":"Feature","properties":{"d10":1.02,"d20":1.15,"d50":1.3,"d100":1.4,"d200":1.49,"d500":1.6},"geometry":{"type":"Polygon","coordinates":[[[33.99999999999998,0.10833333333336403],[34.00833333333331,0.10833333333336403],[34.00833333333331,0.10000000000003104],[33.99999999999998,0.10000000000003104],[33.99999999999998,0.10833333333336403]]]}},{"type":"Feature","properties":{"d10":2.18,"d20":2.32,"d50":2.47,"d100":2.57,"d200":2.67,"d500":2.78},"geometry":{"type":"Polygon","coordinates":[[[34.00833333333331,0.10833333333336403],[34.016666666666644,0.10833333333336403],[34.016666666666644,0.10000000000003104],[34.00833333333331,0.10000000000003104],[34.00833333333331,0.10833333333336403]]]}},{"type":"Feature","properties":{"d10":2.29,"d20":2.43,"d50":2.6,"d100":2.71,"d200":2.81,"d500":2.93},"geometry":{"type":"Polygon","coordinates":[[[34.016666666666644,0.10833333333336403],[34.02499999999998,0.10833333333336403],[34.02499999999998,0.10000000000003104],[34.016666666666644,0.10000000000003104],[34.016666666666644,0.10833333333336403]]]}},{"type":"Feature","properties":{"d10":1.69,"d20":1.83,"d50":1.99,"d100":2.1,"d200":2.2,"d500":2.32},"geometry":{"type":"Polygon","coordinates":[[[34.02499999999998,0.10833333333336403],[34.03333333333331,0.10833333333336403],[34.03333333333331,0.10000000000003104],[34.02499999999998,0.10000000000003104],[34.02499999999998,0.10833333333336403]]]}},{"type":"Feature","properties":{"d10":6.33,"d20":6.46,"d50":6.6,"d100":6.7,"d200":6.8,"d500":6.91,"pw":1},"geometry":{"type":"Polygon","coordinates":[[[34.03333333333331,0.10833333333336403],[34.04166666666664,0.10833333333336403],[34.04166666666664,0.10000000000003104],[34.03333333333331,0.10000000000003104],[34.03333333333331,0.10833333333336403]]]}},{"type":"Feature","properties":{"d10":3.88,"d20":4.03,"d50":4.18,"d100":4.28,"d200":4.38,"d500":4.49,"pw":1},"geometry":{"type":"Polygon","coordinates":[[[34.04166666666664,0.10833333333336403],[34.049999999999976,0.10833333333336403],[34.049999999999976,0.10000000000003104],[34.04166666666664,0.10000000000003104],[34.04166666666664,0.10833333333336403]]]}},{"type":"Feature","properties":{"d10":1.34,"d20":1.47,"d50":1.62,"d100":1.72,"d200":1.81,"d500":1.92},"geometry":{"type":"Polygon","coordinates":[[[34.049999999999976,0.10833333333336403],[34.05833333333331,0.10833333333336403],[34.05833333333331,0.10000000000003104],[34.049999999999976,0.10000000000003104],[34.049999999999976,0.10833333333336403]]]}},{"type":"Feature","properties":{"d10":2.6,"d20":2.76,"d50":2.93,"d100":3.04,"d200":3.14,"d500":3.26},"geometry":{"type":"Polygon","coordinates":[[[34.05833333333331,0.10833333333336403],[34.06666666666664,0.10833333333336403],[34.06666666666664,0.10000000000003104],[34.05833333333331,0.10000000000003104],[34.05833333333331,0.10833333333336403]]]}},{"type":"Feature","properties":{"d10":1.96,"d20":2.13,"d50":2.32,"d100":2.44,"d200":2.55,"d500":2.67},"geometry":{"type":"Polygon","coordinates":[[[34.06666666666664,0.10833333333336403],[34.074999999999974,0.10833333333336403],[34.074999999999974,0.10000000000003104],[34.06666666666664,0.10000000000003104],[34.06666666666664,0.10833333333336403]]]}},{"type":"Feature","properties":{"d10":1.36,"d20":1.53,"d50":1.72,"d100":1.85,"d200":1.96,"d500":2.09},"geometry":{"type":"Polygon","coordinates":[[[34.074999999999974,0.10833333333336403],[34.08333333333331,0.10833333333336403],[34.08333333333331,0.10000000000003104],[34.074999999999974,0.10000000000003104],[34.074999999999974,0.10833333333336403]]]}},{"type":"Feature","properties":{"d10":2.45,"d20":2.63,"d50":2.84,"d100":2.97,"d200":3.1,"d500":3.24},"geometry":{"type":"Polygon","coordinates":[[[34.08333333333331,0.10833333333336403],[34.09166666666664,0.10833333333336403],[34.09166666666664,0.10000000000003104],[34.08333333333331,0.10000000000003104],[34.08333333333331,0.10833333333336403]]]}},{"type":"Feature","properties":{"d10":0.42,"d20":0.56,"d50":0.72,"d100":0.83,"d200":0.94,"d500":1.07},"geometry":{"type":"Polygon","coordinates":[[[34.09166666666664,0.10833333333336403],[34.09999999999997,0.10833333333336403],[34.09999999999997,0.10000000000003104],[34.09166666666664,0.10000000000003104],[34.09166666666664,0.10833333333336403]]]}},{"type":"Feature","properties":{"d10":0.0,"d20":0.0,"d50":0.0,"d100":0.0,"d200":0.01,"d500":0.05},"geometry":{"type":"Polygon","coordinates":[[[34.09999999999997,0.10833333333336403],[34.108333333333306,0.10833333333336403],[34.108333333333306,0.10000000000003104],[34.09999999999997,0.10000000000003104],[34.09999999999997,0.10833333333336403]]]}},{"type":"Feature","properties":{"d10":0.0,"d20":0.0,"d50":0.0,"d100":0.0,"d200":0.02,"d500":0.08},"geometry":{"type":"Polygon","coordinates":[[[34.108333333333306,0.10833333333336403],[34.11666666666664,0.10833333333336403],[34.11666666666664,0.10000000000003104],[34.108333333333306,0.10000000000003104],[34.108333333333306,0.10833333333336403]]]}},{"type":"Feature","properties":{"d10":4.34,"d20":4.51,"d50":4.68,"d100":4.79,"d200":4.9,"d500":5.03,"pw":1},"geometry":{"type":"Polygon","coordinates":[[[33.99999999999998,0.10000000000003095],[34.00833333333331,0.10000000000003095],[34.00833333333331,0.09166666666669795],[33.99999999999998,0.09166666666669795],[33.99999999999998,0.10000000000003095]]]}},{"type":"Feature","properties":{"d10":1.9,"d20":2.02,"d50":2.16,"d100":2.25,"d200":2.33,"d500":2.46},"geometry":{"type":"Polygon","coordinates":[[[34.00833333333331,0.10000000000003095],[34.016666666666644,0.10000000000003095],[34.016666666666644,0.09166666666669795],[34.00833333333331,0.09166666666669795],[34.00833333333331,0.10000000000003095]]]}},{"type":"Feature","properties":{"d10":5.83,"d20":5.98,"d50":6.17,"d100":6.3,"d200":6.42,"d500":6.56,"pw":1},"geometry":{"type":"Polygon","coordinates":[[[34.016666666666644,0.10000000000003095],[34.02499999999998,0.10000000000003095],[34.02499999999998,0.09166666666669795],[34.016666666666644,0.09166666666669795],[34.016666666666644,0.10000000000003095]]]}},{"type":"Feature","properties":{"d10":2.74,"d20":2.87,"d50":3.03,"d100":3.14,"d200":3.24,"d500":3.37},"geometry":{"type":"Polygon","coordinates":[[[34.02499999999998,0.10000000000003095],[34.03333333333331,0.10000000000003095],[34.03333333333331,0.09166666666669795],[34.02499999999998,0.09166666666669795],[34.02499999999998,0.10000000000003095]]]}},{"type":"Feature","properties":{"d10":0.0,"d20":0.0,"d50":0.03,"d100":0.05,"d200":0.08,"d500":0.11},"geometry":{"type":"Polygon","coordinates":[[[34.03333333333331,0.10000000000003095],[34.04166666666664,0.10000000000003095],[34.04166666666664,0.09166666666669795],[34.03333333333331,0.09166666666669795],[34.03333333333331,0.10000000000003095]]]}},{"type":"Feature","properties":{"d10":1.35,"d20":1.48,"d50":1.62,"d100":1.72,"d200":1.81,"d500":1.92},"geometry":{"type":"Polygon","coordinates":[[[34.04166666666664,0.10000000000003095],[34.049999999999976,0.10000000000003095],[34.049999999999976,0.09166666666669795],[34.04166666666664,0.09166666666669795],[34.04166666666664,0.10000000000003095]]]}},{"type":"Feature","properties":{"d10":1.26,"d20":1.39,"d50":1.53,"d100":1.63,"d200":1.72,"d500":1.82},"geometry":{"type":"Polygon","coordinates":[[[34.049999999999976,0.10000000000003095],[34.05833333333331,0.10000000000003095],[34.05833333333331,0.09166666666669795],[34.049999999999976,0.09166666666669795],[34.049999999999976,0.10000000000003095]]]}},{"type":"Feature","properties":{"d10":1.6,"d20":1.76,"d50":1.93,"d100":2.04,"d200":2.14,"d500":2.26},"geometry":{"type":"Polygon","coordinates":[[[34.05833333333331,0.10000000000003095],[34.06666666666664,0.10000000000003095],[34.06666666666664,0.09166666666669795],[34.05833333333331,0.09166666666669795],[34.05833333333331,0.10000000000003095]]]}},{"type":"Feature","properties":{"d10":1.04,"d20":1.19,"d50":1.36,"d100":1.47,"d200":1.56,"d500":1.68},"geometry":{"type":"Polygon","coordinates":[[[34.06666666666664,0.10000000000003095],[34.074999999999974,0.10000000000003095],[34.074999999999974,0.09166666666669795],[34.06666666666664,0.09166666666669795],[34.06666666666664,0.10000000000003095]]]}},{"type":"Feature","properties":{"d10":1.29,"d20":1.45,"d50":1.63,"d100":1.75,"d200":1.85,"d500":1.97},"geometry":{"type":"Polygon","coordinates":[[[34.074999999999974,0.10000000000003095],[34.08333333333331,0.10000000000003095],[34.08333333333331,0.09166666666669795],[34.074999999999974,0.09166666666669795],[34.074999999999974,0.10000000000003095]]]}},{"type":"Feature","properties":{"d10":1.37,"d20":1.55,"d50":1.74,"d100":1.87,"d200":1.98,"d500":2.12},"geometry":{"type":"Polygon","coordinates":[[[34.08333333333331,0.10000000000003095],[34.09166666666664,0.10000000000003095],[34.09166666666664,0.09166666666669795],[34.08333333333331,0.09166666666669795],[34.08333333333331,0.10000000000003095]]]}},{"type":"Feature","properties":{"d10":0.14,"d20":0.21,"d50":0.29,"d100":0.35,"d200":0.41,"d500":0.49},"geometry":{"type":"Polygon","coordinates":[[[34.09166666666664,0.10000000000003095],[34.09999999999997,0.10000000000003095],[34.09999999999997,0.09166666666669795],[34.09166666666664,0.09166666666669795],[34.09166666666664,0.10000000000003095]]]}},{"type":"Feature","properties":{"d10":0.0,"d20":0.0,"d50":0.0,"d100":0.0,"d200":0.01,"d500":0.05},"geometry":{"type":"Polygon","coordinates":[[[34.09999999999997,0.10000000000003095],[34.108333333333306,0.10000000000003095],[34.108333333333306,0.09166666666669795],[34.09999999999997,0.09166666666669795],[34.09999999999997,0.10000000000003095]]]}},{"type":"Feature","properties":{"d10":0.0,"d20":0.0,"d50":0.0,"d100":0.0,"d200":0.01,"d500":0.07},"geometry":{"type":"Polygon","coordinates":[[[34.108333333333306,0.10000000000003095],[34.11666666666664,0.10000000000003095],[34.11666666666664,0.09166666666669795],[34.108333333333306,0.09166666666669795],[34.108333333333306,0.10000000000003095]]]}},{"type":"Feature","properties":{"d10":0.0,"d20":0.0,"d50":0.0,"d100":0.0,"d200":0.0,"d500":0.01},"geometry":{"type":"Polygon","coordinates":[[[34.11666666666664,0.10000000000003095],[34.12499999999997,0.10000000000003095],[34.12499999999997,0.09166666666669795],[34.11666666666664,0.09166666666669795],[34.11666666666664,0.10000000000003095]]]}},{"type":"Feature","properties":{"d10":1.15,"d20":1.28,"d50":1.42,"d100":1.51,"d200":1.59,"d500":1.69},"geometry":{"type":"Polygon","coordinates":[[[33.98333333333331,0.09166666666669787],[33.991666666666646,0.09166666666669787],[33.991666666666646,0.08333333333336487],[33.98333333333331,0.08333333333336487],[33.98333333333331,0.09166666666669787]]]}},{"type":"Feature","properties":{"d10":7.24,"d20":7.38,"d50":7.52,"d100":7.62,"d200":7.71,"d500":7.82,"pw":1},"geometry":{"type":"Polygon","coordinates":[[[33.991666666666646,0.09166666666669787],[33.99999999999998,0.09166666666669787],[33.99999999999998,0.08333333333336487],[33.991666666666646,0.08333333333336487],[33.991666666666646,0.09166666666669787]]]}},{"type":"Feature","properties":{"d10":2.31,"d20":2.47,"d50":2.64,"d100":2.75,"d200":2.85,"d500":2.97},"geometry":{"type":"Polygon","coordinates":[[[33.99999999999998,0.09166666666669787],[34.00833333333331,0.09166666666669787],[34.00833333333331,0.08333333333336487],[33.99999999999998,0.08333333333336487],[33.99999999999998,0.09166666666669787]]]}},{"type":"Feature","properties":{"d10":5.84,"d20":5.95,"d50":6.09,"d100":6.19,"d200":6.27,"d500":6.38,"pw":1},"geometry":{"type":"Polygon","coordinates":[[[34.00833333333331,0.09166666666669787],[34.016666666666644,0.09166666666669787],[34.016666666666644,0.08333333333336487],[34.00833333333331,0.08333333333336487],[34.00833333333331,0.09166666666669787]]]}},{"type":"Feature","properties":{"d10":0.25,"d20":0.31,"d50":0.4,"d100":0.46,"d200":0.51,"d500":0.59},"geometry":{"type":"Polygon","coordinates":[[[34.016666666666644,0.09166666666669787],[34.02499999999998,0.09166666666669787],[34.02499999999998,0.08333333333336487],[34.016666666666644,0.08333333333336487],[34.016666666666644,0.09166666666669787]]]}},{"type":"Feature","properties":{"d10":0.68,"d20":0.76,"d50":0.85,"d100":0.92,"d200":0.98,"d500":1.06},"geometry":{"type":"Polygon","coordinates":[[[34.02499999999998,0.09166666666669787],[34.03333333333331,0.09166666666669787],[34.03333333333331,0.08333333333336487],[34.02499999999998,0.08333333333336487],[34.02499999999998,0.09166666666669787]]]}},{"type":"Feature","properties":{"d10":1.12,"d20":1.22,"d50":1.34,"d100":1.42,"d200":1.49,"d500":1.58},"geometry":{"type":"Polygon","coordinates":[[[34.03333333333331,0.09166666666669787],[34.04166666666664,0.09166666666669787],[34.04166666666664,0.08333333333336487],[34.03333333333331,0.08333333333336487],[34.03333333333331,0.09166666666669787]]]}},{"type":"Feature","properties":{"d10":0.98,"d20":1.09,"d50":1.21,"d100":1.29,"d200":1.36,"d500":1.45},"geometry":{"type":"Polygon","coordinates":[[[34.04166666666664,0.09166666666669787],[34.049999999999976,0.09166666666669787],[34.049999999999976,0.08333333333336487],[34.04166666666664,0.08333333333336487],[34.04166666666664,0.09166666666669787]]]}},{"type":"Feature","properties":{"d10":0.0,"d20":0.0,"d50":0.01,"d100":0.02,"d200":0.04,"d500":0.07},"geometry":{"type":"Polygon","coordinates":[[[34.049999999999976,0.09166666666669787],[34.05833333333331,0.09166666666669787],[34.05833333333331,0.08333333333336487],[34.049999999999976,0.08333333333336487],[34.049999999999976,0.09166666666669787]]]}},{"type":"Feature","properties":{"d10":0.01,"d20":0.05,"d50":0.11,"d100":0.15,"d200":0.19,"d500":0.25},"geometry":{"type":"Polygon","coordinates":[[[34.05833333333331,0.09166666666669787],[34.06666666666664,0.09166666666669787],[34.06666666666664,0.08333333333336487],[34.05833333333331,0.08333333333336487],[34.05833333333331,0.09166666666669787]]]}},{"type":"Feature","properties":{"d10":0.09,"d20":0.17,"d50":0.27,"d100":0.34,"d200":0.4,"d500":0.48},"geometry":{"type":"Polygon","coordinates":[[[34.06666666666664,0.09166666666669787],[34.074999999999974,0.09166666666669787],[34.074999999999974,0.08333333333336487],[34.06666666666664,0.08333333333336487],[34.06666666666664,0.09166666666669787]]]}},{"type":"Feature","properties":{"d10":0.18,"d20":0.3,"d50":0.43,"d100":0.52,"d200":0.6,"d500":0.7},"geometry":{"type":"Polygon","coordinates":[[[34.074999999999974,0.09166666666669787],[34.08333333333331,0.09166666666669787],[34.08333333333331,0.08333333333336487],[34.074999999999974,0.08333333333336487],[34.074999999999974,0.09166666666669787]]]}},{"type":"Feature","properties":{"d10":0.03,"d20":0.05,"d50":0.08,"d100":0.1,"d200":0.13,"d500":0.17},"geometry":{"type":"Polygon","coordinates":[[[34.08333333333331,0.09166666666669787],[34.09166666666664,0.09166666666669787],[34.09166666666664,0.08333333333336487],[34.08333333333331,0.08333333333336487],[34.08333333333331,0.09166666666669787]]]}},{"type":"Feature","properties":{"d10":0.03,"d20":0.05,"d50":0.08,"d100":0.11,"d200":0.14,"d500":0.18},"geometry":{"type":"Polygon","coordinates":[[[34.09166666666664,0.09166666666669787],[34.09999999999997,0.09166666666669787],[34.09999999999997,0.08333333333336487],[34.09166666666664,0.08333333333336487],[34.09166666666664,0.09166666666669787]]]}},{"type":"Feature","properties":{"d10":0.11,"d20":0.17,"d50":0.28,"d100":0.35,"d200":0.42,"d500":0.53},"geometry":{"type":"Polygon","coordinates":[[[34.09999999999997,0.09166666666669787],[34.108333333333306,0.09166666666669787],[34.108333333333306,0.08333333333336487],[34.09999999999997,0.08333333333336487],[34.09999999999997,0.09166666666669787]]]}},{"type":"Feature","properties":{"d10":0.07,"d20":0.14,"d50":0.25,"d100":0.32,"d200":0.38,"d500":0.49},"geometry":{"type":"Polygon","coordinates":[[[34.108333333333306,0.09166666666669787],[34.11666666666664,0.09166666666669787],[34.11666666666664,0.08333333333336487],[34.108333333333306,0.08333333333336487],[34.108333333333306,0.09166666666669787]]]}},{"type":"Feature","properties":{"d10":0.0,"d20":0.0,"d50":0.0,"d100":0.0,"d200":0.0,"d500":0.01},"geometry":{"type":"Polygon","coordinates":[[[34.11666666666664,0.09166666666669787],[34.12499999999997,0.09166666666669787],[34.12499999999997,0.08333333333336487],[34.11666666666664,0.08333333333336487],[34.11666666666664,0.09166666666669787]]]}},{"type":"Feature","properties":{"d10":0.09,"d20":0.11,"d50":0.13,"d100":0.14,"d200":0.15,"d500":0.17},"geometry":{"type":"Polygon","coordinates":[[[33.958333333333314,0.08333333333336501],[33.96666666666665,0.08333333333336501],[33.96666666666665,0.07500000000003201],[33.958333333333314,0.07500000000003201],[33.958333333333314,0.08333333333336501]]]}},{"type":"Feature","properties":{"d10":0.22,"d20":0.27,"d50":0.35,"d100":0.4,"d200":0.45,"d500":0.52},"geometry":{"type":"Polygon","coordinates":[[[33.96666666666665,0.08333333333336501],[33.97499999999998,0.08333333333336501],[33.97499999999998,0.07500000000003201],[33.96666666666665,0.07500000000003201],[33.96666666666665,0.08333333333336501]]]}},{"type":"Feature","properties":{"d10":0.04,"d20":0.09,"d50":0.17,"d100":0.22,"d200":0.27,"d500":0.34},"geometry":{"type":"Polygon","coordinates":[[[33.97499999999998,0.08333333333336501],[33.98333333333331,0.08333333333336501],[33.98333333333331,0.07500000000003201],[33.97499999999998,0.07500000000003201],[33.97499999999998,0.08333333333336501]]]}},{"type":"Feature","properties":{"d10":6.05,"d20":6.17,"d50":6.3,"d100":6.38,"d200":6.46,"d500":6.56,"pw":1},"geometry":{"type":"Polygon","coordinates":[[[33.98333333333331,0.08333333333336501],[33.991666666666646,0.08333333333336501],[33.991666666666646,0.07500000000003201],[33.98333333333331,0.07500000000003201],[33.98333333333331,0.08333333333336501]]]}},{"type":"Feature","properties":{"d10":2.15,"d20":2.28,"d50":2.42,"d100":2.51,"d200":2.6,"d500":2.7},"geometry":{"type":"Polygon","coordinates":[[[33.991666666666646,0.08333333333336501],[33.99999999999998,0.08333333333336501],[33.99999999999998,0.07500000000003201],[33.991666666666646,0.07500000000003201],[33.991666666666646,0.08333333333336501]]]}},{"type":"Feature","properties":{"d10":2.2,"d20":2.34,"d50":2.49,"d100":2.59,"d200":2.68,"d500":2.79},"geometry":{"type":"Polygon","coordinates":[[[33.99999999999998,0.08333333333336501],[34.00833333333331,0.08333333333336501],[34.00833333333331,0.07500000000003201],[33.99999999999998,0.07500000000003201],[33.99999999999998,0.08333333333336501]]]}},{"type":"Feature","properties":{"d10":1.36,"d20":1.49,"d50":1.65,"d100":1.75,"d200":1.85,"d500":1.97},"geometry":{"type":"Polygon","coordinates":[[[34.00833333333331,0.08333333333336501],[34.016666666666644,0.08333333333336501],[34.016666666666644,0.07500000000003201],[34.00833333333331,0.07500000000003201],[34.00833333333331,0.08333333333336501]]]}},{"type":"Feature","properties":{"d10":1.48,"d20":1.61,"d50":1.75,"d100":1.85,"d200":1.95,"d500":2.06},"geometry":{"type":"Polygon","coordinates":[[[34.016666666666644,0.08333333333336501],[34.02499999999998,0.08333333333336501],[34.02499999999998,0.07500000000003201],[34.016666666666644,0.07500000000003201],[34.016666666666644,0.08333333333336501]]]}},{"type":"Feature","properties":{"d10":0.48,"d20":0.55,"d50":0.62,"d100":0.68,"d200":0.73,"d500":0.8},"geometry":{"type":"Polygon","coordinates":[[[34.02499999999998,0.08333333333336501],[34.03333333333331,0.08333333333336501],[34.03333333333331,0.07500000000003201],[34.02499999999998,0.07500000000003201],[34.02499999999998,0.08333333333336501]]]}},{"type":"Feature","properties":{"d10":0.68,"d20":0.76,"d50":0.85,"d100":0.92,"d200":0.98,"d500":1.06},"geometry":{"type":"Polygon","coordinates":[[[34.03333333333331,0.08333333333336501],[34.04166666666664,0.08333333333336501],[34.04166666666664,0.07500000000003201],[34.03333333333331,0.07500000000003201],[34.03333333333331,0.08333333333336501]]]}},{"type":"Feature","properties":{"d10":0.0,"d20":0.02,"d50":0.05,"d100":0.08,"d200":0.11,"d500":0.15},"geometry":{"type":"Polygon","coordinates":[[[34.04166666666664,0.08333333333336501],[34.049999999999976,0.08333333333336501],[34.049999999999976,0.07500000000003201],[34.04166666666664,0.07500000000003201],[34.04166666666664,0.08333333333336501]]]}},{"type":"Feature","properties":{"d10":0.63,"d20":0.74,"d50":0.88,"d100":0.97,"d200":1.06,"d500":1.17},"geometry":{"type":"Polygon","coordinates":[[[34.049999999999976,0.08333333333336501],[34.05833333333331,0.08333333333336501],[34.05833333333331,0.07500000000003201],[34.049999999999976,0.07500000000003201],[34.049999999999976,0.08333333333336501]]]}},{"type":"Feature","properties":{"d10":0.14,"d20":0.26,"d50":0.4,"d100":0.49,"d200":0.58,"d500":0.69},"geometry":{"type":"Polygon","coordinates":[[[34.05833333333331,0.08333333333336501],[34.06666666666664,0.08333333333336501],[34.06666666666664,0.07500000000003201],[34.05833333333331,0.07500000000003201],[34.05833333333331,0.08333333333336501]]]}},{"type":"Feature","properties":{"d10":0.11,"d20":0.2,"d50":0.29,"d100":0.36,"d200":0.43,"d500":0.51},"geometry":{"type":"Polygon","coordinates":[[[34.06666666666664,0.08333333333336501],[34.074999999999974,0.08333333333336501],[34.074999999999974,0.07500000000003201],[34.06666666666664,0.07500000000003201],[34.06666666666664,0.08333333333336501]]]}},{"type":"Feature","properties":{"d10":0.05,"d20":0.1,"d50":0.16,"d100":0.2,"d200":0.24,"d500":0.3},"geometry":{"type":"Polygon","coordinates":[[[34.074999999999974,0.08333333333336501],[34.08333333333331,0.08333333333336501],[34.08333333333331,0.07500000000003201],[34.074999999999974,0.07500000000003201],[34.074999999999974,0.08333333333336501]]]}},{"type":"Feature","properties":{"d10":0.51,"d20":1.04,"d50":1.18,"d100":1.24,"d200":1.29,"d500":1.36},"geometry":{"type":"Polygon","coordinates":[[[34.09166666666664,0.08333333333336501],[34.09999999999997,0.08333333333336501],[34.09999999999997,0.07500000000003201],[34.09166666666664,0.07500000000003201],[34.09166666666664,0.08333333333336501]]]}},{"type":"Feature","properties":{"d10":0.05,"d20":0.09,"d50":0.2,"d100":0.26,"d200":0.31,"d500":0.4},"geometry":{"type":"Polygon","coordinates":[[[34.09999999999997,0.08333333333336501],[34.108333333333306,0.08333333333336501],[34.108333333333306,0.07500000000003201],[34.09999999999997,0.07500000000003201],[34.09999999999997,0.08333333333336501]]]}},{"type":"Feature","properties":{"d10":3.37,"d20":3.41,"d50":3.47,"d100":3.5,"d200":3.54,"d500":3.58},"geometry":{"type":"Polygon","coordinates":[[[33.96666666666665,0.07500000000003193],[33.97499999999998,0.07500000000003193],[33.97499999999998,0.06666666666669893],[33.96666666666665,0.06666666666669893],[33.96666666666665,0.07500000000003193]]]}},{"type":"Feature","properties":{"d10":3.33,"d20":3.42,"d50":3.51,"d100":3.58,"d200":3.63,"d500":3.71},"geometry":{"type":"Polygon","coordinates":[[[33.97499999999998,0.07500000000003193],[33.98333333333331,0.07500000000003193],[33.98333333333331,0.06666666666669893],[33.97499999999998,0.06666666666669893],[33.97499999999998,0.07500000000003193]]]}},{"type":"Feature","properties":{"d10":0.77,"d20":0.87,"d50":0.99,"d100":1.06,"d200":1.13,"d500":1.21},"geometry":{"type":"Polygon","coordinates":[[[33.98333333333331,0.07500000000003193],[33.991666666666646,0.07500000000003193],[33.991666666666646,0.06666666666669893],[33.98333333333331,0.06666666666669893],[33.98333333333331,0.07500000000003193]]]}},{"type":"Feature","properties":{"d10":3.0,"d20":3.12,"d50":3.24,"d100":3.33,"d200":3.4,"d500":3.5},"geometry":{"type":"Polygon","coordinates":[[[33.991666666666646,0.07500000000003193],[33.99999999999998,0.07500000000003193],[33.99999999999998,0.06666666666669893],[33.991666666666646,0.06666666666669893],[33.991666666666646,0.07500000000003193]]]}},{"type":"Feature","properties":{"d10":2.08,"d20":2.2,"d50":2.33,"d100":2.42,"d200":2.5,"d500":2.6},"geometry":{"type":"Polygon","coordinates":[[[33.99999999999998,0.07500000000003193],[34.00833333333331,0.07500000000003193],[34.00833333333331,0.06666666666669893],[33.99999999999998,0.06666666666669893],[33.99999999999998,0.07500000000003193]]]}},{"type":"Feature","properties":{"d10":0.24,"d20":0.34,"d50":0.46,"d100":0.55,"d200":0.63,"d500":0.73},"geometry":{"type":"Polygon","coordinates":[[[34.00833333333331,0.07500000000003193],[34.016666666666644,0.07500000000003193],[34.016666666666644,0.06666666666669893],[34.00833333333331,0.06666666666669893],[34.00833333333331,0.07500000000003193]]]}},{"type":"Feature","properties":{"d10":0.38,"d20":0.46,"d50":0.57,"d100":0.65,"d200":0.72,"d500":0.82},"geometry":{"type":"Polygon","coordinates":[[[34.016666666666644,0.07500000000003193],[34.02499999999998,0.07500000000003193],[34.02499999999998,0.06666666666669893],[34.016666666666644,0.06666666666669893],[34.016666666666644,0.07500000000003193]]]}},{"type":"Feature","properties":{"d10":0.53,"d20":0.62,"d50":0.73,"d100":0.81,"d200":0.89,"d500":0.98},"geometry":{"type":"Polygon","coordinates":[[[34.02499999999998,0.07500000000003193],[34.03333333333331,0.07500000000003193],[34.03333333333331,0.06666666666669893],[34.02499999999998,0.06666666666669893],[34.02499999999998,0.07500000000003193]]]}},{"type":"Feature","properties":{"d10":1.55,"d20":1.66,"d50":1.79,"d100":1.89,"d200":1.98,"d500":2.09},"geometry":{"type":"Polygon","coordinates":[[[34.03333333333331,0.07500000000003193],[34.04166666666664,0.07500000000003193],[34.04166666666664,0.06666666666669893],[34.03333333333331,0.06666666666669893],[34.03333333333331,0.07500000000003193]]]}},{"type":"Feature","properties":{"d10":0.45,"d20":0.52,"d50":0.62,"d100":0.7,"d200":0.77,"d500":0.86},"geometry":{"type":"Polygon","coordinates":[[[34.04166666666664,0.07500000000003193],[34.049999999999976,0.07500000000003193],[34.049999999999976,0.06666666666669893],[34.04166666666664,0.06666666666669893],[34.04166666666664,0.07500000000003193]]]}},{"type":"Feature","properties":{"d10":0.03,"d20":0.07,"d50":0.13,"d100":0.17,"d200":0.21,"d500":0.26},"geometry":{"type":"Polygon","coordinates":[[[34.049999999999976,0.07500000000003193],[34.05833333333331,0.07500000000003193],[34.05833333333331,0.06666666666669893],[34.049999999999976,0.06666666666669893],[34.049999999999976,0.07500000000003193]]]}},{"type":"Feature","properties":{"d10":0.02,"d20":0.03,"d50":0.06,"d100":0.08,"d200":0.1,"d500":0.13},"geometry":{"type":"Polygon","coordinates":[[[34.05833333333331,0.07500000000003193],[34.06666666666664,0.07500000000003193],[34.06666666666664,0.06666666666669893],[34.05833333333331,0.06666666666669893],[34.05833333333331,0.07500000000003193]]]}},{"type":"Feature","properties":{"d10":0.03,"d20":0.06,"d50":0.1,"d100":0.14,"d200":0.17,"d500":0.22},"geometry":{"type":"Polygon","coordinates":[[[34.06666666666664,0.07500000000003193],[34.074999999999974,0.07500000000003193],[34.074999999999974,0.06666666666669893],[34.06666666666664,0.06666666666669893],[34.06666666666664,0.07500000000003193]]]}},{"type":"Feature","properties":{"d10":0.2,"d20":0.37,"d50":0.54,"d100":0.65,"d200":0.76,"d500":0.9},"geometry":{"type":"Polygon","coordinates":[[[34.074999999999974,0.07500000000003193],[34.08333333333331,0.07500000000003193],[34.08333333333331,0.06666666666669893],[34.074999999999974,0.06666666666669893],[34.074999999999974,0.07500000000003193]]]}},{"type":"Feature","properties":{"d10":0.01,"d20":0.02,"d50":0.07,"d100":0.1,"d200":0.13,"d500":0.17},"geometry":{"type":"Polygon","coordinates":[[[34.08333333333331,0.07500000000003193],[34.09166666666664,0.07500000000003193],[34.09166666666664,0.06666666666669893],[34.08333333333331,0.06666666666669893],[34.08333333333331,0.07500000000003193]]]}},{"type":"Feature","properties":{"d10":0.01,"d20":0.03,"d50":0.09,"d100":0.13,"d200":0.16,"d500":0.21},"geometry":{"type":"Polygon","coordinates":[[[34.09166666666664,0.07500000000003193],[34.09999999999997,0.07500000000003193],[34.09999999999997,0.06666666666669893],[34.09166666666664,0.06666666666669893],[34.09166666666664,0.07500000000003193]]]}},{"type":"Feature","properties":{"d10":0.01,"d20":0.02,"d50":0.08,"d100":0.12,"d200":0.15,"d500":0.2},"geometry":{"type":"Polygon","coordinates":[[[34.09999999999997,0.07500000000003193],[34.108333333333306,0.07500000000003193],[34.108333333333306,0.06666666666669893],[34.09999999999997,0.06666666666669893],[34.09999999999997,0.07500000000003193]]]}},{"type":"Feature","properties":{"d10":3.26,"d20":3.35,"d50":3.44,"d100":3.51,"d200":3.57,"d500":3.65},"geometry":{"type":"Polygon","coordinates":[[[33.958333333333314,0.06666666666669885],[33.96666666666665,0.06666666666669885],[33.96666666666665,0.05833333333336585],[33.958333333333314,0.05833333333336585],[33.958333333333314,0.06666666666669885]]]}},{"type":"Feature","properties":{"d10":0.45,"d20":0.5,"d50":0.56,"d100":0.6,"d200":0.63,"d500":0.68},"geometry":{"type":"Polygon","coordinates":[[[33.96666666666665,0.06666666666669885],[33.97499999999998,0.06666666666669885],[33.97499999999998,0.05833333333336585],[33.96666666666665,0.05833333333336585],[33.96666666666665,0.06666666666669885]]]}},{"type":"Feature","properties":{"d10":1.45,"d20":1.55,"d50":1.65,"d100":1.72,"d200":1.78,"d500":1.86},"geometry":{"type":"Polygon","coordinates":[[[33.97499999999998,0.06666666666669885],[33.98333333333331,0.06666666666669885],[33.98333333333331,0.05833333333336585],[33.97499999999998,0.05833333333336585],[33.97499999999998,0.06666666666669885]]]}},{"type":"Feature","properties":{"d10":1.24,"d20":1.34,"d50":1.44,"d100":1.51,"d200":1.58,"d500":1.66},"geometry":{"type":"Polygon","coordinates":[[[33.98333333333331,0.06666666666669885],[33.991666666666646,0.06666666666669885],[33.991666666666646,0.05833333333336585],[33.98333333333331,0.05833333333336585],[33.98333333333331,0.06666666666669885]]]}},{"type":"Feature","properties":{"d10":0.7,"d20":0.8,"d50":0.91,"d100":0.99,"d200":1.06,"d500":1.14},"geometry":{"type":"Polygon","coordinates":[[[33.991666666666646,0.06666666666669885],[33.99999999999998,0.06666666666669885],[33.99999999999998,0.05833333333336585],[33.991666666666646,0.05833333333336585],[33.991666666666646,0.06666666666669885]]]}},{"type":"Feature","properties":{"d10":0.79,"d20":0.89,"d50":1.01,"d100":1.08,"d200":1.16,"d500":1.25},"geometry":{"type":"Polygon","coordinates":[[[33.99999999999998,0.06666666666669885],[34.00833333333331,0.06666666666669885],[34.00833333333331,0.05833333333336585],[33.99999999999998,0.05833333333336585],[33.99999999999998,0.06666666666669885]]]}},{"type":"Feature","properties":{"d10":0.85,"d20":0.96,"d50":1.08,"d100":1.17,"d200":1.25,"d500":1.34},"geometry":{"type":"Polygon","coordinates":[[[34.00833333333331,0.06666666666669885],[34.016666666666644,0.06666666666669885],[34.016666666666644,0.05833333333336585],[34.00833333333331,0.05833333333336585],[34.00833333333331,0.06666666666669885]]]}},{"type":"Feature","properties":{"d10":0.92,"d20":1.04,"d50":1.17,"d100":1.27,"d200":1.35,"d500":1.46},"geometry":{"type":"Polygon","coordinates":[[[34.016666666666644,0.06666666666669885],[34.02499999999998,0.06666666666669885],[34.02499999999998,0.05833333333336585],[34.016666666666644,0.05833333333336585],[34.016666666666644,0.06666666666669885]]]}},{"type":"Feature","properties":{"d10":0.36,"d20":0.44,"d50":0.55,"d100":0.63,"d200":0.71,"d500":0.8},"geometry":{"type":"Polygon","coordinates":[[[34.02499999999998,0.06666666666669885],[34.03333333333331,0.06666666666669885],[34.03333333333331,0.05833333333336585],[34.02499999999998,0.05833333333336585],[34.02499999999998,0.06666666666669885]]]}},{"type":"Feature","properties":{"d10":1.42,"d20":1.53,"d50":1.66,"d100":1.75,"d200":1.83,"d500":1.94},"geometry":{"type":"Polygon","coordinates":[[[34.03333333333331,0.06666666666669885],[34.04166666666664,0.06666666666669885],[34.04166666666664,0.05833333333336585],[34.03333333333331,0.05833333333336585],[34.03333333333331,0.06666666666669885]]]}},{"type":"Feature","properties":{"d10":0.17,"d20":0.22,"d50":0.29,"d100":0.35,"d200":0.4,"d500":0.48},"geometry":{"type":"Polygon","coordinates":[[[34.04166666666664,0.06666666666669885],[34.049999999999976,0.06666666666669885],[34.049999999999976,0.05833333333336585],[34.04166666666664,0.05833333333336585],[34.04166666666664,0.06666666666669885]]]}},{"type":"Feature","properties":{"d10":0.01,"d20":0.02,"d50":0.04,"d100":0.06,"d200":0.08,"d500":0.11},"geometry":{"type":"Polygon","coordinates":[[[34.049999999999976,0.06666666666669885],[34.05833333333331,0.06666666666669885],[34.05833333333331,0.05833333333336585],[34.049999999999976,0.05833333333336585],[34.049999999999976,0.06666666666669885]]]}},{"type":"Feature","properties":{"d10":0.03,"d20":0.08,"d50":0.14,"d100":0.18,"d200":0.23,"d500":0.28},"geometry":{"type":"Polygon","coordinates":[[[34.05833333333331,0.06666666666669885],[34.06666666666664,0.06666666666669885],[34.06666666666664,0.05833333333336585],[34.05833333333331,0.05833333333336585],[34.05833333333331,0.06666666666669885]]]}},{"type":"Feature","properties":{"d10":0.09,"d20":0.19,"d50":0.3,"d100":0.38,"d200":0.45,"d500":0.55},"geometry":{"type":"Polygon","coordinates":[[[34.06666666666664,0.06666666666669885],[34.074999999999974,0.06666666666669885],[34.074999999999974,0.05833333333336585],[34.06666666666664,0.05833333333336585],[34.06666666666664,0.06666666666669885]]]}},{"type":"Feature","properties":{"d10":0.0,"d20":0.0,"d50":0.01,"d100":0.02,"d200":0.03,"d500":0.04},"geometry":{"type":"Polygon","coordinates":[[[34.074999999999974,0.06666666666669885],[34.08333333333331,0.06666666666669885],[34.08333333333331,0.05833333333336585],[34.074999999999974,0.05833333333336585],[34.074999999999974,0.06666666666669885]]]}},{"type":"Feature","properties":{"d10":0.0,"d20":0.0,"d50":0.03,"d100":0.04,"d200":0.06,"d500":0.09},"geometry":{"type":"Polygon","coordinates":[[[34.08333333333331,0.06666666666669885],[34.09166666666664,0.06666666666669885],[34.09166666666664,0.05833333333336585],[34.08333333333331,0.05833333333336585],[34.08333333333331,0.06666666666669885]]]}},{"type":"Feature","properties":{"d10":0.0,"d20":0.01,"d50":0.04,"d100":0.06,"d200":0.07,"d500":0.11},"geometry":{"type":"Polygon","coordinates":[[[34.09166666666664,0.06666666666669885],[34.09999999999997,0.06666666666669885],[34.09999999999997,0.05833333333336585],[34.09166666666664,0.05833333333336585],[34.09166666666664,0.06666666666669885]]]}},{"type":"Feature","properties":{"d10":0.01,"d20":0.05,"d50":0.2,"d100":0.28,"d200":0.35,"d500":0.44},"geometry":{"type":"Polygon","coordinates":[[[34.09999999999997,0.06666666666669885],[34.108333333333306,0.06666666666669885],[34.108333333333306,0.05833333333336585],[34.09999999999997,0.05833333333336585],[34.09999999999997,0.06666666666669885]]]}},{"type":"Feature","properties":{"d10":0.0,"d20":0.03,"d50":0.17,"d100":0.24,"d200":0.29,"d500":0.38},"geometry":{"type":"Polygon","coordinates":[[[34.108333333333306,0.06666666666669885],[34.11666666666664,0.06666666666669885],[34.11666666666664,0.05833333333336585],[34.108333333333306,0.05833333333336585],[34.108333333333306,0.06666666666669885]]]}},{"type":"Feature","properties":{"d10":0.67,"d20":0.73,"d50":0.8,"d100":0.85,"d200":0.89,"d500":0.94},"geometry":{"type":"Polygon","coordinates":[[[33.96666666666665,0.05833333333336599],[33.97499999999998,0.05833333333336599],[33.97499999999998,0.05000000000003299],[33.96666666666665,0.05000000000003299],[33.96666666666665,0.05833333333336599]]]}},{"type":"Feature","properties":{"d10":0.4,"d20":0.45,"d50":0.51,"d100":0.55,"d200":0.59,"d500":0.63},"geometry":{"type":"Polygon","coordinates":[[[33.97499999999998,0.05833333333336599],[33.98333333333331,0.05833333333336599],[33.98333333333331,0.05000000000003299],[33.97499999999998,0.05000000000003299],[33.97499999999998,0.05833333333336599]]]}},{"type":"Feature","properties":{"d10":0.78,"d20":0.86,"d50":0.95,"d100":1.02,"d200":1.08,"d500":1.15},"geometry":{"type":"Polygon","coordinates":[[[33.98333333333331,0.05833333333336599],[33.991666666666646,0.05833333333336599],[33.991666666666646,0.05000000000003299],[33.98333333333331,0.05000000000003299],[33.98333333333331,0.05833333333336599]]]}},{"type":"Feature","properties":{"d10":0.48,"d20":0.56,"d50":0.65,"d100":0.71,"d200":0.77,"d500":0.84},"geometry":{"type":"Polygon","coordinates":[[[33.991666666666646,0.05833333333336599],[33.99999999999998,0.05833333333336599],[33.99999999999998,0.05000000000003299],[33.991666666666646,0.05000000000003299],[33.991666666666646,0.05833333333336599]]]}},{"type":"Feature","properties":{"d10":0.65,"d20":0.74,"d50":0.85,"d100":0.92,"d200":0.99,"d500":1.08},"geometry":{"type":"Polygon","coordinates":[[[33.99999999999998,0.05833333333336599],[34.00833333333331,0.05833333333336599],[34.00833333333331,0.05000000000003299],[33.99999999999998,0.05000000000003299],[33.99999999999998,0.05833333333336599]]]}},{"type":"Feature","properties":{"d10":0.76,"d20":0.86,"d50":0.98,"d100":1.06,"d200":1.13,"d500":1.22},"geometry":{"type":"Polygon","coordinates":[[[34.00833333333331,0.05833333333336599],[34.016666666666644,0.05833333333336599],[34.016666666666644,0.05000000000003299],[34.00833333333331,0.05000000000003299],[34.00833333333331,0.05833333333336599]]]}},{"type":"Feature","properties":{"d10":0.85,"d20":0.95,"d50":1.08,"d100":1.17,"d200":1.25,"d500":1.34},"geometry":{"type":"Polygon","coordinates":[[[34.016666666666644,0.05833333333336599],[34.02499999999998,0.05833333333336599],[34.02499999999998,0.05000000000003299],[34.016666666666644,0.05000000000003299],[34.016666666666644,0.05833333333336599]]]}},{"type":"Feature","properties":{"d10":1.02,"d20":1.12,"d50":1.25,"d100":1.33,"d200":1.41,"d500":1.51},"geometry":{"type":"Polygon","coordinates":[[[34.02499999999998,0.05833333333336599],[34.03333333333331,0.05833333333336599],[34.03333333333331,0.05000000000003299],[34.02499999999998,0.05000000000003299],[34.02499999999998,0.05833333333336599]]]}},{"type":"Feature","properties":{"d10":0.29,"d20":0.37,"d50":0.48,"d100":0.56,"d200":0.64,"d500":0.74},"geometry":{"type":"Polygon","coordinates":[[[34.03333333333331,0.05833333333336599],[34.04166666666664,0.05833333333336599],[34.04166666666664,0.05000000000003299],[34.03333333333331,0.05000000000003299],[34.03333333333331,0.05833333333336599]]]}},{"type":"Feature","properties":{"d10":0.05,"d20":0.09,"d50":0.16,"d100":0.2,"d200":0.25,"d500":0.32},"geometry":{"type":"Polygon","coordinates":[[[34.04166666666664,0.05833333333336599],[34.049999999999976,0.05833333333336599],[34.049999999999976,0.05000000000003299],[34.04166666666664,0.05000000000003299],[34.04166666666664,0.05833333333336599]]]}},{"type":"Feature","properties":{"d10":0.03,"d20":0.07,"d50":0.12,"d100":0.15,"d200":0.19,"d500":0.24},"geometry":{"type":"Polygon","coordinates":[[[34.049999999999976,0.05833333333336599],[34.05833333333331,0.05833333333336599],[34.05833333333331,0.05000000000003299],[34.049999999999976,0.05000000000003299],[34.049999999999976,0.05833333333336599]]]}},{"type":"Feature","properties":{"d10":0.08,"d20":0.17,"d50":0.26,"d100":0.33,"d200":0.39,"d500":0.47},"geometry":{"type":"Polygon","coordinates":[[[34.05833333333331,0.05833333333336599],[34.06666666666664,0.05833333333336599],[34.06666666666664,0.05000000000003299],[34.05833333333331,0.05000000000003299],[34.05833333333331,0.05833333333336599]]]}},{"type":"Feature","properties":{"d10":0.0,"d20":0.0,"d50":0.0,"d100":0.01,"d200":0.01,"d500":0.02},"geometry":{"type":"Polygon","coordinates":[[[34.074999999999974,0.05833333333336599],[34.08333333333331,0.05833333333336599],[34.08333333333331,0.05000000000003299],[34.074999999999974,0.05000000000003299],[34.074999999999974,0.05833333333336599]]]}},{"type":"Feature","properties":{"d10":0.0,"d20":0.0,"d50":0.1,"d100":0.25,"d200":0.44,"d500":0.78},"geometry":{"type":"Polygon","coordinates":[[[34.08333333333331,0.05833333333336599],[34.09166666666664,0.05833333333336599],[34.09166666666664,0.05000000000003299],[34.08333333333331,0.05000000000003299],[34.08333333333331,0.05833333333336599]]]}},{"type":"Feature","properties":{"d10":0.0,"d20":0.0,"d50":0.01,"d100":0.02,"d200":0.02,"d500":0.04},"geometry":{"type":"Polygon","coordinates":[[[34.09166666666664,0.05833333333336599],[34.09999999999997,0.05833333333336599],[34.09999999999997,0.05000000000003299],[34.09166666666664,0.05000000000003299],[34.09166666666664,0.05833333333336599]]]}},{"type":"Feature","properties":{"d10":0.0,"d20":0.0,"d50":0.0,"d100":0.01,"d200":0.01,"d500":0.02},"geometry":{"type":"Polygon","coordinates":[[[34.09999999999997,0.05833333333336599],[34.108333333333306,0.05833333333336599],[34.108333333333306,0.05000000000003299],[34.09999999999997,0.05000000000003299],[34.09999999999997,0.05833333333336599]]]}},{"type":"Feature","properties":{"d10":0.0,"d20":0.01,"d50":0.13,"d100":0.19,"d200":0.24,"d500":0.31},"geometry":{"type":"Polygon","coordinates":[[[34.108333333333306,0.05833333333336599],[34.11666666666664,0.05833333333336599],[34.11666666666664,0.05000000000003299],[34.108333333333306,0.05000000000003299],[34.108333333333306,0.05833333333336599]]]}},{"type":"Feature","properties":{"d10":0.0,"d20":0.0,"d50":0.07,"d100":0.11,"d200":0.15,"d500":0.22},"geometry":{"type":"Polygon","coordinates":[[[34.11666666666664,0.05833333333336599],[34.12499999999997,0.05833333333336599],[34.12499999999997,0.05000000000003299],[34.11666666666664,0.05000000000003299],[34.11666666666664,0.05833333333336599]]]}},{"type":"Feature","properties":{"d10":0.0,"d20":0.0,"d50":0.12,"d100":0.46,"d200":0.86,"d500":1.16},"geometry":{"type":"Polygon","coordinates":[[[34.12499999999997,0.05833333333336599],[34.133333333333304,0.05833333333336599],[34.133333333333304,0.05000000000003299],[34.12499999999997,0.05000000000003299],[34.12499999999997,0.05833333333336599]]]}},{"type":"Feature","properties":{"d10":0.0,"d20":0.0,"d50":0.0,"d100":0.01,"d200":0.02,"d500":0.14},"geometry":{"type":"Polygon","coordinates":[[[34.133333333333304,0.05833333333336599],[34.14166666666664,0.05833333333336599],[34.14166666666664,0.05000000000003299],[34.133333333333304,0.05000000000003299],[34.133333333333304,0.05833333333336599]]]}},{"type":"Feature","properties":{"d10":0.56,"d20":0.62,"d50":0.69,"d100":0.75,"d200":0.79,"d500":0.85},"geometry":{"type":"Polygon","coordinates":[[[33.97499999999998,0.05000000000003291],[33.98333333333331,0.05000000000003291],[33.98333333333331,0.04166666666669991],[33.97499999999998,0.04166666666669991],[33.97499999999998,0.05000000000003291]]]}},{"type":"Feature","properties":{"d10":0.09,"d20":0.12,"d50":0.15,"d100":0.18,"d200":0.2,"d500":0.23},"geometry":{"type":"Polygon","coordinates":[[[33.98333333333331,0.05000000000003291],[33.991666666666646,0.05000000000003291],[33.991666666666646,0.04166666666669991],[33.98333333333331,0.04166666666669991],[33.98333333333331,0.05000000000003291]]]}},{"type":"Feature","properties":{"d10":1.07,"d20":1.16,"d50":1.27,"d100":1.34,"d200":1.4,"d500":1.48},"geometry":{"type":"Polygon","coordinates":[[[33.991666666666646,0.05000000000003291],[33.99999999999998,0.05000000000003291],[33.99999999999998,0.04166666666669991],[33.991666666666646,0.04166666666669991],[33.991666666666646,0.05000000000003291]]]}},{"type":"Feature","properties":{"d10":2.36,"d20":2.47,"d50":2.58,"d100":2.66,"d200":2.74,"d500":2.82},"geometry":{"type":"Polygon","coordinates":[[[33.99999999999998,0.05000000000003291],[34.00833333333331,0.05000000000003291],[34.00833333333331,0.04166666666669991],[33.99999999999998,0.04166666666669991],[33.99999999999998,0.05000000000003291]]]}},{"type":"Feature","properties":{"d10":0.62,"d20":0.71,"d50":0.82,"d100":0.9,"d200":0.97,"d500":1.06},"geometry":{"type":"Polygon","coordinates":[[[34.00833333333331,0.05000000000003291],[34.016666666666644,0.05000000000003291],[34.016666666666644,0.04166666666669991],[34.00833333333331,0.04166666666669991],[34.00833333333331,0.05000000000003291]]]}},{"type":"Feature","properties":{"d10":0.73,"d20":0.83,"d50":0.94,"d100":1.02,"d200":1.1,"d500":1.19},"geometry":{"type":"Polygon","coordinates":[[[34.016666666666644,0.05000000000003291],[34.02499999999998,0.05000000000003291],[34.02499999999998,0.04166666666669991],[34.016666666666644,0.04166666666669991],[34.016666666666644,0.05000000000003291]]]}},{"type":"Feature","properties":{"d10":0.09,"d20":0.13,"d50":0.21,"d100":0.27,"d200":0.32,"d500":0.4},"geometry":{"type":"Polygon","coordinates":[[[34.02499999999998,0.05000000000003291],[34.03333333333331,0.05000000000003291],[34.03333333333331,0.04166666666669991],[34.02499999999998,0.04166666666669991],[34.02499999999998,0.05000000000003291]]]}},{"type":"Feature","properties":{"d10":0.12,"d20":0.18,"d50":0.26,"d100":0.33,"d200":0.4,"d500":0.48},"geometry":{"type":"Polygon","coordinates":[[[34.03333333333331,0.05000000000003291],[34.04166666666664,0.05000000000003291],[34.04166666666664,0.04166666666669991],[34.03333333333331,0.04166666666669991],[34.03333333333331,0.05000000000003291]]]}},{"type":"Feature","properties":{"d10":0.0,"d20":0.01,"d50":0.02,"d100":0.02,"d200":0.03,"d500":0.04},"geometry":{"type":"Polygon","coordinates":[[[34.04166666666664,0.05000000000003291],[34.049999999999976,0.05000000000003291],[34.049999999999976,0.04166666666669991],[34.04166666666664,0.04166666666669991],[34.04166666666664,0.05000000000003291]]]}},{"type":"Feature","properties":{"d10":0.07,"d20":0.16,"d50":0.25,"d100":0.31,"d200":0.37,"d500":0.44},"geometry":{"type":"Polygon","coordinates":[[[34.049999999999976,0.05000000000003291],[34.05833333333331,0.05000000000003291],[34.05833333333331,0.04166666666669991],[34.049999999999976,0.04166666666669991],[34.049999999999976,0.05000000000003291]]]}},{"type":"Feature","properties":{"d10":0.02,"d20":0.06,"d50":0.12,"d100":0.15,"d200":0.19,"d500":0.24},"geometry":{"type":"Polygon","coordinates":[[[34.05833333333331,0.05000000000003291],[34.06666666666664,0.05000000000003291],[34.06666666666664,0.04166666666669991],[34.05833333333331,0.04166666666669991],[34.05833333333331,0.05000000000003291]]]}},{"type":"Feature","properties":{"d10":0.0,"d20":0.0,"d50":0.0,"d100":0.0,"d200":0.01,"d500":0.01},"geometry":{"type":"Polygon","coordinates":[[[34.06666666666664,0.05000000000003291],[34.074999999999974,0.05000000000003291],[34.074999999999974,0.04166666666669991],[34.06666666666664,0.04166666666669991],[34.06666666666664,0.05000000000003291]]]}},{"type":"Feature","properties":{"d10":0.0,"d20":0.0,"d50":0.0,"d100":0.0,"d200":0.0,"d500":0.01},"geometry":{"type":"Polygon","coordinates":[[[34.08333333333331,0.05000000000003291],[34.09166666666664,0.05000000000003291],[34.09166666666664,0.04166666666669991],[34.08333333333331,0.04166666666669991],[34.08333333333331,0.05000000000003291]]]}},{"type":"Feature","properties":{"d10":0.0,"d20":0.0,"d50":0.0,"d100":0.0,"d200":0.0,"d500":0.01},"geometry":{"type":"Polygon","coordinates":[[[34.09166666666664,0.05000000000003291],[34.09999999999997,0.05000000000003291],[34.09999999999997,0.04166666666669991],[34.09166666666664,0.04166666666669991],[34.09166666666664,0.05000000000003291]]]}},{"type":"Feature","properties":{"d10":0.0,"d20":0.0,"d50":0.05,"d100":0.09,"d200":0.12,"d500":0.17},"geometry":{"type":"Polygon","coordinates":[[[34.108333333333306,0.05000000000003291],[34.11666666666664,0.05000000000003291],[34.11666666666664,0.04166666666669991],[34.108333333333306,0.04166666666669991],[34.108333333333306,0.05000000000003291]]]}},{"type":"Feature","properties":{"d10":0.0,"d20":0.0,"d50":0.04,"d100":0.07,"d200":0.1,"d500":0.16},"geometry":{"type":"Polygon","coordinates":[[[34.11666666666664,0.05000000000003291],[34.12499999999997,0.05000000000003291],[34.12499999999997,0.04166666666669991],[34.11666666666664,0.04166666666669991],[34.11666666666664,0.05000000000003291]]]}},{"type":"Feature","properties":{"d10":0.0,"d20":0.0,"d50":0.02,"d100":0.04,"d200":0.06,"d500":0.14},"geometry":{"type":"Polygon","coordinates":[[[34.12499999999997,0.05000000000003291],[34.133333333333304,0.05000000000003291],[34.133333333333304,0.04166666666669991],[34.12499999999997,0.04166666666669991],[34.12499999999997,0.05000000000003291]]]}},{"type":"Feature","properties":{"d10":0.32,"d20":0.35,"d50":0.39,"d100":0.42,"d200":0.44,"d500":0.47},"geometry":{"type":"Polygon","coordinates":[[[33.98333333333331,0.041666666666699825],[33.991666666666646,0.041666666666699825],[33.991666666666646,0.03333333333336683],[33.98333333333331,0.03333333333336683],[33.98333333333331,0.041666666666699825]]]}},{"type":"Feature","properties":{"d10":1.34,"d20":1.44,"d50":1.55,"d100":1.63,"d200":1.7,"d500":1.78},"geometry":{"type":"Polygon","coordinates":[[[33.99999999999998,0.041666666666699825],[34.00833333333331,0.041666666666699825],[34.00833333333331,0.03333333333336683],[33.99999999999998,0.03333333333336683],[33.99999999999998,0.041666666666699825]]]}},{"type":"Feature","properties":{"d10":1.39,"d20":1.49,"d50":1.6,"d100":1.68,"d200":1.75,"d500":1.84},"geometry":{"type":"Polygon","coordinates":[[[34.00833333333331,0.041666666666699825],[34.016666666666644,0.041666666666699825],[34.016666666666644,0.03333333333336683],[34.00833333333331,0.03333333333336683],[34.00833333333331,0.041666666666699825]]]}},{"type":"Feature","properties":{"d10":1.42,"d20":1.52,"d50":1.63,"d100":1.71,"d200":1.79,"d500":1.88},"geometry":{"type":"Polygon","coordinates":[[[34.016666666666644,0.041666666666699825],[34.02499999999998,0.041666666666699825],[34.02499999999998,0.03333333333336683],[34.016666666666644,0.03333333333336683],[34.016666666666644,0.041666666666699825]]]}},{"type":"Feature","properties":{"d10":0.03,"d20":0.05,"d50":0.09,"d100":0.13,"d200":0.17,"d500":0.22},"geometry":{"type":"Polygon","coordinates":[[[34.02499999999998,0.041666666666699825],[34.03333333333331,0.041666666666699825],[34.03333333333331,0.03333333333336683],[34.02499999999998,0.03333333333336683],[34.02499999999998,0.041666666666699825]]]}},{"type":"Feature","properties":{"d10":0.34,"d20":0.48,"d50":0.65,"d100":0.77,"d200":0.88,"d500":1.01},"geometry":{"type":"Polygon","coordinates":[[[34.03333333333331,0.041666666666699825],[34.04166666666664,0.041666666666699825],[34.04166666666664,0.03333333333336683],[34.03333333333331,0.03333333333336683],[34.03333333333331,0.041666666666699825]]]}},{"type":"Feature","properties":{"d10":0.06,"d20":0.13,"d50":0.22,"d100":0.28,"d200":0.35,"d500":0.43},"geometry":{"type":"Polygon","coordinates":[[[34.04166666666664,0.041666666666699825],[34.049999999999976,0.041666666666699825],[34.049999999999976,0.03333333333336683],[34.04166666666664,0.03333333333336683],[34.04166666666664,0.041666666666699825]]]}},{"type":"Feature","properties":{"d10":0.02,"d20":0.07,"d50":0.12,"d100":0.16,"d200":0.2,"d500":0.25},"geometry":{"type":"Polygon","coordinates":[[[34.049999999999976,0.041666666666699825],[34.05833333333331,0.041666666666699825],[34.05833333333331,0.03333333333336683],[34.049999999999976,0.03333333333336683],[34.049999999999976,0.041666666666699825]]]}},{"type":"Feature","properties":{"d10":0.0,"d20":0.0,"d50":0.01,"d100":0.03,"d200":0.06,"d500":0.1},"geometry":{"type":"Polygon","coordinates":[[[34.108333333333306,0.041666666666699825],[34.11666666666664,0.041666666666699825],[34.11666666666664,0.03333333333336683],[34.108333333333306,0.03333333333336683],[34.108333333333306,0.041666666666699825]]]}},{"type":"Feature","properties":{"d10":0.0,"d20":0.0,"d50":0.03,"d100":0.13,"d200":0.21,"d500":0.42},"geometry":{"type":"Polygon","coordinates":[[[34.11666666666664,0.041666666666699825],[34.12499999999997,0.041666666666699825],[34.12499999999997,0.03333333333336683],[34.11666666666664,0.03333333333336683],[34.11666666666664,0.041666666666699825]]]}},{"type":"Feature","properties":{"d10":0.21,"d20":0.28,"d50":0.36,"d100":0.42,"d200":0.47,"d500":0.54},"geometry":{"type":"Polygon","coordinates":[[[33.99999999999998,0.033333333333366966],[34.00833333333331,0.033333333333366966],[34.00833333333331,0.025000000000033967],[33.99999999999998,0.025000000000033967],[33.99999999999998,0.033333333333366966]]]}},{"type":"Feature","properties":{"d10":0.28,"d20":0.36,"d50":0.46,"d100":0.53,"d200":0.59,"d500":0.67},"geometry":{"type":"Polygon","coordinates":[[[34.00833333333331,0.033333333333366966],[34.016666666666644,0.033333333333366966],[34.016666666666644,0.025000000000033967],[34.00833333333331,0.025000000000033967],[34.00833333333331,0.033333333333366966]]]}},{"type":"Feature","properties":{"d10":0.3,"d20":0.38,"d50":0.5,"d100":0.58,"d200":0.65,"d500":0.74},"geometry":{"type":"Polygon","coordinates":[[[34.016666666666644,0.033333333333366966],[34.02499999999998,0.033333333333366966],[34.02499999999998,0.025000000000033967],[34.016666666666644,0.025000000000033967],[34.016666666666644,0.033333333333366966]]]}},{"type":"Feature","properties":{"d10":0.31,"d20":0.41,"d50":0.55,"d100":0.65,"d200":0.73,"d500":0.84},"geometry":{"type":"Polygon","coordinates":[[[34.02499999999998,0.033333333333366966],[34.03333333333331,0.033333333333366966],[34.03333333333331,0.025000000000033967],[34.02499999999998,0.025000000000033967],[34.02499999999998,0.033333333333366966]]]}},{"type":"Feature","properties":{"d10":0.3,"d20":0.41,"d50":0.57,"d100":0.67,"d200":0.77,"d500":0.89},"geometry":{"type":"Polygon","coordinates":[[[34.03333333333331,0.033333333333366966],[34.04166666666664,0.033333333333366966],[34.04166666666664,0.025000000000033967],[34.03333333333331,0.025000000000033967],[34.03333333333331,0.033333333333366966]]]}},{"type":"Feature","properties":{"d10":0.01,"d20":0.05,"d50":0.11,"d100":0.15,"d200":0.2,"d500":0.26},"geometry":{"type":"Polygon","coordinates":[[[34.04166666666664,0.033333333333366966],[34.049999999999976,0.033333333333366966],[34.049999999999976,0.025000000000033967],[34.04166666666664,0.025000000000033967],[34.04166666666664,0.033333333333366966]]]}},{"type":"Feature","properties":{"d10":0.0,"d20":0.01,"d50":0.03,"d100":0.05,"d200":0.06,"d500":0.09},"geometry":{"type":"Polygon","coordinates":[[[34.049999999999976,0.033333333333366966],[34.05833333333331,0.033333333333366966],[34.05833333333331,0.025000000000033967],[34.049999999999976,0.025000000000033967],[34.049999999999976,0.033333333333366966]]]}},{"type":"Feature","properties":{"d10":0.0,"d20":0.0,"d50":0.0,"d100":0.0,"d200":0.01,"d500":0.03},"geometry":{"type":"Polygon","coordinates":[[[34.11666666666664,0.033333333333366966],[34.12499999999997,0.033333333333366966],[34.12499999999997,0.025000000000033967],[34.11666666666664,0.025000000000033967],[34.11666666666664,0.033333333333366966]]]}},{"type":"Feature","properties":{"d10":0.0,"d20":0.0,"d50":0.0,"d100":0.11,"d200":0.4,"d500":1.15},"geometry":{"type":"Polygon","coordinates":[[[34.12499999999997,0.033333333333366966],[34.133333333333304,0.033333333333366966],[34.133333333333304,0.025000000000033967],[34.12499999999997,0.025000000000033967],[34.12499999999997,0.033333333333366966]]]}},{"type":"Feature","properties":{"d10":0.05,"d20":0.07,"d50":0.1,"d100":0.11,"d200":0.13,"d500":0.15},"geometry":{"type":"Polygon","coordinates":[[[33.991666666666646,0.025000000000033884],[33.99999999999998,0.025000000000033884],[33.99999999999998,0.016666666666700886],[33.991666666666646,0.016666666666700886],[33.991666666666646,0.025000000000033884]]]}},{"type":"Feature","properties":{"d10":0.07,"d20":0.1,"d50":0.13,"d100":0.16,"d200":0.18,"d500":0.22},"geometry":{"type":"Polygon","coordinates":[[[33.99999999999998,0.025000000000033884],[34.00833333333331,0.025000000000033884],[34.00833333333331,0.016666666666700886],[33.99999999999998,0.016666666666700886],[33.99999999999998,0.025000000000033884]]]}},{"type":"Feature","properties":{"d10":0.47,"d20":0.59,"d50":0.74,"d100":0.84,"d200":0.93,"d500":1.03},"geometry":{"type":"Polygon","coordinates":[[[34.00833333333331,0.025000000000033884],[34.016666666666644,0.025000000000033884],[34.016666666666644,0.016666666666700886],[34.00833333333331,0.016666666666700886],[34.00833333333331,0.025000000000033884]]]}},{"type":"Feature","properties":{"d10":0.19,"d20":0.27,"d50":0.36,"d100":0.43,"d200":0.49,"d500":0.57},"geometry":{"type":"Polygon","coordinates":[[[34.016666666666644,0.025000000000033884],[34.02499999999998,0.025000000000033884],[34.02499999999998,0.016666666666700886],[34.016666666666644,0.016666666666700886],[34.016666666666644,0.025000000000033884]]]}},{"type":"Feature","properties":{"d10":0.21,"d20":0.29,"d50":0.4,"d100":0.48,"d200":0.55,"d500":0.64},"geometry":{"type":"Polygon","coordinates":[[[34.02499999999998,0.025000000000033884],[34.03333333333331,0.025000000000033884],[34.03333333333331,0.016666666666700886],[34.02499999999998,0.016666666666700886],[34.02499999999998,0.025000000000033884]]]}},{"type":"Feature","properties":{"d10":0.0,"d20":0.0,"d50":0.01,"d100":0.02,"d200":0.03,"d500":0.05},"geometry":{"type":"Polygon","coordinates":[[[34.03333333333331,0.025000000000033884],[34.04166666666664,0.025000000000033884],[34.04166666666664,0.016666666666700886],[34.03333333333331,0.016666666666700886],[34.03333333333331,0.025000000000033884]]]}},{"type":"Feature","properties":{"d10":0.13,"d20":0.2,"d50":0.3,"d100":0.37,"d200":0.44,"d500":0.53},"geometry":{"type":"Polygon","coordinates":[[[34.04166666666664,0.025000000000033884],[34.049999999999976,0.025000000000033884],[34.049999999999976,0.016666666666700886],[34.04166666666664,0.016666666666700886],[34.04166666666664,0.025000000000033884]]]}},{"type":"Feature","properties":{"d10":0.16,"d20":0.22,"d50":0.29,"d100":0.35,"d200":0.4,"d500":0.46},"geometry":{"type":"Polygon","coordinates":[[[33.991666666666646,0.016666666666701024],[33.99999999999998,0.016666666666701024],[33.99999999999998,0.008333333333368024],[33.991666666666646,0.008333333333368024],[33.991666666666646,0.016666666666701024]]]}},{"type":"Feature","properties":{"d10":0.15,"d20":0.2,"d50":0.26,"d100":0.3,"d200":0.34,"d500":0.38},"geometry":{"type":"Polygon","coordinates":[[[33.99999999999998,0.016666666666701024],[34.00833333333331,0.016666666666701024],[34.00833333333331,0.008333333333368024],[33.99999999999998,0.008333333333368024],[33.99999999999998,0.016666666666701024]]]}},{"type":"Feature","properties":{"d10":0.04,"d20":0.06,"d50":0.09,"d100":0.11,"d200":0.13,"d500":0.16},"geometry":{"type":"Polygon","coordinates":[[[34.00833333333331,0.016666666666701024],[34.016666666666644,0.016666666666701024],[34.016666666666644,0.008333333333368024],[34.00833333333331,0.008333333333368024],[34.00833333333331,0.016666666666701024]]]}},{"type":"Feature","properties":{"d10":0.07,"d20":0.1,"d50":0.15,"d100":0.19,"d200":0.23,"d500":0.28},"geometry":{"type":"Polygon","coordinates":[[[34.016666666666644,0.016666666666701024],[34.02499999999998,0.016666666666701024],[34.02499999999998,0.008333333333368024],[34.016666666666644,0.008333333333368024],[34.016666666666644,0.016666666666701024]]]}},{"type":"Feature","properties":{"d10":0.27,"d20":0.38,"d50":0.51,"d100":0.6,"d200":0.7,"d500":0.82},"geometry":{"type":"Polygon","coordinates":[[[34.02499999999998,0.016666666666701024],[34.03333333333331,0.016666666666701024],[34.03333333333331,0.008333333333368024],[34.02499999999998,0.008333333333368024],[34.02499999999998,0.016666666666701024]]]}},{"type":"Feature","properties":{"d10":0.05,"d20":0.08,"d50":0.13,"d100":0.17,"d200":0.21,"d500":0.27},"geometry":{"type":"Polygon","coordinates":[[[34.03333333333331,0.016666666666701024],[34.04166666666664,0.016666666666701024],[34.04166666666664,0.008333333333368024],[34.03333333333331,0.008333333333368024],[34.03333333333331,0.016666666666701024]]]}},{"type":"Feature","properties":{"d10":0.19,"d20":0.31,"d50":0.45,"d100":0.55,"d200":0.65,"d500":0.8},"geometry":{"type":"Polygon","coordinates":[[[34.04166666666664,0.016666666666701024],[34.049999999999976,0.016666666666701024],[34.049999999999976,0.008333333333368024],[34.04166666666664,0.008333333333368024],[34.04166666666664,0.016666666666701024]]]}},{"type":"Feature","properties":{"d10":0.71,"d20":0.78,"d50":0.87,"d100":0.93,"d200":0.99,"d500":1.06},"geometry":{"type":"Polygon","coordinates":[[[33.991666666666646,0.008333333333367943],[33.99999999999998,0.008333333333367943],[33.99999999999998,3.4942534976600825e-14],[33.991666666666646,3.4942534976600825e-14],[33.991666666666646,0.008333333333367943]]]}},{"type":"Feature","properties":{"d10":0.03,"d20":0.05,"d50":0.07,"d100":0.09,"d200":0.11,"d500":0.13},"geometry":{"type":"Polygon","coordinates":[[[33.99999999999998,0.008333333333367943],[34.00833333333331,0.008333333333367943],[34.00833333333331,3.4942534976600825e-14],[33.99999999999998,3.4942534976600825e-14],[33.99999999999998,0.008333333333367943]]]}},{"type":"Feature","properties":{"d10":0.05,"d20":0.08,"d50":0.14,"d100":0.19,"d200":0.24,"d500":0.31},"geometry":{"type":"Polygon","coordinates":[[[34.00833333333331,0.008333333333367943],[34.016666666666644,0.008333333333367943],[34.016666666666644,3.4942534976600825e-14],[34.00833333333331,3.4942534976600825e-14],[34.00833333333331,0.008333333333367943]]]}},{"type":"Feature","properties":{"d10":0.16,"d20":0.24,"d50":0.36,"d100":0.45,"d200":0.55,"d500":0.68},"geometry":{"type":"Polygon","coordinates":[[[34.016666666666644,0.008333333333367943],[34.02499999999998,0.008333333333367943],[34.02499999999998,3.4942534976600825e-14],[34.016666666666644,3.4942534976600825e-14],[34.016666666666644,0.008333333333367943]]]}},{"type":"Feature","properties":{"d10":0.14,"d20":0.23,"d50":0.35,"d100":0.45,"d200":0.56,"d500":0.71},"geometry":{"type":"Polygon","coordinates":[[[34.02499999999998,0.008333333333367943],[34.03333333333331,0.008333333333367943],[34.03333333333331,3.4942534976600825e-14],[34.02499999999998,3.4942534976600825e-14],[34.02499999999998,0.008333333333367943]]]}},{"type":"Feature","properties":{"d10":0.13,"d20":0.22,"d50":0.35,"d100":0.45,"d200":0.58,"d500":0.74},"geometry":{"type":"Polygon","coordinates":[[[34.03333333333331,0.008333333333367943],[34.04166666666664,0.008333333333367943],[34.04166666666664,3.4942534976600825e-14],[34.03333333333331,3.4942534976600825e-14],[34.03333333333331,0.008333333333367943]]]}},{"type":"Feature","properties":{"d10":0.67,"d20":0.74,"d50":0.82,"d100":0.87,"d200":0.92,"d500":0.99},"geometry":{"type":"Polygon","coordinates":[[[33.991666666666646,3.4861002973229915e-14],[33.99999999999998,3.4861002973229915e-14],[33.99999999999998,-0.00833333333329814],[33.991666666666646,-0.00833333333329814],[33.991666666666646,3.4861002973229915e-14]]]}},{"type":"Feature","properties":{"d10":0.01,"d20":0.01,"d50":0.02,"d100":0.03,"d200":0.04,"d500":0.06},"geometry":{"type":"Polygon","coordinates":[[[33.99999999999998,3.4861002973229915e-14],[34.00833333333331,3.4861002973229915e-14],[34.00833333333331,-0.00833333333329814],[33.99999999999998,-0.00833333333329814],[33.99999999999998,3.4861002973229915e-14]]]}},{"type":"Feature","properties":{"d10":0.08,"d20":0.19,"d50":0.32,"d100":0.41,"d200":0.51,"d500":0.64},"geometry":{"type":"Polygon","coordinates":[[[34.016666666666644,3.4861002973229915e-14],[34.02499999999998,3.4861002973229915e-14],[34.02499999999998,-0.00833333333329814],[34.016666666666644,-0.00833333333329814],[34.016666666666644,3.4861002973229915e-14]]]}},{"type":"Feature","properties":{"d10":0.27,"d20":0.5,"d50":0.86,"d100":1.23,"d200":1.45,"d500":1.63},"geometry":{"type":"Polygon","coordinates":[[[34.03333333333331,3.4861002973229915e-14],[34.04166666666664,3.4861002973229915e-14],[34.04166666666664,-0.00833333333329814],[34.03333333333331,-0.00833333333329814],[34.03333333333331,3.4861002973229915e-14]]]}},{"type":"Feature","properties":{"d10":0.01,"d20":0.01,"d50":0.02,"d100":0.03,"d200":0.04,"d500":0.06},"geometry":{"type":"Polygon","coordinates":[[[33.99999999999998,-0.008333333333297999],[34.00833333333331,-0.008333333333297999],[34.00833333333331,-0.016666666666630997],[33.99999999999998,-0.016666666666630997],[33.99999999999998,-0.008333333333297999]]]}},{"type":"Feature","properties":{"d10":0.18,"d20":0.42,"d50":0.84,"d100":1.22,"d200":1.44,"d500":1.63},"geometry":{"type":"Polygon","coordinates":[[[34.03333333333331,-0.008333333333297999],[34.04166666666664,-0.008333333333297999],[34.04166666666664,-0.016666666666630997],[34.03333333333331,-0.016666666666630997],[34.03333333333331,-0.008333333333297999]]]}},{"type":"Feature","properties":{"d10":1.58,"d20":1.64,"d50":1.71,"d100":1.76,"d200":1.8,"d500":1.86},"geometry":{"type":"Polygon","coordinates":[[[33.99999999999998,-0.01666666666663108],[34.00833333333331,-0.01666666666663108],[34.00833333333331,-0.02499999999996408],[33.99999999999998,-0.02499999999996408],[33.99999999999998,-0.01666666666663108]]]}},{"type":"Feature","properties":{"d10":0.0,"d20":0.0,"d50":0.0,"d100":0.14,"d200":0.44,"d500":0.62},"geometry":{"type":"Polygon","coordinates":[[[34.03333333333331,-0.01666666666663108],[34.04166666666664,-0.01666666666663108],[34.04166666666664,-0.02499999999996408],[34.03333333333331,-0.02499999999996408],[34.03333333333331,-0.01666666666663108]]]}},{"type":"Feature","properties":{"d10":0.05,"d20":0.3,"d50":0.82,"d100":1.21,"d200":1.44,"d500":1.62},"geometry":{"type":"Polygon","coordinates":[[[34.04166666666664,-0.01666666666663108],[34.049999999999976,-0.01666666666663108],[34.049999999999976,-0.02499999999996408],[34.04166666666664,-0.02499999999996408],[34.04166666666664,-0.01666666666663108]]]}},{"type":"Feature","properties":{"d10":0.56,"d20":0.62,"d50":0.68,"d100":0.73,"d200":0.78,"d500":0.83},"geometry":{"type":"Polygon","coordinates":[[[33.99999999999998,-0.024999999999964162],[34.00833333333331,-0.024999999999964162],[34.00833333333331,-0.03333333333329716],[33.99999999999998,-0.03333333333329716],[33.99999999999998,-0.024999999999964162]]]}},{"type":"Feature","properties":{"d10":0.0,"d20":0.2,"d50":0.81,"d100":1.2,"d200":1.43,"d500":1.61},"geometry":{"type":"Polygon","coordinates":[[[34.04166666666664,-0.024999999999964162],[34.049999999999976,-0.024999999999964162],[34.049999999999976,-0.03333333333329716],[34.04166666666664,-0.03333333333329716],[34.04166666666664,-0.024999999999964162]]]}},{"type":"Feature","properties":{"d10":0.52,"d20":0.58,"d50":0.65,"d100":0.69,"d200":0.74,"d500":0.79},"geometry":{"type":"Polygon","coordinates":[[[33.99999999999998,-0.03333333333329702],[34.00833333333331,-0.03333333333329702],[34.00833333333331,-0.04166666666663002],[33.99999999999998,-0.04166666666663002],[33.99999999999998,-0.03333333333329702]]]}},{"type":"Feature","properties":{"d10":0.0,"d20":0.0,"d50":0.0,"d100":0.05,"d200":0.21,"d500":0.44},"geometry":{"type":"Polygon","coordinates":[[[34.049999999999976,-0.03333333333329702],[34.05833333333331,-0.03333333333329702],[34.05833333333331,-0.04166666666663002],[34.049999999999976,-0.04166666666663002],[34.049999999999976,-0.03333333333329702]]]}},{"type":"Feature","properties":{"d10":0.0,"d20":0.0,"d50":0.0,"d100":0.0,"d200":0.13,"d500":0.43},"geometry":{"type":"Polygon","coordinates":[[[34.05833333333331,-0.03333333333329702],[34.06666666666664,-0.03333333333329702],[34.06666666666664,-0.04166666666663002],[34.05833333333331,-0.04166666666663002],[34.05833333333331,-0.03333333333329702]]]}},{"type":"Feature","properties":{"d10":0.37,"d20":0.42,"d50":0.48,"d100":0.52,"d200":0.57,"d500":0.63},"geometry":{"type":"Polygon","coordinates":[[[34.02499999999998,-0.0416666666666301],[34.03333333333331,-0.0416666666666301],[34.03333333333331,-0.0499999999999631],[34.02499999999998,-0.0499999999999631],[34.02499999999998,-0.0416666666666301]]]}},{"type":"Feature","properties":{"d10":0.0,"d20":0.0,"d50":0.0,"d100":0.0,"d200":0.12,"d500":0.43},"geometry":{"type":"Polygon","coordinates":[[[34.049999999999976,-0.0416666666666301],[34.05833333333331,-0.0416666666666301],[34.05833333333331,-0.0499999999999631],[34.049999999999976,-0.0499999999999631],[34.049999999999976,-0.0416666666666301]]]}},{"type":"Feature","properties":{"d10":0.0,"d20":0.0,"d50":0.0,"d100":0.0,"d200":0.12,"d500":0.43},"geometry":{"type":"Polygon","coordinates":[[[34.05833333333331,-0.0416666666666301],[34.06666666666664,-0.0416666666666301],[34.06666666666664,-0.0499999999999631],[34.05833333333331,-0.0499999999999631],[34.05833333333331,-0.0416666666666301]]]}},{"type":"Feature","properties":{"d10":0.37,"d20":0.42,"d50":0.48,"d100":0.52,"d200":0.57,"d500":0.63},"geometry":{"type":"Polygon","coordinates":[[[34.03333333333331,-0.049999999999963185],[34.04166666666664,-0.049999999999963185],[34.04166666666664,-0.05833333333329618],[34.03333333333331,-0.05833333333329618],[34.03333333333331,-0.049999999999963185]]]}},{"type":"Feature","properties":{"d10":0.0,"d20":0.0,"d50":0.0,"d100":0.0,"d200":0.05,"d500":0.42},"geometry":{"type":"Polygon","coordinates":[[[34.049999999999976,-0.049999999999963185],[34.05833333333331,-0.049999999999963185],[34.05833333333331,-0.05833333333329618],[34.049999999999976,-0.05833333333329618],[34.049999999999976,-0.049999999999963185]]]}},{"type":"Feature","properties":{"d10":0.37,"d20":0.42,"d50":0.48,"d100":0.52,"d200":0.57,"d500":0.63},"geometry":{"type":"Polygon","coordinates":[[[34.02499999999998,-0.058333333333296045],[34.03333333333331,-0.058333333333296045],[34.03333333333331,-0.06666666666662904],[34.02499999999998,-0.06666666666662904],[34.02499999999998,-0.058333333333296045]]]}},{"type":"Feature","properties":{"d10":1.37,"d20":1.42,"d50":1.48,"d100":1.52,"d200":1.57,"d500":1.63},"geometry":{"type":"Polygon","coordinates":[[[34.03333333333331,-0.058333333333296045],[34.04166666666664,-0.058333333333296045],[34.04166666666664,-0.06666666666662904],[34.03333333333331,-0.06666666666662904],[34.03333333333331,-0.058333333333296045]]]}},{"type":"Feature","properties":{"d10":0.36,"d20":0.4,"d50":0.47,"d100":0.52,"d200":0.57,"d500":0.62},"geometry":{"type":"Polygon","coordinates":[[[34.02499999999998,-0.06666666666662913],[34.03333333333331,-0.06666666666662913],[34.03333333333331,-0.07499999999996212],[34.02499999999998,-0.07499999999996212],[34.02499999999998,-0.06666666666662913]]]}},{"type":"Feature","properties":{"d10":0.38,"d20":0.98,"d50":1.33,"d100":1.44,"d200":1.51,"d500":1.57},"geometry":{"type":"Polygon","coordinates":[[[34.05833333333331,-0.07499999999996199],[34.06666666666664,-0.07499999999996199],[34.06666666666664,-0.08333333333329498],[34.05833333333331,-0.08333333333329498],[34.05833333333331,-0.07499999999996199]]]}},{"type":"Feature","properties":{"d10":0.45,"d20":0.99,"d50":1.33,"d100":1.44,"d200":1.51,"d500":1.57},"geometry":{"type":"Polygon","coordinates":[[[34.049999999999976,-0.08333333333329507],[34.05833333333331,-0.08333333333329507],[34.05833333333331,-0.09166666666662807],[34.049999999999976,-0.09166666666662807],[34.049999999999976,-0.08333333333329507]]]}},{"type":"Feature","properties":{"d10":0.39,"d20":0.98,"d50":1.33,"d100":1.44,"d200":1.51,"d500":1.57},"geometry":{"type":"Polygon","coordinates":[[[34.05833333333331,-0.08333333333329507],[34.06666666666664,-0.08333333333329507],[34.06666666666664,-0.09166666666662807],[34.05833333333331,-0.09166666666662807],[34.05833333333331,-0.08333333333329507]]]}},{"type":"Feature","properties":{"d10":0.0,"d20":0.0,"d50":0.0,"d100":0.01,"d200":0.02,"d500":0.03},"geometry":{"type":"Polygon","coordinates":[[[34.12499999999997,-0.08333333333329507],[34.133333333333304,-0.08333333333329507],[34.133333333333304,-0.09166666666662807],[34.12499999999997,-0.09166666666662807],[34.12499999999997,-0.08333333333329507]]]}},{"type":"Feature","properties":{"d10":0.0,"d20":0.0,"d50":0.0,"d100":0.0,"d200":0.02,"d500":0.27},"geometry":{"type":"Polygon","coordinates":[[[34.133333333333304,-0.08333333333329507],[34.14166666666664,-0.08333333333329507],[34.14166666666664,-0.09166666666662807],[34.133333333333304,-0.09166666666662807],[34.133333333333304,-0.08333333333329507]]]}},{"type":"Feature","properties":{"d10":0.0,"d20":0.01,"d50":0.05,"d100":0.07,"d200":0.1,"d500":0.12},"geometry":{"type":"Polygon","coordinates":[[[34.11666666666664,-0.09166666666662815],[34.12499999999997,-0.09166666666662815],[34.12499999999997,-0.09999999999996115],[34.11666666666664,-0.09999999999996115],[34.11666666666664,-0.09166666666662815]]]}},{"type":"Feature","properties":{"d10":0.0,"d20":0.0,"d50":0.0,"d100":0.02,"d200":0.03,"d500":0.04},"geometry":{"type":"Polygon","coordinates":[[[34.12499999999997,-0.09166666666662815],[34.133333333333304,-0.09166666666662815],[34.133333333333304,-0.09999999999996115],[34.12499999999997,-0.09999999999996115],[34.12499999999997,-0.09166666666662815]]]}},{"type":"Feature","properties":{"d10":0.0,"d20":0.0,"d50":0.01,"d100":0.09,"d200":0.22,"d500":0.31},"geometry":{"type":"Polygon","coordinates":[[[34.73333333333328,-0.09999999999996101],[34.74166666666661,-0.09999999999996101],[34.74166666666661,-0.10833333333329401],[34.73333333333328,-0.10833333333329401],[34.73333333333328,-0.09999999999996101]]]}},{"type":"Feature","properties":{"d10":0.0,"d20":0.0,"d50":0.06,"d100":0.15,"d200":0.23,"d500":0.31},"geometry":{"type":"Polygon","coordinates":[[[34.73333333333328,-0.10833333333329409],[34.74166666666661,-0.10833333333329409],[34.74166666666661,-0.11666666666662709],[34.73333333333328,-0.11666666666662709],[34.73333333333328,-0.10833333333329409]]]}},{"type":"Feature","properties":{"d10":0.0,"d20":0.02,"d50":0.11,"d100":0.17,"d200":0.24,"d500":0.31},"geometry":{"type":"Polygon","coordinates":[[[34.73333333333328,-0.11666666666662717],[34.74166666666661,-0.11666666666662717],[34.74166666666661,-0.12499999999996017],[34.73333333333328,-0.12499999999996017],[34.73333333333328,-0.11666666666662717]]]}},{"type":"Feature","properties":{"d10":0.31,"d20":0.37,"d50":0.43,"d100":0.47,"d200":0.51,"d500":0.56},"geometry":{"type":"Polygon","coordinates":[[[34.09166666666664,-0.1333333333332931],[34.09999999999997,-0.1333333333332931],[34.09999999999997,-0.1416666666666261],[34.09166666666664,-0.1416666666666261],[34.09166666666664,-0.1333333333332931]]]}},{"type":"Feature","properties":{"d10":0.32,"d20":0.37,"d50":0.43,"d100":0.48,"d200":0.52,"d500":0.57},"geometry":{"type":"Polygon","coordinates":[[[34.08333333333331,-0.14166666666662597],[34.09166666666664,-0.14166666666662597],[34.09166666666664,-0.14999999999995897],[34.08333333333331,-0.14999999999995897],[34.08333333333331,-0.14166666666662597]]]}},{"type":"Feature","properties":{"d10":0.37,"d20":0.42,"d50":0.48,"d100":0.53,"d200":0.58,"d500":0.64},"geometry":{"type":"Polygon","coordinates":[[[34.09166666666664,-0.15833333333329214],[34.09999999999997,-0.15833333333329214],[34.09999999999997,-0.16666666666662514],[34.09166666666664,-0.16666666666662514],[34.09166666666664,-0.15833333333329214]]]}},{"type":"Feature","properties":{"d10":0.39,"d20":0.45,"d50":0.52,"d100":0.57,"d200":0.61,"d500":0.67},"geometry":{"type":"Polygon","coordinates":[[[34.09999999999997,-0.166666666666625],[34.108333333333306,-0.166666666666625],[34.108333333333306,-0.174999999999958],[34.09999999999997,-0.174999999999958],[34.09999999999997,-0.166666666666625]]]}},{"type":"Feature","properties":{"d10":0.4,"d20":0.46,"d50":0.52,"d100":0.57,"d200":0.62,"d500":0.68},"geometry":{"type":"Polygon","coordinates":[[[34.108333333333306,-0.166666666666625],[34.11666666666664,-0.166666666666625],[34.11666666666664,-0.174999999999958],[34.108333333333306,-0.174999999999958],[34.108333333333306,-0.166666666666625]]]}},{"type":"Feature","properties":{"d10":0.32,"d20":0.41,"d50":0.51,"d100":0.57,"d200":0.63,"d500":0.7},"geometry":{"type":"Polygon","coordinates":[[[34.75833333333328,-0.166666666666625],[34.766666666666616,-0.166666666666625],[34.766666666666616,-0.174999999999958],[34.75833333333328,-0.174999999999958],[34.75833333333328,-0.166666666666625]]]}},{"type":"Feature","properties":{"d10":1.41,"d20":1.46,"d50":1.53,"d100":1.58,"d200":1.63,"d500":1.69},"geometry":{"type":"Polygon","coordinates":[[[34.108333333333306,-0.17499999999995808],[34.11666666666664,-0.17499999999995808],[34.11666666666664,-0.18333333333329108],[34.108333333333306,-0.18333333333329108],[34.108333333333306,-0.17499999999995808]]]}},{"type":"Feature","properties":{"d10":0.35,"d20":0.44,"d50":0.54,"d100":0.61,"d200":0.67,"d500":0.74},"geometry":{"type":"Polygon","coordinates":[[[34.766666666666616,-0.17499999999995808],[34.77499999999995,-0.17499999999995808],[34.77499999999995,-0.18333333333329108],[34.766666666666616,-0.18333333333329108],[34.766666666666616,-0.17499999999995808]]]}},{"type":"Feature","properties":{"d10":0.62,"d20":0.71,"d50":0.81,"d100":0.88,"d200":0.94,"d500":1.01},"geometry":{"type":"Polygon","coordinates":[[[34.1833333333333,-0.19166666666662402],[34.191666666666634,-0.19166666666662402],[34.191666666666634,-0.19999999999995702],[34.1833333333333,-0.19999999999995702],[34.1833333333333,-0.19166666666662402]]]}},{"type":"Feature","properties":{"d10":0.0,"d20":0.0,"d50":0.0,"d100":0.0,"d200":0.0,"d500":0.01},"geometry":{"type":"Polygon","coordinates":[[[34.191666666666634,-0.21666666666662304],[34.19999999999997,-0.21666666666662304],[34.19999999999997,-0.22499999999995604],[34.191666666666634,-0.22499999999995604],[34.191666666666634,-0.21666666666662304]]]}},{"type":"Feature","properties":{"d10":0.0,"d20":0.0,"d50":0.0,"d100":0.0,"d200":0.0,"d500":0.01},"geometry":{"type":"Polygon","coordinates":[[[34.3583333333333,-0.22499999999995612],[34.36666666666663,-0.22499999999995612],[34.36666666666663,-0.23333333333328912],[34.3583333333333,-0.23333333333328912],[34.3583333333333,-0.22499999999995612]]]}},{"type":"Feature","properties":{"d10":0.0,"d20":0.0,"d50":0.0,"d100":0.0,"d200":0.01,"d500":0.04},"geometry":{"type":"Polygon","coordinates":[[[34.36666666666663,-0.22499999999995612],[34.374999999999964,-0.22499999999995612],[34.374999999999964,-0.23333333333328912],[34.36666666666663,-0.23333333333328912],[34.36666666666663,-0.22499999999995612]]]}},{"type":"Feature","properties":{"d10":0.69,"d20":0.78,"d50":0.88,"d100":0.95,"d200":1.02,"d500":1.1},"geometry":{"type":"Polygon","coordinates":[[[34.24166666666663,-0.24166666666662207],[34.249999999999964,-0.24166666666662207],[34.249999999999964,-0.24999999999995506],[34.24166666666663,-0.24999999999995506],[34.24166666666663,-0.24166666666662207]]]}},{"type":"Feature","properties":{"d10":0.78,"d20":0.9,"d50":1.03,"d100":1.12,"d200":1.2,"d500":1.29},"geometry":{"type":"Polygon","coordinates":[[[34.824999999999946,-0.24999999999995515],[34.83333333333328,-0.24999999999995515],[34.83333333333328,-0.2583333333332882],[34.824999999999946,-0.2583333333332882],[34.824999999999946,-0.24999999999995515]]]}},{"type":"Feature","properties":{"d10":1.69,"d20":1.78,"d50":1.89,"d100":1.96,"d200":2.02,"d500":2.1},"geometry":{"type":"Polygon","coordinates":[[[34.249999999999964,-0.258333333333288],[34.2583333333333,-0.258333333333288],[34.2583333333333,-0.26666666666662103],[34.249999999999964,-0.26666666666662103],[34.249999999999964,-0.258333333333288]]]}},{"type":"Feature","properties":{"d10":1.69,"d20":1.78,"d50":1.89,"d100":1.96,"d200":2.02,"d500":2.1},"geometry":{"type":"Polygon","coordinates":[[[34.2583333333333,-0.258333333333288],[34.26666666666663,-0.258333333333288],[34.26666666666663,-0.26666666666662103],[34.2583333333333,-0.26666666666662103],[34.2583333333333,-0.258333333333288]]]}},{"type":"Feature","properties":{"d10":0.78,"d20":0.9,"d50":1.03,"d100":1.12,"d200":1.2,"d500":1.29},"geometry":{"type":"Polygon","coordinates":[[[34.824999999999946,-0.258333333333288],[34.83333333333328,-0.258333333333288],[34.83333333333328,-0.26666666666662103],[34.824999999999946,-0.26666666666662103],[34.824999999999946,-0.258333333333288]]]}},{"type":"Feature","properties":{"d10":0.78,"d20":0.9,"d50":1.03,"d100":1.12,"d200":1.2,"d500":1.29},"geometry":{"type":"Polygon","coordinates":[[[34.83333333333328,-0.258333333333288],[34.84166666666661,-0.258333333333288],[34.84166666666661,-0.26666666666662103],[34.83333333333328,-0.26666666666662103],[34.83333333333328,-0.258333333333288]]]}},{"type":"Feature","properties":{"d10":0.0,"d20":0.0,"d50":0.01,"d100":0.11,"d200":0.2,"d500":0.29},"geometry":{"type":"Polygon","coordinates":[[[34.86666666666661,-0.258333333333288],[34.87499999999994,-0.258333333333288],[34.87499999999994,-0.26666666666662103],[34.86666666666661,-0.26666666666662103],[34.86666666666661,-0.258333333333288]]]}},{"type":"Feature","properties":{"d10":1.69,"d20":1.78,"d50":1.89,"d100":1.96,"d200":2.02,"d500":2.1},"geometry":{"type":"Polygon","coordinates":[[[34.249999999999964,-0.2666666666666211],[34.2583333333333,-0.2666666666666211],[34.2583333333333,-0.2749999999999541],[34.249999999999964,-0.2749999999999541],[34.249999999999964,-0.2666666666666211]]]}},{"type":"Feature","properties":{"d10":0.78,"d20":0.9,"d50":1.03,"d100":1.12,"d200":1.2,"d500":1.29},"geometry":{"type":"Polygon","coordinates":[[[34.83333333333328,-0.2666666666666211],[34.84166666666661,-0.2666666666666211],[34.84166666666661,-0.2749999999999541],[34.83333333333328,-0.2749999999999541],[34.83333333333328,-0.2666666666666211]]]}},{"type":"Feature","properties":{"d10":0.78,"d20":0.9,"d50":1.03,"d100":1.12,"d200":1.2,"d500":1.29},"geometry":{"type":"Polygon","coordinates":[[[34.84166666666661,-0.2666666666666211],[34.849999999999945,-0.2666666666666211],[34.849999999999945,-0.2749999999999541],[34.84166666666661,-0.2749999999999541],[34.84166666666661,-0.2666666666666211]]]}},{"type":"Feature","properties":{"d10":0.78,"d20":0.9,"d50":1.03,"d100":1.12,"d200":1.2,"d500":1.29},"geometry":{"type":"Polygon","coordinates":[[[34.86666666666661,-0.2666666666666211],[34.87499999999994,-0.2666666666666211],[34.87499999999994,-0.2749999999999541],[34.86666666666661,-0.2749999999999541],[34.86666666666661,-0.2666666666666211]]]}},{"type":"Feature","properties":{"d10":0.69,"d20":0.78,"d50":0.89,"d100":0.96,"d200":1.02,"d500":1.1},"geometry":{"type":"Polygon","coordinates":[[[34.249999999999964,-0.27499999999995417],[34.2583333333333,-0.27499999999995417],[34.2583333333333,-0.2833333333332872],[34.249999999999964,-0.2833333333332872],[34.249999999999964,-0.27499999999995417]]]}},{"type":"Feature","properties":{"d10":3.78,"d20":3.9,"d50":4.03,"d100":4.12,"d200":4.2,"d500":4.29,"pw":1},"geometry":{"type":"Polygon","coordinates":[[[34.849999999999945,-0.27499999999995417],[34.85833333333328,-0.27499999999995417],[34.85833333333328,-0.2833333333332872],[34.849999999999945,-0.2833333333332872],[34.849999999999945,-0.27499999999995417]]]}},{"type":"Feature","properties":{"d10":8.78,"d20":8.9,"d50":9.03,"d100":9.12,"d200":9.2,"d500":9.29,"pw":1},"geometry":{"type":"Polygon","coordinates":[[[34.85833333333328,-0.27499999999995417],[34.86666666666661,-0.27499999999995417],[34.86666666666661,-0.2833333333332872],[34.85833333333328,-0.2833333333332872],[34.85833333333328,-0.27499999999995417]]]}},{"type":"Feature","properties":{"d10":0.77,"d20":0.86,"d50":0.97,"d100":1.04,"d200":1.11,"d500":1.19},"geometry":{"type":"Polygon","coordinates":[[[34.24166666666663,-0.2916666666666201],[34.249999999999964,-0.2916666666666201],[34.249999999999964,-0.29999999999995314],[34.24166666666663,-0.29999999999995314],[34.24166666666663,-0.2916666666666201]]]}},{"type":"Feature","properties":{"d10":1.78,"d20":1.9,"d50":2.03,"d100":2.12,"d200":2.2,"d500":2.29},"geometry":{"type":"Polygon","coordinates":[[[34.84166666666661,-0.2916666666666201],[34.849999999999945,-0.2916666666666201],[34.849999999999945,-0.29999999999995314],[34.84166666666661,-0.29999999999995314],[34.84166666666661,-0.2916666666666201]]]}}]}