{"type": "FeatureCollection", "features": [{"type": "Feature", "properties": {"name": "Nzoia River", "source": "OpenStreetMap contributors (ODbL)"}, "geometry": {"type": "LineString", "coordinates": [[33.98149, 0.07419], [33.98133, 0.07417], [33.98114, 0.0742], [33.98102, 0.07428], [33.98079, 0.07454], [33.98064, 0.07477], [33.9805, 0.07507], [33.98044, 0.07518], [33.98034, 0.07525], [33.98019, 0.07528], [33.98002, 0.07526], [33.97986, 0.07519], [33.9797, 0.07502], [33.97957, 0.0748], [33.97943, 0.07431], [33.97931, 0.07384], [33.97922, 0.07363], [33.97911, 0.07343], [33.97892, 0.07316], [33.97868, 0.07277], [33.97841, 0.07232], [33.97831, 0.07195], [33.97827, 0.07157], [33.97833, 0.07098], [33.97836, 0.07076], [33.97835, 0.07062], [33.9783, 0.07047], [33.97818, 0.07039], [33.97805, 0.07036], [33.97791, 0.07038], [33.97778, 0.07045], [33.97767, 0.07056], [33.97757, 0.0707], [33.9775, 0.07088], [33.97742, 0.07141], [33.9774, 0.07223], [33.9775, 0.07349], [33.97745, 0.07374], [33.97741, 0.07384], [33.97734, 0.07394], [33.97718, 0.07406], [33.977, 0.07411], [33.9768, 0.07411], [33.97653, 0.07404], [33.9764, 0.07397], [33.9763, 0.07389], [33.97607, 0.07357], [33.97586, 0.07302], [33.97567, 0.07239], [33.97557, 0.07219], [33.97543, 0.07202], [33.97523, 0.07185], [33.97507, 0.07178], [33.97468, 0.07163], [33.97434, 0.07153], [33.97384, 0.07143], [33.97334, 0.07136], [33.97298, 0.07129], [33.97277, 0.07122], [33.97251, 0.0711], [33.97198, 0.07085], [33.97155, 0.07068], [33.97136, 0.07064], [33.97104, 0.07057], [33.9708, 0.07055], [33.97063, 0.07058], [33.97049, 0.07065], [33.97041, 0.07075], [33.97024, 0.07093], [33.97005, 0.07102], [33.9698, 0.07104], [33.96961, 0.071], [33.96949, 0.07092], [33.96935, 0.07082], [33.96928, 0.07066], [33.96927, 0.07052], [33.96928, 0.07037], [33.96934, 0.0702], [33.96957, 0.06985], [33.96984, 0.06949], [33.97005, 0.06931], [33.97023, 0.06924], [33.97036, 0.06922], [33.97058, 0.0692], [33.97084, 0.06922], [33.971, 0.06926], [33.97111, 0.06926], [33.9712, 0.06926], [33.97128, 0.06924], [33.97141, 0.06913], [33.97146, 0.06903], [33.97148, 0.06887], [33.97138, 0.06861], [33.97128, 0.06843], [33.97107, 0.0682], [33.97085, 0.06796], [33.97068, 0.06776], [33.97057, 0.06755], [33.9705, 0.06732], [33.97046, 0.06714], [33.97042, 0.06684], [33.97041, 0.06656], [33.97041, 0.06614], [33.97038, 0.06587], [33.97035, 0.06571], [33.97025, 0.06556], [33.97016, 0.06548], [33.97005, 0.06543], [33.96996, 0.06542], [33.96984, 0.06545], [33.96972, 0.06551], [33.96965, 0.0656], [33.96958, 0.06573], [33.9695, 0.06593], [33.96941, 0.0662], [33.96935, 0.06649], [33.96926, 0.06673], [33.96917, 0.06693], [33.96903, 0.06711], [33.96887, 0.06731], [33.96866, 0.06752], [33.96839, 0.06777], [33.96818, 0.06789], [33.96803, 0.06798], [33.96784, 0.06803], [33.9676, 0.06805], [33.9674, 0.06804], [33.9672, 0.06798], [33.96704, 0.06792], [33.96686, 0.06785], [33.96672, 0.06778], [33.96656, 0.06764], [33.96644, 0.06751], [33.9663, 0.06728], [33.96624, 0.06711], [33.96621, 0.06688], [33.9662, 0.06654], [33.96622, 0.0662], [33.9663, 0.06586], [33.96638, 0.06561], [33.9665, 0.0654], [33.96671, 0.06516], [33.96704, 0.06483], [33.96719, 0.06467], [33.96732, 0.06438], [33.96736, 0.0642], [33.96736, 0.06399], [33.96732, 0.06375], [33.96727, 0.06363], [33.96711, 0.06339], [33.96696, 0.06323], [33.96681, 0.06309], [33.96667, 0.06299], [33.96657, 0.06295], [33.96636, 0.06296], [33.9662, 0.06301], [33.9659, 0.0631], [33.96557, 0.06319], [33.96518, 0.06324], [33.96492, 0.06322], [33.96477, 0.06316], [33.96467, 0.06308], [33.9646, 0.06292], [33.96461, 0.06277], [33.96466, 0.06257], [33.96478, 0.06243], [33.96497, 0.06226], [33.96523, 0.06204], [33.96549, 0.06179], [33.96559, 0.06162], [33.96565, 0.06144], [33.96567, 0.0613], [33.96565, 0.06117], [33.96556, 0.06099], [33.96541, 0.06084], [33.9652, 0.06073], [33.96488, 0.06062], [33.96465, 0.06056], [33.96442, 0.06056], [33.96411, 0.0606], [33.96389, 0.06066], [33.9637, 0.06077], [33.96331, 0.06105], [33.9631, 0.06115], [33.9628, 0.06123], [33.96228, 0.06134], [33.962, 0.0614], [33.96169, 0.06155], [33.96093, 0.06191], [33.96073, 0.062], [33.96049, 0.06207], [33.96024, 0.0621], [33.95989, 0.06211], [33.9595, 0.06209], [33.959, 0.06206], [33.95868, 0.06211], [33.9584, 0.06219], [33.95814, 0.06237], [33.95799, 0.06253], [33.95787, 0.06273], [33.95776, 0.06296], [33.95773, 0.06318], [33.95775, 0.06342], [33.95783, 0.06356], [33.95803, 0.06377], [33.95821, 0.06387], [33.95844, 0.06399], [33.9589, 0.06412], [33.95937, 0.0642], [33.96023, 0.06434], [33.96043, 0.06441], [33.96057, 0.06451], [33.96067, 0.06463], [33.96071, 0.06485], [33.96072, 0.06505], [33.96067, 0.06527], [33.96054, 0.06551], [33.96036, 0.06573], [33.96013, 0.06595], [33.95997, 0.06606], [33.95972, 0.06618], [33.95942, 0.06627], [33.95918, 0.06629], [33.95902, 0.06629], [33.95877, 0.0662], [33.95846, 0.06608], [33.95804, 0.0659], [33.9576, 0.06567], [33.95733, 0.06542], [33.95722, 0.06524], [33.95707, 0.06492], [33.95698, 0.06458], [33.95688, 0.06379], [33.95683, 0.06351], [33.95667, 0.06323], [33.95643, 0.06275], [33.95622, 0.06243], [33.95598, 0.06208], [33.95544, 0.06146], [33.95461, 0.06065], [33.95425, 0.0596], [33.9542, 0.05891], [33.95419, 0.05797], [33.95312, 0.05698]]}}, {"type": "Feature", "properties": {"name": "Nzoia River", "source": "OpenStreetMap contributors (ODbL)"}, "geometry": {"type": "LineString", "coordinates": [[34.83891, 0.65151], [34.83846, 0.65112], [34.83823, 0.65085], [34.83812, 0.65064], [34.83808, 0.65045], [34.83808, 0.65028], [34.83814, 0.65006], [34.83853, 0.64932], [34.8387, 0.64893], [34.83875, 0.6487], [34.83878, 0.64846], [34.83878, 0.64834], [34.83869, 0.64815], [34.83857, 0.64797], [34.8384, 0.64779], [34.83822, 0.64761], [34.83795, 0.64744], [34.83767, 0.6473], [34.83729, 0.64718], [34.83701, 0.64711], [34.83682, 0.647], [34.83638, 0.64675], [34.83618, 0.64662], [34.83601, 0.64648], [34.83586, 0.64632], [34.83577, 0.64621], [34.83571, 0.64611], [34.8357, 0.64596], [34.83574, 0.64576], [34.83576, 0.6456], [34.83581, 0.64541], [34.8358, 0.64515], [34.83571, 0.64497], [34.83562, 0.64489], [34.83551, 0.64487], [34.83531, 0.64489], [34.83501, 0.64496], [34.83449, 0.64503], [34.83404, 0.64507], [34.83388, 0.64506], [34.83365, 0.64499], [34.83337, 0.64494], [34.83322, 0.6449], [34.83316, 0.64485], [34.83313, 0.64477], [34.83318, 0.64467], [34.83332, 0.64458], [34.83338, 0.64453], [34.8334, 0.64446], [34.83338, 0.64431], [34.83331, 0.64409], [34.83329, 0.64391], [34.83334, 0.6437], [34.83347, 0.64356], [34.8337, 0.64342], [34.83388, 0.64332], [34.83405, 0.64299], [34.83428, 0.64274], [34.83439, 0.64249], [34.83441, 0.64239], [34.83432, 0.64209], [34.83422, 0.6418], [34.83418, 0.64118], [34.83414, 0.641], [34.83415, 0.64059], [34.83417, 0.64043], [34.83429, 0.64016], [34.83447, 0.63989], [34.8347, 0.6397], [34.83499, 0.63947], [34.8355, 0.63888], [34.83599, 0.63831], [34.83605, 0.63823], [34.83607, 0.63817], [34.83609, 0.6381], [34.83607, 0.63804], [34.83604, 0.6379], [34.83604, 0.63776], [34.83606, 0.63764], [34.83617, 0.63749], [34.83631, 0.63724], [34.83632, 0.6371], [34.83628, 0.63695], [34.83623, 0.63684], [34.83616, 0.63676], [34.83611, 0.63669], [34.83609, 0.63661], [34.83613, 0.63652], [34.83621, 0.63642], [34.83639, 0.63634], [34.83649, 0.63625], [34.83666, 0.63611], [34.8367, 0.63594], [34.83669, 0.63591], [34.83661, 0.63575], [34.83656, 0.6356], [34.83658, 0.63547], [34.83666, 0.63535], [34.83669, 0.63526], [34.8367, 0.63516], [34.8366, 0.63499], [34.83651, 0.6348], [34.83635, 0.63443], [34.83628, 0.63431], [34.83605, 0.63405], [34.83592, 0.63392], [34.83579, 0.63384], [34.83567, 0.63381], [34.8355, 0.6338], [34.83511, 0.63376], [34.83497, 0.63373], [34.83481, 0.63365], [34.83468, 0.63351], [34.83449, 0.63326], [34.83423, 0.63298], [34.83415, 0.63281], [34.83407, 0.6326], [34.83397, 0.63236], [34.83376, 0.63209], [34.83364, 0.6319], [34.8336, 0.63176], [34.83356, 0.63145], [34.83355, 0.63093], [34.83358, 0.63013], [34.83359, 0.62974], [34.8336, 0.62935], [34.83365, 0.62905], [34.8336, 0.62865], [34.83367, 0.62844], [34.83374, 0.62808], [34.83374, 0.62758], [34.83376, 0.6274], [34.83378, 0.62715], [34.8338, 0.62685], [34.83377, 0.62666], [34.83369, 0.62643], [34.8335, 0.6261], [34.83342, 0.62586], [34.83332, 0.62546], [34.83316, 0.62478], [34.83307, 0.62453], [34.8329, 0.62428], [34.83274, 0.6241], [34.83263, 0.62392], [34.83248, 0.62362], [34.8324, 0.62355], [34.83222, 0.62345], [34.83211, 0.62328], [34.83197, 0.62307], [34.8317, 0.62288], [34.83148, 0.62278], [34.83119, 0.62272], [34.83113, 0.62269], [34.83108, 0.62265], [34.83092, 0.62254], [34.83061, 0.62227], [34.83053, 0.62204], [34.83052, 0.62186], [34.83042, 0.62175], [34.83014, 0.62153], [34.82996, 0.6214], [34.82978, 0.62132], [34.8293, 0.62117], [34.82898, 0.62107], [34.82871, 0.62094], [34.82854, 0.62083], [34.82845, 0.6207], [34.82834, 0.6205], [34.82814, 0.62007], [34.8279, 0.61971], [34.82748, 0.61915], [34.82715, 0.61876], [34.8269, 0.61852], [34.82665, 0.6183], [34.82652, 0.61819], [34.82627, 0.61808], [34.82619, 0.61805], [34.82575, 0.61783], [34.82513, 0.61752], [34.82508, 0.61749], [34.82472, 0.61727], [34.82447, 0.6171], [34.82427, 0.61696], [34.82402, 0.61674], [34.82361, 0.61638], [34.8235, 0.6163], [34.82338, 0.61626], [34.82319, 0.61629], [34.82302, 0.61637], [34.82241, 0.61662], [34.82203, 0.6168], [34.82152, 0.61697], [34.82089, 0.6171], [34.82068, 0.61708], [34.82034, 0.61694], [34.82007, 0.61671], [34.81984, 0.6165], [34.81966, 0.61641], [34.81911, 0.61622], [34.81848, 0.616], [34.8179, 0.61574], [34.81749, 0.61545], [34.81705, 0.61507], [34.81675, 0.61472], [34.81643, 0.61452], [34.81612, 0.61443], [34.81584, 0.61445], [34.81566, 0.61448], [34.8153, 0.61443], [34.81504, 0.61436], [34.81497, 0.61429], [34.81493, 0.61417], [34.81494, 0.61406], [34.815, 0.61388], [34.81501, 0.61379], [34.81499, 0.61364], [34.81495, 0.61343], [34.81483, 0.61289], [34.81475, 0.6126], [34.81464, 0.61238], [34.81458, 0.61231], [34.81446, 0.61221], [34.81438, 0.61217], [34.81427, 0.61214], [34.81415, 0.61207], [34.81408, 0.61199], [34.814, 0.61194], [34.81389, 0.61193], [34.81369, 0.61197], [34.81355, 0.61192], [34.81346, 0.61188], [34.81337, 0.61181], [34.81329, 0.61163], [34.81327, 0.61154], [34.81321, 0.61134], [34.81321, 0.61116], [34.81322, 0.6109], [34.81326, 0.61067], [34.81321, 0.61034], [34.81308, 0.61002], [34.8128, 0.60958], [34.81265, 0.60928], [34.81253, 0.60903], [34.81237, 0.60878], [34.81218, 0.60855], [34.812, 0.60827], [34.81179, 0.60787], [34.81171, 0.60767], [34.81162, 0.60737], [34.81148, 0.60705], [34.81132, 0.60677], [34.81114, 0.60653], [34.81096, 0.60635], [34.81063, 0.60606], [34.81026, 0.60576], [34.80997, 0.60548], [34.80968, 0.60513], [34.8094, 0.60475], [34.80924, 0.60464], [34.80912, 0.60458], [34.80893, 0.60458], [34.80798, 0.60495], [34.80742, 0.60513], [34.80706, 0.60524], [34.80685, 0.60528], [34.80656, 0.6053], [34.80633, 0.60527], [34.80616, 0.60522], [34.80589, 0.60512], [34.80536, 0.60491], [34.80526, 0.60486], [34.80506, 0.60481], [34.80491, 0.60478], [34.80477, 0.60477], [34.80451, 0.60478], [34.80428, 0.60477], [34.80407, 0.60471], [34.8039, 0.60463], [34.80378, 0.60452], [34.80371, 0.60442], [34.80365, 0.60428], [34.80364, 0.60411], [34.80371, 0.60388], [34.80383, 0.60336], [34.80388, 0.60281], [34.80396, 0.60247], [34.8041, 0.60215], [34.80408, 0.60213], [34.804, 0.60207], [34.80342, 0.60184], [34.8033, 0.60171], [34.80325, 0.60157], [34.80323, 0.60147], [34.80323, 0.60132], [34.80324, 0.60092], [34.80324, 0.60066], [34.80325, 0.60042], [34.80323, 0.6003], [34.80318, 0.60018], [34.80315, 0.60013], [34.80291, 0.60008], [34.80282, 0.60001], [34.80275, 0.59991], [34.80267, 0.59978], [34.80243, 0.59961], [34.80222, 0.59946], [34.8021, 0.59939], [34.80194, 0.59928], [34.80169, 0.59913], [34.80164, 0.599], [34.80157, 0.59895], [34.80153, 0.59891], [34.80149, 0.59884], [34.80147, 0.59872], [34.80144, 0.59852], [34.80144, 0.59845], [34.80142, 0.59839], [34.80139, 0.59834], [34.80136, 0.59831], [34.80123, 0.59827], [34.80122, 0.59826], [34.80099, 0.59814], [34.80087, 0.59805], [34.80076, 0.59792], [34.80064, 0.59779], [34.80054, 0.59768], [34.80041, 0.59758], [34.80021, 0.59746], [34.80013, 0.59742], [34.80008, 0.59738], [34.79997, 0.59732], [34.79992, 0.59728], [34.79987, 0.59721], [34.79983, 0.59712], [34.7998, 0.597], [34.7998, 0.59692], [34.79983, 0.5968], [34.79985, 0.5967], [34.7999, 0.59663], [34.8, 0.59654], [34.80024, 0.59643], [34.8005, 0.59626], [34.80072, 0.59615], [34.80096, 0.59599], [34.80117, 0.5958], [34.80144, 0.59549], [34.8018, 0.59495], [34.8019, 0.59482], [34.80212, 0.5946], [34.80251, 0.59413], [34.80315, 0.59343], [34.80353, 0.59309], [34.80374, 0.59287], [34.80397, 0.59256], [34.80433, 0.59218], [34.80464, 0.5919], [34.80501, 0.59158], [34.80531, 0.59132], [34.80555, 0.59115], [34.80606, 0.5908], [34.80677, 0.59036], [34.80721, 0.59004], [34.80775, 0.5896], [34.80833, 0.5891], [34.80881, 0.58863], [34.80908, 0.58842], [34.80951, 0.58814], [34.80995, 0.58792], [34.81053, 0.58756]]}}, {"type": "Feature", "properties": {"name": "Nzoia River", "source": "OpenStreetMap contributors (ODbL)"}, "geometry": {"type": "LineString", "coordinates": [[34.14442, 0.14318], [34.14491, 0.14361], [34.14513, 0.14387], [34.14522, 0.14403], [34.14529, 0.14425], [34.14533, 0.14446], [34.14532, 0.14465], [34.14525, 0.14491], [34.14513, 0.14521], [34.14503, 0.14539], [34.14489, 0.14552], [34.14469, 0.14566], [34.14449, 0.14576], [34.14422, 0.14585], [34.14387, 0.14585], [34.14346, 0.14579], [34.14306, 0.14571], [34.14274, 0.14562], [34.14211, 0.14534], [34.14165, 0.14517], [34.14135, 0.14505], [34.14097, 0.14484], [34.14066, 0.14463], [34.14036, 0.14436], [34.14007, 0.1441], [34.13983, 0.14389], [34.13966, 0.14383], [34.13954, 0.1438], [34.13934, 0.14381], [34.13906, 0.14386], [34.13876, 0.14393], [34.13838, 0.14394], [34.13803, 0.14388], [34.13749, 0.14379], [34.13702, 0.14359], [34.13648, 0.14326], [34.13613, 0.14304], [34.13569, 0.14268], [34.13549, 0.14256], [34.13534, 0.14249], [34.13519, 0.14244], [34.13505, 0.14243], [34.13486, 0.14245], [34.13467, 0.14247], [34.13452, 0.14255], [34.1344, 0.14269], [34.1343, 0.14283], [34.13424, 0.14301], [34.13418, 0.14337], [34.13414, 0.14361], [34.13411, 0.14378], [34.13405, 0.14391], [34.13399, 0.14401], [34.13391, 0.14409], [34.13384, 0.14414], [34.1337, 0.14415], [34.13359, 0.14413], [34.1335, 0.14408], [34.13339, 0.144], [34.1333, 0.14391], [34.1332, 0.14379], [34.13314, 0.14366], [34.13311, 0.14358], [34.13305, 0.14346], [34.13295, 0.14334], [34.13286, 0.14323], [34.13255, 0.14296], [34.13235, 0.14285], [34.13214, 0.14278], [34.13199, 0.14276], [34.13178, 0.14276], [34.13144, 0.14289], [34.13075, 0.14337], [34.13063, 0.14344], [34.13052, 0.14349], [34.13043, 0.14351], [34.13034, 0.14351], [34.13027, 0.14349], [34.13015, 0.14344], [34.13003, 0.14335], [34.12988, 0.14325], [34.12941, 0.14298], [34.1292, 0.14284], [34.129, 0.14268], [34.12873, 0.14244], [34.12805, 0.14188], [34.12735, 0.14134], [34.12689, 0.14099], [34.12668, 0.14085], [34.12641, 0.14067], [34.12608, 0.14051], [34.12536, 0.14017], [34.12483, 0.13995], [34.12439, 0.13982], [34.12382, 0.13961], [34.12334, 0.1395], [34.12273, 0.13944], [34.12217, 0.13937], [34.12156, 0.13925], [34.12109, 0.13919], [34.12042, 0.13914], [34.11971, 0.1392], [34.11933, 0.13919], [34.11906, 0.13913], [34.11886, 0.13906], [34.11865, 0.13893], [34.11849, 0.13879], [34.11837, 0.13861], [34.11829, 0.13847], [34.11825, 0.13834], [34.11824, 0.13822], [34.11827, 0.13808], [34.11833, 0.13793], [34.11848, 0.13776], [34.1186, 0.1376], [34.11885, 0.13733], [34.11932, 0.13694], [34.11966, 0.13679], [34.12013, 0.13666], [34.12073, 0.13653], [34.12098, 0.13645], [34.12123, 0.13634], [34.12143, 0.13622], [34.12159, 0.13611], [34.12173, 0.13596], [34.12183, 0.13581], [34.1219, 0.13564], [34.12193, 0.13542], [34.12192, 0.13517], [34.1219, 0.13488], [34.12182, 0.13463], [34.12161, 0.13415], [34.12135, 0.13367], [34.12106, 0.13321], [34.12067, 0.13277], [34.12007, 0.13211], [34.11976, 0.13175], [34.11944, 0.13148], [34.11901, 0.1312], [34.11864, 0.13095], [34.11834, 0.13069], [34.11818, 0.13053], [34.11805, 0.13038], [34.11796, 0.13019], [34.11789, 0.13], [34.11786, 0.1298], [34.11783, 0.1296], [34.11784, 0.12944], [34.11789, 0.12927], [34.118, 0.1291], [34.11817, 0.12895], [34.11837, 0.12882], [34.11861, 0.12869], [34.1189, 0.12859], [34.11919, 0.12852], [34.11942, 0.1285], [34.11966, 0.1285], [34.11995, 0.12855], [34.12022, 0.12863], [34.12058, 0.12874], [34.12086, 0.12877], [34.12116, 0.12876], [34.12141, 0.12872], [34.12162, 0.12868], [34.12179, 0.12862], [34.12197, 0.12848], [34.12211, 0.12835], [34.12223, 0.12817], [34.12233, 0.12801], [34.12241, 0.12783], [34.12247, 0.12767], [34.1225, 0.12744], [34.1225, 0.12724], [34.12248, 0.12709], [34.12244, 0.12696], [34.12238, 0.12681], [34.1223, 0.12664], [34.12215, 0.12647], [34.12194, 0.12631], [34.12168, 0.12617], [34.12144, 0.126], [34.12063, 0.12537], [34.12006, 0.12495], [34.11971, 0.12473], [34.11934, 0.12453], [34.11893, 0.12436], [34.11853, 0.12422], [34.11842, 0.12419], [34.11776, 0.124], [34.11739, 0.12389], [34.11713, 0.12378], [34.11697, 0.1237], [34.11684, 0.1236], [34.11669, 0.12346], [34.11652, 0.12323], [34.11638, 0.12299], [34.11624, 0.12272], [34.11616, 0.1225], [34.11612, 0.12218], [34.11594, 0.1215], [34.11586, 0.12135], [34.11572, 0.12123], [34.11556, 0.12114], [34.11535, 0.1211], [34.11496, 0.12114], [34.11458, 0.1212], [34.1144, 0.12126], [34.11392, 0.12141], [34.1135, 0.12156], [34.11322, 0.12172], [34.11296, 0.12202], [34.11276, 0.12237], [34.11259, 0.12276], [34.11241, 0.12315], [34.11226, 0.12355], [34.11214, 0.12383], [34.11201, 0.12402], [34.11185, 0.12418], [34.11167, 0.12425], [34.11142, 0.12428], [34.11119, 0.12421], [34.11104, 0.12413], [34.11087, 0.12394], [34.11074, 0.12371], [34.11064, 0.12342], [34.11059, 0.12314], [34.11055, 0.12286], [34.11054, 0.12259], [34.11064, 0.12204], [34.11072, 0.12171], [34.11083, 0.12133], [34.11098, 0.12096], [34.11113, 0.12062], [34.11138, 0.12028], [34.112, 0.11962], [34.11271, 0.11903], [34.11295, 0.11882], [34.11323, 0.11857], [34.11336, 0.11842], [34.11345, 0.11828], [34.11349, 0.11818], [34.1135, 0.11805], [34.11347, 0.11782], [34.11342, 0.11762], [34.11337, 0.11752], [34.11324, 0.11742], [34.11309, 0.1174], [34.11289, 0.11743], [34.11273, 0.11753], [34.11257, 0.11771], [34.11236, 0.1179], [34.11209, 0.11809], [34.11191, 0.11819], [34.11165, 0.11827], [34.11127, 0.11836], [34.11083, 0.11853], [34.11037, 0.11874], [34.10997, 0.11897], [34.10944, 0.11934], [34.10896, 0.11976], [34.10851, 0.12011], [34.10818, 0.12034], [34.10786, 0.12054], [34.10754, 0.12068], [34.1072, 0.1208], [34.10692, 0.12086], [34.10619, 0.12101], [34.10555, 0.1211], [34.10485, 0.12114], [34.10447, 0.12119], [34.10402, 0.12129], [34.10361, 0.12146], [34.10317, 0.12167], [34.10281, 0.1219], [34.10262, 0.12205], [34.10239, 0.12222], [34.10222, 0.12229], [34.10194, 0.12234], [34.10169, 0.12236], [34.10139, 0.12234], [34.10102, 0.12227], [34.10077, 0.1222], [34.1005, 0.1221], [34.1002, 0.12194], [34.09999, 0.1218], [34.09977, 0.12164], [34.09958, 0.12143], [34.09948, 0.12128], [34.0994, 0.12109], [34.09933, 0.12088], [34.09929, 0.12057], [34.09929, 0.1203], [34.09934, 0.12003], [34.09939, 0.11977], [34.09947, 0.11956], [34.09957, 0.11934], [34.0997, 0.11915], [34.09984, 0.11895], [34.10024, 0.11846], [34.10059, 0.11804], [34.10075, 0.11777], [34.10087, 0.11752], [34.10095, 0.11728], [34.10101, 0.11704], [34.10112, 0.11642], [34.10118, 0.11597], [34.10127, 0.11553], [34.10136, 0.11526], [34.10147, 0.11502], [34.10162, 0.11478], [34.10186, 0.11442], [34.10206, 0.11413], [34.10223, 0.11388], [34.10236, 0.11369], [34.10244, 0.11348], [34.10251, 0.11325], [34.10255, 0.11297], [34.10256, 0.11275], [34.10253, 0.11252], [34.1024, 0.11215], [34.10225, 0.11187], [34.10214, 0.11171], [34.102, 0.11156], [34.10184, 0.11142], [34.10162, 0.11128], [34.10137, 0.11116], [34.1011, 0.11105], [34.10077, 0.11099], [34.10048, 0.11097], [34.10019, 0.11097], [34.0999, 0.111], [34.0996, 0.1111], [34.09936, 0.11124], [34.09913, 0.11145], [34.09887, 0.11173], [34.09864, 0.11212], [34.09839, 0.11269], [34.09809, 0.11335], [34.09793, 0.11369], [34.09778, 0.11394], [34.09749, 0.11433], [34.09699, 0.11493], [34.09627, 0.1157], [34.0956, 0.11647], [34.09524, 0.11706], [34.09495, 0.11743], [34.09459, 0.11779], [34.09428, 0.11805], [34.09394, 0.11826], [34.09374, 0.11836], [34.09342, 0.11846], [34.09286, 0.11855], [34.09234, 0.1186], [34.09197, 0.11865], [34.09174, 0.11872], [34.09152, 0.11882], [34.09135, 0.11894], [34.09119, 0.1191], [34.09105, 0.11931], [34.09095, 0.11952], [34.09089, 0.11981], [34.09088, 0.12008], [34.09091, 0.12042], [34.09095, 0.12075], [34.09103, 0.12115], [34.0911, 0.12143], [34.09112, 0.12162], [34.09112, 0.12186], [34.09107, 0.12212], [34.09097, 0.12245], [34.09085, 0.12275], [34.09069, 0.12303], [34.09049, 0.12328], [34.09034, 0.12348], [34.09013, 0.12366], [34.0898, 0.1239], [34.08947, 0.12413], [34.08917, 0.12429], [34.08881, 0.12446], [34.08853, 0.12455], [34.08823, 0.1246], [34.08794, 0.12463], [34.08755, 0.12465], [34.08723, 0.12464], [34.08696, 0.12458], [34.08667, 0.12447], [34.08641, 0.12433], [34.08622, 0.12423], [34.08604, 0.12409], [34.08588, 0.12392], [34.08575, 0.12374], [34.08567, 0.12356], [34.08563, 0.12338], [34.08561, 0.12312], [34.08572, 0.12245], [34.0858, 0.12216], [34.08588, 0.12184], [34.08591, 0.12166], [34.08593, 0.12145], [34.08592, 0.12122], [34.08586, 0.12095], [34.0858, 0.12078], [34.08571, 0.12059], [34.08562, 0.12045], [34.0855, 0.12032], [34.08538, 0.1202], [34.08523, 0.12011], [34.08507, 0.12002], [34.08487, 0.11998], [34.08465, 0.11996], [34.08446, 0.11998], [34.08428, 0.12005], [34.08403, 0.12019], [34.08376, 0.12035], [34.08349, 0.12049], [34.08325, 0.12059], [34.08303, 0.12067], [34.08284, 0.12071], [34.08256, 0.12074], [34.08236, 0.12071], [34.0819, 0.12062], [34.08123, 0.12042], [34.07989, 0.12013], [34.07967, 0.12004], [34.07951, 0.11996], [34.07936, 0.11985], [34.07922, 0.11974], [34.07779, 0.11826], [34.07753, 0.11807], [34.07725, 0.11791], [34.07689, 0.11775], [34.07656, 0.11764], [34.07624, 0.11757], [34.07591, 0.11757], [34.07507, 0.1176], [34.07432, 0.11765], [34.07348, 0.11777], [34.07269, 0.11783], [34.07155, 0.11792], [34.07113, 0.11798], [34.07051, 0.11811], [34.07008, 0.11816], [34.0699, 0.11816], [34.06962, 0.1181], [34.06929, 0.11803], [34.06879, 0.11787], [34.06785, 0.11748], [34.06754, 0.11739], [34.06736, 0.11737], [34.06716, 0.11736], [34.06692, 0.11736], [34.06672, 0.11739], [34.06646, 0.11743], [34.06628, 0.11749], [34.06605, 0.1176], [34.06539, 0.11811], [34.06511, 0.11828], [34.06484, 0.1184], [34.06457, 0.11848], [34.06436, 0.11849], [34.06417, 0.11849], [34.06396, 0.11844], [34.06382, 0.11838], [34.06366, 0.11828], [34.06346, 0.11813], [34.06281, 0.11746], [34.06264, 0.11733], [34.06244, 0.11725], [34.06228, 0.11722], [34.06213, 0.11723], [34.06191, 0.11727], [34.06032, 0.11774], [34.0601, 0.11775], [34.05989, 0.11773], [34.0597, 0.11768], [34.05953, 0.11761], [34.05934, 0.11748], [34.05757, 0.11615], [34.05735, 0.11599], [34.05712, 0.11588], [34.05686, 0.11582], [34.0566, 0.11578], [34.05565, 0.11575], [34.05504, 0.11571], [34.0546, 0.11566], [34.0543, 0.1156], [34.054, 0.11551], [34.05371, 0.11538], [34.05348, 0.11518], [34.05329, 0.11494], [34.05306, 0.1146], [34.05289, 0.11428], [34.05279, 0.11403], [34.05272, 0.11383], [34.0527, 0.1136], [34.05276, 0.11274], [34.05281, 0.11213], [34.05278, 0.11163], [34.05276, 0.11105], [34.05274, 0.11077], [34.05269, 0.11045], [34.05261, 0.11015], [34.0525, 0.10982], [34.05242, 0.10966], [34.05228, 0.10942], [34.05213, 0.10927], [34.05195, 0.10908], [34.05172, 0.10888], [34.05136, 0.10868], [34.05037, 0.10826], [34.04932, 0.10782], [34.04789, 0.10719], [34.04755, 0.10709], [34.04715, 0.10703], [34.04681, 0.10703], [34.04653, 0.10709], [34.04627, 0.1072], [34.04555, 0.10765], [34.04503, 0.10795], [34.04477, 0.10807], [34.04458, 0.10812], [34.04442, 0.10813], [34.04424, 0.1081], [34.04409, 0.10804], [34.04394, 0.10792], [34.04385, 0.10779], [34.04378, 0.10765], [34.04374, 0.10742], [34.04375, 0.10717], [34.04384, 0.10675], [34.04391, 0.10636], [34.04393, 0.10599], [34.04391, 0.10553], [34.04384, 0.10515], [34.04371, 0.10408], [34.04368, 0.10352], [34.04368, 0.10303], [34.04371, 0.1027], [34.04376, 0.10222], [34.04381, 0.10178], [34.04382, 0.10146], [34.04377, 0.1012], [34.04373, 0.10102], [34.04364, 0.10084], [34.04349, 0.1006], [34.04324, 0.10033], [34.04276, 0.09989], [34.04212, 0.09935], [34.04152, 0.09884], [34.04102, 0.0985], [34.04071, 0.09829], [34.04032, 0.09812]]}}, {"type": "Feature", "properties": {"name": "Nzoia River", "source": "OpenStreetMap contributors (ODbL)"}, "geometry": {"type": "LineString", "coordinates": [[34.29321, 0.2179], [34.29303, 0.21753], [34.29292, 0.2172], [34.29281, 0.21684], [34.29278, 0.21664], [34.29282, 0.21645], [34.29302, 0.21612], [34.2932, 0.21589], [34.2934, 0.21558], [34.29351, 0.21529], [34.29365, 0.2148], [34.29371, 0.21442], [34.2937, 0.21417], [34.29365, 0.21384], [34.29354, 0.21345], [34.29342, 0.21315], [34.29311, 0.21271], [34.29299, 0.21259], [34.29273, 0.21242], [34.29241, 0.21222], [34.29205, 0.21194], [34.29171, 0.21157], [34.29148, 0.21115], [34.29143, 0.21091], [34.29138, 0.21056], [34.29136, 0.21039], [34.29139, 0.21014], [34.29137, 0.20977], [34.29129, 0.20948], [34.29122, 0.20927], [34.2911, 0.20903], [34.29092, 0.20875], [34.29045, 0.20791], [34.2896, 0.20648], [34.28898, 0.20532], [34.28889, 0.20512], [34.28867, 0.20476], [34.28847, 0.20436], [34.28836, 0.20404], [34.28828, 0.20378], [34.28819, 0.2036], [34.28807, 0.20347], [34.2879, 0.20331], [34.2875, 0.20303], [34.28724, 0.20287], [34.28701, 0.20276], [34.28654, 0.20265], [34.2859, 0.20253], [34.28527, 0.20235], [34.28459, 0.2021], [34.28413, 0.20186], [34.28371, 0.20164], [34.28351, 0.20158], [34.28308, 0.20151], [34.28262, 0.20143], [34.28223, 0.2014], [34.2818, 0.20138], [34.28137, 0.20143], [34.28093, 0.20146], [34.28049, 0.20148], [34.27993, 0.20149], [34.27943, 0.20151], [34.27918, 0.2015], [34.27891, 0.20147], [34.27864, 0.20143], [34.2784, 0.20133], [34.27821, 0.2012], [34.27803, 0.20106], [34.27786, 0.20088], [34.27772, 0.20064], [34.27761, 0.20038], [34.27751, 0.20011], [34.27745, 0.19982], [34.2774, 0.19907], [34.27741, 0.19871], [34.27742, 0.1985], [34.27739, 0.19835], [34.27731, 0.19822], [34.2772, 0.19813], [34.27666, 0.19784], [34.27637, 0.19763], [34.2759, 0.19734], [34.27569, 0.19717], [34.27546, 0.19702], [34.27492, 0.19682], [34.27464, 0.19673], [34.27398, 0.19636], [34.2736, 0.19618], [34.27337, 0.19609], [34.2731, 0.19594], [34.27292, 0.19586], [34.27252, 0.19575], [34.27229, 0.19565], [34.27183, 0.19548], [34.27152, 0.19534], [34.27104, 0.19519], [34.27057, 0.19508], [34.27011, 0.19493], [34.26969, 0.19476], [34.26946, 0.19464], [34.26917, 0.19444], [34.26891, 0.19421], [34.26861, 0.19394], [34.26835, 0.19374], [34.26792, 0.19356], [34.26764, 0.19343], [34.26729, 0.19335], [34.26665, 0.1932], [34.26602, 0.19306], [34.26565, 0.193], [34.26536, 0.19298], [34.26477, 0.19304], [34.26437, 0.19309], [34.26368, 0.19315], [34.26333, 0.19319], [34.26311, 0.19324], [34.26273, 0.19336], [34.26265, 0.19338], [34.26227, 0.19349], [34.2618, 0.19356], [34.26152, 0.19359], [34.26131, 0.19358], [34.26116, 0.19355], [34.26094, 0.19346], [34.26072, 0.19341], [34.26056, 0.19343], [34.26027, 0.19346], [34.25969, 0.19343], [34.25924, 0.1934], [34.25682, 0.19354], [34.25642, 0.19354], [34.25614, 0.19351], [34.25582, 0.19345], [34.25504, 0.19319], [34.25481, 0.1931], [34.25466, 0.19301], [34.25448, 0.19284], [34.25429, 0.19261], [34.25402, 0.1923], [34.25365, 0.192], [34.25362, 0.19197], [34.25357, 0.19185], [34.25355, 0.19179], [34.25346, 0.19171], [34.25331, 0.19162], [34.25322, 0.19155], [34.25311, 0.19141], [34.25301, 0.19123], [34.25295, 0.19105], [34.25291, 0.19087], [34.25292, 0.19069], [34.25297, 0.19054], [34.25306, 0.1904], [34.25318, 0.19026], [34.25337, 0.19006], [34.25371, 0.18981], [34.25404, 0.18957], [34.25422, 0.18938], [34.25436, 0.18918], [34.25455, 0.18891], [34.25465, 0.18871], [34.25485, 0.18827], [34.25497, 0.18799], [34.25503, 0.18775], [34.25505, 0.18752], [34.25503, 0.18733], [34.25502, 0.18722], [34.25499, 0.18712], [34.25494, 0.187], [34.25488, 0.18693], [34.2548, 0.18686], [34.25471, 0.18681], [34.25449, 0.18665], [34.25415, 0.18644], [34.25381, 0.18627], [34.25258, 0.18559], [34.25215, 0.18534], [34.25181, 0.18519], [34.25159, 0.18513], [34.2514, 0.18512], [34.25115, 0.18512], [34.25085, 0.18506], [34.25046, 0.18496], [34.25032, 0.18495], [34.2502, 0.18496], [34.2499, 0.18497], [34.2493, 0.18502], [34.24903, 0.18507], [34.24891, 0.18516], [34.24883, 0.18524], [34.24873, 0.18544], [34.24871, 0.18558], [34.24878, 0.18584], [34.24877, 0.1861], [34.24864, 0.18649], [34.24842, 0.18696], [34.24813, 0.1875], [34.24785, 0.188], [34.24767, 0.18819], [34.24755, 0.18827], [34.24744, 0.18835], [34.24731, 0.18851], [34.24715, 0.18865], [34.24698, 0.1888], [34.24664, 0.189], [34.24606, 0.18931], [34.24563, 0.1896], [34.24538, 0.18982], [34.24489, 0.1903], [34.24457, 0.1907], [34.24424, 0.19107], [34.24313, 0.19222], [34.24272, 0.19257], [34.24236, 0.19281], [34.24193, 0.19304], [34.24138, 0.19323], [34.24077, 0.19346], [34.24042, 0.19355], [34.24009, 0.1936], [34.23979, 0.19362], [34.2395, 0.19359], [34.23918, 0.19353], [34.23887, 0.19342], [34.23852, 0.19322], [34.23815, 0.19283], [34.23792, 0.19257], [34.23759, 0.19211], [34.23699, 0.1911], [34.23682, 0.19091], [34.23652, 0.19067], [34.23622, 0.19048], [34.23576, 0.19023], [34.23521, 0.19], [34.23477, 0.18979], [34.23378, 0.189], [34.23334, 0.18863], [34.23273, 0.18821], [34.23229, 0.18796], [34.23191, 0.18778], [34.23078, 0.18736], [34.23019, 0.18712], [34.22947, 0.18668], [34.22741, 0.18555], [34.22689, 0.18537], [34.22653, 0.18525], [34.22631, 0.18515], [34.22622, 0.18509], [34.22616, 0.185], [34.2261, 0.18487], [34.22606, 0.18475], [34.22606, 0.1846], [34.22606, 0.18448], [34.22609, 0.18434], [34.22616, 0.18416], [34.22626, 0.18398], [34.22666, 0.1834], [34.22693, 0.18306], [34.22729, 0.18267], [34.22741, 0.18251], [34.22749, 0.18239], [34.22754, 0.18226], [34.22756, 0.1821], [34.22757, 0.18196], [34.22753, 0.1818], [34.22746, 0.18165], [34.2272, 0.18115], [34.22644, 0.17989], [34.22628, 0.17955], [34.22618, 0.17932], [34.22611, 0.17902], [34.22602, 0.17846], [34.22571, 0.17715], [34.22562, 0.17672], [34.22561, 0.1765], [34.22566, 0.17635], [34.22576, 0.17606], [34.22586, 0.17576], [34.22602, 0.17527], [34.22616, 0.17484], [34.22627, 0.17431], [34.2263, 0.17412], [34.22636, 0.17374], [34.2264, 0.17344], [34.2265, 0.17304], [34.22661, 0.17273], [34.22666, 0.1725], [34.22668, 0.17235], [34.22668, 0.17223], [34.22662, 0.17185], [34.22649, 0.171], [34.22644, 0.17044], [34.22644, 0.17001], [34.22651, 0.16879], [34.22651, 0.16863], [34.22649, 0.16846], [34.22642, 0.16823], [34.22631, 0.16812], [34.22615, 0.16801], [34.22581, 0.16781], [34.22559, 0.16766], [34.22534, 0.16747], [34.22501, 0.16715], [34.22461, 0.1667], [34.22358, 0.1655], [34.22316, 0.16516], [34.2228, 0.16488], [34.22252, 0.16471], [34.2222, 0.16457], [34.22196, 0.16454], [34.22169, 0.16461], [34.22125, 0.16475], [34.22105, 0.16476], [34.22087, 0.16471], [34.22065, 0.16462], [34.22035, 0.16443], [34.22016, 0.16434], [34.21982, 0.16408], [34.21972, 0.16392], [34.21971, 0.16374], [34.21972, 0.16338], [34.21976, 0.16298], [34.21978, 0.16259], [34.21978, 0.16241], [34.21973, 0.16221], [34.2196, 0.162], [34.21942, 0.16177], [34.21884, 0.16124], [34.21836, 0.1609], [34.21788, 0.16053], [34.21696, 0.16011], [34.21639, 0.15994], [34.216, 0.15984], [34.21568, 0.15973], [34.21521, 0.15966], [34.21488, 0.15962], [34.21467, 0.15956], [34.21439, 0.15946], [34.21406, 0.15927], [34.21384, 0.15908], [34.21356, 0.15881], [34.21239, 0.1577], [34.21144, 0.15696], [34.21098, 0.15668], [34.21051, 0.15653], [34.21011, 0.1565], [34.20957, 0.15654], [34.20914, 0.1566], [34.20872, 0.15671], [34.20817, 0.15687], [34.20769, 0.15716], [34.20702, 0.15756], [34.20641, 0.15785], [34.20585, 0.15802], [34.20502, 0.15831], [34.20409, 0.15875]]}}, {"type": "Feature", "properties": {"name": "Nzoia River", "source": "OpenStreetMap contributors (ODbL)"}, "geometry": {"type": "LineString", "coordinates": [[34.39269, 0.27589], [34.3925, 0.27559], [34.39227, 0.2753], [34.3918, 0.27472], [34.39079, 0.27364], [34.39035, 0.2732], [34.38978, 0.27271], [34.3897, 0.27266], [34.38962, 0.27264], [34.38952, 0.27263], [34.38941, 0.27265], [34.38933, 0.27268], [34.3892, 0.27276], [34.38908, 0.27288], [34.38829, 0.27368], [34.38745, 0.27454], [34.38696, 0.27494], [34.38663, 0.27516], [34.38615, 0.27543], [34.38576, 0.27555], [34.38544, 0.27559], [34.38527, 0.27559], [34.38506, 0.27552], [34.38493, 0.27547], [34.38485, 0.27539], [34.38479, 0.2752], [34.38477, 0.27479], [34.38476, 0.27426], [34.38474, 0.27342], [34.38475, 0.27248], [34.38473, 0.27214], [34.3847, 0.2719], [34.38445, 0.27118], [34.38412, 0.27041], [34.38374, 0.26974], [34.38346, 0.26938], [34.38336, 0.26927], [34.38326, 0.2692], [34.38312, 0.26912], [34.38237, 0.26894], [34.38185, 0.26878], [34.38151, 0.26866], [34.38117, 0.26857], [34.38088, 0.26854], [34.38064, 0.26853], [34.38036, 0.26857], [34.37947, 0.26885], [34.37901, 0.26898], [34.37874, 0.26904], [34.37834, 0.26906], [34.37786, 0.26908], [34.37708, 0.26908], [34.37658, 0.26909], [34.37621, 0.26915], [34.37591, 0.26924], [34.37567, 0.26936], [34.37539, 0.26956], [34.3753, 0.2697], [34.37511, 0.27001], [34.37485, 0.2706], [34.37458, 0.27133], [34.37433, 0.27195], [34.37417, 0.27231], [34.37402, 0.27258], [34.37389, 0.27272], [34.37368, 0.27287], [34.3735, 0.27296], [34.3726, 0.27318], [34.37178, 0.27341], [34.37153, 0.27347], [34.37125, 0.27349], [34.37103, 0.27346], [34.37084, 0.27342], [34.37062, 0.27333], [34.37037, 0.27318], [34.37011, 0.27291], [34.36996, 0.2727], [34.3695, 0.27205], [34.36931, 0.2718], [34.36899, 0.27149], [34.36875, 0.27131], [34.36854, 0.27118], [34.36822, 0.27105], [34.36791, 0.27101], [34.36756, 0.27097], [34.36729, 0.27089], [34.36711, 0.27079], [34.36698, 0.27063], [34.36685, 0.27041], [34.36678, 0.27005], [34.36667, 0.26957], [34.36651, 0.2693], [34.3664, 0.26907], [34.36633, 0.26878], [34.36625, 0.26835], [34.36622, 0.26796], [34.36622, 0.2676], [34.36624, 0.26733], [34.36629, 0.26708], [34.36641, 0.26674], [34.36654, 0.26652], [34.36674, 0.26624], [34.36706, 0.26581], [34.36728, 0.26552], [34.36737, 0.26536], [34.36746, 0.26509], [34.3675, 0.2648], [34.36751, 0.26454], [34.36752, 0.26429], [34.3675, 0.26412], [34.36743, 0.26387], [34.36729, 0.26348], [34.3671, 0.2631], [34.36674, 0.26248], [34.3665, 0.26212], [34.36634, 0.26199], [34.36611, 0.26187], [34.36595, 0.26184], [34.36568, 0.26185], [34.36471, 0.26217], [34.36437, 0.26226], [34.36404, 0.2623], [34.36372, 0.26229], [34.36349, 0.26222], [34.36333, 0.26217], [34.36302, 0.26205], [34.36274, 0.26187], [34.36225, 0.2615], [34.36186, 0.26106], [34.3616, 0.26083], [34.3613, 0.26069], [34.36098, 0.26061], [34.36059, 0.26059], [34.36008, 0.26066], [34.3596, 0.26079], [34.3595, 0.26082], [34.35911, 0.26092], [34.3587, 0.26096], [34.35813, 0.26102], [34.35761, 0.2611], [34.35736, 0.26115], [34.35713, 0.26115], [34.35697, 0.26108], [34.35677, 0.2609], [34.35647, 0.26055], [34.35612, 0.26], [34.35605, 0.25993], [34.35584, 0.25965], [34.35556, 0.25937], [34.35543, 0.25924], [34.35522, 0.25909], [34.35496, 0.25892], [34.35322, 0.25807], [34.35292, 0.25791], [34.35274, 0.25773], [34.35253, 0.25747], [34.35236, 0.25724], [34.35217, 0.25708], [34.35204, 0.257], [34.3517, 0.25692], [34.35152, 0.25683], [34.35093, 0.25641], [34.35081, 0.25638], [34.3506, 0.25638], [34.35043, 0.25629], [34.35025, 0.25603], [34.35011, 0.2559], [34.3497, 0.25566], [34.34939, 0.25535], [34.34922, 0.25515], [34.34915, 0.25502], [34.34907, 0.25477], [34.34907, 0.25437], [34.34919, 0.25359], [34.3493, 0.25281], [34.34929, 0.25269], [34.34925, 0.25253], [34.34911, 0.2523], [34.34897, 0.25219], [34.34856, 0.25179], [34.34832, 0.25153], [34.34814, 0.25121], [34.34793, 0.25082], [34.34764, 0.25043], [34.34733, 0.25027], [34.34684, 0.25019], [34.34575, 0.25009], [34.34491, 0.25009], [34.3443, 0.25005], [34.34387, 0.24995], [34.34356, 0.24985], [34.34308, 0.24971], [34.34226, 0.24959], [34.34145, 0.24954], [34.34061, 0.24955], [34.34016, 0.24963], [34.33918, 0.24988], [34.33875, 0.24996], [34.33846, 0.25001], [34.33778, 0.25005], [34.33734, 0.25009], [34.33667, 0.25032], [34.33618, 0.25047], [34.33585, 0.25056], [34.3356, 0.25061], [34.33536, 0.25061], [34.33516, 0.25058], [34.33496, 0.25052], [34.33463, 0.25033], [34.33442, 0.25021], [34.33404, 0.24997], [34.33351, 0.24968], [34.33262, 0.24926], [34.33185, 0.2489], [34.33104, 0.24858], [34.32887, 0.24778], [34.32778, 0.2474], [34.32711, 0.24711], [34.32674, 0.24699], [34.32648, 0.24693], [34.32581, 0.24686], [34.32465, 0.24675], [34.32408, 0.24668], [34.3237, 0.24657], [34.32167, 0.24571], [34.32138, 0.24559], [34.32115, 0.24553], [34.32053, 0.2454], [34.3198, 0.24533], [34.31942, 0.24528], [34.31912, 0.24522], [34.31872, 0.2451], [34.31772, 0.24476], [34.31718, 0.24458], [34.3166, 0.24444], [34.3154, 0.24415], [34.31397, 0.24377], [34.31265, 0.24337], [34.31165, 0.24303], [34.31085, 0.24272], [34.31007, 0.24238], [34.30988, 0.24231], [34.30975, 0.24228], [34.30951, 0.24223], [34.30919, 0.24221], [34.30806, 0.24219], [34.30725, 0.24214], [34.30653, 0.24206], [34.30555, 0.24194], [34.30503, 0.24188], [34.30463, 0.24179], [34.30414, 0.24165], [34.30357, 0.24144], [34.30319, 0.24125], [34.30277, 0.24102], [34.30241, 0.24078], [34.30213, 0.24055], [34.30164, 0.24018], [34.30134, 0.2399], [34.30111, 0.23961], [34.30094, 0.23931], [34.30084, 0.23906], [34.30078, 0.23879], [34.30073, 0.23844], [34.30072, 0.23813], [34.30075, 0.23784], [34.30082, 0.23747], [34.30094, 0.23707], [34.30111, 0.23638], [34.3012, 0.23584], [34.30125, 0.23536], [34.30128, 0.23474], [34.30133, 0.23385], [34.30143, 0.23319], [34.30166, 0.23216], [34.30174, 0.23179], [34.30181, 0.23132], [34.30183, 0.23092], [34.30181, 0.23062], [34.30172, 0.23026], [34.30162, 0.22978], [34.30151, 0.22942], [34.30136, 0.22901], [34.30095, 0.22813], [34.30041, 0.227], [34.29988, 0.22585], [34.29964, 0.22543], [34.29928, 0.2249], [34.2989, 0.22444], [34.29853, 0.22399], [34.29821, 0.22346], [34.29799, 0.22304], [34.29781, 0.22259], [34.29762, 0.22204], [34.29736, 0.22133], [34.29711, 0.22089], [34.29689, 0.22063], [34.29662, 0.22049], [34.29638, 0.22046], [34.296, 0.22047], [34.2956, 0.22042], [34.29508, 0.22027], [34.29467, 0.22007], [34.29439, 0.21985], [34.29417, 0.21956], [34.29393, 0.21906], [34.29375, 0.21865], [34.29345, 0.21826], [34.29321, 0.2179]]}}, {"type": "Feature", "properties": {"name": "Nzoia River", "source": "OpenStreetMap contributors (ODbL)"}, "geometry": {"type": "LineString", "coordinates": [[34.48067, 0.35458], [34.48067, 0.35453], [34.48066, 0.35443], [34.48068, 0.35436], [34.48081, 0.35413], [34.48095, 0.35387], [34.48115, 0.35341], [34.48115, 0.3533], [34.48113, 0.35321], [34.48112, 0.35315], [34.48106, 0.35294], [34.48101, 0.35281], [34.48098, 0.35266], [34.48098, 0.35234], [34.48107, 0.35185], [34.48114, 0.35148], [34.48116, 0.35135], [34.48112, 0.35124], [34.4811, 0.35115], [34.48107, 0.35105], [34.48093, 0.35086], [34.4806, 0.3505], [34.48009, 0.35008], [34.47968, 0.34978], [34.47859, 0.34911], [34.47784, 0.34862], [34.47741, 0.34836], [34.47718, 0.34826], [34.47706, 0.34823], [34.47694, 0.34823], [34.47677, 0.34823], [34.47604, 0.34838], [34.47547, 0.34848], [34.47481, 0.34854], [34.47437, 0.34855], [34.47404, 0.34856], [34.47389, 0.3486], [34.47364, 0.34874], [34.47327, 0.34898], [34.47295, 0.34924], [34.47267, 0.34944], [34.47238, 0.34959], [34.47204, 0.34976], [34.47165, 0.34992], [34.47125, 0.35003], [34.47098, 0.35007], [34.47075, 0.35007], [34.47065, 0.35005], [34.47057, 0.35002], [34.47047, 0.34996], [34.47043, 0.34985], [34.47035, 0.34971], [34.47027, 0.34958], [34.47021, 0.34951], [34.47008, 0.34938], [34.4698, 0.34912], [34.46954, 0.34886], [34.46929, 0.3487], [34.46784, 0.34792], [34.46644, 0.34716], [34.46585, 0.34684], [34.46555, 0.3467], [34.46474, 0.34639], [34.46388, 0.34605], [34.46306, 0.34566], [34.46209, 0.34517], [34.46138, 0.34479], [34.46088, 0.34456], [34.4604, 0.34439], [34.46008, 0.34431], [34.45984, 0.34423], [34.45936, 0.34396], [34.45839, 0.34348], [34.45775, 0.34321], [34.4567, 0.34269], [34.45614, 0.34241], [34.45528, 0.34202], [34.45452, 0.34171], [34.45388, 0.3414], [34.45363, 0.34131], [34.45331, 0.34122], [34.45298, 0.34112], [34.45275, 0.34102], [34.45255, 0.34091], [34.4524, 0.34081], [34.45198, 0.34052], [34.45161, 0.34036], [34.45113, 0.34017], [34.45076, 0.34], [34.45021, 0.33976], [34.44961, 0.33946], [34.44889, 0.33917], [34.44832, 0.33889], [34.44787, 0.33866], [34.44758, 0.3385], [34.44734, 0.33842], [34.44712, 0.33837], [34.44693, 0.33837], [34.44673, 0.33845], [34.44636, 0.33863], [34.44582, 0.33893], [34.44541, 0.33917], [34.44512, 0.3393], [34.44489, 0.33932], [34.44471, 0.33931], [34.44452, 0.33924], [34.44435, 0.3391], [34.44422, 0.33903], [34.44399, 0.33906], [34.44383, 0.33908], [34.4436, 0.33913], [34.44337, 0.3391], [34.44322, 0.33902], [34.4429, 0.33864], [34.44219, 0.3378], [34.44193, 0.33739], [34.44139, 0.33632], [34.44122, 0.33586], [34.44119, 0.33578], [34.44115, 0.33567], [34.44105, 0.3355], [34.44099, 0.33544], [34.44086, 0.33536], [34.44078, 0.3353], [34.44063, 0.33525], [34.4401, 0.33513], [34.43972, 0.33507], [34.43944, 0.33496], [34.43911, 0.33481], [34.4389, 0.33467], [34.43867, 0.33447], [34.43832, 0.33417], [34.43822, 0.33407], [34.43809, 0.33397], [34.43797, 0.33391], [34.43783, 0.33385], [34.43667, 0.33358], [34.43637, 0.33348], [34.43601, 0.33338], [34.43566, 0.33325], [34.43531, 0.33305], [34.43494, 0.33285], [34.43467, 0.33274], [34.43442, 0.33269], [34.4339, 0.33269], [34.43328, 0.33264], [34.4319, 0.3324], [34.43125, 0.3323], [34.4308, 0.33221], [34.43039, 0.33211], [34.42989, 0.33196], [34.42927, 0.33178], [34.42863, 0.33155], [34.42808, 0.33137], [34.42743, 0.33124], [34.42699, 0.33114], [34.42671, 0.3311], [34.4265, 0.33108], [34.42613, 0.33113], [34.42551, 0.33121], [34.4251, 0.33124], [34.42477, 0.33121], [34.42305, 0.331], [34.42211, 0.3309], [34.42155, 0.33085], [34.42127, 0.33076], [34.421, 0.33063], [34.42043, 0.33036], [34.42019, 0.33022], [34.41988, 0.33005], [34.41958, 0.32983], [34.41936, 0.32968], [34.41915, 0.3295], [34.4189, 0.32919], [34.41819, 0.32846], [34.4179, 0.32807], [34.41763, 0.32775], [34.41704, 0.32713], [34.41677, 0.32688], [34.41624, 0.32636], [34.41569, 0.32577], [34.41541, 0.32543], [34.41528, 0.3252], [34.41517, 0.32496], [34.41503, 0.32458], [34.41486, 0.32419], [34.41459, 0.32368], [34.41421, 0.32309], [34.41403, 0.32271], [34.41392, 0.32249], [34.41385, 0.32229], [34.41383, 0.32208], [34.41385, 0.32184], [34.41385, 0.32171], [34.41383, 0.32161], [34.41382, 0.32157], [34.41378, 0.32151], [34.41371, 0.32145], [34.41367, 0.32139], [34.4135, 0.32113], [34.41332, 0.32081], [34.41311, 0.32062], [34.41288, 0.32045], [34.41197, 0.3196], [34.4117, 0.31941], [34.41151, 0.31923], [34.41132, 0.31902], [34.41109, 0.31871], [34.41078, 0.31816], [34.41059, 0.31777], [34.41049, 0.31754], [34.41043, 0.3173], [34.41034, 0.31707], [34.41023, 0.3169], [34.41004, 0.31668], [34.40983, 0.31642], [34.4096, 0.31611], [34.40942, 0.31578], [34.40922, 0.31543], [34.40908, 0.31517], [34.40895, 0.31492], [34.40882, 0.3146], [34.40877, 0.31442], [34.40874, 0.3143], [34.40875, 0.3142], [34.40875, 0.31407], [34.40877, 0.31395], [34.4088, 0.31384], [34.40885, 0.31374], [34.40891, 0.31365], [34.40908, 0.3135], [34.40933, 0.3133], [34.40969, 0.31296], [34.40998, 0.31265], [34.41024, 0.31237], [34.41046, 0.31211], [34.4107, 0.31189], [34.41091, 0.31174], [34.4111, 0.31165], [34.41144, 0.31156], [34.41171, 0.3115], [34.41193, 0.31142], [34.41211, 0.31133], [34.41231, 0.31117], [34.41247, 0.31097], [34.41265, 0.31074], [34.41291, 0.31037], [34.41311, 0.31014], [34.41359, 0.30966], [34.41417, 0.30922], [34.41459, 0.30893], [34.41487, 0.30876], [34.41514, 0.30866], [34.41535, 0.30863], [34.41561, 0.30865], [34.41579, 0.30868], [34.41603, 0.30868], [34.41623, 0.30862], [34.41637, 0.30855], [34.41652, 0.30844], [34.4166, 0.30827], [34.41667, 0.30775], [34.4168, 0.30717], [34.41692, 0.30686], [34.41712, 0.30658], [34.41744, 0.3062], [34.41774, 0.30586], [34.41784, 0.30571], [34.41792, 0.30548], [34.41804, 0.30517], [34.41818, 0.30498], [34.41837, 0.30484], [34.41865, 0.3045], [34.41889, 0.30426], [34.41912, 0.30401], [34.41936, 0.30367], [34.41956, 0.30331], [34.41979, 0.30266], [34.42005, 0.30195], [34.42017, 0.30159], [34.4202, 0.30135], [34.42018, 0.30119], [34.42014, 0.301], [34.42001, 0.30071], [34.4196, 0.30025], [34.41929, 0.29991], [34.41914, 0.29962], [34.41873, 0.29905], [34.41835, 0.2986], [34.41823, 0.29847], [34.4181, 0.29835], [34.41796, 0.29829], [34.41788, 0.29828], [34.41782, 0.2983], [34.41776, 0.29836], [34.41765, 0.29843], [34.41759, 0.29844], [34.41754, 0.29843], [34.41751, 0.29839], [34.41744, 0.29832], [34.41731, 0.29813], [34.41716, 0.29779], [34.41713, 0.29772], [34.41714, 0.29761], [34.41716, 0.29746], [34.41726, 0.29727], [34.41735, 0.29693], [34.41736, 0.29665], [34.41733, 0.29637], [34.41727, 0.29621], [34.41714, 0.29603], [34.41694, 0.29583], [34.4168, 0.29555], [34.41628, 0.29419], [34.41612, 0.29365], [34.416, 0.29298], [34.41591, 0.29262], [34.41579, 0.29229], [34.41556, 0.29172], [34.41555, 0.29169], [34.41529, 0.29127], [34.41503, 0.29088], [34.41493, 0.29065], [34.41487, 0.2904], [34.41494, 0.28979], [34.41503, 0.28931], [34.41506, 0.28893], [34.41505, 0.28862], [34.4151, 0.28814], [34.41524, 0.28734], [34.41531, 0.28658], [34.4153, 0.2864], [34.4153, 0.28628], [34.41525, 0.28613], [34.41518, 0.286], [34.4151, 0.28591], [34.415, 0.28581], [34.41489, 0.28574], [34.41474, 0.28569], [34.41388, 0.28554], [34.41355, 0.28547], [34.41324, 0.28536], [34.41299, 0.28525], [34.41251, 0.28498], [34.41228, 0.28485], [34.41209, 0.28477], [34.41162, 0.28461], [34.41127, 0.28449], [34.41093, 0.28436], [34.41034, 0.28407], [34.40995, 0.28383], [34.4097, 0.28365], [34.40929, 0.28346], [34.40885, 0.28326], [34.40858, 0.28313], [34.40836, 0.28301], [34.40804, 0.2828], [34.40767, 0.28246], [34.40743, 0.28225], [34.40726, 0.28213], [34.40692, 0.28202], [34.40662, 0.28195], [34.40637, 0.28195], [34.40607, 0.28195], [34.40554, 0.282], [34.40524, 0.28209], [34.40504, 0.28219], [34.40482, 0.28234], [34.40446, 0.28257], [34.40406, 0.28278], [34.40364, 0.2829], [34.40334, 0.28295], [34.4031, 0.28293], [34.40277, 0.28284], [34.4025, 0.28274], [34.40222, 0.28267], [34.40202, 0.28256], [34.40183, 0.28239], [34.40172, 0.28224], [34.40162, 0.28208], [34.40146, 0.28181], [34.40118, 0.28145], [34.40105, 0.28131], [34.40088, 0.28118], [34.40052, 0.28104], [34.40025, 0.2809], [34.39974, 0.28061], [34.39954, 0.28053], [34.39925, 0.28046], [34.39879, 0.28036], [34.39847, 0.28029], [34.39792, 0.28009], [34.39749, 0.27994], [34.39698, 0.27981], [34.39659, 0.27967], [34.39617, 0.27946], [34.39533, 0.27903], [34.39491, 0.27878], [34.39446, 0.27848], [34.39414, 0.27825], [34.39388, 0.27802], [34.39368, 0.27782], [34.39346, 0.27754], [34.39319, 0.27702], [34.39297, 0.27648], [34.39283, 0.27614], [34.39269, 0.27589]]}}, {"type": "Feature", "properties": {"name": "Nzoia River", "source": "OpenStreetMap contributors (ODbL)"}, "geometry": {"type": "LineString", "coordinates": [[34.66903, 0.46067], [34.66861, 0.4602], [34.6681, 0.45969], [34.6674, 0.45906], [34.66694, 0.4587], [34.66656, 0.45849], [34.66594, 0.45822], [34.66537, 0.45809], [34.66507, 0.45807], [34.66458, 0.45813], [34.66417, 0.45819], [34.66366, 0.45833], [34.66339, 0.45842], [34.66278, 0.45913], [34.66254, 0.45926], [34.66202, 0.45946], [34.66158, 0.45962], [34.66127, 0.45959], [34.66093, 0.45949], [34.66077, 0.45938], [34.6605, 0.45917], [34.66025, 0.45889], [34.66007, 0.45852], [34.65997, 0.45828], [34.65984, 0.45759], [34.65967, 0.45696], [34.65945, 0.45636], [34.65905, 0.45546], [34.65857, 0.45433], [34.65837, 0.45381], [34.65826, 0.45359], [34.65814, 0.45341], [34.65794, 0.45323], [34.65775, 0.4531], [34.65742, 0.45292], [34.65672, 0.45249], [34.65638, 0.45234], [34.65581, 0.45219], [34.65542, 0.45208], [34.65524, 0.45206], [34.6551, 0.45205], [34.65476, 0.45208], [34.65445, 0.45214], [34.65419, 0.45224], [34.65379, 0.45243], [34.65351, 0.45266], [34.65251, 0.45353], [34.65173, 0.45409], [34.65139, 0.45434], [34.65126, 0.45436], [34.65117, 0.45431], [34.65096, 0.45408], [34.65061, 0.45366], [34.64946, 0.45284], [34.64882, 0.45235], [34.64828, 0.45186], [34.64756, 0.45116], [34.64698, 0.45044], [34.64609, 0.44955], [34.64566, 0.44929], [34.64537, 0.44922], [34.64494, 0.44913], [34.64432, 0.44901], [34.64386, 0.44898], [34.64232, 0.44916], [34.64201, 0.44922], [34.64159, 0.44935], [34.64121, 0.44954], [34.64051, 0.45009], [34.6398, 0.45054], [34.63948, 0.4507], [34.63921, 0.45082], [34.63892, 0.45084], [34.63696, 0.45094], [34.63634, 0.45099], [34.63585, 0.45095], [34.63516, 0.45087], [34.63463, 0.45086], [34.63344, 0.45108], [34.63279, 0.45128], [34.6326, 0.4514], [34.63238, 0.45169], [34.63197, 0.45251], [34.63166, 0.45301], [34.63146, 0.45337], [34.63104, 0.45423], [34.63083, 0.45468], [34.63075, 0.45497], [34.63075, 0.45529], [34.63081, 0.45559], [34.63089, 0.45583], [34.63216, 0.45804], [34.63224, 0.45829], [34.63225, 0.45853], [34.63221, 0.45878], [34.63212, 0.45903], [34.63201, 0.4592], [34.63181, 0.45938], [34.63111, 0.45993], [34.63091, 0.46011], [34.63061, 0.46053], [34.63022, 0.4611], [34.63001, 0.4613], [34.62925, 0.46188], [34.62884, 0.46215], [34.62862, 0.46224], [34.62828, 0.46235], [34.62805, 0.46234], [34.62777, 0.4623], [34.62746, 0.46217], [34.62717, 0.46198], [34.62694, 0.46175], [34.62672, 0.46137], [34.62663, 0.46111], [34.62669, 0.46087], [34.62685, 0.46073], [34.62702, 0.46063], [34.62723, 0.46051], [34.62745, 0.46026], [34.62756, 0.46008], [34.62763, 0.45982], [34.62762, 0.4596], [34.62759, 0.45936], [34.62753, 0.45907], [34.62733, 0.45885], [34.62719, 0.45873], [34.62692, 0.45871], [34.62671, 0.45873], [34.62645, 0.45881], [34.62593, 0.459], [34.62573, 0.45893], [34.62546, 0.45868], [34.62524, 0.45858], [34.62483, 0.45856], [34.62447, 0.45857], [34.62422, 0.45856], [34.62403, 0.45852], [34.62343, 0.45827], [34.62236, 0.45795], [34.62195, 0.4578], [34.6217, 0.45765], [34.62154, 0.45752], [34.62135, 0.45732], [34.62106, 0.45706], [34.62079, 0.4569], [34.62016, 0.45667], [34.61966, 0.45638], [34.61913, 0.45603], [34.61874, 0.45567], [34.61851, 0.4554], [34.6184, 0.45519], [34.61836, 0.45504], [34.61827, 0.45448], [34.618, 0.45347], [34.61778, 0.45302], [34.61752, 0.45274], [34.61736, 0.45249], [34.61728, 0.45235], [34.6172, 0.45213], [34.61707, 0.451], [34.61699, 0.45049], [34.61698, 0.45016], [34.61696, 0.45004], [34.61689, 0.44995], [34.6167, 0.44976], [34.61665, 0.44973], [34.61648, 0.44961], [34.61635, 0.44946], [34.61622, 0.44919], [34.61611, 0.44879], [34.61603, 0.44822], [34.61581, 0.44757], [34.61569, 0.44687], [34.61561, 0.44599], [34.61561, 0.44553], [34.61567, 0.4452], [34.61577, 0.44489], [34.61626, 0.44386], [34.61646, 0.44358], [34.6167, 0.44329], [34.61693, 0.44311], [34.61717, 0.44302], [34.61739, 0.44294], [34.61755, 0.44282], [34.61765, 0.44272], [34.61769, 0.44246], [34.61763, 0.44229], [34.61755, 0.44215], [34.61741, 0.44203], [34.61724, 0.44195], [34.61667, 0.44178], [34.6162, 0.44177], [34.6156, 0.44186], [34.61517, 0.44186], [34.61489, 0.44183], [34.61454, 0.44165], [34.61408, 0.44144], [34.61383, 0.44139], [34.61355, 0.44148], [34.61334, 0.44162], [34.613, 0.44197], [34.61246, 0.44269], [34.61192, 0.44326], [34.61132, 0.44396], [34.61066, 0.44472], [34.60972, 0.44565], [34.60844, 0.44679], [34.60754, 0.44755], [34.60709, 0.44795], [34.60672, 0.44842], [34.60623, 0.44892], [34.60591, 0.44925], [34.60571, 0.4494], [34.60556, 0.44946], [34.60539, 0.44951], [34.60519, 0.44954], [34.605, 0.44953], [34.60479, 0.44952], [34.60457, 0.44944], [34.60439, 0.44932], [34.60422, 0.44913], [34.60408, 0.44895], [34.6039, 0.44883], [34.60319, 0.44828], [34.60284, 0.44793], [34.60242, 0.4475], [34.60202, 0.4472], [34.60145, 0.44686], [34.60103, 0.44661], [34.6004, 0.44612], [34.59987, 0.44572], [34.59972, 0.44557], [34.59957, 0.44533], [34.59947, 0.4451], [34.5994, 0.44459], [34.59928, 0.44399], [34.59916, 0.44373], [34.599, 0.44357], [34.59879, 0.44345], [34.59844, 0.44342], [34.59816, 0.44336], [34.5978, 0.44323], [34.59675, 0.44281], [34.59605, 0.44254], [34.59591, 0.44252], [34.59578, 0.44253], [34.59563, 0.44262], [34.59524, 0.44323], [34.59499, 0.44355]]}}, {"type": "Feature", "properties": {"name": "Nzoia River", "source": "OpenStreetMap contributors (ODbL)"}, "geometry": {"type": "LineString", "coordinates": [[34.73496, 0.51749], [34.73447, 0.51703], [34.73399, 0.51664], [34.73359, 0.51636], [34.73325, 0.51612], [34.73293, 0.51596], [34.73247, 0.51583], [34.73208, 0.51587], [34.73183, 0.51583], [34.73152, 0.51574], [34.73082, 0.51551], [34.73011, 0.51514], [34.72958, 0.51487], [34.72934, 0.51469], [34.72905, 0.51433], [34.72889, 0.51394], [34.7288, 0.51348], [34.7287, 0.51286], [34.72857, 0.51199], [34.72844, 0.51119], [34.72832, 0.51079], [34.72825, 0.5106], [34.72814, 0.51038], [34.72795, 0.51016], [34.72696, 0.50964], [34.72662, 0.50947], [34.72616, 0.50914], [34.72573, 0.50885], [34.72543, 0.50849], [34.72519, 0.50817], [34.72499, 0.50795], [34.72496, 0.50793], [34.72462, 0.50771], [34.72384, 0.50747], [34.72311, 0.50711], [34.72268, 0.50682], [34.7224, 0.50656], [34.72219, 0.5063], [34.72196, 0.50606], [34.72172, 0.50592], [34.72149, 0.5059], [34.72136, 0.50593], [34.72121, 0.50597], [34.72099, 0.5061], [34.72078, 0.50644], [34.72049, 0.50697], [34.72032, 0.50736], [34.72018, 0.50775], [34.72001, 0.50799], [34.71971, 0.50823], [34.71925, 0.50859], [34.71889, 0.50886], [34.71856, 0.50902], [34.71827, 0.50905], [34.71799, 0.50901], [34.71766, 0.5089], [34.71737, 0.50864], [34.71715, 0.50845], [34.7169, 0.50838], [34.71668, 0.50838], [34.71631, 0.50843], [34.71596, 0.5085], [34.71574, 0.50845], [34.71525, 0.50817], [34.71507, 0.50803], [34.71472, 0.50772], [34.71421, 0.50684], [34.71399, 0.50649], [34.71375, 0.50627], [34.71336, 0.50576], [34.71315, 0.50544], [34.71284, 0.50512], [34.71232, 0.50459], [34.71216, 0.5045], [34.71189, 0.50446], [34.71185, 0.50443], [34.71174, 0.50434], [34.71144, 0.50388], [34.7108, 0.50313], [34.7101, 0.50239], [34.7099, 0.50231], [34.70979, 0.50232], [34.70956, 0.50239], [34.70906, 0.50277], [34.70881, 0.50293], [34.70866, 0.50296], [34.70839, 0.50292], [34.70785, 0.50281], [34.70741, 0.5027], [34.70725, 0.50268], [34.70707, 0.50273], [34.70692, 0.50287], [34.7067, 0.50346], [34.70638, 0.50415], [34.70614, 0.50445], [34.70583, 0.50469], [34.70537, 0.50498], [34.70505, 0.50514], [34.70466, 0.50534], [34.70435, 0.50548], [34.70414, 0.50551], [34.70284, 0.50574], [34.70246, 0.50583], [34.70216, 0.50579], [34.70183, 0.50556], [34.70159, 0.50528], [34.70129, 0.50507], [34.70069, 0.50479], [34.70041, 0.50468], [34.69983, 0.50435], [34.69941, 0.50404], [34.69925, 0.50384], [34.69912, 0.50351], [34.69904, 0.50282], [34.69887, 0.50246], [34.69875, 0.50225], [34.69854, 0.50203], [34.69836, 0.50191], [34.69813, 0.50183], [34.6977, 0.50176], [34.69739, 0.50161], [34.69725, 0.50149], [34.69709, 0.50131], [34.69696, 0.50121], [34.69676, 0.50102], [34.69661, 0.50084], [34.69645, 0.50046], [34.69634, 0.50021], [34.69614, 0.49966], [34.69601, 0.49918], [34.69595, 0.4988], [34.69588, 0.49849], [34.69573, 0.49821], [34.69556, 0.49802], [34.69487, 0.49732], [34.69444, 0.49678], [34.69423, 0.49649], [34.69412, 0.49625], [34.69407, 0.49609], [34.69405, 0.49583], [34.69409, 0.49551], [34.6942, 0.49507], [34.69433, 0.49468], [34.69442, 0.4944], [34.69445, 0.49421], [34.6944, 0.49394], [34.69432, 0.49361], [34.69422, 0.4934], [34.69404, 0.49321], [34.69365, 0.49308], [34.6933, 0.49301], [34.69277, 0.493], [34.6925, 0.49294], [34.69232, 0.49285], [34.69216, 0.49272], [34.69176, 0.49218], [34.69149, 0.49172], [34.69134, 0.4915], [34.6912, 0.49135], [34.6909, 0.49089], [34.69074, 0.4906], [34.69053, 0.49034], [34.69017, 0.48972], [34.68996, 0.48928], [34.6897, 0.48863], [34.6896, 0.48822], [34.6896, 0.48768], [34.68962, 0.48716], [34.68972, 0.48641], [34.68975, 0.4858], [34.68972, 0.48542], [34.68968, 0.48518], [34.68957, 0.4849], [34.68932, 0.48469], [34.68907, 0.48453], [34.68878, 0.48434], [34.6887, 0.48432], [34.68853, 0.48426], [34.6881, 0.48419], [34.68768, 0.4842], [34.68681, 0.48431], [34.68609, 0.48433], [34.68549, 0.48435], [34.68498, 0.48436], [34.68456, 0.4843], [34.68417, 0.48422], [34.68385, 0.48407], [34.68371, 0.48395], [34.68363, 0.48384], [34.68353, 0.48361], [34.68352, 0.4834], [34.68364, 0.48313], [34.68371, 0.48304], [34.68381, 0.48293], [34.6839, 0.48278], [34.68397, 0.48265], [34.68401, 0.48247], [34.68402, 0.48238], [34.684, 0.48228], [34.68396, 0.48222], [34.68391, 0.48216], [34.68379, 0.48209], [34.68361, 0.48206], [34.68347, 0.48208], [34.68176, 0.48269], [34.68108, 0.4829], [34.6807, 0.48306], [34.68025, 0.48327], [34.68, 0.48337], [34.67971, 0.48348], [34.6794, 0.48352], [34.67917, 0.4835], [34.67894, 0.4834], [34.6785, 0.48304], [34.67826, 0.48289], [34.67791, 0.48274], [34.6777, 0.48267], [34.67746, 0.48267], [34.67688, 0.48272], [34.67652, 0.48268], [34.67629, 0.48259], [34.67617, 0.48248], [34.67612, 0.48239], [34.676, 0.48224], [34.67598, 0.48209], [34.67611, 0.48172], [34.67632, 0.48125], [34.67692, 0.48011], [34.67715, 0.47985], [34.67757, 0.47931], [34.67767, 0.47893], [34.67777, 0.4781], [34.67812, 0.47644], [34.67837, 0.47559], [34.67879, 0.4743], [34.67885, 0.4741], [34.67886, 0.47383], [34.67886, 0.47311], [34.67885, 0.47149], [34.67877, 0.47125], [34.67867, 0.47098], [34.67851, 0.47076], [34.67835, 0.47058], [34.67811, 0.47036], [34.67795, 0.47029], [34.67689, 0.47021], [34.67619, 0.47016], [34.67572, 0.47013], [34.67529, 0.46998], [34.67467, 0.46977], [34.67431, 0.46954], [34.67396, 0.4692], [34.67367, 0.46877], [34.67341, 0.46842], [34.67296, 0.46811], [34.67291, 0.46808], [34.67271, 0.46782], [34.67259, 0.46763], [34.67254, 0.46738], [34.67252, 0.46723], [34.67252, 0.46669], [34.67249, 0.46632], [34.67241, 0.46599], [34.67228, 0.46562], [34.67218, 0.46538], [34.67201, 0.46507], [34.67188, 0.4649], [34.67162, 0.4647], [34.67128, 0.4645], [34.67075, 0.4643], [34.67027, 0.4641], [34.67, 0.46386], [34.66989, 0.46373], [34.66985, 0.46358], [34.66974, 0.46296], [34.66917, 0.46101], [34.66914, 0.46087], [34.66903, 0.46067]]}}, {"type": "Feature", "properties": {"name": "Nzoia River", "source": "OpenStreetMap contributors (ODbL)"}, "geometry": {"type": "LineString", "coordinates": [[34.81053, 0.58756], [34.81087, 0.5873], [34.81102, 0.58717], [34.81109, 0.58706], [34.8111, 0.58699], [34.81107, 0.5869], [34.81101, 0.58679], [34.811, 0.58663], [34.81104, 0.58651], [34.81119, 0.58628], [34.81143, 0.58607], [34.81162, 0.5859], [34.81164, 0.58581], [34.81158, 0.58574], [34.81143, 0.58567], [34.81129, 0.5856], [34.81099, 0.5855], [34.81082, 0.58539], [34.81073, 0.58528], [34.81063, 0.58506], [34.81056, 0.58488], [34.81049, 0.58478], [34.81038, 0.58471], [34.81024, 0.58467], [34.81, 0.5847], [34.80961, 0.58476], [34.80938, 0.5848], [34.80837, 0.58514], [34.80784, 0.58534], [34.80723, 0.58563], [34.80677, 0.58583], [34.80647, 0.58591], [34.80601, 0.58591], [34.80586, 0.58587], [34.80578, 0.58582], [34.80565, 0.58574], [34.80547, 0.5857], [34.8054, 0.5857], [34.80529, 0.58574], [34.80516, 0.58573], [34.80499, 0.58569], [34.80456, 0.58565], [34.80435, 0.58559], [34.80412, 0.58549], [34.80389, 0.58537], [34.80346, 0.58518], [34.80304, 0.58504], [34.80263, 0.58491], [34.80235, 0.5848], [34.8022, 0.58473], [34.80202, 0.58463], [34.80137, 0.58421], [34.80044, 0.58369], [34.80008, 0.58349], [34.79844, 0.58278], [34.79819, 0.58267], [34.79785, 0.58253], [34.79758, 0.58238], [34.79738, 0.58223], [34.79702, 0.58191], [34.79667, 0.58136], [34.7966, 0.58129], [34.79647, 0.58121], [34.7963, 0.58099], [34.79616, 0.5808], [34.7961, 0.58071], [34.79604, 0.58065], [34.79577, 0.58045], [34.79407, 0.57934], [34.79354, 0.57899], [34.79298, 0.57871], [34.79228, 0.5784], [34.79204, 0.57828], [34.79187, 0.57818], [34.79176, 0.57809], [34.79158, 0.57792], [34.79138, 0.57769], [34.79113, 0.57734], [34.79012, 0.57586], [34.78959, 0.57515], [34.78901, 0.57448], [34.78883, 0.57435], [34.78855, 0.57425], [34.78835, 0.57424], [34.78813, 0.57425], [34.78796, 0.57431], [34.78784, 0.57439], [34.78766, 0.57455], [34.78738, 0.57471], [34.7869, 0.57473], [34.78642, 0.57474], [34.78567, 0.57494], [34.78503, 0.57513], [34.78467, 0.57516], [34.78429, 0.57515], [34.78405, 0.5751], [34.78378, 0.575], [34.78374, 0.57498], [34.78352, 0.57485], [34.78332, 0.57468], [34.78318, 0.57445], [34.7831, 0.57416], [34.78281, 0.57317], [34.78269, 0.57301], [34.78256, 0.57289], [34.78239, 0.57277], [34.78222, 0.57273], [34.78187, 0.57279], [34.78166, 0.5728], [34.78141, 0.57275], [34.7812, 0.57274], [34.78084, 0.57266], [34.78068, 0.57253], [34.78063, 0.5724], [34.78053, 0.57219], [34.78038, 0.57206], [34.78013, 0.57199], [34.77971, 0.57193], [34.77944, 0.57192], [34.77902, 0.57173], [34.77896, 0.57171], [34.77887, 0.57163], [34.7787, 0.57148], [34.77849, 0.57119], [34.77819, 0.57077], [34.77789, 0.5705], [34.77756, 0.57018], [34.77723, 0.56982], [34.7768, 0.56927], [34.77653, 0.56898], [34.77609, 0.56864], [34.77535, 0.56813], [34.77532, 0.56811], [34.77506, 0.56793], [34.77482, 0.56785], [34.77457, 0.56776], [34.77437, 0.56769], [34.77415, 0.56756], [34.77394, 0.56737], [34.77381, 0.56719], [34.77375, 0.56704], [34.77369, 0.56693], [34.77366, 0.56673], [34.77366, 0.56648], [34.7737, 0.56624], [34.77378, 0.56593], [34.77381, 0.56573], [34.77379, 0.56553], [34.77373, 0.56538], [34.77363, 0.56519], [34.7735, 0.56501], [34.7733, 0.5648], [34.773, 0.56451], [34.77245, 0.56401], [34.77187, 0.56334], [34.77146, 0.56292], [34.77121, 0.56274], [34.77071, 0.56248], [34.77029, 0.56234], [34.76994, 0.56227], [34.76966, 0.56223], [34.76928, 0.56223], [34.76901, 0.56226], [34.76865, 0.56234], [34.76821, 0.56242], [34.76772, 0.56242], [34.76739, 0.56235], [34.7671, 0.56232], [34.76685, 0.5623], [34.76662, 0.56236], [34.76649, 0.56243], [34.76631, 0.56247], [34.76621, 0.56247], [34.76608, 0.56241], [34.76594, 0.56234], [34.76561, 0.56231], [34.76547, 0.5623], [34.76539, 0.56229], [34.76521, 0.56224], [34.76511, 0.56219], [34.76438, 0.56137], [34.76429, 0.56123], [34.76424, 0.56102], [34.76425, 0.56083], [34.76432, 0.56048], [34.76436, 0.56022], [34.76435, 0.56001], [34.76434, 0.5599], [34.76427, 0.55974], [34.76389, 0.5591], [34.76383, 0.55896], [34.76381, 0.55884], [34.7638, 0.55874], [34.76386, 0.55865], [34.76408, 0.5585], [34.76438, 0.55843], [34.76456, 0.55834], [34.76469, 0.55825], [34.76478, 0.55812], [34.7648, 0.55798], [34.76483, 0.55775], [34.76489, 0.55758], [34.76503, 0.55731], [34.76514, 0.55715], [34.76544, 0.55687], [34.76585, 0.55649], [34.76616, 0.55608], [34.76627, 0.5559], [34.76633, 0.55571], [34.76636, 0.55553], [34.76637, 0.55545], [34.76631, 0.55533], [34.76622, 0.55521], [34.76599, 0.55496], [34.76571, 0.55468], [34.76441, 0.55348], [34.76387, 0.55297], [34.76341, 0.55251], [34.763, 0.55221], [34.76252, 0.55182], [34.76142, 0.55078], [34.7604, 0.5499], [34.76016, 0.54974], [34.76007, 0.54964], [34.76004, 0.5495], [34.76011, 0.54932], [34.76016, 0.54914], [34.76023, 0.54882], [34.7603, 0.54843], [34.76039, 0.54823], [34.76059, 0.54796], [34.76068, 0.54774], [34.76076, 0.54739], [34.76087, 0.54686], [34.76093, 0.54658], [34.76096, 0.54633], [34.76097, 0.5461], [34.76093, 0.54596], [34.76082, 0.54577], [34.76071, 0.54566], [34.76055, 0.54549], [34.7603, 0.54533], [34.76012, 0.54527], [34.75991, 0.5452], [34.75918, 0.54508], [34.75865, 0.54496], [34.75835, 0.54486], [34.75805, 0.54473], [34.75783, 0.54462], [34.75758, 0.54444], [34.75631, 0.54319], [34.75591, 0.54283], [34.75561, 0.54255], [34.75543, 0.54234], [34.7553, 0.54214], [34.75522, 0.54198], [34.75517, 0.5417], [34.75519, 0.54109], [34.75521, 0.54077], [34.75522, 0.54029], [34.75522, 0.5402], [34.7552, 0.53996], [34.7551, 0.53967], [34.75486, 0.53935], [34.75464, 0.53911], [34.75454, 0.53906], [34.75437, 0.53899], [34.75391, 0.53892], [34.75359, 0.53891], [34.7533, 0.53897], [34.75275, 0.53919], [34.75253, 0.53924], [34.75232, 0.53922], [34.75214, 0.53918], [34.75191, 0.5391], [34.75164, 0.53893], [34.75141, 0.53874], [34.75119, 0.53854], [34.75094, 0.5383], [34.7508, 0.53812], [34.75069, 0.53796], [34.75056, 0.53773], [34.75043, 0.53735], [34.75037, 0.53714], [34.75029, 0.53689], [34.75016, 0.53659], [34.74999, 0.53632], [34.74982, 0.53604], [34.74967, 0.53578], [34.74958, 0.53552], [34.7495, 0.53506], [34.74943, 0.53452], [34.74937, 0.53436], [34.74929, 0.53424], [34.7492, 0.53414], [34.74907, 0.53402], [34.74888, 0.53395], [34.74871, 0.53392], [34.74855, 0.53391], [34.74834, 0.53392], [34.74821, 0.53396], [34.74797, 0.53405], [34.74779, 0.53413], [34.74761, 0.53426], [34.7474, 0.53451], [34.74714, 0.53488], [34.74678, 0.53518], [34.74649, 0.53551], [34.74634, 0.53574], [34.74612, 0.536], [34.74601, 0.53605], [34.74585, 0.53609], [34.74549, 0.53611], [34.74521, 0.53608], [34.74481, 0.536], [34.74439, 0.53582], [34.74406, 0.53557], [34.74378, 0.53546], [34.74343, 0.53543], [34.74309, 0.53543], [34.7428, 0.53542], [34.74258, 0.53535], [34.74245, 0.53528], [34.74225, 0.53505], [34.74208, 0.53463], [34.74195, 0.53404], [34.7418, 0.53376], [34.74178, 0.53358], [34.74176, 0.53345], [34.74182, 0.5331], [34.74179, 0.533], [34.74173, 0.53294], [34.7415, 0.53278], [34.74085, 0.53227], [34.74035, 0.53197], [34.73992, 0.53183], [34.7397, 0.53177], [34.73958, 0.53171], [34.73953, 0.53168], [34.73923, 0.53145], [34.73891, 0.53103], [34.7382, 0.52999], [34.73807, 0.5298], [34.73796, 0.52959], [34.73788, 0.52928], [34.73775, 0.52887], [34.73763, 0.52853], [34.73746, 0.52827], [34.73737, 0.52806], [34.7373, 0.52778], [34.7372, 0.52727], [34.73707, 0.52652], [34.73688, 0.52593], [34.73672, 0.5254], [34.73659, 0.52493], [34.73647, 0.5244], [34.73635, 0.52412], [34.73616, 0.52377], [34.73592, 0.52323], [34.7355, 0.52224], [34.73533, 0.52181], [34.73529, 0.5215], [34.73532, 0.52125], [34.7354, 0.52106], [34.73554, 0.52075], [34.73555, 0.52055], [34.73551, 0.5204], [34.73494, 0.51964], [34.73487, 0.51946], [34.73485, 0.51909], [34.73491, 0.51879], [34.73512, 0.51842], [34.73518, 0.51789], [34.73511, 0.51768], [34.73496, 0.51749]]}}, {"type": "Feature", "properties": {"name": "Nzoia River", "source": "OpenStreetMap contributors (ODbL)"}, "geometry": {"type": "LineString", "coordinates": [[35.1163, 0.88149], [35.11603, 0.88115], [35.11583, 0.88097], [35.11553, 0.88104], [35.11524, 0.88133], [35.11508, 0.88155], [35.11491, 0.88175], [35.11453, 0.8817], [35.11435, 0.88128], [35.11438, 0.88089], [35.11416, 0.88061], [35.11399, 0.88033], [35.11407, 0.88004], [35.1139, 0.87979], [35.11343, 0.87964], [35.1132, 0.87956], [35.11313, 0.87932], [35.11315, 0.87911], [35.11294, 0.87909], [35.11247, 0.87907], [35.11204, 0.87907], [35.11189, 0.87872], [35.11178, 0.87838], [35.11154, 0.87836], [35.11144, 0.87861], [35.11139, 0.87892], [35.11096, 0.87919], [35.11058, 0.87904], [35.11051, 0.8787], [35.11043, 0.87846], [35.11036, 0.878], [35.11, 0.87776], [35.10984, 0.87767], [35.10946, 0.8778], [35.10931, 0.87767], [35.10944, 0.8774], [35.10978, 0.87696], [35.10972, 0.87655], [35.10946, 0.87627], [35.10931, 0.87583], [35.10927, 0.87551], [35.10924, 0.87521], [35.10889, 0.87484], [35.10863, 0.87476], [35.10836, 0.8748], [35.10799, 0.87492], [35.10765, 0.87492], [35.10735, 0.87488], [35.10726, 0.87512], [35.10701, 0.87518], [35.10664, 0.87507], [35.10668, 0.8746], [35.1067, 0.87427], [35.10689, 0.87417], [35.10702, 0.8737], [35.10633, 0.87366], [35.10573, 0.87368], [35.10541, 0.8731], [35.10512, 0.87289], [35.10466, 0.87293], [35.10446, 0.87314], [35.10437, 0.87364], [35.10407, 0.87396], [35.10378, 0.87389], [35.10356, 0.87372], [35.10317, 0.8734], [35.10313, 0.87304], [35.10358, 0.87293], [35.10371, 0.87276], [35.10341, 0.87252], [35.10296, 0.8725], [35.10255, 0.87246], [35.10217, 0.87233], [35.10187, 0.87265], [35.10176, 0.87304], [35.1015, 0.87297], [35.10141, 0.87268], [35.10124, 0.87278], [35.10084, 0.87307], [35.10094, 0.87339], [35.10114, 0.87354], [35.10114, 0.8738], [35.10092, 0.87399], [35.10047, 0.87403], [35.1, 0.87391], [35.09946, 0.87403], [35.09899, 0.8741], [35.09873, 0.87429], [35.09864, 0.87468], [35.09845, 0.87524], [35.09856, 0.87558], [35.09884, 0.87592], [35.09912, 0.87593], [35.09921, 0.87607], [35.09948, 0.87632], [35.09944, 0.87683], [35.09914, 0.87713], [35.09871, 0.87711], [35.09863, 0.87679], [35.09843, 0.8764], [35.09826, 0.87649], [35.09805, 0.87686], [35.09803, 0.87739], [35.09815, 0.87771], [35.09843, 0.87799], [35.09833, 0.87836], [35.09803, 0.87829], [35.09772, 0.87801], [35.0974, 0.8778], [35.09702, 0.87754], [35.0968, 0.87711], [35.0965, 0.87711], [35.09607, 0.87741], [35.09586, 0.87758], [35.09543, 0.87756], [35.09513, 0.87763], [35.09513, 0.87786], [35.09513, 0.8781], [35.09494, 0.87829], [35.09474, 0.87821], [35.09474, 0.87769], [35.09455, 0.87746], [35.09431, 0.87731], [35.09402, 0.87726], [35.0938, 0.87752], [35.09371, 0.87782], [35.09391, 0.87816], [35.09416, 0.87831], [35.09423, 0.87866], [35.0941, 0.87892], [35.09378, 0.87894], [35.09345, 0.87919], [35.09354, 0.87943], [35.09354, 0.87967], [35.09326, 0.87986], [35.09303, 0.87977], [35.09266, 0.87942], [35.09234, 0.87925], [35.0921, 0.87933], [35.09193, 0.87961], [35.09177, 0.87999], [35.09143, 0.88003], [35.09121, 0.87994], [35.09089, 0.87988], [35.09059, 0.88007], [35.09027, 0.88029], [35.08999, 0.88012], [35.08999, 0.87984], [35.08986, 0.87963], [35.08952, 0.87967], [35.0892, 0.87973], [35.08896, 0.87958], [35.08913, 0.87917], [35.08936, 0.87883], [35.08915, 0.87857], [35.0887, 0.87836], [35.08851, 0.87855], [35.08791, 0.87888], [35.0873, 0.87934], [35.08681, 0.87952], [35.0866, 0.87975], [35.08679, 0.88018], [35.08714, 0.88048], [35.08764, 0.88046], [35.08798, 0.88029], [35.08826, 0.88055], [35.08818, 0.881], [35.0876, 0.88143], [35.0871, 0.88151], [35.08672, 0.88151], [35.08635, 0.88173], [35.08618, 0.88205], [35.08597, 0.88185], [35.08579, 0.8816], [35.08575, 0.88124], [35.08549, 0.88108], [35.08519, 0.88125], [35.08498, 0.8816], [35.08519, 0.88188], [35.08526, 0.88213], [35.08489, 0.88233], [35.08455, 0.88219], [35.08427, 0.8822], [35.08436, 0.88254], [35.08472, 0.88288], [35.08495, 0.88293], [35.08519, 0.88336], [35.08519, 0.88402], [35.08521, 0.88432], [35.085, 0.88479], [35.08456, 0.88505], [35.08441, 0.88537], [35.08422, 0.88529], [35.08381, 0.88481], [35.08344, 0.88469], [35.08284, 0.88462], [35.08252, 0.88501], [35.08241, 0.88543], [35.08233, 0.88577], [35.08205, 0.88608], [35.08164, 0.88623], [35.08123, 0.88672], [35.08158, 0.88705], [35.08201, 0.88722], [35.08246, 0.88735], [35.08282, 0.88745], [35.08282, 0.88771], [35.08265, 0.8881], [35.08214, 0.88844], [35.08181, 0.88829], [35.08156, 0.88801], [35.0813, 0.8881], [35.08111, 0.88846], [35.08145, 0.88902], [35.08171, 0.88953], [35.08199, 0.8899], [35.0822, 0.88966], [35.08256, 0.88967], [35.0826, 0.89018], [35.0826, 0.89085], [35.08214, 0.89107], [35.08166, 0.89079], [35.08147, 0.89107], [35.08177, 0.89145], [35.08222, 0.89156], [35.08259, 0.89136], [35.08278, 0.89135], [35.08282, 0.89162], [35.08256, 0.8918], [35.08237, 0.89197], [35.08231, 0.89226], [35.08239, 0.89252], [35.08235, 0.89275], [35.08213, 0.89266], [35.08185, 0.89242], [35.08148, 0.89223], [35.08129, 0.89237], [35.08113, 0.89264], [35.0809, 0.8927], [35.0806, 0.89274], [35.08058, 0.89304], [35.08091, 0.89315], [35.08119, 0.89331], [35.08146, 0.89353], [35.08154, 0.89385], [35.08161, 0.89407], [35.08136, 0.89423], [35.08094, 0.89416], [35.08069, 0.89349], [35.08033, 0.89348], [35.08002, 0.89368], [35.08001, 0.89408], [35.08032, 0.89445], [35.08015, 0.89476], [35.07984, 0.89493], [35.07944, 0.89495], [35.07926, 0.89475], [35.07905, 0.89423], [35.0788, 0.89448], [35.07882, 0.8949], [35.0791, 0.89526], [35.07909, 0.89553], [35.07885, 0.89576], [35.07853, 0.89573], [35.07833, 0.89543], [35.07821, 0.89498], [35.07802, 0.89467], [35.07783, 0.89483], [35.07777, 0.89529], [35.0778, 0.89562], [35.07759, 0.89588], [35.07741, 0.8962], [35.07718, 0.8965], [35.07679, 0.89646], [35.07644, 0.89645], [35.07572, 0.89706], [35.07527, 0.89729], [35.07488, 0.89699], [35.07476, 0.8966], [35.07449, 0.89638], [35.07424, 0.89648], [35.07379, 0.89685], [35.07319, 0.89752], [35.07297, 0.89773], [35.07297, 0.89795], [35.07276, 0.89797], [35.07261, 0.89784], [35.07248, 0.89767], [35.07239, 0.89749], [35.07244, 0.89728], [35.07237, 0.897], [35.07227, 0.8967], [35.07211, 0.89651], [35.07179, 0.89649], [35.07145, 0.89644], [35.07119, 0.89638], [35.07102, 0.89621], [35.07098, 0.89597], [35.07094, 0.89571], [35.07072, 0.89559], [35.07029, 0.89552], [35.07003, 0.89552], [35.0699, 0.89544], [35.06978, 0.89524], [35.06954, 0.8946], [35.06939, 0.89445], [35.06915, 0.89443], [35.06905, 0.8946], [35.06903, 0.89479], [35.0689, 0.89496], [35.06862, 0.8952], [35.06812, 0.89552], [35.06787, 0.89574], [35.0678, 0.89612], [35.06789, 0.89646], [35.06806, 0.89668], [35.06793, 0.89685], [35.06761, 0.89687], [35.06712, 0.89668], [35.06688, 0.89644], [35.06656, 0.89603], [35.06633, 0.89571], [35.0661, 0.89548], [35.0658, 0.89541], [35.06552, 0.89548], [35.06534, 0.89559], [35.06507, 0.89573], [35.06474, 0.8958], [35.06447, 0.89567], [35.06406, 0.89539], [35.06378, 0.89526], [35.06335, 0.89533], [35.06298, 0.89554], [35.06258, 0.89554], [35.06223, 0.89554], [35.06179, 0.89581], [35.06126, 0.89596], [35.06072, 0.89607], [35.06043, 0.89622], [35.06031, 0.89647], [35.06029, 0.89673], [35.06019, 0.89703], [35.06008, 0.89722], [35.05967, 0.89731], [35.05935, 0.89723], [35.05922, 0.89693], [35.059, 0.89678], [35.05855, 0.89678], [35.05802, 0.89701], [35.05714, 0.89744], [35.05628, 0.89766], [35.05594, 0.89768], [35.0557, 0.8978], [35.05557, 0.89802], [35.05559, 0.89828], [35.05555, 0.89856], [35.05534, 0.89909], [35.0552, 0.8995], [35.05509, 0.89967], [35.05485, 0.89987], [35.05451, 0.89997], [35.05412, 0.9001], [35.05337, 0.90038], [35.05284, 0.90049], [35.05251, 0.90068], [35.05223, 0.90077], [35.05196, 0.90081], [35.05172, 0.9007], [35.0517, 0.90053], [35.05161, 0.9004], [35.05142, 0.90017], [35.05114, 0.89995], [35.05084, 0.89978], [35.0503, 0.89963], [35.04995, 0.89955], [35.04965, 0.89934], [35.0495, 0.89902], [35.0495, 0.89874], [35.04941, 0.89833], [35.04909, 0.89805], [35.04879, 0.8979], [35.04851, 0.89762], [35.04845, 0.89732], [35.04832, 0.89713], [35.04806, 0.89715], [35.04785, 0.89743], [35.04787, 0.89788], [35.04795, 0.89842], [35.048, 0.89899], [35.04791, 0.89942], [35.04761, 0.89975], [35.0471, 0.89985], [35.04634, 0.89989]]}}, {"type": "Feature", "properties": {"name": "Nzoia River", "source": "OpenStreetMap contributors (ODbL)"}, "geometry": {"type": "LineString", "coordinates": [[34.20409, 0.15875], [34.2035, 0.15908], [34.20298, 0.15938], [34.20256, 0.15968], [34.20223, 0.15993], [34.20136, 0.16072], [34.2008, 0.16128], [34.20055, 0.16146], [34.20007, 0.16171], [34.19962, 0.16192], [34.19914, 0.16209], [34.1987, 0.16224], [34.19835, 0.16238], [34.19804, 0.16254], [34.19781, 0.16275], [34.1976, 0.16298], [34.19748, 0.16316], [34.19686, 0.16429], [34.19658, 0.16466], [34.19638, 0.16489], [34.19608, 0.16519], [34.19577, 0.16552], [34.19564, 0.16569], [34.19553, 0.16595], [34.19529, 0.16647], [34.19491, 0.16749], [34.1948, 0.16767], [34.1947, 0.1678], [34.19456, 0.16792], [34.1944, 0.16803], [34.19419, 0.1681], [34.19398, 0.16817], [34.19378, 0.16819], [34.1935, 0.16819], [34.19286, 0.16818], [34.19242, 0.16816], [34.19201, 0.16812], [34.19174, 0.16808], [34.19149, 0.16799], [34.19083, 0.16765], [34.18957, 0.16696], [34.18901, 0.16658], [34.18879, 0.16647], [34.18866, 0.16642], [34.18849, 0.1664], [34.18823, 0.16638], [34.18779, 0.16642], [34.18714, 0.16644], [34.18655, 0.1664], [34.18592, 0.16635], [34.18563, 0.16634], [34.18529, 0.16636], [34.18499, 0.16641], [34.1845, 0.16647], [34.18405, 0.16646], [34.18323, 0.1664], [34.18284, 0.16638], [34.18259, 0.16634], [34.18224, 0.16623], [34.18195, 0.1661], [34.18179, 0.166], [34.18159, 0.16584], [34.18141, 0.16563], [34.18116, 0.1653], [34.18095, 0.16503], [34.18076, 0.16488], [34.18047, 0.1647], [34.18006, 0.16449], [34.17961, 0.16427], [34.17951, 0.16422], [34.17938, 0.16413], [34.17922, 0.16397], [34.17886, 0.16348], [34.17874, 0.16323], [34.17865, 0.16299], [34.17856, 0.16267], [34.17844, 0.16228], [34.17839, 0.16198], [34.17837, 0.16172], [34.17832, 0.16035], [34.1783, 0.15984], [34.17828, 0.15962], [34.17825, 0.15945], [34.17822, 0.15929], [34.17814, 0.15911], [34.1781, 0.159], [34.17801, 0.15885], [34.17789, 0.15873], [34.17771, 0.15856], [34.17749, 0.15834], [34.17722, 0.15804], [34.17651, 0.15708], [34.17592, 0.15631], [34.17531, 0.15553], [34.17507, 0.15525], [34.17488, 0.15505], [34.17467, 0.15492], [34.17449, 0.15485], [34.17435, 0.1548], [34.17406, 0.15473], [34.17348, 0.15474], [34.17285, 0.15475], [34.17232, 0.15478], [34.17173, 0.15484], [34.17145, 0.15493], [34.17116, 0.15508], [34.17043, 0.15549], [34.17011, 0.15567], [34.16991, 0.15575], [34.16966, 0.1558], [34.16942, 0.1558], [34.16925, 0.15579], [34.16905, 0.15574], [34.16882, 0.15565], [34.16784, 0.15521], [34.16736, 0.15498], [34.16695, 0.15483], [34.16645, 0.15465], [34.16608, 0.1545], [34.16575, 0.15444], [34.16537, 0.15439], [34.16496, 0.1544], [34.16449, 0.15444], [34.1641, 0.15451], [34.16365, 0.15455], [34.16323, 0.15454], [34.16293, 0.15448], [34.16263, 0.15444], [34.16242, 0.15437], [34.16224, 0.15426], [34.16202, 0.15408], [34.16177, 0.15382], [34.16147, 0.15349], [34.16115, 0.1532], [34.15958, 0.15189], [34.15901, 0.15138], [34.15835, 0.15066], [34.15775, 0.14991], [34.15747, 0.14954], [34.15734, 0.1494], [34.15723, 0.14933], [34.15679, 0.14902], [34.15642, 0.1488], [34.15614, 0.14869], [34.15591, 0.14862], [34.15555, 0.14852], [34.15488, 0.14836], [34.15449, 0.14826], [34.1542, 0.14817], [34.15399, 0.14807], [34.15346, 0.14777], [34.15287, 0.14743], [34.15251, 0.14723], [34.15226, 0.14701], [34.15207, 0.14681], [34.15187, 0.14657], [34.15173, 0.14638], [34.15164, 0.14622], [34.1516, 0.14604], [34.15158, 0.14575], [34.15148, 0.14535], [34.15141, 0.14514], [34.15133, 0.14496], [34.15125, 0.14483], [34.15108, 0.14464], [34.15084, 0.1444], [34.15013, 0.1438], [34.14954, 0.14327], [34.14872, 0.14245], [34.14808, 0.14183], [34.1473, 0.14119], [34.14663, 0.14068], [34.14612, 0.1403], [34.14593, 0.14019], [34.14576, 0.14012], [34.14559, 0.14008], [34.14535, 0.14009], [34.14515, 0.14012], [34.14501, 0.14015], [34.14483, 0.14022], [34.1446, 0.14038], [34.14441, 0.14052], [34.14423, 0.1407], [34.14412, 0.14081], [34.14399, 0.14102], [34.14392, 0.1412], [34.14388, 0.1414], [34.14389, 0.14162], [34.14389, 0.14191], [34.14395, 0.14234], [34.14408, 0.14274], [34.14422, 0.143], [34.14442, 0.14318]]}}, {"type": "Feature", "properties": {"name": "Nzoia River", "source": "OpenStreetMap contributors (ODbL)"}, "geometry": {"type": "LineString", "coordinates": [[34.84331, 0.66243], [34.84327, 0.66237], [34.84312, 0.66225], [34.84298, 0.66214], [34.84274, 0.66201], [34.84259, 0.66189], [34.84253, 0.66181], [34.84249, 0.66175], [34.84245, 0.66163], [34.84244, 0.6615], [34.84251, 0.66118], [34.84253, 0.66102], [34.84251, 0.66087], [34.84241, 0.66075], [34.84224, 0.66062], [34.84205, 0.66049], [34.84193, 0.66033], [34.84189, 0.66016], [34.84188, 0.66007], [34.84189, 0.65999], [34.84196, 0.65987], [34.84217, 0.6596], [34.84228, 0.65942], [34.84234, 0.65932], [34.84238, 0.65921], [34.84238, 0.65915], [34.84238, 0.65911], [34.84235, 0.65903], [34.84221, 0.6589], [34.84213, 0.65873], [34.84209, 0.65844], [34.84208, 0.65816], [34.84197, 0.65755], [34.84192, 0.65742], [34.84184, 0.65729], [34.8417, 0.65716], [34.84156, 0.65707], [34.84134, 0.65696], [34.84112, 0.65689], [34.84089, 0.65686], [34.84076, 0.65683], [34.84065, 0.65682], [34.84056, 0.65684], [34.84044, 0.65688], [34.84025, 0.65696], [34.84012, 0.65699], [34.84004, 0.65699], [34.83994, 0.65696], [34.83946, 0.65673], [34.83915, 0.65656], [34.83883, 0.65635], [34.83846, 0.65607], [34.83829, 0.6559], [34.83817, 0.65575], [34.83799, 0.6555], [34.83788, 0.65529], [34.83784, 0.65512], [34.83783, 0.65497], [34.83784, 0.65475], [34.83787, 0.65459], [34.83794, 0.65445], [34.83803, 0.65434], [34.83815, 0.6542], [34.8383, 0.65407], [34.83842, 0.65395], [34.83856, 0.65377], [34.83891, 0.6532], [34.83905, 0.65293], [34.83913, 0.65275], [34.83918, 0.6526], [34.8392, 0.65247], [34.83921, 0.65232], [34.8392, 0.65216], [34.83915, 0.65197], [34.83906, 0.65182], [34.83891, 0.65151]]}}, {"type": "Feature", "properties": {"name": "Nzoia River", "source": "OpenStreetMap contributors (ODbL)"}, "geometry": {"type": "LineString", "coordinates": [[34.04032, 0.09812], [34.03988, 0.098], [34.03945, 0.09794], [34.03891, 0.09788], [34.03831, 0.09786], [34.03785, 0.09782], [34.03751, 0.09772], [34.0372, 0.09757], [34.03699, 0.09743], [34.03682, 0.09728], [34.03674, 0.0972], [34.03667, 0.09706], [34.0366, 0.09681], [34.03651, 0.09646], [34.03651, 0.09626], [34.03656, 0.09608], [34.03666, 0.0956], [34.03669, 0.09534], [34.03669, 0.09515], [34.03665, 0.09495], [34.03657, 0.09481], [34.03651, 0.09471], [34.03638, 0.09462], [34.03621, 0.09457], [34.03604, 0.09456], [34.03579, 0.09455], [34.03518, 0.09457], [34.03472, 0.09461], [34.03432, 0.09463], [34.03388, 0.09463], [34.0335, 0.09458], [34.03297, 0.09442], [34.03217, 0.09408], [34.0312, 0.09376], [34.03093, 0.09369], [34.03074, 0.09366], [34.03054, 0.09364], [34.03037, 0.09365], [34.03016, 0.09369], [34.02995, 0.09381], [34.02979, 0.09398], [34.02973, 0.09414], [34.02971, 0.09439], [34.0297, 0.09464], [34.02966, 0.09499], [34.02964, 0.09515], [34.02958, 0.09531], [34.02955, 0.09538], [34.02944, 0.09559], [34.02928, 0.09583], [34.02914, 0.09598], [34.02902, 0.09606], [34.02882, 0.09611], [34.0286, 0.09612], [34.02833, 0.09608], [34.02814, 0.09598], [34.02794, 0.09586], [34.02772, 0.09566], [34.02761, 0.09551], [34.0274, 0.09506], [34.02718, 0.09454], [34.02716, 0.09449], [34.02684, 0.09391], [34.02674, 0.09378], [34.02658, 0.09362], [34.02642, 0.09354], [34.02625, 0.0935], [34.02604, 0.09346], [34.02582, 0.09345], [34.02555, 0.09347], [34.02531, 0.09353], [34.02504, 0.09362], [34.0247, 0.09379], [34.02418, 0.09423], [34.02363, 0.0946], [34.02332, 0.09477], [34.02308, 0.09485], [34.0225, 0.09501], [34.02183, 0.09513], [34.02139, 0.09517], [34.02112, 0.09516], [34.02061, 0.09512], [34.02005, 0.095], [34.01971, 0.09488], [34.0195, 0.09476], [34.01934, 0.09464], [34.01923, 0.09453], [34.01907, 0.09435], [34.01873, 0.09372], [34.01849, 0.09325], [34.01826, 0.09284], [34.01807, 0.09249], [34.01794, 0.09231], [34.01776, 0.0921], [34.01754, 0.09194], [34.01722, 0.09178], [34.017, 0.0917], [34.01675, 0.09168], [34.01641, 0.09177], [34.01599, 0.09187], [34.01577, 0.09188], [34.01553, 0.09187], [34.01534, 0.09181], [34.01517, 0.09171], [34.01505, 0.09159], [34.01493, 0.0914], [34.01487, 0.09123], [34.01483, 0.09106], [34.01482, 0.09081], [34.01481, 0.0906], [34.01482, 0.09043], [34.01487, 0.09017], [34.015, 0.08989], [34.01511, 0.08965], [34.0153, 0.08934], [34.01539, 0.08916], [34.01545, 0.08901], [34.01547, 0.08882], [34.01544, 0.08863], [34.01541, 0.08842], [34.01528, 0.08812], [34.01514, 0.08794], [34.01496, 0.08785], [34.01471, 0.08778], [34.0145, 0.08778], [34.01421, 0.08783], [34.0139, 0.08798], [34.01344, 0.08835], [34.0131, 0.08856]]}}, {"type": "Feature", "properties": {"name": "Nzoia River", "source": "OpenStreetMap contributors (ODbL)"}, "geometry": {"type": "LineString", "coordinates": [[34.0131, 0.08856], [34.0126, 0.08872], [34.01236, 0.0887], [34.01204, 0.08864], [34.01163, 0.08853], [34.01148, 0.08856], [34.01132, 0.08864], [34.01111, 0.08882], [34.01097, 0.08904], [34.01081, 0.08947], [34.01067, 0.08969], [34.01047, 0.08991], [34.01008, 0.09015], [34.00974, 0.09028], [34.00944, 0.09035], [34.00916, 0.09039], [34.00876, 0.09041], [34.00825, 0.09047], [34.00783, 0.09056], [34.0076, 0.09065], [34.00737, 0.09081], [34.00711, 0.09102], [34.00692, 0.09123], [34.0068, 0.0914], [34.00662, 0.09179], [34.00654, 0.09204], [34.00651, 0.09232], [34.0065, 0.09243], [34.0065, 0.09258], [34.00654, 0.09284], [34.00667, 0.09314], [34.00686, 0.09342], [34.00712, 0.09374], [34.0073, 0.09392], [34.00753, 0.09415], [34.00768, 0.09437], [34.00777, 0.09458], [34.00781, 0.09477], [34.00783, 0.09501], [34.0078, 0.09523], [34.00771, 0.09545], [34.0076, 0.09557], [34.00741, 0.09569], [34.00725, 0.09573], [34.00709, 0.09572], [34.00684, 0.09561], [34.0066, 0.09541], [34.00629, 0.09518], [34.00599, 0.09499], [34.0057, 0.0949], [34.00541, 0.09488], [34.0052, 0.09489], [34.00501, 0.09492], [34.00477, 0.09498], [34.00413, 0.09517], [34.00384, 0.09522], [34.00361, 0.09523], [34.00336, 0.09519], [34.00308, 0.09512], [34.00285, 0.09502], [34.0028, 0.09501], [34.00275, 0.09498], [34.0026, 0.09489], [34.00243, 0.09472], [34.00231, 0.09449], [34.00223, 0.09411], [34.00219, 0.0936], [34.00219, 0.09326], [34.00224, 0.09293], [34.00232, 0.09257], [34.00239, 0.09221], [34.00238, 0.09188], [34.00237, 0.0917], [34.00231, 0.09146], [34.00223, 0.09127], [34.00211, 0.09109], [34.00198, 0.09098], [34.00185, 0.09091], [34.00166, 0.09085], [34.00136, 0.09085], [34.00107, 0.09091], [34.00083, 0.09102], [34.00059, 0.09119], [34.0004, 0.09133], [34.00022, 0.09151], [34.0001, 0.09168], [34.00002, 0.09189], [33.99998, 0.09207], [33.99999, 0.0923], [34.00004, 0.09263], [34.00016, 0.09306], [34.00024, 0.09331], [34.0003, 0.09352], [34.0003, 0.09374], [34.00029, 0.09393], [34.00024, 0.09417], [34.00014, 0.09445], [34.00003, 0.09465], [33.99989, 0.09483], [33.99972, 0.09501], [33.99952, 0.09518], [33.99947, 0.09522], [33.99927, 0.09531], [33.99903, 0.0954], [33.99874, 0.09545], [33.99847, 0.09543], [33.99824, 0.09536], [33.99804, 0.09525], [33.99791, 0.09507], [33.99782, 0.09484], [33.99777, 0.09454], [33.99778, 0.09431], [33.99784, 0.094], [33.99794, 0.09367], [33.99807, 0.09329], [33.99816, 0.09286], [33.99816, 0.09259], [33.99814, 0.09237], [33.99811, 0.09218], [33.99803, 0.0919], [33.99783, 0.09152], [33.99766, 0.09128], [33.99737, 0.09093], [33.99709, 0.09065], [33.99669, 0.09032], [33.99627, 0.08999], [33.996, 0.08983], [33.99561, 0.08964], [33.99521, 0.0895], [33.99489, 0.08947], [33.99453, 0.08949], [33.99436, 0.0895], [33.99422, 0.08954], [33.99403, 0.08963], [33.99386, 0.08975], [33.99368, 0.09003], [33.99346, 0.09048], [33.99334, 0.09081], [33.99329, 0.09103], [33.99325, 0.09139], [33.99326, 0.09159], [33.99328, 0.09183], [33.99334, 0.09216], [33.99345, 0.0925], [33.99357, 0.09293], [33.99365, 0.09325], [33.99368, 0.09361], [33.99368, 0.09384], [33.99365, 0.09406], [33.9936, 0.09426], [33.99354, 0.09443], [33.99345, 0.09465], [33.99335, 0.0948], [33.99323, 0.09493], [33.99308, 0.09499], [33.9929, 0.095], [33.99273, 0.09496], [33.99256, 0.09488], [33.99238, 0.09476], [33.99195, 0.09445], [33.99165, 0.09417], [33.99131, 0.09379], [33.99078, 0.09314], [33.99041, 0.09272], [33.9901, 0.09243], [33.98993, 0.09235], [33.98975, 0.09229], [33.98955, 0.09226], [33.98931, 0.09227], [33.9891, 0.0923], [33.98796, 0.0926], [33.98769, 0.09262], [33.98749, 0.09258], [33.98726, 0.09253], [33.98709, 0.09244], [33.98693, 0.0923], [33.98678, 0.09216], [33.98665, 0.09197], [33.98647, 0.09154], [33.98611, 0.09051], [33.986, 0.0903], [33.98585, 0.09006], [33.98579, 0.08996], [33.98562, 0.08976], [33.98544, 0.08962], [33.98501, 0.08931], [33.9841, 0.08858], [33.98395, 0.08845], [33.98379, 0.08822], [33.9837, 0.08805], [33.98361, 0.08784], [33.98356, 0.08768], [33.98358, 0.08758], [33.98363, 0.08746], [33.98372, 0.08738], [33.98387, 0.08732], [33.9841, 0.0873]]}}, {"type": "Feature", "properties": {"name": "Nzoia River", "source": "OpenStreetMap contributors (ODbL)"}, "geometry": {"type": "LineString", "coordinates": [[35.11619, 0.89544], [35.1158, 0.89513], [35.11552, 0.89496], [35.11514, 0.89493], [35.11509, 0.89461], [35.11543, 0.89428], [35.11536, 0.89407], [35.11547, 0.89379], [35.11572, 0.8937], [35.11574, 0.89329], [35.11566, 0.89276], [35.11536, 0.8926], [35.11498, 0.89282], [35.11469, 0.89258], [35.11446, 0.89223], [35.11434, 0.89205], [35.11434, 0.89175], [35.11452, 0.89162], [35.11483, 0.89149], [35.11487, 0.89128], [35.11485, 0.89105], [35.11464, 0.89087], [35.11436, 0.89098], [35.11417, 0.8909], [35.11436, 0.89051], [35.11479, 0.89013], [35.11548, 0.88972], [35.11569, 0.88953], [35.11585, 0.88933], [35.11618, 0.88911], [35.11639, 0.889], [35.11641, 0.88879], [35.11634, 0.88863], [35.11606, 0.88855], [35.11572, 0.88843], [35.11561, 0.88815], [35.1156, 0.88778], [35.11589, 0.88738], [35.11612, 0.8872], [35.11621, 0.88702], [35.11624, 0.88685], [35.11622, 0.88671], [35.11631, 0.88649], [35.11649, 0.88644], [35.11694, 0.88633], [35.11741, 0.88618], [35.11786, 0.88591], [35.11778, 0.88567], [35.11758, 0.88545], [35.11767, 0.88518], [35.11786, 0.88494], [35.11811, 0.88493], [35.11839, 0.88495], [35.11869, 0.88492], [35.11888, 0.88469], [35.11882, 0.88441], [35.11858, 0.88431], [35.11813, 0.88425], [35.11769, 0.88412], [35.11747, 0.88375], [35.117, 0.88346], [35.11676, 0.88335], [35.11643, 0.88282], [35.11631, 0.88219], [35.11644, 0.88188], [35.1163, 0.88149]]}}, {"type": "Feature", "properties": {"name": "Nzoia River", "source": "OpenStreetMap contributors (ODbL)"}, "geometry": {"type": "LineString", "coordinates": [[33.9841, 0.0873], [33.98468, 0.08737], [33.98535, 0.08746], [33.98609, 0.08754], [33.98755, 0.08765], [33.98802, 0.08768], [33.98833, 0.08765], [33.98861, 0.08757], [33.98893, 0.08739], [33.98911, 0.08724], [33.98933, 0.087], [33.98954, 0.08676], [33.98963, 0.08661], [33.98968, 0.08645], [33.98969, 0.08634], [33.98972, 0.08617], [33.98972, 0.08608], [33.9897, 0.08596], [33.98969, 0.08589], [33.98963, 0.08578], [33.9896, 0.08571], [33.98955, 0.08561], [33.9895, 0.08555], [33.98941, 0.08546], [33.98929, 0.0854], [33.98918, 0.08535], [33.98894, 0.08528], [33.98869, 0.08527], [33.98838, 0.08533], [33.9881, 0.08544], [33.98794, 0.08558], [33.98779, 0.08579], [33.9877, 0.08599], [33.98761, 0.08621], [33.9875, 0.0864], [33.98741, 0.08649], [33.98724, 0.08657], [33.98706, 0.08658], [33.9869, 0.08657], [33.98675, 0.0865], [33.98658, 0.08639], [33.98647, 0.08629], [33.98637, 0.08616], [33.98631, 0.08599], [33.98628, 0.08573], [33.98627, 0.08542], [33.98627, 0.08497], [33.98633, 0.08463], [33.98641, 0.08424], [33.98679, 0.08267], [33.98684, 0.08237], [33.98682, 0.08208], [33.98674, 0.0815], [33.9866, 0.08091], [33.9865, 0.08038], [33.98646, 0.07957], [33.98645, 0.07936], [33.98647, 0.07918], [33.98653, 0.07902], [33.98666, 0.07878], [33.98691, 0.07845], [33.98721, 0.0781], [33.98756, 0.07782], [33.98783, 0.07761], [33.98809, 0.07731], [33.98819, 0.07709], [33.98823, 0.07689], [33.98824, 0.07673], [33.98821, 0.0766], [33.98817, 0.07646], [33.98805, 0.07634], [33.98786, 0.0762], [33.98766, 0.07613], [33.9875, 0.07611], [33.9873, 0.07612], [33.9871, 0.07616], [33.98688, 0.07623], [33.98661, 0.07638], [33.98641, 0.07648], [33.98611, 0.07674], [33.98593, 0.07692], [33.98577, 0.07712], [33.98568, 0.07731], [33.98555, 0.07761], [33.98546, 0.07775], [33.98534, 0.07785], [33.98523, 0.07792], [33.98507, 0.07797], [33.98488, 0.07796], [33.98477, 0.07792], [33.98466, 0.07785], [33.98451, 0.07773], [33.98435, 0.07756], [33.98412, 0.07718], [33.984, 0.07689], [33.98394, 0.07657], [33.9839, 0.0763], [33.98387, 0.07574], [33.98377, 0.07544], [33.98365, 0.07515], [33.98355, 0.07505], [33.98342, 0.07499], [33.98332, 0.07497], [33.98305, 0.07494], [33.98281, 0.07488], [33.98254, 0.07478], [33.98227, 0.07465], [33.9818, 0.07432], [33.98149, 0.07419]]}}, {"type": "Feature", "properties": {"name": "Nzoia River", "source": "OpenStreetMap contributors (ODbL)"}, "geometry": {"type": "LineString", "coordinates": [[35.42351, 0.83072], [35.42364, 0.83082], [35.4236, 0.83102], [35.42345, 0.83114], [35.42324, 0.83114], [35.42311, 0.83117], [35.42294, 0.83126], [35.42285, 0.83141], [35.42287, 0.83153], [35.42303, 0.83154], [35.42318, 0.83157], [35.42329, 0.83182], [35.42341, 0.83206], [35.42351, 0.83223], [35.42346, 0.83244], [35.42333, 0.83254], [35.42318, 0.83264], [35.42311, 0.83262], [35.42299, 0.8325], [35.42289, 0.83247], [35.42275, 0.83272], [35.42279, 0.83309], [35.42285, 0.83328], [35.42309, 0.8333], [35.42339, 0.83326], [35.42351, 0.83331], [35.42359, 0.83342], [35.42354, 0.83356], [35.42345, 0.83359], [35.42331, 0.83356], [35.42316, 0.83371], [35.42311, 0.83399], [35.423, 0.8342], [35.42276, 0.83438], [35.42276, 0.83456], [35.42298, 0.83478], [35.42287, 0.83494], [35.42273, 0.83485], [35.42256, 0.83491], [35.42229, 0.83517], [35.4222, 0.83512], [35.42204, 0.835], [35.4219, 0.83508], [35.42188, 0.83524], [35.42187, 0.83544], [35.42177, 0.83544], [35.42163, 0.83548], [35.42151, 0.83578], [35.4215, 0.83597], [35.42175, 0.83601], [35.42193, 0.83596], [35.42215, 0.83603], [35.42228, 0.83615], [35.42245, 0.83613], [35.42246, 0.836], [35.42239, 0.83589], [35.4225, 0.83578], [35.42271, 0.83578], [35.4229, 0.83586], [35.42292, 0.83605], [35.42292, 0.83619], [35.42305, 0.8363], [35.42303, 0.83644], [35.42294, 0.83653], [35.42271, 0.83655], [35.42256, 0.83657], [35.42242, 0.83669], [35.42239, 0.83685], [35.42255, 0.83694], [35.42274, 0.83705], [35.42278, 0.83723], [35.42264, 0.83737], [35.42249, 0.8374], [35.42236, 0.83753], [35.42219, 0.83776], [35.4219, 0.83799], [35.42185, 0.83824], [35.42167, 0.83836], [35.42142, 0.83839], [35.42118, 0.83827], [35.421, 0.8382], [35.42074, 0.83827], [35.4205, 0.83826], [35.42043, 0.83812], [35.42029, 0.83802], [35.42009, 0.83814], [35.41994, 0.83828], [35.41996, 0.8384], [35.42013, 0.83848], [35.42027, 0.83862], [35.42024, 0.83879], [35.42009, 0.83886], [35.41994, 0.83898], [35.41984, 0.83918], [35.4198, 0.83935], [35.41995, 0.83949], [35.42006, 0.83939], [35.42018, 0.83931], [35.42031, 0.83942], [35.42039, 0.8396], [35.42036, 0.83992], [35.42043, 0.84017], [35.42035, 0.84057], [35.42013, 0.84078], [35.41982, 0.84086], [35.41964, 0.84086], [35.41959, 0.84099], [35.41969, 0.84107], [35.41956, 0.84121], [35.41941, 0.84114], [35.4193, 0.8409], [35.41923, 0.84077], [35.41907, 0.84082], [35.41897, 0.84099], [35.41898, 0.84144], [35.41885, 0.84169], [35.41882, 0.84193], [35.41892, 0.84206], [35.41917, 0.84212], [35.41926, 0.8422], [35.41919, 0.84234], [35.41891, 0.8426], [35.41866, 0.8427], [35.41834, 0.84283], [35.41812, 0.84311], [35.41794, 0.84313], [35.41775, 0.84296], [35.41767, 0.84263], [35.41743, 0.84222], [35.41728, 0.84224], [35.41724, 0.84244], [35.41718, 0.84263], [35.4171, 0.84273], [35.41695, 0.84273], [35.41679, 0.84267], [35.41665, 0.84253], [35.41665, 0.84235], [35.41671, 0.8422], [35.41688, 0.84204], [35.41712, 0.84195], [35.41716, 0.84178], [35.41709, 0.84155], [35.41682, 0.8415], [35.41664, 0.84148], [35.41642, 0.84144], [35.41634, 0.84159], [35.41635, 0.84179], [35.41619, 0.84189], [35.41607, 0.8418], [35.41599, 0.84165], [35.41584, 0.84168], [35.41578, 0.84186], [35.41588, 0.84203], [35.41601, 0.84208], [35.41615, 0.84216], [35.41625, 0.8423], [35.41628, 0.84245], [35.41627, 0.84255], [35.41597, 0.8427], [35.41568, 0.84273], [35.4155, 0.84272], [35.41525, 0.84285], [35.41497, 0.84298], [35.41482, 0.84312], [35.41484, 0.84324], [35.41467, 0.8434], [35.41469, 0.84351], [35.4148, 0.84352], [35.41501, 0.8434], [35.4155, 0.84334], [35.41588, 0.84333], [35.41602, 0.84347], [35.41615, 0.84386], [35.41608, 0.84399], [35.41593, 0.84397], [35.41575, 0.84396], [35.41569, 0.84408], [35.41567, 0.84423], [35.41551, 0.8443], [35.41532, 0.84422], [35.41517, 0.84415], [35.41501, 0.84425], [35.41494, 0.84441], [35.41481, 0.84439], [35.41463, 0.84429], [35.41458, 0.84411], [35.41468, 0.84392], [35.41463, 0.84378], [35.4144, 0.84372], [35.41422, 0.84368], [35.4141, 0.84377], [35.414, 0.84381], [35.41381, 0.84379], [35.41348, 0.84375], [35.41329, 0.8438], [35.41317, 0.84393], [35.41302, 0.84414], [35.41287, 0.84419], [35.41262, 0.8441], [35.41244, 0.84413], [35.41233, 0.84433], [35.41232, 0.84448], [35.41214, 0.84458], [35.41213, 0.84475], [35.41222, 0.84482], [35.41242, 0.84476], [35.41253, 0.8448], [35.4126, 0.84492], [35.41252, 0.8451], [35.4126, 0.84523], [35.41277, 0.84516], [35.41288, 0.84518], [35.41291, 0.84531], [35.41302, 0.84555], [35.41319, 0.84574], [35.41317, 0.84588], [35.41299, 0.84595], [35.41277, 0.8459], [35.41259, 0.84602], [35.41259, 0.84617], [35.41278, 0.84626], [35.41275, 0.84642], [35.41251, 0.84654], [35.41242, 0.84639], [35.41233, 0.84636], [35.41221, 0.84643], [35.41203, 0.8465], [35.41183, 0.84642], [35.41179, 0.84623], [35.41193, 0.84617], [35.41198, 0.84602], [35.41183, 0.84585], [35.41163, 0.84581], [35.4115, 0.84596], [35.41133, 0.84599], [35.41101, 0.84592], [35.41077, 0.846], [35.4107, 0.84619], [35.41078, 0.84638], [35.41077, 0.84653], [35.41064, 0.84654], [35.41043, 0.84632], [35.41045, 0.84613], [35.41049, 0.84602], [35.41035, 0.84594], [35.41012, 0.8461], [35.40984, 0.84613], [35.40949, 0.84626], [35.40927, 0.84627], [35.40918, 0.84613], [35.4093, 0.84593], [35.40932, 0.84573], [35.40917, 0.84566], [35.409, 0.84581], [35.40887, 0.84605], [35.40876, 0.84623], [35.4088, 0.84655], [35.40882, 0.84683], [35.40858, 0.84708], [35.40829, 0.84752], [35.40808, 0.84782], [35.40794, 0.8479], [35.40792, 0.84808], [35.40792, 0.84841], [35.40781, 0.84861], [35.40784, 0.8488], [35.40769, 0.84893], [35.40755, 0.84884], [35.40754, 0.84864], [35.40755, 0.84836], [35.40744, 0.84822], [35.40727, 0.84828], [35.40695, 0.84858], [35.40667, 0.84888], [35.40627, 0.84915], [35.40621, 0.84942], [35.40626, 0.84967], [35.40646, 0.84997], [35.40657, 0.85018], [35.40651, 0.85041], [35.40631, 0.85064], [35.40607, 0.85085], [35.40611, 0.85114], [35.40601, 0.85136], [35.40588, 0.85148], [35.40593, 0.85167], [35.40615, 0.85192], [35.40616, 0.85211], [35.40602, 0.8522], [35.40583, 0.85237], [35.40584, 0.8525], [35.40586, 0.8527], [35.40573, 0.85281], [35.40553, 0.85281], [35.40542, 0.85268], [35.40535, 0.85225], [35.40518, 0.85205], [35.40502, 0.85202], [35.40482, 0.85185], [35.40458, 0.8521], [35.40453, 0.85242], [35.40444, 0.85281], [35.40431, 0.85294], [35.40396, 0.85298], [35.40375, 0.85305], [35.40371, 0.85322], [35.40365, 0.85342], [35.40347, 0.85348], [35.40349, 0.85367], [35.40338, 0.85388], [35.40338, 0.8541], [35.40326, 0.85411], [35.40292, 0.85412], [35.40279, 0.85426], [35.40272, 0.85443], [35.40257, 0.85445], [35.40229, 0.85432], [35.40217, 0.85438], [35.40222, 0.85451], [35.40232, 0.85471], [35.40222, 0.85484], [35.40202, 0.85481], [35.40183, 0.85498], [35.4015, 0.85497], [35.40114, 0.8549], [35.40056, 0.8549], [35.40033, 0.85494], [35.40015, 0.85514], [35.39997, 0.8552], [35.39967, 0.85504], [35.39969, 0.85487], [35.3998, 0.8547], [35.39967, 0.85463], [35.3995, 0.85473], [35.39952, 0.85497], [35.39938, 0.85509], [35.39908, 0.85504], [35.39875, 0.8549], [35.39868, 0.85473], [35.39844, 0.85473], [35.39835, 0.85481], [35.39841, 0.85492], [35.3982, 0.85506], [35.39808, 0.85497], [35.39797, 0.85483], [35.39784, 0.85486], [35.39783, 0.85499], [35.39798, 0.85513], [35.39807, 0.85547], [35.39799, 0.8557], [35.39779, 0.85598], [35.39775, 0.85612], [35.39794, 0.85623], [35.3981, 0.8564], [35.39806, 0.85668], [35.39782, 0.85706], [35.39749, 0.85721], [35.39698, 0.85743], [35.39658, 0.85775], [35.39635, 0.85785], [35.39577, 0.85774], [35.39557, 0.85785], [35.3954, 0.85796], [35.39517, 0.85786], [35.39495, 0.85791], [35.39474, 0.85784], [35.39471, 0.85761], [35.3945, 0.85755], [35.39423, 0.85756], [35.39407, 0.85749], [35.39394, 0.85762], [35.39366, 0.85788], [35.39328, 0.85797], [35.39303, 0.85816], [35.39294, 0.8585], [35.39275, 0.85861], [35.39269, 0.85876], [35.39283, 0.85884], [35.39288, 0.85901], [35.39279, 0.85918], [35.39239, 0.85923], [35.39208, 0.85922], [35.39186, 0.85948], [35.39174, 0.8596], [35.3918, 0.85975], [35.392, 0.85975], [35.39207, 0.85987], [35.39195, 0.86], [35.39171, 0.85998], [35.3914, 0.85999], [35.39117, 0.86015], [35.39107, 0.86027], [35.39095, 0.86037], [35.39098, 0.8606], [35.39123, 0.86082], [35.39161, 0.8609], [35.39176, 0.86106], [35.39179, 0.86146], [35.39175, 0.86189], [35.39164, 0.86214], [35.39169, 0.86229], [35.39159, 0.86236], [35.39129, 0.86223], [35.39096, 0.86219], [35.39068, 0.86219], [35.39032, 0.86232], [35.38972, 0.86252], [35.38926, 0.86267], [35.38899, 0.86268], [35.38875, 0.86257], [35.38841, 0.86235], [35.38818, 0.86232], [35.38806, 0.86247], [35.38803, 0.86267], [35.38811, 0.86289], [35.38807, 0.86302], [35.38793, 0.86307], [35.3877, 0.86304], [35.38755, 0.86324], [35.38739, 0.86328], [35.3872, 0.86341], [35.38686, 0.86346], [35.38662, 0.8635], [35.38641, 0.86341], [35.3861, 0.86337], [35.38589, 0.86353], [35.38586, 0.86366], [35.38603, 0.86379], [35.38613, 0.86397], [35.38606, 0.86407], [35.38589, 0.86398], [35.3857, 0.86379], [35.38553, 0.86354], [35.38532, 0.86339], [35.3852, 0.86325], [35.38503, 0.86324], [35.38482, 0.86342], [35.38454, 0.86362], [35.38455, 0.86376], [35.38443, 0.86378], [35.38423, 0.8637], [35.38397, 0.86379], [35.38379, 0.86391], [35.38361, 0.86388], [35.38334, 0.86374], [35.38284, 0.86364], [35.38247, 0.86356], [35.38227, 0.86368], [35.38211, 0.86398], [35.38194, 0.86411], [35.38183, 0.86431], [35.38167, 0.86442], [35.38165, 0.86467], [35.38138, 0.86478], [35.38132, 0.86507], [35.38135, 0.86526], [35.38136, 0.86548], [35.38122, 0.86557], [35.38106, 0.86552], [35.38082, 0.8656], [35.38065, 0.86579], [35.38042, 0.86609], [35.38034, 0.8665], [35.38019, 0.86671], [35.38021, 0.86706], [35.38004, 0.86742], [35.38002, 0.86768], [35.38009, 0.86815], [35.38005, 0.86842], [35.37989, 0.8688], [35.37961, 0.86927], [35.3796, 0.86949], [35.3796, 0.8696], [35.37967, 0.86997], [35.37976, 0.87027], [35.37966, 0.87057], [35.3795, 0.87099], [35.37928, 0.87116], [35.37922, 0.87131], [35.37955, 0.87152], [35.37955, 0.87172], [35.37944, 0.87186], [35.37928, 0.87175], [35.37921, 0.87183], [35.37918, 0.87209], [35.37895, 0.87223], [35.37868, 0.87253], [35.37841, 0.87259], [35.37826, 0.87271], [35.3783, 0.87287], [35.37848, 0.87291], [35.37869, 0.87277], [35.37879, 0.87291], [35.37868, 0.87308], [35.37855, 0.87331], [35.37867, 0.87346], [35.37859, 0.87375], [35.37841, 0.87393], [35.37812, 0.87407], [35.37796, 0.87425], [35.37766, 0.87436], [35.37764, 0.87453], [35.37766, 0.87485], [35.37737, 0.875], [35.37699, 0.87504], [35.37649, 0.87507], [35.3764, 0.87532], [35.37641, 0.87552], [35.37646, 0.87567], [35.37632, 0.87589], [35.37599, 0.87598], [35.37585, 0.87621], [35.3757, 0.87632], [35.37526, 0.8763], [35.37487, 0.87631], [35.37461, 0.87643], [35.37384, 0.8763], [35.3735, 0.87614], [35.3731, 0.87589], [35.37278, 0.8757], [35.37232, 0.8755], [35.372, 0.87566], [35.37174, 0.87557], [35.37175, 0.87539], [35.37133, 0.87492], [35.37064, 0.87443], [35.37024, 0.87444], [35.36986, 0.8744], [35.36973, 0.87425], [35.36975, 0.87408], [35.36955, 0.87395], [35.36932, 0.87384], [35.36921, 0.87346], [35.36928, 0.87289], [35.36914, 0.87262], [35.36871, 0.87239], [35.36862, 0.87216], [35.3684, 0.87213], [35.36808, 0.8721], [35.36779, 0.87187], [35.36735, 0.87177], [35.36706, 0.87195], [35.36649, 0.87212], [35.36633, 0.87191], [35.36595, 0.87178], [35.36542, 0.87172], [35.36483, 0.87186], [35.36427, 0.87194], [35.36394, 0.87219], [35.36377, 0.87227], [35.36363, 0.87222], [35.36339, 0.87186], [35.36324, 0.87186], [35.36301, 0.87219], [35.36286, 0.87256], [35.36284, 0.87281], [35.36264, 0.87307], [35.36254, 0.8735], [35.36262, 0.87371], [35.36255, 0.87419], [35.36244, 0.87431], [35.36215, 0.87433], [35.36171, 0.87452], [35.3612, 0.87466], [35.36095, 0.87478], [35.36066, 0.87522], [35.3603, 0.87533], [35.36021, 0.87544], [35.36027, 0.87559], [35.36047, 0.87572], [35.36049, 0.87585], [35.3603, 0.87602], [35.36002, 0.8762], [35.3599, 0.87647], [35.35981, 0.8769], [35.35997, 0.87717], [35.3599, 0.87736], [35.35959, 0.87767], [35.35927, 0.87777], [35.35921, 0.87797], [35.35936, 0.87802], [35.35953, 0.87798], [35.3596, 0.87808], [35.35947, 0.87827], [35.35919, 0.87859], [35.35913, 0.87884], [35.35911, 0.87918], [35.35863, 0.87978], [35.35851, 0.88006], [35.35853, 0.88037], [35.35865, 0.88062], [35.3588, 0.88075], [35.35882, 0.88083], [35.35877, 0.88091], [35.35862, 0.88091], [35.35837, 0.8809], [35.35824, 0.88101], [35.35827, 0.88115], [35.3585, 0.88126], [35.35849, 0.88142], [35.35836, 0.88158], [35.35817, 0.88174], [35.3581, 0.88195], [35.35815, 0.88218], [35.35821, 0.88235], [35.35815, 0.88249], [35.35793, 0.88255], [35.35786, 0.88272], [35.35794, 0.88281], [35.35812, 0.88272], [35.35827, 0.88274], [35.35828, 0.88286], [35.35816, 0.88293], [35.35792, 0.88307], [35.35773, 0.88325], [35.35773, 0.8834], [35.35786, 0.88349], [35.35782, 0.88365], [35.35766, 0.88387], [35.35736, 0.88405], [35.35737, 0.88424], [35.35715, 0.88434], [35.35686, 0.8843], [35.35656, 0.88439], [35.35635, 0.88457], [35.35613, 0.88461], [35.35605, 0.88487], [35.35622, 0.88519], [35.35614, 0.88544], [35.35605, 0.88564], [35.35605, 0.8861], [35.35584, 0.88606], [35.35569, 0.88631], [35.35532, 0.88639], [35.35514, 0.88661], [35.35515, 0.88693], [35.35487, 0.88712], [35.35477, 0.88734], [35.35481, 0.88761], [35.35494, 0.88775], [35.35474, 0.88813], [35.35485, 0.88859], [35.35473, 0.88898], [35.35449, 0.88927], [35.3545, 0.88955], [35.35478, 0.88962], [35.35487, 0.88968], [35.35482, 0.88987], [35.3545, 0.8901], [35.35449, 0.89039], [35.35456, 0.89071], [35.35465, 0.89091], [35.35459, 0.89103], [35.35445, 0.89117], [35.35451, 0.89132], [35.35481, 0.89149], [35.35487, 0.89171], [35.35448, 0.89181], [35.35453, 0.89202], [35.35454, 0.89222], [35.35426, 0.89254], [35.35415, 0.89281], [35.35414, 0.89316], [35.35425, 0.89333], [35.35416, 0.89347], [35.35398, 0.89365], [35.35397, 0.89384], [35.35402, 0.89402], [35.3537, 0.89432], [35.35321, 0.89474], [35.35289, 0.89519], [35.3522, 0.89555], [35.35151, 0.89572], [35.35103, 0.89577], [35.35024, 0.89563], [35.3496, 0.89532], [35.34878, 0.89483], [35.34829, 0.8946], [35.34788, 0.89446], [35.34757, 0.89448], [35.34745, 0.89434], [35.34755, 0.89403], [35.34733, 0.89376], [35.34691, 0.89355], [35.34685, 0.89368], [35.34677, 0.89382], [35.3466, 0.89377], [35.34647, 0.89359], [35.34625, 0.89339], [35.34629, 0.89295], [35.34625, 0.89268], [35.34631, 0.89243], [35.34608, 0.89237], [35.34589, 0.89262], [35.34566, 0.89257], [35.34543, 0.89227], [35.34546, 0.89204], [35.34565, 0.89192], [35.34561, 0.89179], [35.34535, 0.89172], [35.34539, 0.89156], [35.34555, 0.89128], [35.34542, 0.89109], [35.34484, 0.89085], [35.34487, 0.89071], [35.34502, 0.89059], [35.34496, 0.89034], [35.34469, 0.89021], [35.34462, 0.8901], [35.34469, 0.88997], [35.34459, 0.88986], [35.34444, 0.88992], [35.34432, 0.89015], [35.34415, 0.89013], [35.34407, 0.88989], [35.34391, 0.88974], [35.34367, 0.88979], [35.34351, 0.88982], [35.34328, 0.88989], [35.3432, 0.89006], [35.34328, 0.89022], [35.34347, 0.89023], [35.34352, 0.8904], [35.34336, 0.89056], [35.34304, 0.89061], [35.34291, 0.89046], [35.34288, 0.89029], [35.34266, 0.89019], [35.3424, 0.89032], [35.34211, 0.89034], [35.34204, 0.89025], [35.34211, 0.88997], [35.34211, 0.88975], [35.34194, 0.88966], [35.34174, 0.88974], [35.34153, 0.88975], [35.34144, 0.88963], [35.34149, 0.8894], [35.34147, 0.88921], [35.34161, 0.88905], [35.34149, 0.88847], [35.34155, 0.88826], [35.34167, 0.88809], [35.34155, 0.88794], [35.3414, 0.88799], [35.34116, 0.8879], [35.34113, 0.88771], [35.34125, 0.8874], [35.34138, 0.88719], [35.34135, 0.88686], [35.34113, 0.88678], [35.34105, 0.88667], [35.34113, 0.88648], [35.34132, 0.88635], [35.34144, 0.8861], [35.34167, 0.88599], [35.34179, 0.88582], [35.34174, 0.88561], [35.34178, 0.88534], [35.34152, 0.88511], [35.34132, 0.88501], [35.34131, 0.88487], [35.34142, 0.88472], [35.34125, 0.88447], [35.341, 0.88436], [35.34084, 0.88422], [35.34095, 0.88395], [35.34086, 0.88381], [35.34065, 0.88361], [35.34064, 0.88343], [35.34069, 0.88322], [35.3407, 0.88309], [35.34094, 0.88308], [35.34109, 0.88302], [35.34118, 0.88278], [35.34126, 0.88264], [35.34114, 0.88229], [35.34118, 0.8821], [35.34138, 0.88207], [35.3415, 0.88199], [35.34147, 0.88185], [35.3413, 0.88177], [35.34128, 0.88163], [35.34139, 0.8816], [35.3416, 0.88175], [35.34173, 0.88172], [35.3418, 0.8816], [35.34172, 0.88136], [35.34174, 0.88115], [35.34163, 0.88093], [35.34154, 0.88073], [35.34129, 0.88062], [35.34119, 0.88048], [35.34105, 0.88046], [35.34081, 0.88049], [35.34065, 0.88037], [35.34058, 0.88008], [35.34041, 0.88006], [35.34034, 0.87989], [35.34009, 0.87977], [35.34005, 0.87958], [35.34018, 0.87933], [35.34006, 0.87914], [35.33979, 0.87913], [35.33964, 0.87898], [35.33962, 0.87877], [35.33954, 0.87858], [35.33926, 0.87852], [35.339, 0.87818], [35.33887, 0.87789], [35.33863, 0.87784], [35.33839, 0.87786], [35.33827, 0.87766], [35.33836, 0.87753], [35.33833, 0.87742], [35.33814, 0.8774], [35.33794, 0.8774], [35.33762, 0.87718], [35.33745, 0.87718], [35.33735, 0.8771], [35.33731, 0.87697], [35.33747, 0.87689], [35.33766, 0.87686], [35.33769, 0.87673], [35.33757, 0.87655], [35.33729, 0.87643], [35.33713, 0.87621], [35.33707, 0.87598], [35.33691, 0.87596], [35.3367, 0.87602], [35.33655, 0.87605], [35.3364, 0.87613], [35.33626, 0.87599], [35.33613, 0.87589], [35.3361, 0.87577], [35.33619, 0.87568], [35.33618, 0.87551], [35.33595, 0.87553], [35.33579, 0.87558], [35.33553, 0.87554], [35.33541, 0.87566], [35.33534, 0.8756], [35.33531, 0.87544], [35.33518, 0.87541], [35.33503, 0.87557], [35.33486, 0.87559], [35.33483, 0.87553], [35.33471, 0.87544], [35.33469, 0.87532], [35.33481, 0.87527], [35.33497, 0.87521], [35.33499, 0.8751], [35.33465, 0.87496], [35.33456, 0.87469], [35.33432, 0.87439], [35.33414, 0.87446], [35.33388, 0.87436], [35.33359, 0.87429], [35.33348, 0.87444], [35.33331, 0.87452], [35.3332, 0.87441], [35.33295, 0.87419], [35.33264, 0.87414], [35.33245, 0.87417], [35.33232, 0.87411], [35.33198, 0.87393], [35.33182, 0.87398], [35.33159, 0.8739], [35.33132, 0.87373], [35.33102, 0.8738], [35.33082, 0.87378], [35.33064, 0.87364], [35.33049, 0.87339], [35.33022, 0.87325], [35.32987, 0.87314], [35.32965, 0.87282], [35.3296, 0.87247], [35.32942, 0.87243], [35.32928, 0.87252], [35.32913, 0.87238], [35.32894, 0.87238], [35.32885, 0.87227], [35.32904, 0.8721], [35.32906, 0.87197], [35.32889, 0.87185], [35.32883, 0.87168], [35.32885, 0.87132], [35.32883, 0.87118], [35.32894, 0.87091], [35.32888, 0.87062], [35.32873, 0.87046], [35.32846, 0.87001], [35.32828, 0.87008], [35.32813, 0.87008], [35.32812, 0.86996], [35.32814, 0.8698], [35.32807, 0.86967], [35.32788, 0.86971], [35.32771, 0.86946], [35.32748, 0.86942], [35.32728, 0.86956], [35.327, 0.86938], [35.32668, 0.86951], [35.32638, 0.86951], [35.32629, 0.86928], [35.32607, 0.86923], [35.32592, 0.86931], [35.32562, 0.86923], [35.32565, 0.86906], [35.32582, 0.86885], [35.32567, 0.86871], [35.32539, 0.86874], [35.32527, 0.86892], [35.32534, 0.8691], [35.32519, 0.86919], [35.325, 0.86911], [35.32482, 0.86894], [35.32461, 0.86892], [35.32433, 0.86876], [35.32415, 0.86881], [35.32394, 0.86872], [35.32396, 0.86856], [35.32394, 0.86837], [35.3239, 0.8682], [35.32369, 0.86811], [35.3237, 0.86796], [35.32378, 0.86781], [35.32372, 0.86763], [35.32384, 0.86751], [35.32408, 0.86738], [35.32404, 0.86725], [35.32387, 0.8673], [35.32373, 0.86731], [35.32354, 0.86718], [35.32346, 0.86724], [35.32344, 0.86741], [35.32334, 0.86747], [35.3232, 0.86743], [35.32307, 0.86735], [35.3231, 0.86714], [35.32325, 0.86696], [35.32325, 0.86668], [35.32313, 0.86666], [35.32303, 0.86681], [35.3229, 0.86691], [35.32277, 0.86677], [35.32259, 0.86647], [35.32237, 0.86649], [35.32224, 0.86671], [35.32225, 0.86701], [35.32233, 0.86723], [35.32229, 0.86748], [35.32204, 0.86759], [35.32186, 0.86754], [35.32164, 0.86748], [35.32151, 0.86756], [35.32137, 0.86755], [35.32128, 0.86741], [35.32125, 0.86717], [35.3211, 0.86718], [35.32093, 0.86737], [35.32075, 0.86742], [35.3206, 0.86741], [35.32057, 0.86732], [35.32064, 0.86718], [35.3205, 0.86712], [35.32003, 0.86729], [35.31995, 0.86746], [35.32002, 0.86756], [35.32025, 0.86776], [35.32039, 0.86794], [35.32038, 0.86809], [35.32028, 0.86822], [35.32008, 0.86816], [35.31985, 0.86822], [35.31968, 0.86831], [35.31956, 0.86826], [35.31947, 0.86839], [35.31938, 0.86859], [35.31923, 0.86863], [35.3191, 0.86856], [35.31891, 0.86832], [35.31866, 0.86828], [35.31846, 0.86841], [35.31838, 0.8687], [35.31825, 0.86875], [35.31814, 0.86891], [35.31802, 0.86891], [35.31783, 0.86865], [35.31765, 0.86827], [35.31743, 0.86803], [35.31722, 0.86803], [35.31702, 0.86819], [35.31678, 0.86848], [35.31669, 0.8685], [35.3166, 0.86835], [35.3164, 0.86783], [35.31624, 0.86776], [35.31608, 0.86784], [35.31605, 0.86802], [35.31605, 0.86829], [35.31594, 0.86838], [35.31583, 0.86859], [35.31571, 0.86866], [35.31563, 0.86877], [35.31531, 0.8687], [35.31518, 0.86883], [35.31525, 0.86899], [35.31538, 0.86904], [35.31555, 0.86896], [35.31568, 0.86902], [35.31568, 0.86921], [35.31554, 0.86927], [35.31518, 0.86939], [35.31518, 0.86954], [35.31525, 0.86964], [35.31541, 0.86965], [35.31546, 0.86973], [35.31539, 0.8698], [35.31541, 0.86993], [35.31555, 0.86995], [35.31567, 0.86994], [35.31572, 0.8701], [35.31562, 0.87028], [35.31546, 0.87059], [35.3153, 0.87058], [35.31525, 0.87046], [35.3152, 0.87028], [35.31509, 0.87025], [35.31502, 0.87044], [35.31493, 0.87061], [35.3148, 0.87061], [35.3147, 0.87052], [35.3147, 0.87042], [35.31489, 0.87033], [35.31489, 0.87019], [35.31478, 0.8701], [35.31467, 0.87006], [35.31465, 0.86994], [35.31487, 0.86986], [35.31491, 0.86973], [35.31479, 0.86969], [35.31456, 0.86975], [35.31431, 0.8697], [35.31416, 0.86965], [35.31401, 0.86946], [35.3137, 0.86941], [35.31352, 0.86951], [35.31337, 0.86958], [35.31324, 0.86954], [35.31321, 0.86944], [35.31329, 0.86927], [35.31328, 0.86915], [35.31312, 0.8691], [35.31295, 0.86915], [35.3127, 0.86905], [35.31256, 0.86898], [35.31246, 0.86899], [35.31236, 0.86904], [35.31222, 0.86911], [35.31212, 0.86928], [35.31202, 0.86927], [35.31183, 0.86922], [35.31167, 0.86942], [35.31159, 0.86969], [35.31162, 0.86995], [35.31172, 0.87007], [35.3119, 0.87002], [35.31214, 0.86992], [35.31231, 0.86985], [35.3124, 0.86993], [35.31237, 0.87014], [35.31222, 0.87039], [35.31205, 0.87047], [35.31204, 0.87063], [35.31215, 0.87078], [35.31211, 0.8709], [35.31193, 0.87103], [35.31193, 0.87125], [35.31189, 0.87139], [35.31199, 0.87146], [35.31217, 0.87146], [35.31225, 0.8716], [35.31222, 0.87182], [35.31206, 0.87187], [35.31193, 0.87199], [35.31193, 0.87224], [35.31203, 0.87242], [35.31217, 0.87254], [35.31221, 0.87267], [35.31211, 0.87275], [35.31197, 0.87273], [35.31168, 0.87268], [35.31138, 0.87279], [35.31127, 0.87288]]}}, {"type": "Feature", "properties": {"name": "Littel Nzoia", "source": "OpenStreetMap contributors (ODbL)"}, "geometry": {"type": "LineString", "coordinates": [[35.12551, 0.81676], [35.12525, 0.81659], [35.12509, 0.81648], [35.12485, 0.81654], [35.12464, 0.81665], [35.12444, 0.81658], [35.12428, 0.81643], [35.124, 0.81642], [35.1239, 0.81628], [35.12379, 0.81603], [35.12363, 0.81584], [35.12344, 0.81585], [35.12336, 0.81602], [35.12335, 0.81622], [35.12307, 0.81638], [35.12266, 0.8165], [35.12255, 0.81669], [35.12252, 0.81683], [35.12235, 0.81683], [35.12198, 0.81664], [35.12171, 0.81653], [35.12141, 0.8163], [35.12085, 0.81618], [35.12052, 0.81618], [35.12019, 0.81607], [35.12001, 0.81583], [35.11988, 0.81566], [35.11957, 0.8155], [35.11922, 0.81539], [35.11888, 0.81525], [35.11829, 0.81508], [35.11769, 0.81483], [35.11701, 0.81467], [35.11664, 0.81457], [35.11635, 0.81454], [35.11613, 0.81451], [35.11605, 0.81441], [35.11594, 0.81407], [35.11554, 0.81381], [35.11502, 0.81353], [35.11459, 0.81339], [35.1143, 0.81338], [35.1141, 0.81329], [35.11391, 0.81304], [35.11355, 0.81281], [35.11335, 0.81261], [35.11328, 0.81239], [35.11316, 0.81223], [35.11314, 0.81183], [35.11318, 0.81161], [35.11308, 0.81129], [35.11304, 0.81108], [35.11244, 0.81076], [35.11221, 0.81052], [35.11217, 0.81035], [35.1124, 0.81009], [35.11248, 0.80959], [35.11232, 0.80924], [35.1121, 0.80915], [35.1119, 0.80894], [35.1118, 0.80815], [35.11169, 0.80729], [35.11136, 0.80693], [35.11116, 0.80669], [35.11116, 0.80638], [35.11124, 0.80597], [35.11116, 0.80571], [35.1113, 0.80532], [35.11112, 0.8049], [35.1112, 0.8046], [35.11119, 0.80434], [35.11134, 0.80406], [35.11138, 0.80353], [35.11132, 0.80306], [35.11119, 0.80274], [35.11088, 0.80266], [35.11055, 0.80261], [35.11024, 0.80264], [35.10993, 0.80254], [35.10985, 0.80233], [35.10987, 0.80199], [35.10964, 0.80176], [35.10902, 0.80148], [35.10835, 0.80125], [35.10797, 0.80098], [35.10734, 0.80068], [35.10729, 0.80054], [35.10741, 0.80045], [35.1077, 0.80041], [35.10784, 0.80016], [35.1079, 0.79965], [35.10779, 0.79939], [35.10759, 0.79936], [35.10746, 0.79969], [35.10729, 0.79965], [35.10714, 0.79939], [35.10693, 0.79927], [35.1066, 0.79908], [35.10605, 0.79865], [35.10576, 0.79809], [35.10544, 0.79765], [35.10514, 0.79749], [35.10501, 0.79752], [35.10476, 0.79731], [35.10465, 0.7968], [35.10446, 0.79665], [35.10435, 0.79673], [35.10424, 0.79695], [35.10371, 0.7968], [35.10366, 0.79668], [35.10369, 0.79635], [35.10338, 0.79603], [35.10316, 0.79586], [35.10296, 0.79522], [35.10298, 0.79484], [35.10315, 0.79438], [35.10314, 0.79411], [35.10292, 0.79404], [35.10265, 0.79421], [35.10247, 0.79438], [35.10226, 0.79421], [35.10222, 0.79407], [35.10207, 0.7938], [35.10219, 0.79363], [35.10211, 0.79351], [35.10186, 0.79363], [35.10135, 0.79366], [35.10107, 0.79361], [35.10096, 0.79349], [35.10103, 0.79325], [35.10108, 0.79304], [35.10088, 0.79259], [35.10057, 0.79243], [35.10019, 0.79249], [35.0999, 0.79232], [35.0997, 0.79248], [35.09944, 0.79245], [35.09898, 0.79199], [35.09865, 0.79199], [35.09839, 0.79229], [35.09795, 0.79243], [35.09714, 0.7925], [35.09638, 0.7924], [35.09596, 0.79225], [35.09565, 0.79204], [35.09524, 0.79208], [35.09502, 0.79229], [35.09493, 0.79266], [35.09473, 0.79272], [35.09443, 0.79265], [35.09433, 0.79253], [35.09428, 0.79219], [35.09406, 0.7922], [35.09372, 0.79259], [35.09343, 0.79264], [35.09327, 0.79248], [35.09322, 0.79218], [35.09292, 0.79188], [35.09263, 0.7919], [35.09226, 0.79183], [35.09183, 0.79153], [35.09167, 0.79121], [35.09143, 0.79117], [35.09091, 0.79132], [35.09056, 0.79139], [35.08998, 0.79138], [35.08932, 0.79135], [35.08889, 0.79137], [35.08865, 0.79132], [35.08845, 0.79107], [35.08819, 0.79108], [35.08798, 0.79091], [35.08765, 0.79085], [35.08749, 0.79073], [35.08757, 0.7906], [35.08766, 0.79052], [35.08758, 0.79036], [35.08718, 0.79034], [35.08703, 0.7905], [35.08688, 0.79086], [35.08669, 0.79087], [35.08642, 0.7907], [35.0863, 0.79047], [35.08631, 0.79028], [35.08641, 0.78997], [35.08628, 0.78987], [35.08589, 0.7899], [35.08558, 0.78975], [35.08551, 0.78946], [35.08545, 0.78891], [35.08524, 0.78866], [35.08501, 0.78854], [35.08438, 0.78849], [35.08394, 0.78839], [35.08371, 0.78815], [35.0833, 0.78804], [35.08303, 0.78784], [35.08238, 0.78777], [35.08179, 0.78759], [35.08129, 0.7873], [35.08116, 0.78707], [35.08103, 0.78669], [35.08072, 0.78637], [35.08035, 0.78609], [35.08019, 0.78583], [35.07973, 0.78552], [35.07942, 0.78536], [35.07879, 0.7852], [35.07841, 0.78517], [35.07796, 0.78492], [35.07769, 0.78477], [35.07734, 0.78474], [35.07715, 0.78453], [35.07665, 0.78438], [35.07618, 0.78434], [35.07583, 0.78412], [35.07543, 0.78411], [35.07503, 0.78422], [35.07456, 0.78446], [35.07417, 0.78484], [35.07378, 0.78493], [35.07339, 0.78489], [35.07309, 0.78469], [35.07274, 0.78433], [35.07258, 0.7837], [35.07213, 0.78358], [35.0718, 0.78338], [35.07149, 0.7833], [35.07104, 0.78294], [35.07078, 0.78257], [35.07053, 0.78235], [35.07018, 0.78204], [35.06978, 0.78192], [35.06948, 0.78161], [35.06919, 0.78099], [35.06899, 0.78084], [35.06868, 0.78088], [35.0683, 0.78084], [35.06798, 0.78107]]}}]}