loc_id,lat,lon,housing_class,floor_area_m2,cost_per_m2_kes,tiv_kes,synthetic,source,settlement,density_class,stratum,sample_weight,location_flag,hazard_depth_m_rp10,hazard_depth_m_rp20,hazard_depth_m_rp50,hazard_depth_m_rp100,hazard_depth_m_rp200,hazard_depth_m_rp500,hazard_severity_rp10,hazard_severity_rp20,hazard_severity_rp50,hazard_severity_rp100,hazard_severity_rp200,hazard_severity_rp500
RFB-0000,0.462065,34.678559,semi_permanent,76,14000,1065000,True,"Risk Forge synthetic book: WorldPop-weighted placement on Kenyan land, attributes from metadata ranges; not a real portfolio",other,peri_urban,floodplain,0.1383,KE,0.0,0.0,0.0,0.0,0.0,0.0,0.0,0.0,0.0,0.0,0.0,0.0
RFB-0001,-0.032548,34.028866,permanent_masonry,232,57800,13410000,True,"Risk Forge synthetic book: WorldPop-weighted placement on Kenyan land, attributes from metadata ranges; not a real portfolio",Budalangi,peri_urban,floodplain,0.1383,KE,0.0,0.0,0.0,0.0,0.0,0.0,0.0,0.0,0.0,0.0,0.0,0.0
RFB-0002,0.098056,33.991024,permanent_masonry,146,59300,8660000,True,"Risk Forge synthetic book: WorldPop-weighted placement on Kenyan land, attributes from metadata ranges; not a real portfolio",Port Victoria,urban,floodplain,0.1383,KE,0.0,0.0,0.0,0.0,0.0,0.0,0.0,0.0,0.0,0.0,0.0,0.0
RFB-0003,0.101606,33.988733,semi_permanent,48,11800,565000,True,"Risk Forge synthetic book: WorldPop-weighted placement on Kenyan land, attributes from metadata ranges; not a real portfolio",Port Victoria,urban,floodplain,0.1383,KE,0.0,0.0,0.0,0.0,0.0,0.0,0.0,0.0,0.0,0.0,0.0,0.0
RFB-0004,0.110516,34.035415,semi_permanent,29,11200,325000,True,"Risk Forge synthetic book: WorldPop-weighted placement on Kenyan land, attributes from metadata ranges; not a real portfolio",Port Victoria,rural,floodplain,0.1383,KE,1.35,1.47,1.62,1.72,1.81,1.92,0.338,0.368,0.405,0.43,0.452,0.48
RFB-0005,-0.105416,34.755541,concrete_rcc,231,82700,19105000,True,"Risk Forge synthetic book: WorldPop-weighted placement on Kenyan land, attributes from metadata ranges; not a real portfolio",Kisumu,urban,floodplain,0.1383,KE,0.0,0.0,0.0,0.0,0.0,0.0,0.0,0.0,0.0,0.0,0.0,0.0
RFB-0006,-0.128262,34.742179,informal_iron_sheet,19,8500,160000,True,"Risk Forge synthetic book: WorldPop-weighted placement on Kenyan land, attributes from metadata ranges; not a real portfolio",Kisumu,urban,floodplain,0.1383,KE,0.0,0.0,0.0,0.0,0.0,0.0,0.0,0.0,0.0,0.0,0.0,0.0
RFB-0007,0.459755,34.664334,semi_permanent,45,11300,510000,True,"Risk Forge synthetic book: WorldPop-weighted placement on Kenyan land, attributes from metadata ranges; not a real portfolio",other,peri_urban,floodplain,0.1383,KE,2.81,3.15,3.58,3.88,4.16,4.53,0.702,0.788,0.895,0.97,1.0,1.0
RFB-0008,-0.043062,34.021897,semi_permanent,74,10400,770000,True,"Risk Forge synthetic book: WorldPop-weighted placement on Kenyan land, attributes from metadata ranges; not a real portfolio",other,rural,floodplain,0.1383,KE,0.0,0.0,0.0,0.0,0.0,0.0,0.0,0.0,0.0,0.0,0.0,0.0
RFB-0009,0.13836,34.030513,informal_iron_sheet,24,8900,215000,True,"Risk Forge synthetic book: WorldPop-weighted placement on Kenyan land, attributes from metadata ranges; not a real portfolio",Port Victoria,peri_urban,floodplain,0.1383,KE,0.0,0.0,0.0,0.0,0.0,0.0,0.0,0.0,0.0,0.0,0.0,0.0
RFB-0010,-0.236878,34.249249,semi_permanent,40,14900,595000,True,"Risk Forge synthetic book: WorldPop-weighted placement on Kenyan land, attributes from metadata ranges; not a real portfolio",other,peri_urban,floodplain,0.1383,KE,0.0,0.0,0.0,0.0,0.0,0.0,0.0,0.0,0.0,0.0,0.0,0.0
RFB-0011,-0.130937,34.749501,concrete_rcc,543,67100,36435000,True,"Risk Forge synthetic book: WorldPop-weighted placement on Kenyan land, attributes from metadata ranges; not a real portfolio",Kisumu,urban,floodplain,0.1383,KE,0.0,0.0,0.0,0.0,0.0,0.0,0.0,0.0,0.0,0.0,0.0,0.0
RFB-0012,-0.02935,34.012913,permanent_masonry,69,36600,2525000,True,"Risk Forge synthetic book: WorldPop-weighted placement on Kenyan land, attributes from metadata ranges; not a real portfolio",Budalangi,peri_urban,floodplain,0.1383,KE,0.0,0.0,0.0,0.0,0.0,0.0,0.0,0.0,0.0,0.0,0.0,0.0
RFB-0013,-0.068633,34.059274,permanent_masonry,131,56700,7430000,True,"Risk Forge synthetic book: WorldPop-weighted placement on Kenyan land, attributes from metadata ranges; not a real portfolio",other,urban,floodplain,0.1383,KE,0.0,0.0,0.0,0.0,0.0,0.0,0.0,0.0,0.0,0.0,0.0,0.0
RFB-0014,0.084575,33.984213,permanent_masonry,108,54500,5885000,True,"Risk Forge synthetic book: WorldPop-weighted placement on Kenyan land, attributes from metadata ranges; not a real portfolio",Port Victoria,peri_urban,floodplain,0.1383,KE,1.15,1.28,1.42,1.51,1.59,1.69,0.288,0.32,0.355,0.378,0.398,0.422
RFB-0015,-0.122151,34.752451,concrete_rcc,378,77300,29220000,True,"Risk Forge synthetic book: WorldPop-weighted placement on Kenyan land, attributes from metadata ranges; not a real portfolio",Kisumu,urban,floodplain,0.1383,KE,0.0,0.0,0.0,0.0,0.0,0.0,0.0,0.0,0.0,0.0,0.0,0.0
RFB-0016,0.096275,33.976124,permanent_masonry,145,52100,7555000,True,"Risk Forge synthetic book: WorldPop-weighted placement on Kenyan land, attributes from metadata ranges; not a real portfolio",Port Victoria,urban,floodplain,0.1383,KE,0.0,0.0,0.0,0.0,0.0,0.0,0.0,0.0,0.0,0.0,0.0,0.0
RFB-0017,0.121493,34.010909,permanent_masonry,80,39700,3175000,True,"Risk Forge synthetic book: WorldPop-weighted placement on Kenyan land, attributes from metadata ranges; not a real portfolio",Port Victoria,rural,floodplain,0.1383,KE,1.49,1.64,1.82,1.93,2.04,2.17,0.372,0.41,0.455,0.482,0.51,0.542
RFB-0018,0.144855,34.023725,semi_permanent,59,15400,910000,True,"Risk Forge synthetic book: WorldPop-weighted placement on Kenyan land, attributes from metadata ranges; not a real portfolio",Port Victoria,peri_urban,floodplain,0.1383,KE,0.0,0.0,0.0,0.0,0.0,0.0,0.0,0.0,0.0,0.0,0.0,0.0
RFB-0019,0.247265,34.361056,informal_iron_sheet,25,6200,155000,True,"Risk Forge synthetic book: WorldPop-weighted placement on Kenyan land, attributes from metadata ranges; not a real portfolio",other,peri_urban,floodplain,0.1383,KE,0.0,0.0,0.0,0.0,0.0,0.0,0.0,0.0,0.0,0.0,0.0,0.0
RFB-0020,0.086605,34.044554,semi_permanent,36,15500,560000,True,"Risk Forge synthetic book: WorldPop-weighted placement on Kenyan land, attributes from metadata ranges; not a real portfolio",Budalangi,peri_urban,floodplain,0.1383,KE,0.98,1.09,1.21,1.29,1.36,1.45,0.245,0.272,0.302,0.322,0.34,0.362
RFB-0021,0.098707,33.981649,permanent_masonry,217,54800,11890000,True,"Risk Forge synthetic book: WorldPop-weighted placement on Kenyan land, attributes from metadata ranges; not a real portfolio",Port Victoria,urban,floodplain,0.1383,KE,0.0,0.0,0.0,0.0,0.0,0.0,0.0,0.0,0.0,0.0,0.0,0.0
RFB-0022,-0.061686,34.056124,permanent_masonry,104,57200,5950000,True,"Risk Forge synthetic book: WorldPop-weighted placement on Kenyan land, attributes from metadata ranges; not a real portfolio",other,urban,floodplain,0.1383,KE,0.0,0.0,0.0,0.0,0.0,0.0,0.0,0.0,0.0,0.0,0.0,0.0
RFB-0023,0.693525,34.869503,permanent_masonry,93,53300,4955000,True,"Risk Forge synthetic book: WorldPop-weighted placement on Kenyan land, attributes from metadata ranges; not a real portfolio",other,peri_urban,floodplain,0.1383,KE,0.0,0.0,0.0,0.0,0.0,0.0,0.0,0.0,0.0,0.0,0.0,0.0
RFB-0024,0.098542,33.979184,permanent_masonry,155,54300,8415000,True,"Risk Forge synthetic book: WorldPop-weighted placement on Kenyan land, attributes from metadata ranges; not a real portfolio",Port Victoria,urban,floodplain,0.1383,KE,0.0,0.0,0.0,0.0,0.0,0.0,0.0,0.0,0.0,0.0,0.0,0.0
RFB-0025,0.110996,34.129617,semi_permanent,27,11900,320000,True,"Risk Forge synthetic book: WorldPop-weighted placement on Kenyan land, attributes from metadata ranges; not a real portfolio",Rwambwa,peri_urban,floodplain,0.1383,KE,0.0,0.0,0.0,0.0,0.0,0.0,0.0,0.0,0.0,0.0,0.0,0.0
RFB-0026,0.394228,34.539172,permanent_masonry,120,60100,7210000,True,"Risk Forge synthetic book: WorldPop-weighted placement on Kenyan land, attributes from metadata ranges; not a real portfolio",Mumias,rural,floodplain,0.1383,KE,0.0,0.0,0.0,0.0,0.0,0.0,0.0,0.0,0.0,0.0,0.0,0.0
RFB-0027,0.052358,33.993088,semi_permanent,37,10500,390000,True,"Risk Forge synthetic book: WorldPop-weighted placement on Kenyan land, attributes from metadata ranges; not a real portfolio",Budalangi,peri_urban,floodplain,0.1383,KE,0.48,0.56,0.65,0.71,0.77,0.84,0.12,0.14,0.162,0.178,0.192,0.21
RFB-0028,0.09934,33.981068,informal_iron_sheet,17,7300,125000,True,"Risk Forge synthetic book: WorldPop-weighted placement on Kenyan land, attributes from metadata ranges; not a real portfolio",Port Victoria,urban,floodplain,0.1383,KE,0.0,0.0,0.0,0.0,0.0,0.0,0.0,0.0,0.0,0.0,0.0,0.0
RFB-0029,0.135052,34.034478,permanent_masonry,158,46500,7345000,True,"Risk Forge synthetic book: WorldPop-weighted placement on Kenyan land, attributes from metadata ranges; not a real portfolio",Rwambwa,peri_urban,floodplain,0.1383,KE,0.0,0.0,0.0,0.0,0.0,0.0,0.0,0.0,0.0,0.0,0.0,0.0
RFB-0030,0.3643,34.513153,semi_permanent,61,12900,785000,True,"Risk Forge synthetic book: WorldPop-weighted placement on Kenyan land, attributes from metadata ranges; not a real portfolio",Mumias,peri_urban,floodplain,0.1383,KE,0.0,0.0,0.0,0.0,0.0,0.0,0.0,0.0,0.0,0.0,0.0,0.0
RFB-0031,-0.126718,34.749172,permanent_masonry,216,52400,11320000,True,"Risk Forge synthetic book: WorldPop-weighted placement on Kenyan land, attributes from metadata ranges; not a real portfolio",Kisumu,urban,floodplain,0.1383,KE,0.0,0.0,0.0,0.0,0.0,0.0,0.0,0.0,0.0,0.0,0.0,0.0
RFB-0032,-0.109529,34.743369,informal_iron_sheet,15,7100,105000,True,"Risk Forge synthetic book: WorldPop-weighted placement on Kenyan land, attributes from metadata ranges; not a real portfolio",Kisumu,peri_urban,floodplain,0.1383,KE,0.0,0.0,0.0,0.0,0.0,0.0,0.0,0.0,0.0,0.0,0.0,0.0
RFB-0033,0.045108,34.131226,semi_permanent,53,9900,525000,True,"Risk Forge synthetic book: WorldPop-weighted placement on Kenyan land, attributes from metadata ranges; not a real portfolio",Rwambwa,rural,floodplain,0.1383,KE,0.0,0.0,0.02,0.04,0.06,0.14,0.0,0.0,0.005,0.01,0.015,0.035
RFB-0034,0.1192,34.120019,permanent_masonry,76,50600,3845000,True,"Risk Forge synthetic book: WorldPop-weighted placement on Kenyan land, attributes from metadata ranges; not a real portfolio",Rwambwa,peri_urban,floodplain,0.1383,KE,0.77,1.02,1.3,1.5,1.68,1.9,0.192,0.255,0.325,0.375,0.42,0.475
RFB-0035,-0.138533,34.735498,semi_permanent,33,11300,375000,True,"Risk Forge synthetic book: WorldPop-weighted placement on Kenyan land, attributes from metadata ranges; not a real portfolio",Kisumu,urban,floodplain,0.1383,KE,0.0,0.0,0.0,0.0,0.0,0.0,0.0,0.0,0.0,0.0,0.0,0.0
RFB-0036,0.067659,33.987603,permanent_masonry,226,50900,11505000,True,"Risk Forge synthetic book: WorldPop-weighted placement on Kenyan land, attributes from metadata ranges; not a real portfolio",Budalangi,urban,floodplain,0.1383,KE,0.77,0.87,0.99,1.06,1.13,1.21,0.192,0.218,0.248,0.265,0.282,0.302
RFB-0037,0.096687,33.976846,permanent_masonry,89,55300,4920000,True,"Risk Forge synthetic book: WorldPop-weighted placement on Kenyan land, attributes from metadata ranges; not a real portfolio",Port Victoria,urban,floodplain,0.1383,KE,0.0,0.0,0.0,0.0,0.0,0.0,0.0,0.0,0.0,0.0,0.0,0.0
RFB-0038,-0.126193,34.745422,permanent_masonry,149,60000,8940000,True,"Risk Forge synthetic book: WorldPop-weighted placement on Kenyan land, attributes from metadata ranges; not a real portfolio",Kisumu,urban,floodplain,0.1383,KE,0.0,0.0,0.0,0.0,0.0,0.0,0.0,0.0,0.0,0.0,0.0,0.0
RFB-0039,0.130729,34.029811,semi_permanent,34,12300,420000,True,"Risk Forge synthetic book: WorldPop-weighted placement on Kenyan land, attributes from metadata ranges; not a real portfolio",Port Victoria,peri_urban,floodplain,0.1383,KE,0.38,0.46,0.56,0.63,0.7,0.79,0.095,0.115,0.14,0.158,0.175,0.198
RFB-0040,-0.060231,34.064531,concrete_rcc,247,71200,17585000,True,"Risk Forge synthetic book: WorldPop-weighted placement on Kenyan land, attributes from metadata ranges; not a real portfolio",other,urban,floodplain,0.1383,KE,0.0,0.0,0.0,0.0,0.0,0.0,0.0,0.0,0.0,0.0,0.0,0.0
RFB-0041,0.135843,34.148188,informal_iron_sheet,17,6600,110000,True,"Risk Forge synthetic book: WorldPop-weighted placement on Kenyan land, attributes from metadata ranges; not a real portfolio",Rwambwa,rural,floodplain,0.1383,KE,0.0,0.0,0.0,0.0,0.0,0.0,0.0,0.0,0.0,0.0,0.0,0.0
RFB-0042,0.177115,34.240413,semi_permanent,36,10500,380000,True,"Risk Forge synthetic book: WorldPop-weighted placement on Kenyan land, attributes from metadata ranges; not a real portfolio",other,peri_urban,floodplain,0.1383,KE,0.0,0.0,0.0,0.0,0.0,0.0,0.0,0.0,0.0,0.0,0.0,0.0
RFB-0043,-0.062351,34.062396,permanent_masonry,209,54100,11305000,True,"Risk Forge synthetic book: WorldPop-weighted placement on Kenyan land, attributes from metadata ranges; not a real portfolio",other,urban,floodplain,0.1383,KE,0.0,0.0,0.0,0.0,0.0,0.0,0.0,0.0,0.0,0.0,0.0,0.0
RFB-0044,0.239281,34.290609,semi_permanent,53,12000,635000,True,"Risk Forge synthetic book: WorldPop-weighted placement on Kenyan land, attributes from metadata ranges; not a real portfolio",other,rural,floodplain,0.1383,KE,0.0,0.0,0.0,0.0,0.0,0.0,0.0,0.0,0.0,0.0,0.0,0.0
RFB-0045,0.08783,33.965471,semi_permanent,48,9300,445000,True,"Risk Forge synthetic book: WorldPop-weighted placement on Kenyan land, attributes from metadata ranges; not a real portfolio",Port Victoria,peri_urban,floodplain,0.1383,KE,0.0,0.0,0.0,0.0,0.0,0.0,0.0,0.0,0.0,0.0,0.0,0.0
RFB-0046,0.061231,33.979082,informal_iron_sheet,24,6400,155000,True,"Risk Forge synthetic book: WorldPop-weighted placement on Kenyan land, attributes from metadata ranges; not a real portfolio",Budalangi,peri_urban,floodplain,0.1383,KE,1.45,1.55,1.65,1.72,1.78,1.86,0.362,0.388,0.412,0.43,0.445,0.465
RFB-0047,0.406642,34.526238,informal_iron_sheet,18,5800,105000,True,"Risk Forge synthetic book: WorldPop-weighted placement on Kenyan land, attributes from metadata ranges; not a real portfolio",Mumias,peri_urban,floodplain,0.1383,KE,0.0,0.0,0.0,0.0,0.0,0.0,0.0,0.0,0.0,0.0,0.0,0.0
RFB-0048,-0.071012,34.053152,semi_permanent,37,15300,565000,True,"Risk Forge synthetic book: WorldPop-weighted placement on Kenyan land, attributes from metadata ranges; not a real portfolio",other,urban,floodplain,0.1383,KE,0.0,0.0,0.0,0.0,0.0,0.0,0.0,0.0,0.0,0.0,0.0,0.0
RFB-0049,0.08114,34.05601,informal_iron_sheet,18,6800,120000,True,"Risk Forge synthetic book: WorldPop-weighted placement on Kenyan land, attributes from metadata ranges; not a real portfolio",Budalangi,rural,floodplain,0.1383,KE,0.63,0.74,0.88,0.97,1.06,1.17,0.158,0.185,0.22,0.242,0.265,0.292
RFB-0050,0.018835,34.112953,semi_permanent,41,11400,465000,True,"Risk Forge synthetic book: WorldPop-weighted placement on Kenyan land, attributes from metadata ranges; not a real portfolio",other,rural,floodplain,0.1383,KE,0.0,0.0,0.0,0.0,0.0,0.0,0.0,0.0,0.0,0.0,0.0,0.0
RFB-0051,0.103973,33.985154,semi_permanent,40,14500,580000,True,"Risk Forge synthetic book: WorldPop-weighted placement on Kenyan land, attributes from metadata ranges; not a real portfolio",Port Victoria,urban,floodplain,0.1383,KE,0.0,0.0,0.0,0.0,0.0,0.0,0.0,0.0,0.0,0.0,0.0,0.0
RFB-0052,0.095935,33.973542,informal_iron_sheet,16,8400,135000,True,"Risk Forge synthetic book: WorldPop-weighted placement on Kenyan land, attributes from metadata ranges; not a real portfolio",Port Victoria,urban,floodplain,0.1383,KE,0.0,0.0,0.0,0.0,0.0,0.0,0.0,0.0,0.0,0.0,0.0,0.0
RFB-0053,0.087384,33.963594,semi_permanent,42,13500,565000,True,"Risk Forge synthetic book: WorldPop-weighted placement on Kenyan land, attributes from metadata ranges; not a real portfolio",Port Victoria,peri_urban,floodplain,0.1383,KE,0.0,0.0,0.0,0.0,0.0,0.0,0.0,0.0,0.0,0.0,0.0,0.0
RFB-0054,0.097004,33.984714,permanent_masonry,280,63900,17890000,True,"Risk Forge synthetic book: WorldPop-weighted placement on Kenyan land, attributes from metadata ranges; not a real portfolio",Port Victoria,urban,floodplain,0.1383,KE,0.0,0.0,0.0,0.0,0.0,0.0,0.0,0.0,0.0,0.0,0.0,0.0
RFB-0055,-0.065158,34.056567,permanent_masonry,120,54700,6565000,True,"Risk Forge synthetic book: WorldPop-weighted placement on Kenyan land, attributes from metadata ranges; not a real portfolio",other,urban,floodplain,0.1383,KE,0.0,0.0,0.0,0.0,0.0,0.0,0.0,0.0,0.0,0.0,0.0,0.0
RFB-0056,0.074417,34.129276,semi_permanent,49,14500,710000,True,"Risk Forge synthetic book: WorldPop-weighted placement on Kenyan land, attributes from metadata ranges; not a real portfolio",Rwambwa,rural,floodplain,0.1383,KE,0.0,0.0,0.0,0.0,0.0,0.0,0.0,0.0,0.0,0.0,0.0,0.0
RFB-0057,0.097576,33.969765,permanent_masonry,156,49300,7690000,True,"Risk Forge synthetic book: WorldPop-weighted placement on Kenyan land, attributes from metadata ranges; not a real portfolio",Port Victoria,urban,floodplain,0.1383,KE,0.0,0.0,0.0,0.0,0.0,0.0,0.0,0.0,0.0,0.0,0.0,0.0
RFB-0058,0.713904,34.921011,informal_iron_sheet,11,7800,85000,True,"Risk Forge synthetic book: WorldPop-weighted placement on Kenyan land, attributes from metadata ranges; not a real portfolio",other,peri_urban,floodplain,0.1383,KE,0.0,0.0,0.0,0.0,0.0,0.0,0.0,0.0,0.0,0.0,0.0,0.0
RFB-0059,-0.10178,34.754468,permanent_masonry,152,60300,9165000,True,"Risk Forge synthetic book: WorldPop-weighted placement on Kenyan land, attributes from metadata ranges; not a real portfolio",Kisumu,urban,floodplain,0.1383,KE,0.0,0.0,0.0,0.0,0.0,0.0,0.0,0.0,0.0,0.0,0.0,0.0
RFB-0060,0.086098,34.007752,informal_iron_sheet,12,7600,90000,True,"Risk Forge synthetic book: WorldPop-weighted placement on Kenyan land, attributes from metadata ranges; not a real portfolio",Port Victoria,peri_urban,floodplain,0.1383,KE,2.31,2.47,2.64,2.75,2.85,2.97,0.578,0.618,0.66,0.688,0.712,0.742
RFB-0061,0.132724,34.088884,informal_iron_sheet,17,7400,125000,True,"Risk Forge synthetic book: WorldPop-weighted placement on Kenyan land, attributes from metadata ranges; not a real portfolio",Rwambwa,peri_urban,floodplain,0.1383,KE,1.25,1.42,1.62,1.76,1.89,2.04,0.312,0.355,0.405,0.44,0.472,0.51
RFB-0062,0.086671,33.977469,concrete_rcc,377,76800,28955000,True,"Risk Forge synthetic book: WorldPop-weighted placement on Kenyan land, attributes from metadata ranges; not a real portfolio",Port Victoria,urban,floodplain,0.1383,KE,0.0,0.0,0.0,0.0,0.0,0.0,0.0,0.0,0.0,0.0,0.0,0.0
RFB-0063,0.594024,34.786878,permanent_masonry,100,57800,5780000,True,"Risk Forge synthetic book: WorldPop-weighted placement on Kenyan land, attributes from metadata ranges; not a real portfolio",Webuye,urban,floodplain,0.1383,KE,0.0,0.0,0.0,0.0,0.0,0.0,0.0,0.0,0.0,0.0,0.0,0.0
RFB-0064,-0.127487,34.742922,semi_permanent,31,14900,460000,True,"Risk Forge synthetic book: WorldPop-weighted placement on Kenyan land, attributes from metadata ranges; not a real portfolio",Kisumu,urban,floodplain,0.1383,KE,0.0,0.0,0.0,0.0,0.0,0.0,0.0,0.0,0.0,0.0,0.0,0.0
RFB-0065,-0.26081,34.878079,semi_permanent,47,13800,650000,True,"Risk Forge synthetic book: WorldPop-weighted placement on Kenyan land, attributes from metadata ranges; not a real portfolio",other,peri_urban,floodplain,0.1383,KE,0.0,0.0,0.0,0.0,0.0,0.0,0.0,0.0,0.0,0.0,0.0,0.0
RFB-0066,0.66283,34.873139,informal_iron_sheet,13,8400,110000,True,"Risk Forge synthetic book: WorldPop-weighted placement on Kenyan land, attributes from metadata ranges; not a real portfolio",other,peri_urban,floodplain,0.1383,KE,0.0,0.0,0.0,0.0,0.0,0.0,0.0,0.0,0.0,0.0,0.0,0.0
RFB-0067,0.11371,34.095115,informal_iron_sheet,10,6100,60000,True,"Risk Forge synthetic book: WorldPop-weighted placement on Kenyan land, attributes from metadata ranges; not a real portfolio",Rwambwa,peri_urban,floodplain,0.1383,KE,0.34,0.48,0.65,0.77,0.88,1.01,0.085,0.12,0.162,0.192,0.22,0.252
RFB-0068,-0.069106,34.056489,semi_permanent,51,15700,800000,True,"Risk Forge synthetic book: WorldPop-weighted placement on Kenyan land, attributes from metadata ranges; not a real portfolio",other,urban,floodplain,0.1383,KE,0.0,0.0,0.0,0.0,0.0,0.0,0.0,0.0,0.0,0.0,0.0,0.0
RFB-0069,0.136398,34.152778,permanent_masonry,127,62900,7990000,True,"Risk Forge synthetic book: WorldPop-weighted placement on Kenyan land, attributes from metadata ranges; not a real portfolio",Rwambwa,rural,floodplain,0.1383,KE,0.0,0.0,0.0,0.0,0.0,0.0,0.0,0.0,0.0,0.0,0.0,0.0
RFB-0070,0.072526,33.988423,permanent_masonry,227,62200,14120000,True,"Risk Forge synthetic book: WorldPop-weighted placement on Kenyan land, attributes from metadata ranges; not a real portfolio",Port Victoria,urban,floodplain,0.1383,KE,0.77,0.87,0.99,1.06,1.13,1.21,0.192,0.218,0.248,0.265,0.282,0.302
RFB-0071,0.094372,33.967635,concrete_rcc,150,82900,12435000,True,"Risk Forge synthetic book: WorldPop-weighted placement on Kenyan land, attributes from metadata ranges; not a real portfolio",Port Victoria,urban,floodplain,0.1383,KE,0.0,0.0,0.0,0.0,0.0,0.0,0.0,0.0,0.0,0.0,0.0,0.0
RFB-0072,-0.103177,34.059752,concrete_rcc,509,69900,35580000,True,"Risk Forge synthetic book: WorldPop-weighted placement on Kenyan land, attributes from metadata ranges; not a real portfolio",other,peri_urban,floodplain,0.1383,KE,0.0,0.0,0.0,0.0,0.0,0.0,0.0,0.0,0.0,0.0,0.0,0.0
RFB-0073,-0.185735,34.185533,informal_iron_sheet,17,7500,130000,True,"Risk Forge synthetic book: WorldPop-weighted placement on Kenyan land, attributes from metadata ranges; not a real portfolio",other,rural,floodplain,0.1383,KE,0.0,0.0,0.0,0.0,0.0,0.0,0.0,0.0,0.0,0.0,0.0,0.0
RFB-0074,-0.132522,34.748959,concrete_rcc,370,55500,20535000,True,"Risk Forge synthetic book: WorldPop-weighted placement on Kenyan land, attributes from metadata ranges; not a real portfolio",Kisumu,urban,floodplain,0.1383,KE,0.0,0.0,0.0,0.0,0.0,0.0,0.0,0.0,0.0,0.0,0.0,0.0
RFB-0075,0.019047,34.055757,semi_permanent,51,10100,515000,True,"Risk Forge synthetic book: WorldPop-weighted placement on Kenyan land, attributes from metadata ranges; not a real portfolio",Budalangi,rural,floodplain,0.1383,KE,0.0,0.0,0.0,0.0,0.0,0.0,0.0,0.0,0.0,0.0,0.0,0.0
RFB-0076,0.496952,34.727069,informal_iron_sheet,13,8900,115000,True,"Risk Forge synthetic book: WorldPop-weighted placement on Kenyan land, attributes from metadata ranges; not a real portfolio",Kakamega,peri_urban,floodplain,0.1383,KE,0.0,0.0,0.0,0.0,0.0,0.0,0.0,0.0,0.0,0.0,0.0,0.0
RFB-0077,-0.138266,34.735981,concrete_rcc,150,75900,11385000,True,"Risk Forge synthetic book: WorldPop-weighted placement on Kenyan land, attributes from metadata ranges; not a real portfolio",Kisumu,urban,floodplain,0.1383,KE,0.0,0.0,0.0,0.0,0.0,0.0,0.0,0.0,0.0,0.0,0.0,0.0
RFB-0078,0.69375,34.91742,semi_permanent,57,13500,770000,True,"Risk Forge synthetic book: WorldPop-weighted placement on Kenyan land, attributes from metadata ranges; not a real portfolio",other,peri_urban,floodplain,0.1383,KE,0.0,0.0,0.0,0.0,0.0,0.36,0.0,0.0,0.0,0.0,0.0,0.09
RFB-0079,0.138537,34.030227,permanent_masonry,94,47900,4505000,True,"Risk Forge synthetic book: WorldPop-weighted placement on Kenyan land, attributes from metadata ranges; not a real portfolio",Port Victoria,peri_urban,floodplain,0.1383,KE,0.0,0.0,0.0,0.0,0.0,0.0,0.0,0.0,0.0,0.0,0.0,0.0
RFB-0080,0.145492,34.040854,semi_permanent,50,11400,570000,True,"Risk Forge synthetic book: WorldPop-weighted placement on Kenyan land, attributes from metadata ranges; not a real portfolio",Rwambwa,peri_urban,floodplain,0.1383,KE,0.0,0.0,0.0,0.0,0.0,0.0,0.0,0.0,0.0,0.0,0.0,0.0
RFB-0081,-0.059686,34.055234,informal_iron_sheet,24,9900,240000,True,"Risk Forge synthetic book: WorldPop-weighted placement on Kenyan land, attributes from metadata ranges; not a real portfolio",other,urban,floodplain,0.1383,KE,0.0,0.0,0.0,0.0,0.0,0.0,0.0,0.0,0.0,0.0,0.0,0.0
RFB-0082,0.095935,34.064416,permanent_masonry,167,57200,9550000,True,"Risk Forge synthetic book: WorldPop-weighted placement on Kenyan land, attributes from metadata ranges; not a real portfolio",Rwambwa,peri_urban,floodplain,0.1383,KE,1.6,1.76,1.93,2.04,2.14,2.26,0.4,0.44,0.482,0.51,0.535,0.565
RFB-0083,0.596496,34.786598,permanent_masonry,198,55200,10930000,True,"Risk Forge synthetic book: WorldPop-weighted placement on Kenyan land, attributes from metadata ranges; not a real portfolio",Webuye,urban,floodplain,0.1383,KE,0.0,0.0,0.0,0.0,0.0,0.0,0.0,0.0,0.0,0.0,0.0,0.0
RFB-0084,0.697506,34.872934,permanent_masonry,144,52700,7590000,True,"Risk Forge synthetic book: WorldPop-weighted placement on Kenyan land, attributes from metadata ranges; not a real portfolio",other,peri_urban,floodplain,0.1383,KE,0.0,0.0,0.0,0.0,0.0,0.0,0.0,0.0,0.0,0.0,0.0,0.0
RFB-0085,0.047879,34.029089,informal_iron_sheet,13,7200,95000,True,"Risk Forge synthetic book: WorldPop-weighted placement on Kenyan land, attributes from metadata ranges; not a real portfolio",Budalangi,rural,floodplain,0.1383,KE,0.09,0.13,0.21,0.27,0.32,0.4,0.022,0.032,0.052,0.068,0.08,0.1
RFB-0086,0.098687,34.130744,semi_permanent,44,8600,380000,True,"Risk Forge synthetic book: WorldPop-weighted placement on Kenyan land, attributes from metadata ranges; not a real portfolio",Rwambwa,rural,floodplain,0.1383,KE,0.0,0.0,0.0,0.0,0.0,0.0,0.0,0.0,0.0,0.0,0.0,0.0
RFB-0087,0.048917,33.977357,informal_iron_sheet,18,6700,120000,True,"Risk Forge synthetic book: WorldPop-weighted placement on Kenyan land, attributes from metadata ranges; not a real portfolio",Budalangi,rural,floodplain,0.1383,KE,0.56,0.62,0.69,0.75,0.79,0.85,0.14,0.155,0.172,0.188,0.198,0.212
RFB-0088,0.07442,33.989035,concrete_rcc,293,59000,17285000,True,"Risk Forge synthetic book: WorldPop-weighted placement on Kenyan land, attributes from metadata ranges; not a real portfolio",Port Victoria,urban,floodplain,0.1383,KE,0.77,0.87,0.99,1.06,1.13,1.21,0.192,0.218,0.248,0.265,0.282,0.302
RFB-0089,-0.126262,34.743836,permanent_masonry,220,47900,10540000,True,"Risk Forge synthetic book: WorldPop-weighted placement on Kenyan land, attributes from metadata ranges; not a real portfolio",Kisumu,urban,floodplain,0.1383,KE,0.0,0.0,0.0,0.0,0.0,0.0,0.0,0.0,0.0,0.0,0.0,0.0
RFB-0090,-0.13272,34.744602,concrete_rcc,859,73600,63220000,True,"Risk Forge synthetic book: WorldPop-weighted placement on Kenyan land, attributes from metadata ranges; not a real portfolio",Kisumu,urban,floodplain,0.1383,KE,0.0,0.0,0.0,0.0,0.0,0.0,0.0,0.0,0.0,0.0,0.0,0.0
RFB-0091,0.414945,34.55255,informal_iron_sheet,14,7900,110000,True,"Risk Forge synthetic book: WorldPop-weighted placement on Kenyan land, attributes from metadata ranges; not a real portfolio",Mumias,peri_urban,floodplain,0.1383,KE,0.0,0.0,0.0,0.0,0.0,0.0,0.0,0.0,0.0,0.0,0.0,0.0
RFB-0092,-0.136663,34.737034,semi_permanent,23,15100,345000,True,"Risk Forge synthetic book: WorldPop-weighted placement on Kenyan land, attributes from metadata ranges; not a real portfolio",Kisumu,urban,floodplain,0.1383,KE,0.0,0.0,0.0,0.0,0.0,0.0,0.0,0.0,0.0,0.0,0.0,0.0
RFB-0093,-0.107847,34.752033,informal_iron_sheet,19,7100,135000,True,"Risk Forge synthetic book: WorldPop-weighted placement on Kenyan land, attributes from metadata ranges; not a real portfolio",Kisumu,urban,floodplain,0.1383,KE,0.0,0.0,0.0,0.0,0.0,0.0,0.0,0.0,0.0,0.0,0.0,0.0
RFB-0094,-0.028437,34.029948,permanent_masonry,167,47800,7985000,True,"Risk Forge synthetic book: WorldPop-weighted placement on Kenyan land, attributes from metadata ranges; not a real portfolio",Budalangi,peri_urban,floodplain,0.1383,KE,0.0,0.0,0.0,0.0,0.0,0.0,0.0,0.0,0.0,0.0,0.0,0.0
RFB-0095,-0.056915,34.071926,concrete_rcc,333,63200,21045000,True,"Risk Forge synthetic book: WorldPop-weighted placement on Kenyan land, attributes from metadata ranges; not a real portfolio",other,peri_urban,floodplain,0.1383,KE,0.0,0.0,0.0,0.0,0.0,0.0,0.0,0.0,0.0,0.0,0.0,0.0
RFB-0096,0.080939,34.027125,permanent_masonry,241,51800,12485000,True,"Risk Forge synthetic book: WorldPop-weighted placement on Kenyan land, attributes from metadata ranges; not a real portfolio",Budalangi,peri_urban,floodplain,0.1383,KE,0.48,0.55,0.62,0.68,0.73,0.8,0.12,0.138,0.155,0.17,0.182,0.2
RFB-0097,-0.132597,34.747871,informal_iron_sheet,12,9000,110000,True,"Risk Forge synthetic book: WorldPop-weighted placement on Kenyan land, attributes from metadata ranges; not a real portfolio",Kisumu,urban,floodplain,0.1383,KE,0.0,0.0,0.0,0.0,0.0,0.0,0.0,0.0,0.0,0.0,0.0,0.0
RFB-0098,0.237926,34.355397,semi_permanent,64,11300,725000,True,"Risk Forge synthetic book: WorldPop-weighted placement on Kenyan land, attributes from metadata ranges; not a real portfolio",other,peri_urban,floodplain,0.1383,KE,0.0,0.0,0.0,0.0,0.0,0.0,0.0,0.0,0.0,0.0,0.0,0.0
RFB-0099,0.052936,34.090937,informal_iron_sheet,16,6100,100000,True,"Risk Forge synthetic book: WorldPop-weighted placement on Kenyan land, attributes from metadata ranges; not a real portfolio",Rwambwa,rural,floodplain,0.1383,KE,0.0,0.0,0.1,0.25,0.44,0.78,0.0,0.0,0.025,0.062,0.11,0.195
RFB-0100,-0.119489,34.756909,permanent_masonry,118,49400,5830000,True,"Risk Forge synthetic book: WorldPop-weighted placement on Kenyan land, attributes from metadata ranges; not a real portfolio",Kisumu,urban,floodplain,0.1383,KE,0.0,0.0,0.0,0.0,0.0,0.0,0.0,0.0,0.0,0.0,0.0,0.0
RFB-0101,0.589696,34.799183,permanent_masonry,251,47700,11975000,True,"Risk Forge synthetic book: WorldPop-weighted placement on Kenyan land, attributes from metadata ranges; not a real portfolio",Webuye,urban,floodplain,0.1383,KE,0.0,0.0,0.0,0.0,0.0,0.0,0.0,0.0,0.0,0.0,0.0,0.0
RFB-0102,0.031432,34.040664,concrete_rcc,285,77000,21945000,True,"Risk Forge synthetic book: WorldPop-weighted placement on Kenyan land, attributes from metadata ranges; not a real portfolio",Budalangi,rural,floodplain,0.1383,KE,0.3,0.41,0.57,0.67,0.77,0.89,0.075,0.102,0.142,0.168,0.192,0.222
RFB-0103,0.106139,34.082213,concrete_rcc,336,71300,23955000,True,"Risk Forge synthetic book: WorldPop-weighted placement on Kenyan land, attributes from metadata ranges; not a real portfolio",Rwambwa,rural,floodplain,0.1383,KE,1.36,1.53,1.72,1.85,1.96,2.09,0.34,0.382,0.43,0.462,0.49,0.522
RFB-0104,-0.087866,34.149461,semi_permanent,57,14700,840000,True,"Risk Forge synthetic book: WorldPop-weighted placement on Kenyan land, attributes from metadata ranges; not a real portfolio",Siaya,rural,floodplain,0.1383,KE,0.0,0.0,0.0,0.0,0.0,0.0,0.0,0.0,0.0,0.0,0.0,0.0
RFB-0105,0.612025,34.799249,concrete_rcc,396,67400,26690000,True,"Risk Forge synthetic book: WorldPop-weighted placement on Kenyan land, attributes from metadata ranges; not a real portfolio",Webuye,peri_urban,floodplain,0.1383,KE,0.0,0.0,0.0,0.0,0.0,0.0,0.0,0.0,0.0,0.0,0.0,0.0
RFB-0106,0.044347,34.128091,semi_permanent,32,14400,460000,True,"Risk Forge synthetic book: WorldPop-weighted placement on Kenyan land, attributes from metadata ranges; not a real portfolio",Rwambwa,rural,floodplain,0.1383,KE,0.0,0.0,0.02,0.04,0.06,0.14,0.0,0.0,0.005,0.01,0.015,0.035
RFB-0107,-0.120082,34.75141,concrete_rcc,1097,73400,80520000,True,"Risk Forge synthetic book: WorldPop-weighted placement on Kenyan land, attributes from metadata ranges; not a real portfolio",Kisumu,urban,floodplain,0.1383,KE,0.0,0.0,0.0,0.0,0.0,0.0,0.0,0.0,0.0,0.0,0.0,0.0
RFB-0108,-0.001433,34.057393,semi_permanent,31,11800,365000,True,"Risk Forge synthetic book: WorldPop-weighted placement on Kenyan land, attributes from metadata ranges; not a real portfolio",Budalangi,rural,floodplain,0.1383,KE,0.0,0.0,0.0,0.0,0.0,0.0,0.0,0.0,0.0,0.0,0.0,0.0
RFB-0109,0.128261,34.052762,informal_iron_sheet,12,7400,90000,True,"Risk Forge synthetic book: WorldPop-weighted placement on Kenyan land, attributes from metadata ranges; not a real portfolio",Rwambwa,rural,floodplain,0.1383,KE,1.16,1.29,1.44,1.54,1.64,1.75,0.29,0.322,0.36,0.385,0.41,0.438
RFB-0110,-0.042918,34.081908,permanent_masonry,188,51800,9740000,True,"Risk Forge synthetic book: WorldPop-weighted placement on Kenyan land, attributes from metadata ranges; not a real portfolio",other,rural,floodplain,0.1383,KE,0.0,0.0,0.0,0.0,0.0,0.0,0.0,0.0,0.0,0.0,0.0,0.0
RFB-0111,0.117503,34.007883,informal_iron_sheet,19,9100,175000,True,"Risk Forge synthetic book: WorldPop-weighted placement on Kenyan land, attributes from metadata ranges; not a real portfolio",Port Victoria,peri_urban,floodplain,0.1383,KE,0.0,0.0,0.0,0.0,0.0,0.0,0.0,0.0,0.0,0.0,0.0,0.0
RFB-0112,-0.064451,34.055076,semi_permanent,59,13300,785000,True,"Risk Forge synthetic book: WorldPop-weighted placement on Kenyan land, attributes from metadata ranges; not a real portfolio",other,urban,floodplain,0.1383,KE,0.0,0.0,0.0,0.0,0.0,0.0,0.0,0.0,0.0,0.0,0.0,0.0
RFB-0113,0.586952,34.794232,permanent_masonry,161,60300,9710000,True,"Risk Forge synthetic book: WorldPop-weighted placement on Kenyan land, attributes from metadata ranges; not a real portfolio",Webuye,urban,floodplain,0.1383,KE,0.0,0.0,0.0,0.0,0.0,0.0,0.0,0.0,0.0,0.0,0.0,0.0
RFB-0114,0.148755,34.030397,semi_permanent,32,9500,305000,True,"Risk Forge synthetic book: WorldPop-weighted placement on Kenyan land, attributes from metadata ranges; not a real portfolio",Rwambwa,peri_urban,floodplain,0.1383,KE,0.0,0.0,0.0,0.0,0.0,0.0,0.0,0.0,0.0,0.0,0.0,0.0
RFB-0115,0.68772,34.87342,informal_iron_sheet,24,8500,205000,True,"Risk Forge synthetic book: WorldPop-weighted placement on Kenyan land, attributes from metadata ranges; not a real portfolio",other,peri_urban,floodplain,0.1383,KE,0.0,0.0,0.0,0.0,0.0,0.0,0.0,0.0,0.0,0.0,0.0,0.0
RFB-0116,0.606767,34.810027,semi_permanent,63,12400,780000,True,"Risk Forge synthetic book: WorldPop-weighted placement on Kenyan land, attributes from metadata ranges; not a real portfolio",Webuye,peri_urban,floodplain,0.1383,KE,0.0,0.0,0.0,0.0,0.0,0.0,0.0,0.0,0.0,0.0,0.0,0.0
RFB-0117,0.067234,33.990328,semi_permanent,52,14100,735000,True,"Risk Forge synthetic book: WorldPop-weighted placement on Kenyan land, attributes from metadata ranges; not a real portfolio",Budalangi,urban,floodplain,0.1383,KE,0.77,0.87,0.99,1.06,1.13,1.21,0.192,0.218,0.248,0.265,0.282,0.302
RFB-0118,0.238125,34.347474,semi_permanent,34,11800,400000,True,"Risk Forge synthetic book: WorldPop-weighted placement on Kenyan land, attributes from metadata ranges; not a real portfolio",other,peri_urban,floodplain,0.1383,KE,0.0,0.0,0.0,0.0,0.0,0.0,0.0,0.0,0.0,0.0,0.0,0.0
RFB-0119,0.086321,33.990674,informal_iron_sheet,11,8500,95000,True,"Risk Forge synthetic book: WorldPop-weighted placement on Kenyan land, attributes from metadata ranges; not a real portfolio",Port Victoria,peri_urban,floodplain,0.1383,KE,1.15,1.28,1.42,1.51,1.59,1.69,0.288,0.32,0.355,0.378,0.398,0.422
RFB-0120,-0.051283,34.069677,permanent_masonry,80,48000,3840000,True,"Risk Forge synthetic book: WorldPop-weighted placement on Kenyan land, attributes from metadata ranges; not a real portfolio",other,peri_urban,floodplain,0.1383,KE,0.0,0.0,0.0,0.0,0.0,0.0,0.0,0.0,0.0,0.0,0.0,0.0
RFB-0121,-0.128631,34.748911,permanent_masonry,185,54100,10010000,True,"Risk Forge synthetic book: WorldPop-weighted placement on Kenyan land, attributes from metadata ranges; not a real portfolio",Kisumu,urban,floodplain,0.1383,KE,0.0,0.0,0.0,0.0,0.0,0.0,0.0,0.0,0.0,0.0,0.0,0.0
RFB-0122,0.115021,34.043465,permanent_masonry,172,50000,8600000,True,"Risk Forge synthetic book: WorldPop-weighted placement on Kenyan land, attributes from metadata ranges; not a real portfolio",Rwambwa,rural,floodplain,0.1383,KE,1.01,1.13,1.27,1.36,1.45,1.56,0.252,0.282,0.318,0.34,0.362,0.39
RFB-0123,0.128594,34.030863,semi_permanent,35,12000,420000,True,"Risk Forge synthetic book: WorldPop-weighted placement on Kenyan land, attributes from metadata ranges; not a real portfolio",Port Victoria,peri_urban,floodplain,0.1383,KE,0.38,0.46,0.56,0.63,0.7,0.79,0.095,0.115,0.14,0.158,0.175,0.198
RFB-0124,0.133887,34.149065,semi_permanent,34,12000,410000,True,"Risk Forge synthetic book: WorldPop-weighted placement on Kenyan land, attributes from metadata ranges; not a real portfolio",Rwambwa,rural,floodplain,0.1383,KE,0.0,0.0,0.0,0.0,0.0,0.0,0.0,0.0,0.0,0.0,0.0,0.0
RFB-0125,0.596311,34.804559,permanent_masonry,94,47000,4420000,True,"Risk Forge synthetic book: WorldPop-weighted placement on Kenyan land, attributes from metadata ranges; not a real portfolio",Webuye,peri_urban,floodplain,0.1383,KE,3.22,3.64,4.15,4.52,4.87,5.31,0.805,0.91,1.0,1.0,1.0,1.0
RFB-0126,-0.064064,34.051546,permanent_masonry,136,47400,6445000,True,"Risk Forge synthetic book: WorldPop-weighted placement on Kenyan land, attributes from metadata ranges; not a real portfolio",other,urban,floodplain,0.1383,KE,0.0,0.0,0.0,0.0,0.0,0.0,0.0,0.0,0.0,0.0,0.0,0.0
RFB-0127,-0.117749,34.757628,permanent_masonry,90,41800,3760000,True,"Risk Forge synthetic book: WorldPop-weighted placement on Kenyan land, attributes from metadata ranges; not a real portfolio",Kisumu,urban,floodplain,0.1383,KE,0.0,0.0,0.0,0.0,0.0,0.0,0.0,0.0,0.0,0.0,0.0,0.0
RFB-0128,0.097708,33.988154,informal_iron_sheet,24,9600,230000,True,"Risk Forge synthetic book: WorldPop-weighted placement on Kenyan land, attributes from metadata ranges; not a real portfolio",Port Victoria,urban,floodplain,0.1383,KE,0.0,0.0,0.0,0.0,0.0,0.0,0.0,0.0,0.0,0.0,0.0,0.0
RFB-0129,0.073643,33.985815,permanent_masonry,159,51300,8155000,True,"Risk Forge synthetic book: WorldPop-weighted placement on Kenyan land, attributes from metadata ranges; not a real portfolio",Port Victoria,urban,floodplain,0.1383,KE,0.77,0.87,0.99,1.06,1.13,1.21,0.192,0.218,0.248,0.265,0.282,0.302
RFB-0130,-0.185096,34.190647,permanent_masonry,163,42200,6880000,True,"Risk Forge synthetic book: WorldPop-weighted placement on Kenyan land, attributes from metadata ranges; not a real portfolio",other,rural,floodplain,0.1383,KE,0.0,0.0,0.0,0.0,0.0,0.0,0.0,0.0,0.0,0.0,0.0,0.0
RFB-0131,-0.059973,34.064949,concrete_rcc,204,63200,12895000,True,"Risk Forge synthetic book: WorldPop-weighted placement on Kenyan land, attributes from metadata ranges; not a real portfolio",other,urban,floodplain,0.1383,KE,0.0,0.0,0.0,0.0,0.0,0.0,0.0,0.0,0.0,0.0,0.0,0.0
RFB-0132,-0.071384,34.062068,concrete_rcc,316,74300,23480000,True,"Risk Forge synthetic book: WorldPop-weighted placement on Kenyan land, attributes from metadata ranges; not a real portfolio",other,urban,floodplain,0.1383,KE,0.0,0.0,0.0,0.0,0.0,0.0,0.0,0.0,0.0,0.0,0.0,0.0
RFB-0133,-0.12889,34.746937,permanent_masonry,66,49900,3295000,True,"Risk Forge synthetic book: WorldPop-weighted placement on Kenyan land, attributes from metadata ranges; not a real portfolio",Kisumu,urban,floodplain,0.1383,KE,0.0,0.0,0.0,0.0,0.0,0.0,0.0,0.0,0.0,0.0,0.0,0.0
RFB-0134,0.253581,34.293724,semi_permanent,40,14200,570000,True,"Risk Forge synthetic book: WorldPop-weighted placement on Kenyan land, attributes from metadata ranges; not a real portfolio",Bumala,rural,floodplain,0.1383,KE,0.0,0.0,0.0,0.0,0.0,0.0,0.0,0.0,0.0,0.0,0.0,0.0
RFB-0135,-0.03834,34.038237,semi_permanent,57,11500,655000,True,"Risk Forge synthetic book: WorldPop-weighted placement on Kenyan land, attributes from metadata ranges; not a real portfolio",other,peri_urban,floodplain,0.1383,KE,0.0,0.0,0.0,0.0,0.0,0.0,0.0,0.0,0.0,0.0,0.0,0.0
RFB-0136,-0.069597,34.054227,semi_permanent,41,10100,415000,True,"Risk Forge synthetic book: WorldPop-weighted placement on Kenyan land, attributes from metadata ranges; not a real portfolio",other,urban,floodplain,0.1383,KE,0.0,0.0,0.0,0.0,0.0,0.0,0.0,0.0,0.0,0.0,0.0,0.0
RFB-0137,-0.123476,34.754224,permanent_masonry,129,37800,4875000,True,"Risk Forge synthetic book: WorldPop-weighted placement on Kenyan land, attributes from metadata ranges; not a real portfolio",Kisumu,urban,floodplain,0.1383,KE,0.0,0.0,0.0,0.0,0.0,0.0,0.0,0.0,0.0,0.0,0.0,0.0
RFB-0138,0.120682,34.067191,semi_permanent,48,10200,490000,True,"Risk Forge synthetic book: WorldPop-weighted placement on Kenyan land, attributes from metadata ranges; not a real portfolio",Rwambwa,rural,floodplain,0.1383,KE,1.5,1.65,1.84,1.96,2.08,2.22,0.375,0.412,0.46,0.49,0.52,0.555
RFB-0139,-0.065308,34.06068,permanent_masonry,101,59500,6010000,True,"Risk Forge synthetic book: WorldPop-weighted placement on Kenyan land, attributes from metadata ranges; not a real portfolio",other,urban,floodplain,0.1383,KE,0.0,0.0,0.0,0.0,0.0,0.0,0.0,0.0,0.0,0.0,0.0,0.0
RFB-0140,0.043648,34.027437,permanent_masonry,164,54100,8870000,True,"Risk Forge synthetic book: WorldPop-weighted placement on Kenyan land, attributes from metadata ranges; not a real portfolio",Budalangi,rural,floodplain,0.1383,KE,0.09,0.13,0.21,0.27,0.32,0.4,0.022,0.032,0.052,0.068,0.08,0.1
RFB-0141,0.094316,33.95941,semi_permanent,49,11100,545000,True,"Risk Forge synthetic book: WorldPop-weighted placement on Kenyan land, attributes from metadata ranges; not a real portfolio",Port Victoria,peri_urban,floodplain,0.1383,KE,0.0,0.0,0.0,0.0,0.0,0.0,0.0,0.0,0.0,0.0,0.0,0.0
RFB-0142,0.595785,34.78659,informal_iron_sheet,17,9600,165000,True,"Risk Forge synthetic book: WorldPop-weighted placement on Kenyan land, attributes from metadata ranges; not a real portfolio",Webuye,urban,floodplain,0.1383,KE,0.0,0.0,0.0,0.0,0.0,0.0,0.0,0.0,0.0,0.0,0.0,0.0
RFB-0143,0.110001,34.012116,semi_permanent,35,13600,475000,True,"Risk Forge synthetic book: WorldPop-weighted placement on Kenyan land, attributes from metadata ranges; not a real portfolio",Port Victoria,rural,floodplain,0.1383,KE,2.3,2.45,2.62,2.73,2.83,2.95,0.575,0.612,0.655,0.682,0.708,0.738
RFB-0144,-0.230539,34.247228,informal_iron_sheet,22,6200,135000,True,"Risk Forge synthetic book: WorldPop-weighted placement on Kenyan land, attributes from metadata ranges; not a real portfolio",other,peri_urban,floodplain,0.1383,KE,0.0,0.0,0.0,0.0,0.0,0.0,0.0,0.0,0.0,0.0,0.0,0.0
RFB-0145,0.25232,34.304314,informal_iron_sheet,17,7100,120000,True,"Risk Forge synthetic book: WorldPop-weighted placement on Kenyan land, attributes from metadata ranges; not a real portfolio",other,rural,floodplain,0.1383,KE,0.0,0.0,0.0,0.0,0.0,0.0,0.0,0.0,0.0,0.0,0.0,0.0
RFB-0146,0.599117,34.795487,semi_permanent,39,13300,520000,True,"Risk Forge synthetic book: WorldPop-weighted placement on Kenyan land, attributes from metadata ranges; not a real portfolio",Webuye,peri_urban,floodplain,0.1383,KE,0.0,0.0,0.0,0.0,0.0,0.0,0.0,0.0,0.0,0.0,0.0,0.0
RFB-0147,0.103416,33.979851,permanent_masonry,228,44700,10190000,True,"Risk Forge synthetic book: WorldPop-weighted placement on Kenyan land, attributes from metadata ranges; not a real portfolio",Port Victoria,peri_urban,floodplain,0.1383,KE,0.0,0.0,0.0,0.0,0.0,0.0,0.0,0.0,0.0,0.0,0.0,0.0
RFB-0148,0.594657,34.78552,concrete_rcc,1011,66200,66930000,True,"Risk Forge synthetic book: WorldPop-weighted placement on Kenyan land, attributes from metadata ranges; not a real portfolio",Webuye,urban,floodplain,0.1383,KE,0.0,0.0,0.0,0.0,0.0,0.0,0.0,0.0,0.0,0.0,0.0,0.0
RFB-0149,0.157385,34.052819,informal_iron_sheet,18,7500,135000,True,"Risk Forge synthetic book: WorldPop-weighted placement on Kenyan land, attributes from metadata ranges; not a real portfolio",Rwambwa,peri_urban,floodplain,0.1383,KE,0.0,0.0,0.0,0.0,0.0,0.0,0.0,0.0,0.0,0.0,0.0,0.0
RFB-0150,-0.129217,34.743197,concrete_rcc,166,64000,10625000,True,"Risk Forge synthetic book: WorldPop-weighted placement on Kenyan land, attributes from metadata ranges; not a real portfolio",Kisumu,urban,floodplain,0.1383,KE,0.0,0.0,0.0,0.0,0.0,0.0,0.0,0.0,0.0,0.0,0.0,0.0
RFB-0151,0.128867,34.027346,informal_iron_sheet,10,7500,75000,True,"Risk Forge synthetic book: WorldPop-weighted placement on Kenyan land, attributes from metadata ranges; not a real portfolio",Port Victoria,peri_urban,floodplain,0.1383,KE,0.38,0.46,0.56,0.63,0.7,0.79,0.095,0.115,0.14,0.158,0.175,0.198
RFB-0152,0.064301,34.003448,permanent_masonry,203,51500,10455000,True,"Risk Forge synthetic book: WorldPop-weighted placement on Kenyan land, attributes from metadata ranges; not a real portfolio",Budalangi,rural,floodplain,0.1383,KE,0.79,0.89,1.01,1.08,1.16,1.25,0.198,0.222,0.252,0.27,0.29,0.312
RFB-0153,0.230725,34.293813,semi_permanent,24,13200,315000,True,"Risk Forge synthetic book: WorldPop-weighted placement on Kenyan land, attributes from metadata ranges; not a real portfolio",other,rural,floodplain,0.1383,KE,0.0,0.0,0.0,0.01,0.1,0.24,0.0,0.0,0.0,0.002,0.025,0.06
RFB-0154,-0.064214,34.05233,semi_permanent,63,12200,770000,True,"Risk Forge synthetic book: WorldPop-weighted placement on Kenyan land, attributes from metadata ranges; not a real portfolio",other,urban,floodplain,0.1383,KE,0.0,0.0,0.0,0.0,0.0,0.0,0.0,0.0,0.0,0.0,0.0,0.0
RFB-0155,0.590641,34.797961,permanent_masonry,65,51900,3375000,True,"Risk Forge synthetic book: WorldPop-weighted placement on Kenyan land, attributes from metadata ranges; not a real portfolio",Webuye,urban,floodplain,0.1383,KE,0.0,0.0,0.0,0.0,0.0,0.0,0.0,0.0,0.0,0.0,0.0,0.0
RFB-0156,-0.100495,34.753137,permanent_masonry,216,51100,11040000,True,"Risk Forge synthetic book: WorldPop-weighted placement on Kenyan land, attributes from metadata ranges; not a real portfolio",Kisumu,urban,floodplain,0.1383,KE,0.0,0.0,0.0,0.0,0.0,0.0,0.0,0.0,0.0,0.0,0.0,0.0
RFB-0157,0.092598,33.969951,permanent_masonry,136,54200,7370000,True,"Risk Forge synthetic book: WorldPop-weighted placement on Kenyan land, attributes from metadata ranges; not a real portfolio",Port Victoria,urban,floodplain,0.1383,KE,0.0,0.0,0.0,0.0,0.0,0.0,0.0,0.0,0.0,0.0,0.0,0.0
RFB-0158,0.452578,34.672949,semi_permanent,61,13700,835000,True,"Risk Forge synthetic book: WorldPop-weighted placement on Kenyan land, attributes from metadata ranges; not a real portfolio",other,peri_urban,floodplain,0.1383,KE,0.0,0.0,0.0,0.0,0.0,0.0,0.0,0.0,0.0,0.0,0.0,0.0
RFB-0159,-0.071258,34.064512,permanent_masonry,242,54400,13165000,True,"Risk Forge synthetic book: WorldPop-weighted placement on Kenyan land, attributes from metadata ranges; not a real portfolio",other,urban,floodplain,0.1383,KE,0.0,0.0,0.0,0.0,0.0,0.0,0.0,0.0,0.0,0.0,0.0,0.0
RFB-0160,0.068791,33.98079,informal_iron_sheet,22,9300,205000,True,"Risk Forge synthetic book: WorldPop-weighted placement on Kenyan land, attributes from metadata ranges; not a real portfolio",Port Victoria,peri_urban,floodplain,0.1383,KE,3.33,3.42,3.51,3.58,3.63,3.71,0.832,0.855,0.878,0.895,0.908,0.928
RFB-0161,0.097583,33.979776,concrete_rcc,214,75700,16200000,True,"Risk Forge synthetic book: WorldPop-weighted placement on Kenyan land, attributes from metadata ranges; not a real portfolio",Port Victoria,urban,floodplain,0.1383,KE,0.0,0.0,0.0,0.0,0.0,0.0,0.0,0.0,0.0,0.0,0.0,0.0
RFB-0162,0.227783,34.334225,semi_permanent,43,12500,540000,True,"Risk Forge synthetic book: WorldPop-weighted placement on Kenyan land, attributes from metadata ranges; not a real portfolio",other,peri_urban,floodplain,0.1383,KE,0.0,0.0,0.0,0.0,0.0,0.0,0.0,0.0,0.0,0.0,0.0,0.0
RFB-0163,-0.104888,34.756867,permanent_masonry,197,52000,10245000,True,"Risk Forge synthetic book: WorldPop-weighted placement on Kenyan land, attributes from metadata ranges; not a real portfolio",Kisumu,urban,floodplain,0.1383,KE,0.0,0.0,0.0,0.0,0.0,0.0,0.0,0.0,0.0,0.0,0.0,0.0
RFB-0164,0.114005,34.130119,semi_permanent,38,13700,520000,True,"Risk Forge synthetic book: WorldPop-weighted placement on Kenyan land, attributes from metadata ranges; not a real portfolio",Rwambwa,peri_urban,floodplain,0.1383,KE,0.0,0.0,0.0,0.0,0.0,0.0,0.0,0.0,0.0,0.0,0.0,0.0
RFB-0165,0.689067,34.932469,informal_iron_sheet,12,7100,85000,True,"Risk Forge synthetic book: WorldPop-weighted placement on Kenyan land, attributes from metadata ranges; not a real portfolio",other,peri_urban,floodplain,0.1383,KE,0.0,0.0,0.0,0.0,0.0,0.0,0.0,0.0,0.0,0.0,0.0,0.0
RFB-0166,-0.237392,34.235108,semi_permanent,51,10900,555000,True,"Risk Forge synthetic book: WorldPop-weighted placement on Kenyan land, attributes from metadata ranges; not a real portfolio",other,rural,floodplain,0.1383,KE,0.0,0.0,0.0,0.0,0.0,0.0,0.0,0.0,0.0,0.0,0.0,0.0
RFB-0167,0.690592,34.859627,permanent_masonry,164,63000,10330000,True,"Risk Forge synthetic book: WorldPop-weighted placement on Kenyan land, attributes from metadata ranges; not a real portfolio",other,peri_urban,floodplain,0.1383,KE,0.0,0.0,0.0,0.0,0.0,0.0,0.0,0.0,0.0,0.0,0.0,0.0
RFB-0168,0.594207,34.815516,permanent_masonry,133,45100,6000000,True,"Risk Forge synthetic book: WorldPop-weighted placement on Kenyan land, attributes from metadata ranges; not a real portfolio",Webuye,peri_urban,floodplain,0.1383,KE,0.0,0.0,0.0,0.0,0.0,0.0,0.0,0.0,0.0,0.0,0.0,0.0
RFB-0169,0.092723,33.986115,permanent_masonry,166,46500,7720000,True,"Risk Forge synthetic book: WorldPop-weighted placement on Kenyan land, attributes from metadata ranges; not a real portfolio",Port Victoria,urban,floodplain,0.1383,KE,0.0,0.0,0.0,0.0,0.0,0.0,0.0,0.0,0.0,0.0,0.0,0.0
RFB-0170,0.359451,34.515948,semi_permanent,34,13200,450000,True,"Risk Forge synthetic book: WorldPop-weighted placement on Kenyan land, attributes from metadata ranges; not a real portfolio",Mumias,peri_urban,floodplain,0.1383,KE,0.0,0.0,0.0,0.0,0.0,0.0,0.0,0.0,0.0,0.0,0.0,0.0
RFB-0171,0.120165,33.997755,informal_iron_sheet,13,7300,95000,True,"Risk Forge synthetic book: WorldPop-weighted placement on Kenyan land, attributes from metadata ranges; not a real portfolio",Port Victoria,peri_urban,floodplain,0.1383,KE,0.0,0.0,0.0,0.0,0.0,0.0,0.0,0.0,0.0,0.0,0.0,0.0
RFB-0172,0.072993,33.985437,permanent_masonry,102,51200,5220000,True,"Risk Forge synthetic book: WorldPop-weighted placement on Kenyan land, attributes from metadata ranges; not a real portfolio",Port Victoria,urban,floodplain,0.1383,KE,0.77,0.87,0.99,1.06,1.13,1.21,0.192,0.218,0.248,0.265,0.282,0.302
RFB-0173,-0.183814,34.180116,semi_permanent,39,13100,510000,True,"Risk Forge synthetic book: WorldPop-weighted placement on Kenyan land, attributes from metadata ranges; not a real portfolio",other,rural,floodplain,0.1383,KE,0.0,0.0,0.0,0.0,0.0,0.0,0.0,0.0,0.0,0.0,0.0,0.0
RFB-0174,-0.13783,34.73631,semi_permanent,43,14200,610000,True,"Risk Forge synthetic book: WorldPop-weighted placement on Kenyan land, attributes from metadata ranges; not a real portfolio",Kisumu,urban,floodplain,0.1383,KE,0.0,0.0,0.0,0.0,0.0,0.0,0.0,0.0,0.0,0.0,0.0,0.0
RFB-0175,0.614392,34.823236,permanent_masonry,138,41900,5780000,True,"Risk Forge synthetic book: WorldPop-weighted placement on Kenyan land, attributes from metadata ranges; not a real portfolio",Webuye,peri_urban,floodplain,0.1383,KE,0.0,0.0,0.0,0.0,0.0,0.0,0.0,0.0,0.0,0.0,0.0,0.0
RFB-0176,-0.11925,34.755241,concrete_rcc,506,73400,37140000,True,"Risk Forge synthetic book: WorldPop-weighted placement on Kenyan land, attributes from metadata ranges; not a real portfolio",Kisumu,urban,floodplain,0.1383,KE,0.0,0.0,0.0,0.0,0.0,0.0,0.0,0.0,0.0,0.0,0.0,0.0
RFB-0177,0.469595,34.655887,informal_iron_sheet,13,8400,110000,True,"Risk Forge synthetic book: WorldPop-weighted placement on Kenyan land, attributes from metadata ranges; not a real portfolio",other,peri_urban,floodplain,0.1383,KE,0.0,0.0,0.0,0.0,0.0,0.0,0.0,0.0,0.0,0.0,0.0,0.0
RFB-0178,-0.109672,34.752564,permanent_masonry,89,48300,4300000,True,"Risk Forge synthetic book: WorldPop-weighted placement on Kenyan land, attributes from metadata ranges; not a real portfolio",Kisumu,urban,floodplain,0.1383,KE,0.0,0.0,0.0,0.0,0.0,0.0,0.0,0.0,0.0,0.0,0.0,0.0
RFB-0179,0.136736,34.008915,semi_permanent,46,13000,600000,True,"Risk Forge synthetic book: WorldPop-weighted placement on Kenyan land, attributes from metadata ranges; not a real portfolio",Port Victoria,peri_urban,floodplain,0.1383,KE,0.0,0.0,0.0,0.0,0.0,0.0,0.0,0.0,0.0,0.0,0.0,0.0
RFB-0180,0.127319,34.703515,informal_iron_sheet,19,6400,120000,True,"Risk Forge synthetic book: WorldPop-weighted placement on Kenyan land, attributes from metadata ranges; not a real portfolio",other,peri_urban,basin,1.1521,KE,0.0,0.0,0.0,0.0,0.0,0.0,0.0,0.0,0.0,0.0,0.0,0.0
RFB-0181,0.132658,34.739127,informal_iron_sheet,15,7300,110000,True,"Risk Forge synthetic book: WorldPop-weighted placement on Kenyan land, attributes from metadata ranges; not a real portfolio",other,urban,basin,1.1521,KE,0.0,0.0,0.0,0.0,0.0,0.0,0.0,0.0,0.0,0.0,0.0,0.0
RFB-0182,-0.012954,34.748926,permanent_masonry,83,57100,4740000,True,"Risk Forge synthetic book: WorldPop-weighted placement on Kenyan land, attributes from metadata ranges; not a real portfolio",Kisumu,urban,basin,1.1521,KE,0.0,0.0,0.0,0.0,0.0,0.0,0.0,0.0,0.0,0.0,0.0,0.0
RFB-0183,-0.180829,34.927727,permanent_masonry,198,50800,10060000,True,"Risk Forge synthetic book: WorldPop-weighted placement on Kenyan land, attributes from metadata ranges; not a real portfolio",other,urban,basin,1.1521,KE,0.0,0.0,0.0,0.0,0.0,0.0,0.0,0.0,0.0,0.0,0.0,0.0
RFB-0184,0.621335,35.253859,permanent_masonry,200,39100,7820000,True,"Risk Forge synthetic book: WorldPop-weighted placement on Kenyan land, attributes from metadata ranges; not a real portfolio",other,rural,basin,1.1521,KE,0.0,0.0,0.0,0.0,0.0,0.0,0.0,0.0,0.0,0.0,0.0,0.0
RFB-0185,0.230656,34.240362,permanent_masonry,93,57100,5310000,True,"Risk Forge synthetic book: WorldPop-weighted placement on Kenyan land, attributes from metadata ranges; not a real portfolio",Bumala,peri_urban,basin,1.1521,KE,0.0,0.0,0.0,0.0,0.0,0.0,0.0,0.0,0.0,0.0,0.0,0.0
RFB-0186,0.115076,35.143966,informal_iron_sheet,18,6700,120000,True,"Risk Forge synthetic book: WorldPop-weighted placement on Kenyan land, attributes from metadata ranges; not a real portfolio",other,rural,basin,1.1521,KE,0.0,0.0,0.0,0.0,0.0,0.0,0.0,0.0,0.0,0.0,0.0,0.0
RFB-0187,1.009085,35.205525,permanent_masonry,184,56700,10435000,True,"Risk Forge synthetic book: WorldPop-weighted placement on Kenyan land, attributes from metadata ranges; not a real portfolio",other,peri_urban,basin,1.1521,KE,0.0,0.0,0.0,0.0,0.0,0.0,0.0,0.0,0.0,0.0,0.0,0.0
RFB-0188,0.196529,34.498709,informal_iron_sheet,21,6900,145000,True,"Risk Forge synthetic book: WorldPop-weighted placement on Kenyan land, attributes from metadata ranges; not a real portfolio",other,peri_urban,basin,1.1521,KE,0.0,0.0,0.0,0.0,0.0,0.0,0.0,0.0,0.0,0.0,0.0,0.0
RFB-0189,0.573119,35.238478,informal_iron_sheet,23,8800,200000,True,"Risk Forge synthetic book: WorldPop-weighted placement on Kenyan land, attributes from metadata ranges; not a real portfolio",other,urban,basin,1.1521,KE,0.0,0.0,0.0,0.0,0.0,0.0,0.0,0.0,0.0,0.0,0.0,0.0
RFB-0190,0.807536,34.459617,semi_permanent,34,14900,505000,True,"Risk Forge synthetic book: WorldPop-weighted placement on Kenyan land, attributes from metadata ranges; not a real portfolio",other,urban,basin,1.1521,KE,0.0,0.0,0.0,0.0,0.0,0.0,0.0,0.0,0.0,0.0,0.0,0.0
RFB-0191,0.331158,34.496975,semi_permanent,60,13500,810000,True,"Risk Forge synthetic book: WorldPop-weighted placement on Kenyan land, attributes from metadata ranges; not a real portfolio",Mumias,urban,basin,1.1521,KE,0.0,0.0,0.0,0.0,0.0,0.0,0.0,0.0,0.0,0.0,0.0,0.0
RFB-0192,0.460037,35.250729,permanent_masonry,167,44300,7400000,True,"Risk Forge synthetic book: WorldPop-weighted placement on Kenyan land, attributes from metadata ranges; not a real portfolio",other,urban,basin,1.1521,KE,0.0,0.0,0.0,0.0,0.0,0.0,0.0,0.0,0.0,0.0,0.0,0.0
RFB-0193,0.298194,34.735863,permanent_masonry,187,50400,9425000,True,"Risk Forge synthetic book: WorldPop-weighted placement on Kenyan land, attributes from metadata ranges; not a real portfolio",other,urban,basin,1.1521,KE,0.0,0.0,0.0,0.0,0.0,0.0,0.0,0.0,0.0,0.0,0.0,0.0
RFB-0194,0.219553,35.123716,informal_iron_sheet,26,5700,150000,True,"Risk Forge synthetic book: WorldPop-weighted placement on Kenyan land, attributes from metadata ranges; not a real portfolio",other,peri_urban,basin,1.1521,KE,0.0,0.0,0.0,0.0,0.0,0.0,0.0,0.0,0.0,0.0,0.0,0.0
RFB-0195,0.409375,35.205774,semi_permanent,46,9300,430000,True,"Risk Forge synthetic book: WorldPop-weighted placement on Kenyan land, attributes from metadata ranges; not a real portfolio",other,rural,basin,1.1521,KE,0.0,0.0,0.0,0.0,0.0,0.0,0.0,0.0,0.0,0.0,0.0,0.0
RFB-0196,-0.086634,34.77703,semi_permanent,59,13900,820000,True,"Risk Forge synthetic book: WorldPop-weighted placement on Kenyan land, attributes from metadata ranges; not a real portfolio",Kisumu,urban,basin,1.1521,KE,0.0,0.0,0.0,0.0,0.0,0.0,0.0,0.0,0.0,0.0,0.0,0.0
RFB-0197,0.787274,35.280604,informal_iron_sheet,21,6000,125000,True,"Risk Forge synthetic book: WorldPop-weighted placement on Kenyan land, attributes from metadata ranges; not a real portfolio",other,rural,basin,1.1521,KE,0.0,0.0,0.0,0.0,0.0,0.0,0.0,0.0,0.0,0.0,0.0,0.0
RFB-0198,0.606752,34.829719,semi_permanent,55,10100,555000,True,"Risk Forge synthetic book: WorldPop-weighted placement on Kenyan land, attributes from metadata ranges; not a real portfolio",Webuye,peri_urban,basin,1.1521,KE,0.0,0.0,0.0,0.0,0.0,0.0,0.0,0.0,0.0,0.0,0.0,0.0
RFB-0199,0.539539,34.498151,semi_permanent,25,9600,240000,True,"Risk Forge synthetic book: WorldPop-weighted placement on Kenyan land, attributes from metadata ranges; not a real portfolio",other,peri_urban,basin,1.1521,KE,0.0,0.0,0.0,0.0,0.0,0.0,0.0,0.0,0.0,0.0,0.0,0.0
RFB-0200,0.080017,35.222124,semi_permanent,64,11400,730000,True,"Risk Forge synthetic book: WorldPop-weighted placement on Kenyan land, attributes from metadata ranges; not a real portfolio",other,peri_urban,basin,1.1521,KE,0.0,0.0,0.0,0.0,0.0,0.0,0.0,0.0,0.0,0.0,0.0,0.0
RFB-0201,0.202795,34.306608,informal_iron_sheet,16,8100,130000,True,"Risk Forge synthetic book: WorldPop-weighted placement on Kenyan land, attributes from metadata ranges; not a real portfolio",other,peri_urban,basin,1.1521,KE,0.0,0.0,0.0,0.0,0.0,0.0,0.0,0.0,0.0,0.0,0.0,0.0
RFB-0202,0.73761,34.580889,informal_iron_sheet,17,7500,130000,True,"Risk Forge synthetic book: WorldPop-weighted placement on Kenyan land, attributes from metadata ranges; not a real portfolio",other,urban,basin,1.1521,KE,0.0,0.0,0.0,0.0,0.0,0.0,0.0,0.0,0.0,0.0,0.0,0.0
RFB-0203,0.101546,34.742703,semi_permanent,53,13400,710000,True,"Risk Forge synthetic book: WorldPop-weighted placement on Kenyan land, attributes from metadata ranges; not a real portfolio",other,peri_urban,basin,1.1521,KE,0.0,0.0,0.0,0.0,0.0,0.0,0.0,0.0,0.0,0.0,0.0,0.0
RFB-0204,0.077308,34.728971,informal_iron_sheet,21,7300,155000,True,"Risk Forge synthetic book: WorldPop-weighted placement on Kenyan land, attributes from metadata ranges; not a real portfolio",other,urban,basin,1.1521,KE,0.0,0.0,0.0,0.0,0.0,0.0,0.0,0.0,0.0,0.0,0.0,0.0
RFB-0205,0.078658,34.709209,permanent_masonry,240,46100,11065000,True,"Risk Forge synthetic book: WorldPop-weighted placement on Kenyan land, attributes from metadata ranges; not a real portfolio",other,urban,basin,1.1521,KE,0.0,0.0,0.0,0.0,0.0,0.0,0.0,0.0,0.0,0.0,0.0,0.0
RFB-0206,1.012996,35.02756,informal_iron_sheet,18,7800,140000,True,"Risk Forge synthetic book: WorldPop-weighted placement on Kenyan land, attributes from metadata ranges; not a real portfolio",Kitale,urban,basin,1.1521,KE,0.0,0.0,0.0,0.0,0.0,0.0,0.0,0.0,0.0,0.0,0.0,0.0
RFB-0207,0.728724,34.627524,concrete_rcc,414,63100,26125000,True,"Risk Forge synthetic book: WorldPop-weighted placement on Kenyan land, attributes from metadata ranges; not a real portfolio",Bungoma,peri_urban,basin,1.1521,KE,0.0,0.0,0.0,0.0,0.0,0.0,0.0,0.0,0.0,0.0,0.0,0.0
RFB-0208,-0.078674,34.787261,semi_permanent,57,13200,750000,True,"Risk Forge synthetic book: WorldPop-weighted placement on Kenyan land, attributes from metadata ranges; not a real portfolio",Kisumu,urban,basin,1.1521,KE,0.0,0.0,0.0,0.0,0.0,0.0,0.0,0.0,0.0,0.0,0.0,0.0
RFB-0209,-0.070589,34.777886,informal_iron_sheet,13,8800,115000,True,"Risk Forge synthetic book: WorldPop-weighted placement on Kenyan land, attributes from metadata ranges; not a real portfolio",Kisumu,urban,basin,1.1521,KE,0.0,0.0,0.0,0.0,0.0,0.0,0.0,0.0,0.0,0.0,0.0,0.0
RFB-0210,0.738965,34.568825,permanent_masonry,182,54700,9955000,True,"Risk Forge synthetic book: WorldPop-weighted placement on Kenyan land, attributes from metadata ranges; not a real portfolio",other,urban,basin,1.1521,KE,0.0,0.0,0.0,0.0,0.0,0.0,0.0,0.0,0.0,0.0,0.0,0.0
RFB-0211,0.331634,34.681867,permanent_masonry,172,52400,9015000,True,"Risk Forge synthetic book: WorldPop-weighted placement on Kenyan land, attributes from metadata ranges; not a real portfolio",other,peri_urban,basin,1.1521,KE,0.0,0.0,0.0,0.0,0.0,0.0,0.0,0.0,0.0,0.0,0.0,0.0
RFB-0212,0.634018,35.034157,semi_permanent,68,12500,850000,True,"Risk Forge synthetic book: WorldPop-weighted placement on Kenyan land, attributes from metadata ranges; not a real portfolio",other,peri_urban,basin,1.1521,KE,0.0,0.0,0.0,0.0,0.0,0.0,0.0,0.0,0.0,0.0,0.0,0.0
RFB-0213,0.507562,35.287222,permanent_masonry,234,51900,12145000,True,"Risk Forge synthetic book: WorldPop-weighted placement on Kenyan land, attributes from metadata ranges; not a real portfolio",other,urban,basin,1.1521,KE,0.0,0.0,0.0,0.0,0.0,0.0,0.0,0.0,0.0,0.0,0.0,0.0
RFB-0214,1.16587,35.005247,informal_iron_sheet,20,8600,170000,True,"Risk Forge synthetic book: WorldPop-weighted placement on Kenyan land, attributes from metadata ranges; not a real portfolio",other,peri_urban,basin,1.1521,KE,0.0,0.0,0.0,0.0,0.0,0.0,0.0,0.0,0.0,0.0,0.0,0.0
RFB-0215,0.61543,34.960178,informal_iron_sheet,14,6900,95000,True,"Risk Forge synthetic book: WorldPop-weighted placement on Kenyan land, attributes from metadata ranges; not a real portfolio",other,urban,basin,1.1521,KE,0.0,0.0,0.0,0.0,0.0,0.0,0.0,0.0,0.0,0.0,0.0,0.0
RFB-0216,0.621586,34.303848,concrete_rcc,436,60400,26335000,True,"Risk Forge synthetic book: WorldPop-weighted placement on Kenyan land, attributes from metadata ranges; not a real portfolio",other,peri_urban,basin,1.1521,KE,0.0,0.0,0.0,0.0,0.0,0.0,0.0,0.0,0.0,0.0,0.0,0.0
RFB-0217,-0.095905,34.769648,concrete_rcc,388,62100,24095000,True,"Risk Forge synthetic book: WorldPop-weighted placement on Kenyan land, attributes from metadata ranges; not a real portfolio",Kisumu,urban,basin,1.1521,KE,0.0,0.0,0.0,0.0,0.0,0.0,0.0,0.0,0.0,0.0,0.0,0.0
RFB-0218,0.288959,34.765218,concrete_rcc,273,78700,21485000,True,"Risk Forge synthetic book: WorldPop-weighted placement on Kenyan land, attributes from metadata ranges; not a real portfolio",other,urban,basin,1.1521,KE,0.0,0.0,0.0,0.0,0.0,0.0,0.0,0.0,0.0,0.0,0.0,0.0
RFB-0219,0.785672,35.092462,concrete_rcc,634,62800,39815000,True,"Risk Forge synthetic book: WorldPop-weighted placement on Kenyan land, attributes from metadata ranges; not a real portfolio",other,peri_urban,basin,1.1521,KE,0.0,0.0,0.0,0.0,0.0,0.0,0.0,0.0,0.0,0.0,0.0,0.0
RFB-0220,0.488549,34.442539,informal_iron_sheet,13,8000,105000,True,"Risk Forge synthetic book: WorldPop-weighted placement on Kenyan land, attributes from metadata ranges; not a real portfolio",other,peri_urban,basin,1.1521,KE,0.0,0.0,0.0,0.0,0.0,0.0,0.0,0.0,0.0,0.0,0.0,0.0
RFB-0221,0.423662,34.803945,semi_permanent,57,15100,860000,True,"Risk Forge synthetic book: WorldPop-weighted placement on Kenyan land, attributes from metadata ranges; not a real portfolio",Kakamega,peri_urban,basin,1.1521,KE,0.0,0.0,0.0,0.0,0.0,0.0,0.0,0.0,0.0,0.0,0.0,0.0
RFB-0222,0.221371,34.505726,informal_iron_sheet,17,8300,140000,True,"Risk Forge synthetic book: WorldPop-weighted placement on Kenyan land, attributes from metadata ranges; not a real portfolio",other,urban,basin,1.1521,KE,0.0,0.0,0.0,0.0,0.0,0.0,0.0,0.0,0.0,0.0,0.0,0.0
RFB-0223,0.354583,34.498633,permanent_masonry,106,58000,6150000,True,"Risk Forge synthetic book: WorldPop-weighted placement on Kenyan land, attributes from metadata ranges; not a real portfolio",Mumias,urban,basin,1.1521,KE,0.0,0.0,0.0,0.0,0.0,0.0,0.0,0.0,0.0,0.0,0.0,0.0
RFB-0224,0.495765,34.70422,semi_permanent,36,13200,475000,True,"Risk Forge synthetic book: WorldPop-weighted placement on Kenyan land, attributes from metadata ranges; not a real portfolio",Kakamega,peri_urban,basin,1.1521,KE,0.0,0.0,0.0,0.0,0.0,0.0,0.0,0.0,0.0,0.0,0.0,0.0
RFB-0225,0.580683,34.574319,concrete_rcc,167,55700,9300000,True,"Risk Forge synthetic book: WorldPop-weighted placement on Kenyan land, attributes from metadata ranges; not a real portfolio",other,urban,basin,1.1521,KE,0.0,0.0,0.0,0.0,0.0,0.0,0.0,0.0,0.0,0.0,0.0,0.0
RFB-0226,0.296493,34.455448,semi_permanent,31,11900,370000,True,"Risk Forge synthetic book: WorldPop-weighted placement on Kenyan land, attributes from metadata ranges; not a real portfolio",Mumias,peri_urban,basin,1.1521,KE,0.0,0.0,0.0,0.0,0.0,0.0,0.0,0.0,0.0,0.0,0.0,0.0
RFB-0227,-0.169692,34.932562,concrete_rcc,326,74900,24415000,True,"Risk Forge synthetic book: WorldPop-weighted placement on Kenyan land, attributes from metadata ranges; not a real portfolio",other,urban,basin,1.1521,KE,0.0,0.0,0.0,0.0,0.0,0.0,0.0,0.0,0.0,0.0,0.0,0.0
RFB-0228,0.331558,35.265164,informal_iron_sheet,13,6500,85000,True,"Risk Forge synthetic book: WorldPop-weighted placement on Kenyan land, attributes from metadata ranges; not a real portfolio",other,rural,basin,1.1521,KE,0.0,0.0,0.0,0.0,0.0,0.0,0.0,0.0,0.0,0.0,0.0,0.0
RFB-0229,-0.078094,34.748799,informal_iron_sheet,19,7600,145000,True,"Risk Forge synthetic book: WorldPop-weighted placement on Kenyan land, attributes from metadata ranges; not a real portfolio",Kisumu,urban,basin,1.1521,KE,0.0,0.0,0.0,0.0,0.0,0.0,0.0,0.0,0.0,0.0,0.0,0.0
RFB-0230,1.203083,35.075647,permanent_masonry,198,54500,10790000,True,"Risk Forge synthetic book: WorldPop-weighted placement on Kenyan land, attributes from metadata ranges; not a real portfolio",other,peri_urban,basin,1.1521,KE,0.0,0.0,0.0,0.0,0.0,0.0,0.0,0.0,0.0,0.0,0.0,0.0
RFB-0231,0.742263,34.998686,semi_permanent,61,12600,770000,True,"Risk Forge synthetic book: WorldPop-weighted placement on Kenyan land, attributes from metadata ranges; not a real portfolio",other,peri_urban,basin,1.1521,KE,0.0,0.0,0.0,0.0,0.0,0.0,0.0,0.0,0.0,0.0,0.0,0.0
RFB-0232,-0.054112,34.155349,permanent_masonry,81,57800,4680000,True,"Risk Forge synthetic book: WorldPop-weighted placement on Kenyan land, attributes from metadata ranges; not a real portfolio",Siaya,peri_urban,basin,1.1521,KE,0.0,0.0,0.0,0.0,0.0,0.0,0.0,0.0,0.0,0.0,0.0,0.0
RFB-0233,0.304263,34.626487,permanent_masonry,150,56700,8505000,True,"Risk Forge synthetic book: WorldPop-weighted placement on Kenyan land, attributes from metadata ranges; not a real portfolio",other,peri_urban,basin,1.1521,KE,0.0,0.0,0.0,0.0,0.0,0.0,0.0,0.0,0.0,0.0,0.0,0.0
RFB-0234,0.430827,34.642711,semi_permanent,52,10500,545000,True,"Risk Forge synthetic book: WorldPop-weighted placement on Kenyan land, attributes from metadata ranges; not a real portfolio",other,peri_urban,basin,1.1521,KE,0.0,0.0,0.0,0.0,0.0,0.0,0.0,0.0,0.0,0.0,0.0,0.0
RFB-0235,0.529912,34.359634,permanent_masonry,172,54600,9390000,True,"Risk Forge synthetic book: WorldPop-weighted placement on Kenyan land, attributes from metadata ranges; not a real portfolio",other,rural,basin,1.1521,KE,0.0,0.0,0.0,0.0,0.0,0.0,0.0,0.0,0.0,0.0,0.0,0.0
RFB-0236,0.592853,34.570753,concrete_rcc,491,72600,35645000,True,"Risk Forge synthetic book: WorldPop-weighted placement on Kenyan land, attributes from metadata ranges; not a real portfolio",other,urban,basin,1.1521,KE,0.0,0.0,0.0,0.0,0.0,0.0,0.0,0.0,0.0,0.0,0.0,0.0
RFB-0237,0.181423,34.292591,semi_permanent,27,12300,330000,True,"Risk Forge synthetic book: WorldPop-weighted placement on Kenyan land, attributes from metadata ranges; not a real portfolio",other,urban,basin,1.1521,KE,0.0,0.0,0.0,0.0,0.0,0.0,0.0,0.0,0.0,0.0,0.0,0.0
RFB-0238,0.537759,35.278543,permanent_masonry,145,40300,5845000,True,"Risk Forge synthetic book: WorldPop-weighted placement on Kenyan land, attributes from metadata ranges; not a real portfolio",other,peri_urban,basin,1.1521,KE,0.0,0.0,0.0,0.0,0.0,0.0,0.0,0.0,0.0,0.0,0.0,0.0
RFB-0239,0.484166,35.309968,informal_iron_sheet,13,7600,100000,True,"Risk Forge synthetic book: WorldPop-weighted placement on Kenyan land, attributes from metadata ranges; not a real portfolio",other,peri_urban,basin,1.1521,KE,0.0,0.0,0.0,0.0,0.0,0.0,0.0,0.0,0.0,0.0,0.0,0.0
RFB-0240,0.0693,34.617415,permanent_masonry,179,40700,7285000,True,"Risk Forge synthetic book: WorldPop-weighted placement on Kenyan land, attributes from metadata ranges; not a real portfolio",other,urban,basin,1.1521,KE,0.0,0.0,0.0,0.0,0.0,0.0,0.0,0.0,0.0,0.0,0.0,0.0
RFB-0241,-0.121658,34.759567,permanent_masonry,135,57400,7750000,True,"Risk Forge synthetic book: WorldPop-weighted placement on Kenyan land, attributes from metadata ranges; not a real portfolio",Kisumu,urban,basin,1.1521,KE,0.0,0.0,0.0,0.0,0.0,0.0,0.0,0.0,0.0,0.0,0.0,0.0
RFB-0242,-0.271175,34.976076,permanent_masonry,241,58000,13980000,True,"Risk Forge synthetic book: WorldPop-weighted placement on Kenyan land, attributes from metadata ranges; not a real portfolio",other,urban,basin,1.1521,KE,0.0,0.0,0.0,0.0,0.0,0.0,0.0,0.0,0.0,0.0,0.0,0.0
RFB-0243,0.432798,34.132171,semi_permanent,29,9800,285000,True,"Risk Forge synthetic book: WorldPop-weighted placement on Kenyan land, attributes from metadata ranges; not a real portfolio",other,peri_urban,basin,1.1521,KE,0.0,0.0,0.0,0.0,0.0,0.0,0.0,0.0,0.0,0.0,0.0,0.0
RFB-0244,0.845396,34.888692,concrete_rcc,242,67600,16360000,True,"Risk Forge synthetic book: WorldPop-weighted placement on Kenyan land, attributes from metadata ranges; not a real portfolio",other,peri_urban,basin,1.1521,KE,0.0,0.0,0.0,0.0,0.0,0.0,0.0,0.0,0.0,0.0,0.0,0.0
RFB-0245,1.138616,35.130206,informal_iron_sheet,19,7800,150000,True,"Risk Forge synthetic book: WorldPop-weighted placement on Kenyan land, attributes from metadata ranges; not a real portfolio",other,peri_urban,basin,1.1521,KE,0.0,0.0,0.0,0.0,0.0,0.0,0.0,0.0,0.0,0.0,0.0,0.0
RFB-0246,0.415124,34.232767,concrete_rcc,364,74000,26935000,True,"Risk Forge synthetic book: WorldPop-weighted placement on Kenyan land, attributes from metadata ranges; not a real portfolio",Busia,peri_urban,basin,1.1521,KE,0.0,0.0,0.0,0.0,0.0,0.0,0.0,0.0,0.0,0.0,0.0,0.0
RFB-0247,1.013201,34.996273,semi_permanent,28,14100,395000,True,"Risk Forge synthetic book: WorldPop-weighted placement on Kenyan land, attributes from metadata ranges; not a real portfolio",Kitale,urban,basin,1.1521,KE,0.0,0.0,0.0,0.0,0.0,0.0,0.0,0.0,0.0,0.0,0.0,0.0
RFB-0248,0.887605,34.924083,permanent_masonry,239,59500,14220000,True,"Risk Forge synthetic book: WorldPop-weighted placement on Kenyan land, attributes from metadata ranges; not a real portfolio",other,urban,basin,1.1521,KE,0.0,0.0,0.0,0.0,0.0,0.0,0.0,0.0,0.0,0.0,0.0,0.0
RFB-0249,0.685862,34.946982,permanent_masonry,82,57000,4675000,True,"Risk Forge synthetic book: WorldPop-weighted placement on Kenyan land, attributes from metadata ranges; not a real portfolio",other,peri_urban,basin,1.1521,KE,0.0,0.0,0.0,0.0,0.0,0.0,0.0,0.0,0.0,0.0,0.0,0.0
RFB-0250,-0.263258,35.170439,informal_iron_sheet,14,6500,90000,True,"Risk Forge synthetic book: WorldPop-weighted placement on Kenyan land, attributes from metadata ranges; not a real portfolio",other,rural,basin,1.1521,KE,0.0,0.0,0.0,0.0,0.0,0.0,0.0,0.0,0.0,0.0,0.0,0.0
RFB-0251,0.806086,34.597327,informal_iron_sheet,19,7100,135000,True,"Risk Forge synthetic book: WorldPop-weighted placement on Kenyan land, attributes from metadata ranges; not a real portfolio",other,peri_urban,basin,1.1521,KE,0.0,0.0,0.0,0.0,0.0,0.0,0.0,0.0,0.0,0.0,0.0,0.0
RFB-0252,0.903414,34.920321,permanent_masonry,258,47800,12330000,True,"Risk Forge synthetic book: WorldPop-weighted placement on Kenyan land, attributes from metadata ranges; not a real portfolio",other,urban,basin,1.1521,KE,0.0,0.0,0.0,0.0,0.0,0.0,0.0,0.0,0.0,0.0,0.0,0.0
RFB-0253,-0.095761,34.75186,permanent_masonry,97,47900,4645000,True,"Risk Forge synthetic book: WorldPop-weighted placement on Kenyan land, attributes from metadata ranges; not a real portfolio",Kisumu,urban,basin,1.1521,KE,0.0,0.0,0.0,0.0,0.0,0.0,0.0,0.0,0.0,0.0,0.0,0.0
RFB-0254,0.246494,35.084165,semi_permanent,59,14400,850000,True,"Risk Forge synthetic book: WorldPop-weighted placement on Kenyan land, attributes from metadata ranges; not a real portfolio",other,peri_urban,basin,1.1521,KE,0.0,0.0,0.0,0.0,0.0,0.0,0.0,0.0,0.0,0.0,0.0,0.0
RFB-0255,0.111618,35.199012,semi_permanent,50,8400,420000,True,"Risk Forge synthetic book: WorldPop-weighted placement on Kenyan land, attributes from metadata ranges; not a real portfolio",other,peri_urban,basin,1.1521,KE,0.0,0.0,0.0,0.0,0.0,0.0,0.0,0.0,0.0,0.0,0.0,0.0
RFB-0256,0.546221,35.344836,informal_iron_sheet,23,5700,130000,True,"Risk Forge synthetic book: WorldPop-weighted placement on Kenyan land, attributes from metadata ranges; not a real portfolio",other,peri_urban,basin,1.1521,KE,0.0,0.0,0.0,0.0,0.0,0.0,0.0,0.0,0.0,0.0,0.0,0.0
RFB-0257,-0.105357,34.790033,permanent_masonry,199,50100,9970000,True,"Risk Forge synthetic book: WorldPop-weighted placement on Kenyan land, attributes from metadata ranges; not a real portfolio",Kisumu,urban,basin,1.1521,KE,0.0,0.0,0.0,0.0,0.0,0.0,0.0,0.0,0.0,0.0,0.0,0.0
RFB-0258,-0.174031,34.928672,concrete_rcc,150,71100,10665000,True,"Risk Forge synthetic book: WorldPop-weighted placement on Kenyan land, attributes from metadata ranges; not a real portfolio",other,urban,basin,1.1521,KE,0.0,0.0,0.0,0.0,0.0,0.0,0.0,0.0,0.0,0.0,0.0,0.0
RFB-0259,0.320426,34.77592,semi_permanent,25,9600,240000,True,"Risk Forge synthetic book: WorldPop-weighted placement on Kenyan land, attributes from metadata ranges; not a real portfolio",other,peri_urban,basin,1.1521,KE,0.0,0.0,0.0,0.0,0.0,0.0,0.0,0.0,0.0,0.0,0.0,0.0
RFB-0260,-0.221857,34.92959,informal_iron_sheet,17,9400,160000,True,"Risk Forge synthetic book: WorldPop-weighted placement on Kenyan land, attributes from metadata ranges; not a real portfolio",other,rural,basin,1.1521,KE,0.0,0.0,0.0,0.0,0.0,0.0,0.0,0.0,0.0,0.0,0.0,0.0
RFB-0261,0.397486,34.65108,semi_permanent,52,12800,665000,True,"Risk Forge synthetic book: WorldPop-weighted placement on Kenyan land, attributes from metadata ranges; not a real portfolio",other,peri_urban,basin,1.1521,KE,0.0,0.0,0.0,0.0,0.0,0.0,0.0,0.0,0.0,0.0,0.0,0.0
RFB-0262,0.480418,35.255862,permanent_masonry,202,51800,10465000,True,"Risk Forge synthetic book: WorldPop-weighted placement on Kenyan land, attributes from metadata ranges; not a real portfolio",other,urban,basin,1.1521,KE,0.0,0.0,0.0,0.0,0.0,0.0,0.0,0.0,0.0,0.0,0.0,0.0
RFB-0263,0.065335,34.561688,informal_iron_sheet,17,7600,130000,True,"Risk Forge synthetic book: WorldPop-weighted placement on Kenyan land, attributes from metadata ranges; not a real portfolio",other,peri_urban,basin,1.1521,KE,0.0,0.0,0.0,0.0,0.0,0.0,0.0,0.0,0.0,0.0,0.0,0.0
RFB-0264,0.21166,34.406413,permanent_masonry,287,50200,14405000,True,"Risk Forge synthetic book: WorldPop-weighted placement on Kenyan land, attributes from metadata ranges; not a real portfolio",other,peri_urban,basin,1.1521,KE,0.0,0.0,0.0,0.0,0.0,0.0,0.0,0.0,0.0,0.0,0.0,0.0
RFB-0265,0.747353,34.576193,permanent_masonry,138,39000,5380000,True,"Risk Forge synthetic book: WorldPop-weighted placement on Kenyan land, attributes from metadata ranges; not a real portfolio",other,urban,basin,1.1521,KE,0.0,0.0,0.0,0.0,0.0,0.0,0.0,0.0,0.0,0.0,0.0,0.0
RFB-0266,0.381239,34.592282,semi_permanent,44,9100,400000,True,"Risk Forge synthetic book: WorldPop-weighted placement on Kenyan land, attributes from metadata ranges; not a real portfolio",other,peri_urban,basin,1.1521,KE,0.0,0.0,0.0,0.0,0.0,0.0,0.0,0.0,0.0,0.0,0.0,0.0
RFB-0267,1.192462,35.076339,semi_permanent,29,12900,375000,True,"Risk Forge synthetic book: WorldPop-weighted placement on Kenyan land, attributes from metadata ranges; not a real portfolio",other,rural,basin,1.1521,KE,0.0,0.0,0.0,0.0,0.0,0.0,0.0,0.0,0.0,0.0,0.0,0.0
RFB-0268,-0.06969,34.690815,semi_permanent,65,13900,905000,True,"Risk Forge synthetic book: WorldPop-weighted placement on Kenyan land, attributes from metadata ranges; not a real portfolio",Kisumu,peri_urban,basin,1.1521,KE,0.0,0.0,0.0,0.0,0.0,0.0,0.0,0.0,0.0,0.0,0.0,0.0
RFB-0269,0.339333,34.477475,permanent_masonry,68,42600,2895000,True,"Risk Forge synthetic book: WorldPop-weighted placement on Kenyan land, attributes from metadata ranges; not a real portfolio",Mumias,urban,basin,1.1521,KE,0.0,0.0,0.0,0.0,0.0,0.0,0.0,0.0,0.0,0.0,0.0,0.0
RFB-0270,1.039167,34.9715,semi_permanent,38,13900,530000,True,"Risk Forge synthetic book: WorldPop-weighted placement on Kenyan land, attributes from metadata ranges; not a real portfolio",Kitale,urban,basin,1.1521,KE,0.0,0.0,0.0,0.0,0.0,0.0,0.0,0.0,0.0,0.0,0.0,0.0
RFB-0271,-0.113551,34.77001,informal_iron_sheet,20,6800,135000,True,"Risk Forge synthetic book: WorldPop-weighted placement on Kenyan land, attributes from metadata ranges; not a real portfolio",Kisumu,urban,basin,1.1521,KE,0.0,0.0,0.0,0.0,0.0,0.0,0.0,0.0,0.0,0.0,0.0,0.0
RFB-0272,-0.29593,35.285371,concrete_rcc,764,70400,53785000,True,"Risk Forge synthetic book: WorldPop-weighted placement on Kenyan land, attributes from metadata ranges; not a real portfolio",other,peri_urban,basin,1.1521,KE,0.0,0.0,0.0,0.0,0.0,0.0,0.0,0.0,0.0,0.0,0.0,0.0
RFB-0273,0.111972,34.809943,permanent_masonry,176,39700,6985000,True,"Risk Forge synthetic book: WorldPop-weighted placement on Kenyan land, attributes from metadata ranges; not a real portfolio",other,urban,basin,1.1521,KE,0.0,0.0,0.0,0.0,0.0,0.0,0.0,0.0,0.0,0.0,0.0,0.0
RFB-0274,0.488859,35.254871,permanent_masonry,108,53400,5765000,True,"Risk Forge synthetic book: WorldPop-weighted placement on Kenyan land, attributes from metadata ranges; not a real portfolio",other,urban,basin,1.1521,KE,0.0,0.0,0.0,0.0,0.0,0.0,0.0,0.0,0.0,0.0,0.0,0.0
RFB-0275,0.275787,34.28723,permanent_masonry,169,44900,7590000,True,"Risk Forge synthetic book: WorldPop-weighted placement on Kenyan land, attributes from metadata ranges; not a real portfolio",Bumala,peri_urban,basin,1.1521,KE,0.0,0.0,0.0,0.0,0.0,0.0,0.0,0.0,0.0,0.0,0.0,0.0
RFB-0276,1.238819,35.115945,semi_permanent,60,11800,710000,True,"Risk Forge synthetic book: WorldPop-weighted placement on Kenyan land, attributes from metadata ranges; not a real portfolio",other,peri_urban,basin,1.1521,KE,0.0,0.0,0.0,0.0,0.0,0.0,0.0,0.0,0.0,0.0,0.0,0.0
RFB-0277,0.915678,35.331638,permanent_masonry,111,53200,5905000,True,"Risk Forge synthetic book: WorldPop-weighted placement on Kenyan land, attributes from metadata ranges; not a real portfolio",other,rural,basin,1.1521,KE,0.0,0.0,0.0,0.0,0.0,0.0,0.0,0.0,0.0,0.0,0.0,0.0
RFB-0278,0.561754,35.248232,concrete_rcc,283,74000,20940000,True,"Risk Forge synthetic book: WorldPop-weighted placement on Kenyan land, attributes from metadata ranges; not a real portfolio",other,urban,basin,1.1521,KE,0.0,0.0,0.0,0.0,0.0,0.0,0.0,0.0,0.0,0.0,0.0,0.0
RFB-0279,0.501021,34.767579,informal_iron_sheet,14,7100,100000,True,"Risk Forge synthetic book: WorldPop-weighted placement on Kenyan land, attributes from metadata ranges; not a real portfolio",Kakamega,peri_urban,basin,1.1521,KE,0.0,0.0,0.0,0.0,0.0,0.0,0.0,0.0,0.0,0.0,0.0,0.0
RFB-0280,0.098173,35.162137,permanent_masonry,131,49400,6470000,True,"Risk Forge synthetic book: WorldPop-weighted placement on Kenyan land, attributes from metadata ranges; not a real portfolio",other,peri_urban,basin,1.1521,KE,0.0,0.0,0.0,0.0,0.0,0.0,0.0,0.0,0.0,0.0,0.0,0.0
RFB-0281,0.798421,35.167108,semi_permanent,43,13100,565000,True,"Risk Forge synthetic book: WorldPop-weighted placement on Kenyan land, attributes from metadata ranges; not a real portfolio",other,rural,basin,1.1521,KE,0.0,0.0,0.0,0.0,0.0,0.0,0.0,0.0,0.0,0.0,0.0,0.0
RFB-0282,0.899451,35.273449,concrete_rcc,219,81800,17915000,True,"Risk Forge synthetic book: WorldPop-weighted placement on Kenyan land, attributes from metadata ranges; not a real portfolio",other,peri_urban,basin,1.1521,KE,0.0,0.0,0.0,0.0,0.0,0.0,0.0,0.0,0.0,0.0,0.0,0.0
RFB-0283,0.151218,34.044004,semi_permanent,48,14800,710000,True,"Risk Forge synthetic book: WorldPop-weighted placement on Kenyan land, attributes from metadata ranges; not a real portfolio",Rwambwa,peri_urban,basin,1.1521,KE,0.0,0.0,0.0,0.0,0.0,0.0,0.0,0.0,0.0,0.0,0.0,0.0
RFB-0284,-0.079422,34.761965,concrete_rcc,446,67900,30285000,True,"Risk Forge synthetic book: WorldPop-weighted placement on Kenyan land, attributes from metadata ranges; not a real portfolio",Kisumu,urban,basin,1.1521,KE,0.0,0.0,0.0,0.0,0.0,0.0,0.0,0.0,0.0,0.0,0.0,0.0
RFB-0285,-0.072758,34.777188,semi_permanent,29,10100,295000,True,"Risk Forge synthetic book: WorldPop-weighted placement on Kenyan land, attributes from metadata ranges; not a real portfolio",Kisumu,urban,basin,1.1521,KE,0.0,0.0,0.0,0.0,0.0,0.0,0.0,0.0,0.0,0.0,0.0,0.0
RFB-0286,0.100474,34.53441,informal_iron_sheet,21,9200,195000,True,"Risk Forge synthetic book: WorldPop-weighted placement on Kenyan land, attributes from metadata ranges; not a real portfolio",other,peri_urban,basin,1.1521,KE,0.0,0.0,0.0,0.0,0.0,0.0,0.0,0.0,0.0,0.0,0.0,0.0
RFB-0287,-0.206336,34.832606,informal_iron_sheet,12,9000,110000,True,"Risk Forge synthetic book: WorldPop-weighted placement on Kenyan land, attributes from metadata ranges; not a real portfolio",other,peri_urban,basin,1.1521,KE,0.0,0.0,0.0,0.0,0.0,0.0,0.0,0.0,0.0,0.0,0.0,0.0
RFB-0288,0.369815,34.837999,permanent_masonry,85,57800,4915000,True,"Risk Forge synthetic book: WorldPop-weighted placement on Kenyan land, attributes from metadata ranges; not a real portfolio",other,urban,basin,1.1521,KE,0.0,0.0,0.0,0.0,0.0,0.0,0.0,0.0,0.0,0.0,0.0,0.0
RFB-0289,0.080776,35.237196,informal_iron_sheet,16,8600,140000,True,"Risk Forge synthetic book: WorldPop-weighted placement on Kenyan land, attributes from metadata ranges; not a real portfolio",other,peri_urban,basin,1.1521,KE,0.0,0.0,0.0,0.0,0.0,0.0,0.0,0.0,0.0,0.0,0.0,0.0
RFB-0290,0.50731,35.306238,semi_permanent,75,15000,1125000,True,"Risk Forge synthetic book: WorldPop-weighted placement on Kenyan land, attributes from metadata ranges; not a real portfolio",other,urban,basin,1.1521,KE,0.0,0.0,0.0,0.0,0.0,0.0,0.0,0.0,0.0,0.0,0.0,0.0
RFB-0291,0.547226,35.304086,semi_permanent,26,10700,280000,True,"Risk Forge synthetic book: WorldPop-weighted placement on Kenyan land, attributes from metadata ranges; not a real portfolio",other,urban,basin,1.1521,KE,0.0,0.0,0.0,0.0,0.0,0.0,0.0,0.0,0.0,0.0,0.0,0.0
RFB-0292,-0.084012,34.790101,semi_permanent,40,14400,575000,True,"Risk Forge synthetic book: WorldPop-weighted placement on Kenyan land, attributes from metadata ranges; not a real portfolio",Kisumu,urban,basin,1.1521,KE,0.0,0.0,0.0,0.0,0.0,0.0,0.0,0.0,0.0,0.0,0.0,0.0
RFB-0293,0.484893,35.256494,permanent_masonry,233,54200,12630000,True,"Risk Forge synthetic book: WorldPop-weighted placement on Kenyan land, attributes from metadata ranges; not a real portfolio",other,urban,basin,1.1521,KE,0.0,0.0,0.0,0.0,0.0,0.0,0.0,0.0,0.0,0.0,0.0,0.0
RFB-0294,0.102266,34.933922,permanent_masonry,100,52600,5260000,True,"Risk Forge synthetic book: WorldPop-weighted placement on Kenyan land, attributes from metadata ranges; not a real portfolio",other,peri_urban,basin,1.1521,KE,0.0,0.0,0.0,0.0,0.0,0.0,0.0,0.0,0.0,0.0,0.0,0.0
RFB-0295,0.411186,34.729087,informal_iron_sheet,9,6600,60000,True,"Risk Forge synthetic book: WorldPop-weighted placement on Kenyan land, attributes from metadata ranges; not a real portfolio",other,peri_urban,basin,1.1521,KE,0.0,0.0,0.0,0.0,0.0,0.0,0.0,0.0,0.0,0.0,0.0,0.0
RFB-0296,0.895306,34.792355,informal_iron_sheet,14,7200,100000,True,"Risk Forge synthetic book: WorldPop-weighted placement on Kenyan land, attributes from metadata ranges; not a real portfolio",other,peri_urban,basin,1.1521,KE,0.0,0.0,0.0,0.0,0.0,0.0,0.0,0.0,0.0,0.0,0.0,0.0
RFB-0297,0.869914,35.111652,permanent_masonry,96,53400,5125000,True,"Risk Forge synthetic book: WorldPop-weighted placement on Kenyan land, attributes from metadata ranges; not a real portfolio",other,urban,basin,1.1521,KE,0.0,0.0,0.0,0.0,0.0,0.0,0.0,0.0,0.0,0.0,0.0,0.0
RFB-0298,0.387617,34.619858,concrete_rcc,281,55500,15595000,True,"Risk Forge synthetic book: WorldPop-weighted placement on Kenyan land, attributes from metadata ranges; not a real portfolio",other,peri_urban,basin,1.1521,KE,0.0,0.0,0.0,0.0,0.0,0.0,0.0,0.0,0.0,0.0,0.0,0.0
RFB-0299,0.149064,34.873075,permanent_masonry,189,54500,10300000,True,"Risk Forge synthetic book: WorldPop-weighted placement on Kenyan land, attributes from metadata ranges; not a real portfolio",other,peri_urban,basin,1.1521,KE,0.0,0.0,0.0,0.0,0.0,0.0,0.0,0.0,0.0,0.0,0.0,0.0
RFB-0300,0.100516,34.577136,informal_iron_sheet,21,6700,140000,True,"Risk Forge synthetic book: WorldPop-weighted placement on Kenyan land, attributes from metadata ranges; not a real portfolio",other,peri_urban,basin,1.1521,KE,0.0,0.0,0.0,0.0,0.0,0.0,0.0,0.0,0.0,0.0,0.0,0.0
RFB-0301,0.556499,34.563159,informal_iron_sheet,15,7800,115000,True,"Risk Forge synthetic book: WorldPop-weighted placement on Kenyan land, attributes from metadata ranges; not a real portfolio",other,urban,basin,1.1521,KE,0.0,0.0,0.0,0.0,0.0,0.0,0.0,0.0,0.0,0.0,0.0,0.0
RFB-0302,1.249253,35.120581,permanent_masonry,76,58900,4475000,True,"Risk Forge synthetic book: WorldPop-weighted placement on Kenyan land, attributes from metadata ranges; not a real portfolio",other,urban,basin,1.1521,KE,0.0,0.0,0.0,0.0,0.0,0.0,0.0,0.0,0.0,0.0,0.0,0.0
RFB-0303,0.354051,34.639947,informal_iron_sheet,18,7600,135000,True,"Risk Forge synthetic book: WorldPop-weighted placement on Kenyan land, attributes from metadata ranges; not a real portfolio",other,peri_urban,basin,1.1521,KE,0.0,0.0,0.0,0.0,0.0,0.0,0.0,0.0,0.0,0.0,0.0,0.0
RFB-0304,0.773694,35.081509,concrete_rcc,164,65100,10675000,True,"Risk Forge synthetic book: WorldPop-weighted placement on Kenyan land, attributes from metadata ranges; not a real portfolio",other,peri_urban,basin,1.1521,KE,0.0,0.0,0.0,0.0,0.0,0.0,0.0,0.0,0.0,0.0,0.0,0.0
RFB-0305,0.571748,34.884247,informal_iron_sheet,11,8300,90000,True,"Risk Forge synthetic book: WorldPop-weighted placement on Kenyan land, attributes from metadata ranges; not a real portfolio",other,peri_urban,basin,1.1521,KE,0.0,0.0,0.0,0.0,0.0,0.0,0.0,0.0,0.0,0.0,0.0,0.0
RFB-0306,0.301681,34.2064,permanent_masonry,158,55100,8705000,True,"Risk Forge synthetic book: WorldPop-weighted placement on Kenyan land, attributes from metadata ranges; not a real portfolio",Bumala,urban,basin,1.1521,KE,0.0,0.0,0.0,0.0,0.0,0.0,0.0,0.0,0.0,0.0,0.0,0.0
RFB-0307,0.521443,35.268204,permanent_masonry,165,49700,8200000,True,"Risk Forge synthetic book: WorldPop-weighted placement on Kenyan land, attributes from metadata ranges; not a real portfolio",other,urban,basin,1.1521,KE,0.0,0.0,0.0,0.0,0.0,0.0,0.0,0.0,0.0,0.0,0.0,0.0
RFB-0308,0.464382,34.447028,permanent_masonry,277,43300,11995000,True,"Risk Forge synthetic book: WorldPop-weighted placement on Kenyan land, attributes from metadata ranges; not a real portfolio",other,peri_urban,basin,1.1521,KE,0.0,0.0,0.0,0.0,0.0,0.0,0.0,0.0,0.0,0.0,0.0,0.0
RFB-0309,1.037325,34.984249,semi_permanent,47,12900,605000,True,"Risk Forge synthetic book: WorldPop-weighted placement on Kenyan land, attributes from metadata ranges; not a real portfolio",Kitale,urban,basin,1.1521,KE,0.0,0.0,0.0,0.0,0.0,0.0,0.0,0.0,0.0,0.0,0.0,0.0
RFB-0310,0.781532,34.834354,semi_permanent,52,10600,550000,True,"Risk Forge synthetic book: WorldPop-weighted placement on Kenyan land, attributes from metadata ranges; not a real portfolio",other,peri_urban,basin,1.1521,KE,0.0,0.0,0.0,0.0,0.0,0.0,0.0,0.0,0.0,0.0,0.0,0.0
RFB-0311,0.005324,35.090779,informal_iron_sheet,20,8800,175000,True,"Risk Forge synthetic book: WorldPop-weighted placement on Kenyan land, attributes from metadata ranges; not a real portfolio",other,rural,basin,1.1521,KE,0.0,0.0,0.0,0.0,0.0,0.0,0.0,0.0,0.0,0.0,0.0,0.0
RFB-0312,0.384071,34.998535,informal_iron_sheet,23,9100,210000,True,"Risk Forge synthetic book: WorldPop-weighted placement on Kenyan land, attributes from metadata ranges; not a real portfolio",other,rural,basin,1.1521,KE,0.0,0.0,0.0,0.0,0.0,0.0,0.0,0.0,0.0,0.0,0.0,0.0
RFB-0313,-0.077105,34.670505,semi_permanent,34,10200,345000,True,"Risk Forge synthetic book: WorldPop-weighted placement on Kenyan land, attributes from metadata ranges; not a real portfolio",Kisumu,peri_urban,basin,1.1521,KE,0.0,0.0,0.0,0.0,0.0,0.0,0.0,0.0,0.0,0.0,0.0,0.0
RFB-0314,-0.031511,34.70198,informal_iron_sheet,14,7500,105000,True,"Risk Forge synthetic book: WorldPop-weighted placement on Kenyan land, attributes from metadata ranges; not a real portfolio",Kisumu,peri_urban,basin,1.1521,KE,0.0,0.0,0.0,0.0,0.0,0.0,0.0,0.0,0.0,0.0,0.0,0.0
RFB-0315,0.759338,34.893766,semi_permanent,69,11100,765000,True,"Risk Forge synthetic book: WorldPop-weighted placement on Kenyan land, attributes from metadata ranges; not a real portfolio",other,peri_urban,basin,1.1521,KE,0.0,0.0,0.0,0.0,0.0,0.0,0.0,0.0,0.0,0.0,0.0,0.0
RFB-0316,0.508791,35.244262,concrete_rcc,363,75400,27370000,True,"Risk Forge synthetic book: WorldPop-weighted placement on Kenyan land, attributes from metadata ranges; not a real portfolio",other,urban,basin,1.1521,KE,0.0,0.0,0.0,0.0,0.0,0.0,0.0,0.0,0.0,0.0,0.0,0.0
RFB-0317,0.366246,34.486384,permanent_masonry,103,60800,6260000,True,"Risk Forge synthetic book: WorldPop-weighted placement on Kenyan land, attributes from metadata ranges; not a real portfolio",Mumias,urban,basin,1.1521,KE,0.0,0.0,0.0,0.0,0.0,0.0,0.0,0.0,0.0,0.0,0.0,0.0
RFB-0318,0.949558,34.834264,concrete_rcc,150,58800,8820000,True,"Risk Forge synthetic book: WorldPop-weighted placement on Kenyan land, attributes from metadata ranges; not a real portfolio",other,peri_urban,basin,1.1521,KE,0.0,0.0,0.0,0.0,0.0,0.0,0.0,0.0,0.0,0.0,0.0,0.0
RFB-0319,0.998562,35.136191,semi_permanent,32,15300,490000,True,"Risk Forge synthetic book: WorldPop-weighted placement on Kenyan land, attributes from metadata ranges; not a real portfolio",other,peri_urban,basin,1.1521,KE,0.0,0.0,0.0,0.0,0.0,0.0,0.0,0.0,0.0,0.0,0.0,0.0
RFB-0320,0.003422,34.934118,semi_permanent,42,15400,645000,True,"Risk Forge synthetic book: WorldPop-weighted placement on Kenyan land, attributes from metadata ranges; not a real portfolio",other,peri_urban,basin,1.1521,KE,0.0,0.0,0.0,0.0,0.0,0.0,0.0,0.0,0.0,0.0,0.0,0.0
RFB-0321,0.020618,34.584162,permanent_masonry,170,55300,9400000,True,"Risk Forge synthetic book: WorldPop-weighted placement on Kenyan land, attributes from metadata ranges; not a real portfolio",other,urban,basin,1.1521,KE,0.0,0.0,0.0,0.0,0.0,0.0,0.0,0.0,0.0,0.0,0.0,0.0
RFB-0322,0.51826,34.548591,permanent_masonry,133,40200,5345000,True,"Risk Forge synthetic book: WorldPop-weighted placement on Kenyan land, attributes from metadata ranges; not a real portfolio",other,peri_urban,basin,1.1521,KE,0.0,0.0,0.0,0.0,0.0,0.0,0.0,0.0,0.0,0.0,0.0,0.0
RFB-0323,0.149102,34.738848,permanent_masonry,173,36600,6330000,True,"Risk Forge synthetic book: WorldPop-weighted placement on Kenyan land, attributes from metadata ranges; not a real portfolio",other,peri_urban,basin,1.1521,KE,0.0,0.0,0.0,0.0,0.0,0.0,0.0,0.0,0.0,0.0,0.0,0.0
RFB-0324,0.379499,35.05613,informal_iron_sheet,18,7700,140000,True,"Risk Forge synthetic book: WorldPop-weighted placement on Kenyan land, attributes from metadata ranges; not a real portfolio",other,rural,basin,1.1521,KE,0.0,0.0,0.0,0.0,0.0,0.0,0.0,0.0,0.0,0.0,0.0,0.0
RFB-0325,0.101996,35.18886,concrete_rcc,338,78700,26600000,True,"Risk Forge synthetic book: WorldPop-weighted placement on Kenyan land, attributes from metadata ranges; not a real portfolio",other,urban,basin,1.1521,KE,0.0,0.0,0.0,0.0,0.0,0.0,0.0,0.0,0.0,0.0,0.0,0.0
RFB-0326,0.569748,34.411113,permanent_masonry,179,54300,9720000,True,"Risk Forge synthetic book: WorldPop-weighted placement on Kenyan land, attributes from metadata ranges; not a real portfolio",other,peri_urban,basin,1.1521,KE,0.0,0.0,0.0,0.0,0.0,0.0,0.0,0.0,0.0,0.0,0.0,0.0
RFB-0327,0.447018,34.147076,permanent_masonry,223,55600,12400000,True,"Risk Forge synthetic book: WorldPop-weighted placement on Kenyan land, attributes from metadata ranges; not a real portfolio",other,urban,basin,1.1521,KE,0.0,0.0,0.0,0.0,0.0,0.0,0.0,0.0,0.0,0.0,0.0,0.0
RFB-0328,-0.076925,34.782023,semi_permanent,63,14900,940000,True,"Risk Forge synthetic book: WorldPop-weighted placement on Kenyan land, attributes from metadata ranges; not a real portfolio",Kisumu,urban,basin,1.1521,KE,0.0,0.0,0.0,0.0,0.0,0.0,0.0,0.0,0.0,0.0,0.0,0.0
RFB-0329,0.038155,35.107367,informal_iron_sheet,24,7100,170000,True,"Risk Forge synthetic book: WorldPop-weighted placement on Kenyan land, attributes from metadata ranges; not a real portfolio",other,peri_urban,basin,1.1521,KE,0.0,0.0,0.0,0.0,0.0,0.0,0.0,0.0,0.0,0.0,0.0,0.0
RFB-0330,0.581754,34.561831,semi_permanent,33,13400,440000,True,"Risk Forge synthetic book: WorldPop-weighted placement on Kenyan land, attributes from metadata ranges; not a real portfolio",other,urban,basin,1.1521,KE,0.0,0.0,0.0,0.0,0.0,0.0,0.0,0.0,0.0,0.0,0.0,0.0
RFB-0331,-0.068322,34.798698,concrete_rcc,356,80400,28620000,True,"Risk Forge synthetic book: WorldPop-weighted placement on Kenyan land, attributes from metadata ranges; not a real portfolio",Kisumu,urban,basin,1.1521,KE,0.0,0.0,0.0,0.0,0.0,0.0,0.0,0.0,0.0,0.0,0.0,0.0
RFB-0332,0.510098,34.989335,informal_iron_sheet,24,7500,180000,True,"Risk Forge synthetic book: WorldPop-weighted placement on Kenyan land, attributes from metadata ranges; not a real portfolio",other,rural,basin,1.1521,KE,0.0,0.0,0.0,0.0,0.0,0.0,0.0,0.0,0.0,0.0,0.0,0.0
RFB-0333,0.182484,34.802024,semi_permanent,45,12400,560000,True,"Risk Forge synthetic book: WorldPop-weighted placement on Kenyan land, attributes from metadata ranges; not a real portfolio",other,peri_urban,basin,1.1521,KE,0.0,0.0,0.0,0.0,0.0,0.0,0.0,0.0,0.0,0.0,0.0,0.0
RFB-0334,0.134921,34.696308,informal_iron_sheet,14,8100,115000,True,"Risk Forge synthetic book: WorldPop-weighted placement on Kenyan land, attributes from metadata ranges; not a real portfolio",other,peri_urban,basin,1.1521,KE,0.0,0.0,0.0,0.0,0.0,0.0,0.0,0.0,0.0,0.0,0.0,0.0
RFB-0335,0.515216,35.260863,concrete_rcc,484,67400,32620000,True,"Risk Forge synthetic book: WorldPop-weighted placement on Kenyan land, attributes from metadata ranges; not a real portfolio",other,urban,basin,1.1521,KE,0.0,0.0,0.0,0.0,0.0,0.0,0.0,0.0,0.0,0.0,0.0,0.0
RFB-0336,0.023324,34.585314,permanent_masonry,223,64600,14405000,True,"Risk Forge synthetic book: WorldPop-weighted placement on Kenyan land, attributes from metadata ranges; not a real portfolio",other,urban,basin,1.1521,KE,0.0,0.0,0.0,0.0,0.0,0.0,0.0,0.0,0.0,0.0,0.0,0.0
RFB-0337,0.457217,34.120814,concrete_rcc,809,60500,48945000,True,"Risk Forge synthetic book: WorldPop-weighted placement on Kenyan land, attributes from metadata ranges; not a real portfolio",other,urban,basin,1.1521,KE,0.0,0.0,0.0,0.0,0.0,0.0,0.0,0.0,0.0,0.0,0.0,0.0
RFB-0338,-0.136198,34.930123,semi_permanent,41,12200,500000,True,"Risk Forge synthetic book: WorldPop-weighted placement on Kenyan land, attributes from metadata ranges; not a real portfolio",other,peri_urban,basin,1.1521,KE,0.0,0.0,0.0,0.0,0.0,0.0,0.0,0.0,0.0,0.0,0.0,0.0
RFB-0339,-0.112876,34.758942,permanent_masonry,222,63300,14055000,True,"Risk Forge synthetic book: WorldPop-weighted placement on Kenyan land, attributes from metadata ranges; not a real portfolio",Kisumu,urban,basin,1.1521,KE,0.0,0.0,0.0,0.0,0.0,0.0,0.0,0.0,0.0,0.0,0.0,0.0
RFB-0340,-0.08705,34.64441,informal_iron_sheet,22,8800,195000,True,"Risk Forge synthetic book: WorldPop-weighted placement on Kenyan land, attributes from metadata ranges; not a real portfolio",other,peri_urban,basin,1.1521,KE,0.0,0.0,0.0,0.0,0.0,0.0,0.0,0.0,0.0,0.0,0.0,0.0
RFB-0341,-0.090347,34.78665,permanent_masonry,93,47800,4445000,True,"Risk Forge synthetic book: WorldPop-weighted placement on Kenyan land, attributes from metadata ranges; not a real portfolio",Kisumu,urban,basin,1.1521,KE,0.0,0.0,0.0,0.0,0.0,0.0,0.0,0.0,0.0,0.0,0.0,0.0
RFB-0342,0.828135,34.86046,permanent_masonry,104,45700,4755000,True,"Risk Forge synthetic book: WorldPop-weighted placement on Kenyan land, attributes from metadata ranges; not a real portfolio",other,peri_urban,basin,1.1521,KE,0.0,0.0,0.0,0.0,0.0,0.0,0.0,0.0,0.0,0.0,0.0,0.0
RFB-0343,0.213597,34.780795,concrete_rcc,291,61400,17865000,True,"Risk Forge synthetic book: WorldPop-weighted placement on Kenyan land, attributes from metadata ranges; not a real portfolio",other,urban,basin,1.1521,KE,0.0,0.0,0.0,0.0,0.0,0.0,0.0,0.0,0.0,0.0,0.0,0.0
RFB-0344,0.104589,34.43544,semi_permanent,34,10700,365000,True,"Risk Forge synthetic book: WorldPop-weighted placement on Kenyan land, attributes from metadata ranges; not a real portfolio",other,peri_urban,basin,1.1521,KE,0.0,0.0,0.0,0.0,0.0,0.0,0.0,0.0,0.0,0.0,0.0,0.0
RFB-0345,0.364603,34.796511,concrete_rcc,351,70300,24675000,True,"Risk Forge synthetic book: WorldPop-weighted placement on Kenyan land, attributes from metadata ranges; not a real portfolio",other,peri_urban,basin,1.1521,KE,0.0,0.0,0.0,0.0,0.0,0.0,0.0,0.0,0.0,0.0,0.0,0.0
RFB-0346,0.361007,34.923293,semi_permanent,66,10300,680000,True,"Risk Forge synthetic book: WorldPop-weighted placement on Kenyan land, attributes from metadata ranges; not a real portfolio",other,peri_urban,basin,1.1521,KE,0.0,0.0,0.0,0.0,0.0,0.0,0.0,0.0,0.0,0.0,0.0,0.0
RFB-0347,0.74563,34.690707,semi_permanent,26,13300,345000,True,"Risk Forge synthetic book: WorldPop-weighted placement on Kenyan land, attributes from metadata ranges; not a real portfolio",Bungoma,peri_urban,basin,1.1521,KE,0.0,0.0,0.0,0.0,0.0,0.0,0.0,0.0,0.0,0.0,0.0,0.0
RFB-0348,0.803198,34.385068,semi_permanent,66,13200,870000,True,"Risk Forge synthetic book: WorldPop-weighted placement on Kenyan land, attributes from metadata ranges; not a real portfolio",other,peri_urban,basin,1.1521,KE,0.0,0.0,0.0,0.0,0.0,0.0,0.0,0.0,0.0,0.0,0.0,0.0
RFB-0349,0.066016,34.285454,permanent_masonry,120,49000,5880000,True,"Risk Forge synthetic book: WorldPop-weighted placement on Kenyan land, attributes from metadata ranges; not a real portfolio",other,urban,basin,1.1521,KE,0.0,0.0,0.0,0.0,0.0,0.0,0.0,0.0,0.0,0.0,0.0,0.0
RFB-0350,0.826358,35.127458,permanent_masonry,96,55000,5280000,True,"Risk Forge synthetic book: WorldPop-weighted placement on Kenyan land, attributes from metadata ranges; not a real portfolio",other,urban,basin,1.1521,KE,0.0,0.0,0.0,0.0,0.0,0.0,0.0,0.0,0.0,0.0,0.0,0.0
RFB-0351,0.117885,34.78631,informal_iron_sheet,23,6800,155000,True,"Risk Forge synthetic book: WorldPop-weighted placement on Kenyan land, attributes from metadata ranges; not a real portfolio",other,urban,basin,1.1521,KE,0.0,0.0,0.0,0.0,0.0,0.0,0.0,0.0,0.0,0.0,0.0,0.0
RFB-0352,1.010826,35.002527,informal_iron_sheet,14,8800,125000,True,"Risk Forge synthetic book: WorldPop-weighted placement on Kenyan land, attributes from metadata ranges; not a real portfolio",Kitale,urban,basin,1.1521,KE,0.0,0.0,0.0,0.0,0.0,0.0,0.0,0.0,0.0,0.0,0.0,0.0
RFB-0353,0.507285,35.09736,semi_permanent,38,13400,510000,True,"Risk Forge synthetic book: WorldPop-weighted placement on Kenyan land, attributes from metadata ranges; not a real portfolio",other,rural,basin,1.1521,KE,0.0,0.0,0.0,0.0,0.0,0.0,0.0,0.0,0.0,0.0,0.0,0.0
RFB-0354,1.138648,34.737287,informal_iron_sheet,12,7900,95000,True,"Risk Forge synthetic book: WorldPop-weighted placement on Kenyan land, attributes from metadata ranges; not a real portfolio",other,rural,basin,1.1521,KE,0.0,0.0,0.0,0.0,0.0,0.0,0.0,0.0,0.0,0.0,0.0,0.0
RFB-0355,0.205858,35.109131,permanent_masonry,148,52600,7785000,True,"Risk Forge synthetic book: WorldPop-weighted placement on Kenyan land, attributes from metadata ranges; not a real portfolio",other,urban,basin,1.1521,KE,0.0,0.0,0.0,0.0,0.0,0.0,0.0,0.0,0.0,0.0,0.0,0.0
RFB-0356,0.596413,34.485264,informal_iron_sheet,26,7300,190000,True,"Risk Forge synthetic book: WorldPop-weighted placement on Kenyan land, attributes from metadata ranges; not a real portfolio",other,peri_urban,basin,1.1521,KE,0.0,0.0,0.0,0.0,0.0,0.0,0.0,0.0,0.0,0.0,0.0,0.0
RFB-0357,0.457151,34.243955,permanent_masonry,165,58600,9670000,True,"Risk Forge synthetic book: WorldPop-weighted placement on Kenyan land, attributes from metadata ranges; not a real portfolio",Busia,urban,basin,1.1521,KE,0.0,0.0,0.0,0.0,0.0,0.0,0.0,0.0,0.0,0.0,0.0,0.0
RFB-0358,0.606203,34.706208,informal_iron_sheet,16,5900,95000,True,"Risk Forge synthetic book: WorldPop-weighted placement on Kenyan land, attributes from metadata ranges; not a real portfolio",Webuye,peri_urban,basin,1.1521,KE,0.0,0.0,0.0,0.0,0.0,0.0,0.0,0.0,0.0,0.0,0.0,0.0
RFB-0359,0.379561,34.7514,permanent_masonry,84,43600,3660000,True,"Risk Forge synthetic book: WorldPop-weighted placement on Kenyan land, attributes from metadata ranges; not a real portfolio",other,peri_urban,basin,1.1521,KE,0.0,0.0,0.0,0.0,0.0,0.0,0.0,0.0,0.0,0.0,0.0,0.0
RFB-0360,0.20142,35.084459,concrete_rcc,270,70000,18900000,True,"Risk Forge synthetic book: WorldPop-weighted placement on Kenyan land, attributes from metadata ranges; not a real portfolio",other,urban,basin,1.1521,KE,0.0,0.0,0.0,0.0,0.0,0.0,0.0,0.0,0.0,0.0,0.0,0.0
RFB-0361,0.793307,34.563512,semi_permanent,37,11200,415000,True,"Risk Forge synthetic book: WorldPop-weighted placement on Kenyan land, attributes from metadata ranges; not a real portfolio",other,peri_urban,basin,1.1521,KE,0.0,0.0,0.0,0.0,0.0,0.0,0.0,0.0,0.0,0.0,0.0,0.0
RFB-0362,0.069693,34.626055,informal_iron_sheet,18,9300,165000,True,"Risk Forge synthetic book: WorldPop-weighted placement on Kenyan land, attributes from metadata ranges; not a real portfolio",other,urban,basin,1.1521,KE,0.0,0.0,0.0,0.0,0.0,0.0,0.0,0.0,0.0,0.0,0.0,0.0
RFB-0363,0.066084,34.280688,permanent_masonry,142,55600,7895000,True,"Risk Forge synthetic book: WorldPop-weighted placement on Kenyan land, attributes from metadata ranges; not a real portfolio",other,urban,basin,1.1521,KE,0.0,0.0,0.0,0.0,0.0,0.0,0.0,0.0,0.0,0.0,0.0,0.0
RFB-0364,-0.112484,34.785091,concrete_rcc,150,60000,9000000,True,"Risk Forge synthetic book: WorldPop-weighted placement on Kenyan land, attributes from metadata ranges; not a real portfolio",Kisumu,urban,basin,1.1521,KE,0.0,0.0,0.0,0.0,0.0,0.0,0.0,0.0,0.0,0.0,0.0,0.0
RFB-0365,0.525934,35.313493,semi_permanent,40,12700,510000,True,"Risk Forge synthetic book: WorldPop-weighted placement on Kenyan land, attributes from metadata ranges; not a real portfolio",other,urban,basin,1.1521,KE,0.0,0.0,0.0,0.0,0.0,0.0,0.0,0.0,0.0,0.0,0.0,0.0
RFB-0366,-0.060593,34.803027,permanent_masonry,167,61100,10205000,True,"Risk Forge synthetic book: WorldPop-weighted placement on Kenyan land, attributes from metadata ranges; not a real portfolio",Kisumu,peri_urban,basin,1.1521,KE,0.0,0.0,0.0,0.0,0.0,0.0,0.0,0.0,0.0,0.0,0.0,0.0
RFB-0367,0.965991,34.975996,semi_permanent,41,11400,465000,True,"Risk Forge synthetic book: WorldPop-weighted placement on Kenyan land, attributes from metadata ranges; not a real portfolio",Kitale,peri_urban,basin,1.1521,KE,0.0,0.0,0.0,0.0,0.0,0.0,0.0,0.0,0.0,0.0,0.0,0.0
RFB-0368,-0.26955,35.205656,semi_permanent,24,12300,295000,True,"Risk Forge synthetic book: WorldPop-weighted placement on Kenyan land, attributes from metadata ranges; not a real portfolio",other,peri_urban,basin,1.1521,KE,0.0,0.0,0.0,0.0,0.0,0.0,0.0,0.0,0.0,0.0,0.0,0.0
RFB-0369,0.729595,34.633774,permanent_masonry,221,46500,10275000,True,"Risk Forge synthetic book: WorldPop-weighted placement on Kenyan land, attributes from metadata ranges; not a real portfolio",Bungoma,peri_urban,basin,1.1521,KE,0.0,0.0,0.0,0.0,0.0,0.0,0.0,0.0,0.0,0.0,0.0,0.0
RFB-0370,0.525729,35.247733,permanent_masonry,116,44600,5175000,True,"Risk Forge synthetic book: WorldPop-weighted placement on Kenyan land, attributes from metadata ranges; not a real portfolio",other,urban,basin,1.1521,KE,0.0,0.0,0.0,0.0,0.0,0.0,0.0,0.0,0.0,0.0,0.0,0.0
RFB-0371,0.95885,34.940526,semi_permanent,71,10900,775000,True,"Risk Forge synthetic book: WorldPop-weighted placement on Kenyan land, attributes from metadata ranges; not a real portfolio",Kitale,peri_urban,basin,1.1521,KE,0.0,0.0,0.0,0.0,0.0,0.0,0.0,0.0,0.0,0.0,0.0,0.0
RFB-0372,0.015626,34.701991,permanent_masonry,111,56200,6240000,True,"Risk Forge synthetic book: WorldPop-weighted placement on Kenyan land, attributes from metadata ranges; not a real portfolio",other,peri_urban,basin,1.1521,KE,0.0,0.0,0.0,0.0,0.0,0.0,0.0,0.0,0.0,0.0,0.0,0.0
RFB-0373,0.428232,34.37904,concrete_rcc,180,66900,12040000,True,"Risk Forge synthetic book: WorldPop-weighted placement on Kenyan land, attributes from metadata ranges; not a real portfolio",other,peri_urban,basin,1.1521,KE,0.0,0.0,0.0,0.0,0.0,0.0,0.0,0.0,0.0,0.0,0.0,0.0
RFB-0374,-0.145076,34.439145,semi_permanent,41,15600,640000,True,"Risk Forge synthetic book: WorldPop-weighted placement on Kenyan land, attributes from metadata ranges; not a real portfolio",other,peri_urban,basin,1.1521,KE,0.0,0.0,0.0,0.0,0.0,0.0,0.0,0.0,0.0,0.0,0.0,0.0
RFB-0375,0.827646,34.411007,permanent_masonry,106,41400,4390000,True,"Risk Forge synthetic book: WorldPop-weighted placement on Kenyan land, attributes from metadata ranges; not a real portfolio",other,peri_urban,basin,1.1521,KE,0.0,0.0,0.0,0.0,0.0,0.0,0.0,0.0,0.0,0.0,0.0,0.0
RFB-0376,-0.082165,34.779901,concrete_rcc,494,73600,36360000,True,"Risk Forge synthetic book: WorldPop-weighted placement on Kenyan land, attributes from metadata ranges; not a real portfolio",Kisumu,urban,basin,1.1521,KE,0.0,0.0,0.0,0.0,0.0,0.0,0.0,0.0,0.0,0.0,0.0,0.0
RFB-0377,0.535598,35.233974,concrete_rcc,150,77700,11655000,True,"Risk Forge synthetic book: WorldPop-weighted placement on Kenyan land, attributes from metadata ranges; not a real portfolio",other,urban,basin,1.1521,KE,0.0,0.0,0.0,0.0,0.0,0.0,0.0,0.0,0.0,0.0,0.0,0.0
RFB-0378,0.679512,34.419494,semi_permanent,30,11500,345000,True,"Risk Forge synthetic book: WorldPop-weighted placement on Kenyan land, attributes from metadata ranges; not a real portfolio",other,peri_urban,basin,1.1521,KE,0.0,0.0,0.0,0.0,0.0,0.0,0.0,0.0,0.0,0.0,0.0,0.0
RFB-0379,0.207637,34.994286,semi_permanent,57,11700,665000,True,"Risk Forge synthetic book: WorldPop-weighted placement on Kenyan land, attributes from metadata ranges; not a real portfolio",other,peri_urban,basin,1.1521,KE,0.0,0.0,0.0,0.0,0.0,0.0,0.0,0.0,0.0,0.0,0.0,0.0
RFB-0380,1.100977,35.088776,semi_permanent,47,15900,745000,True,"Risk Forge synthetic book: WorldPop-weighted placement on Kenyan land, attributes from metadata ranges; not a real portfolio",other,peri_urban,basin,1.1521,KE,0.0,0.0,0.0,0.0,0.0,0.0,0.0,0.0,0.0,0.0,0.0,0.0
RFB-0381,0.359239,34.488436,informal_iron_sheet,24,7700,185000,True,"Risk Forge synthetic book: WorldPop-weighted placement on Kenyan land, attributes from metadata ranges; not a real portfolio",Mumias,urban,basin,1.1521,KE,0.0,0.0,0.0,0.0,0.0,0.0,0.0,0.0,0.0,0.0,0.0,0.0
RFB-0382,0.44477,34.138874,concrete_rcc,308,80700,24855000,True,"Risk Forge synthetic book: WorldPop-weighted placement on Kenyan land, attributes from metadata ranges; not a real portfolio",other,urban,basin,1.1521,KE,0.0,0.0,0.0,0.0,0.0,0.0,0.0,0.0,0.0,0.0,0.0,0.0
RFB-0383,1.034607,34.990335,semi_permanent,49,10800,530000,True,"Risk Forge synthetic book: WorldPop-weighted placement on Kenyan land, attributes from metadata ranges; not a real portfolio",Kitale,urban,basin,1.1521,KE,0.0,0.0,0.0,0.0,0.0,0.0,0.0,0.0,0.0,0.0,0.0,0.0
RFB-0384,0.488774,35.274102,permanent_masonry,110,55200,6070000,True,"Risk Forge synthetic book: WorldPop-weighted placement on Kenyan land, attributes from metadata ranges; not a real portfolio",other,urban,basin,1.1521,KE,0.0,0.0,0.0,0.0,0.0,0.0,0.0,0.0,0.0,0.0,0.0,0.0
RFB-0385,0.588631,34.776197,permanent_masonry,144,60300,8685000,True,"Risk Forge synthetic book: WorldPop-weighted placement on Kenyan land, attributes from metadata ranges; not a real portfolio",Webuye,urban,basin,1.1521,KE,0.0,0.0,0.0,0.0,0.0,0.0,0.0,0.0,0.0,0.0,0.0,0.0
RFB-0386,0.650669,34.571866,permanent_masonry,125,46500,5810000,True,"Risk Forge synthetic book: WorldPop-weighted placement on Kenyan land, attributes from metadata ranges; not a real portfolio",other,peri_urban,basin,1.1521,KE,0.0,0.0,0.0,0.0,0.0,0.0,0.0,0.0,0.0,0.0,0.0,0.0
RFB-0387,-0.102937,34.769633,permanent_masonry,98,59400,5820000,True,"Risk Forge synthetic book: WorldPop-weighted placement on Kenyan land, attributes from metadata ranges; not a real portfolio",Kisumu,urban,basin,1.1521,KE,0.0,0.0,0.0,0.0,0.0,0.0,0.0,0.0,0.0,0.0,0.0,0.0
RFB-0388,0.27951,35.319467,informal_iron_sheet,13,5900,75000,True,"Risk Forge synthetic book: WorldPop-weighted placement on Kenyan land, attributes from metadata ranges; not a real portfolio",other,rural,basin,1.1521,KE,0.0,0.0,0.0,0.0,0.0,0.0,0.0,0.0,0.0,0.0,0.0,0.0
RFB-0389,0.822144,35.098283,permanent_masonry,162,53800,8715000,True,"Risk Forge synthetic book: WorldPop-weighted placement on Kenyan land, attributes from metadata ranges; not a real portfolio",other,peri_urban,basin,1.1521,KE,0.0,0.0,0.0,0.0,0.0,0.0,0.0,0.0,0.0,0.0,0.0,0.0
RFB-0390,0.08963,34.237716,permanent_masonry,222,46700,10365000,True,"Risk Forge synthetic book: WorldPop-weighted placement on Kenyan land, attributes from metadata ranges; not a real portfolio",other,peri_urban,basin,1.1521,KE,0.0,0.0,0.0,0.0,0.0,0.0,0.0,0.0,0.0,0.0,0.0,0.0
RFB-0391,0.52964,34.528741,permanent_masonry,177,42000,7435000,True,"Risk Forge synthetic book: WorldPop-weighted placement on Kenyan land, attributes from metadata ranges; not a real portfolio",other,peri_urban,basin,1.1521,KE,0.0,0.0,0.0,0.0,0.0,0.0,0.0,0.0,0.0,0.0,0.0,0.0
RFB-0392,0.268936,34.151858,informal_iron_sheet,14,6500,90000,True,"Risk Forge synthetic book: WorldPop-weighted placement on Kenyan land, attributes from metadata ranges; not a real portfolio",Bumala,peri_urban,basin,1.1521,KE,0.0,0.0,0.0,0.0,0.0,0.0,0.0,0.0,0.0,0.0,0.0,0.0
RFB-0393,0.527379,35.305968,semi_permanent,25,13600,340000,True,"Risk Forge synthetic book: WorldPop-weighted placement on Kenyan land, attributes from metadata ranges; not a real portfolio",other,urban,basin,1.1521,KE,0.0,0.0,0.0,0.0,0.0,0.0,0.0,0.0,0.0,0.0,0.0,0.0
RFB-0394,0.22423,34.62359,informal_iron_sheet,19,6200,120000,True,"Risk Forge synthetic book: WorldPop-weighted placement on Kenyan land, attributes from metadata ranges; not a real portfolio",other,peri_urban,basin,1.1521,KE,0.0,0.0,0.0,0.0,0.0,0.0,0.0,0.0,0.0,0.0,0.0,0.0
RFB-0395,0.180461,34.747085,permanent_masonry,238,63300,15065000,True,"Risk Forge synthetic book: WorldPop-weighted placement on Kenyan land, attributes from metadata ranges; not a real portfolio",other,peri_urban,basin,1.1521,KE,0.0,0.0,0.0,0.0,0.0,0.0,0.0,0.0,0.0,0.0,0.0,0.0
RFB-0396,0.601863,34.247492,permanent_masonry,100,60900,6090000,True,"Risk Forge synthetic book: WorldPop-weighted placement on Kenyan land, attributes from metadata ranges; not a real portfolio",other,peri_urban,basin,1.1521,KE,0.0,0.0,0.0,0.0,0.0,0.0,0.0,0.0,0.0,0.0,0.0,0.0
RFB-0397,0.018347,34.976238,semi_permanent,62,10800,670000,True,"Risk Forge synthetic book: WorldPop-weighted placement on Kenyan land, attributes from metadata ranges; not a real portfolio",other,peri_urban,basin,1.1521,KE,0.0,0.0,0.0,0.0,0.0,0.0,0.0,0.0,0.0,0.0,0.0,0.0
RFB-0398,0.247133,34.069456,informal_iron_sheet,24,8700,210000,True,"Risk Forge synthetic book: WorldPop-weighted placement on Kenyan land, attributes from metadata ranges; not a real portfolio",Sio Port,rural,basin,1.1521,KE,0.0,0.0,0.0,0.0,0.0,0.0,0.0,0.0,0.0,0.0,0.0,0.0
RFB-0399,0.268582,34.8456,semi_permanent,57,9100,520000,True,"Risk Forge synthetic book: WorldPop-weighted placement on Kenyan land, attributes from metadata ranges; not a real portfolio",other,peri_urban,basin,1.1521,KE,0.0,0.0,0.0,0.0,0.0,0.0,0.0,0.0,0.0,0.0,0.0,0.0
RFB-0400,0.719173,34.83961,permanent_masonry,172,44900,7725000,True,"Risk Forge synthetic book: WorldPop-weighted placement on Kenyan land, attributes from metadata ranges; not a real portfolio",other,peri_urban,basin,1.1521,KE,0.0,0.0,0.0,0.0,0.0,0.0,0.0,0.0,0.0,0.0,0.0,0.0
RFB-0401,0.646963,34.742819,concrete_rcc,952,60300,57405000,True,"Risk Forge synthetic book: WorldPop-weighted placement on Kenyan land, attributes from metadata ranges; not a real portfolio",Webuye,peri_urban,basin,1.1521,KE,0.0,0.0,0.0,0.0,0.0,0.0,0.0,0.0,0.0,0.0,0.0,0.0
RFB-0402,0.512255,34.151971,informal_iron_sheet,16,8500,135000,True,"Risk Forge synthetic book: WorldPop-weighted placement on Kenyan land, attributes from metadata ranges; not a real portfolio",other,peri_urban,basin,1.1521,KE,0.0,0.0,0.0,0.0,0.0,0.0,0.0,0.0,0.0,0.0,0.0,0.0
RFB-0403,1.089956,35.182554,semi_permanent,45,10500,470000,True,"Risk Forge synthetic book: WorldPop-weighted placement on Kenyan land, attributes from metadata ranges; not a real portfolio",other,rural,basin,1.1521,KE,0.0,0.0,0.0,0.0,0.0,0.0,0.0,0.0,0.0,0.0,0.0,0.0
RFB-0404,1.032695,34.976488,semi_permanent,54,12300,665000,True,"Risk Forge synthetic book: WorldPop-weighted placement on Kenyan land, attributes from metadata ranges; not a real portfolio",Kitale,urban,basin,1.1521,KE,0.0,0.0,0.0,0.0,0.0,0.0,0.0,0.0,0.0,0.0,0.0,0.0
RFB-0405,0.19792,34.45591,semi_permanent,42,13900,585000,True,"Risk Forge synthetic book: WorldPop-weighted placement on Kenyan land, attributes from metadata ranges; not a real portfolio",other,peri_urban,basin,1.1521,KE,0.0,0.0,0.0,0.0,0.0,0.0,0.0,0.0,0.0,0.0,0.0,0.0
RFB-0406,0.570271,34.553494,permanent_masonry,185,46400,8585000,True,"Risk Forge synthetic book: WorldPop-weighted placement on Kenyan land, attributes from metadata ranges; not a real portfolio",other,urban,basin,1.1521,KE,0.0,0.0,0.0,0.0,0.0,0.0,0.0,0.0,0.0,0.0,0.0,0.0
RFB-0407,0.127082,34.798658,informal_iron_sheet,19,6900,130000,True,"Risk Forge synthetic book: WorldPop-weighted placement on Kenyan land, attributes from metadata ranges; not a real portfolio",other,peri_urban,basin,1.1521,KE,0.0,0.0,0.0,0.0,0.0,0.0,0.0,0.0,0.0,0.0,0.0,0.0
RFB-0408,1.0094,34.909264,concrete_rcc,178,66400,11820000,True,"Risk Forge synthetic book: WorldPop-weighted placement on Kenyan land, attributes from metadata ranges; not a real portfolio",Kitale,peri_urban,basin,1.1521,KE,0.0,0.0,0.0,0.0,0.0,0.0,0.0,0.0,0.0,0.0,0.0,0.0
RFB-0409,0.109569,35.272606,informal_iron_sheet,21,9100,190000,True,"Risk Forge synthetic book: WorldPop-weighted placement on Kenyan land, attributes from metadata ranges; not a real portfolio",other,peri_urban,basin,1.1521,KE,0.0,0.0,0.0,0.0,0.0,0.0,0.0,0.0,0.0,0.0,0.0,0.0
RFB-0410,0.732567,34.940875,semi_permanent,34,11700,400000,True,"Risk Forge synthetic book: WorldPop-weighted placement on Kenyan land, attributes from metadata ranges; not a real portfolio",other,peri_urban,basin,1.1521,KE,0.0,0.0,0.0,0.0,0.0,0.0,0.0,0.0,0.0,0.0,0.0,0.0
RFB-0411,-0.065199,34.264007,semi_permanent,55,14200,780000,True,"Risk Forge synthetic book: WorldPop-weighted placement on Kenyan land, attributes from metadata ranges; not a real portfolio",Siaya,rural,basin,1.1521,KE,0.0,0.0,0.0,0.0,0.0,0.0,0.0,0.0,0.0,0.0,0.0,0.0
RFB-0412,-0.084533,34.778145,concrete_rcc,477,79900,38110000,True,"Risk Forge synthetic book: WorldPop-weighted placement on Kenyan land, attributes from metadata ranges; not a real portfolio",Kisumu,urban,basin,1.1521,KE,0.0,0.0,0.0,0.0,0.0,0.0,0.0,0.0,0.0,0.0,0.0,0.0
RFB-0413,0.173961,34.85767,permanent_masonry,148,44000,6510000,True,"Risk Forge synthetic book: WorldPop-weighted placement on Kenyan land, attributes from metadata ranges; not a real portfolio",other,peri_urban,basin,1.1521,KE,0.0,0.0,0.0,0.0,0.0,0.0,0.0,0.0,0.0,0.0,0.0,0.0
RFB-0414,0.522243,35.306436,concrete_rcc,566,79500,44995000,True,"Risk Forge synthetic book: WorldPop-weighted placement on Kenyan land, attributes from metadata ranges; not a real portfolio",other,urban,basin,1.1521,KE,0.0,0.0,0.0,0.0,0.0,0.0,0.0,0.0,0.0,0.0,0.0,0.0
RFB-0415,1.13073,35.005505,permanent_masonry,195,41100,8015000,True,"Risk Forge synthetic book: WorldPop-weighted placement on Kenyan land, attributes from metadata ranges; not a real portfolio",other,peri_urban,basin,1.1521,KE,0.0,0.0,0.0,0.0,0.0,0.0,0.0,0.0,0.0,0.0,0.0,0.0
RFB-0416,0.084914,34.710757,permanent_masonry,114,45200,5155000,True,"Risk Forge synthetic book: WorldPop-weighted placement on Kenyan land, attributes from metadata ranges; not a real portfolio",other,urban,basin,1.1521,KE,0.0,0.0,0.0,0.0,0.0,0.0,0.0,0.0,0.0,0.0,0.0,0.0
RFB-0417,0.313377,34.6394,informal_iron_sheet,10,7300,75000,True,"Risk Forge synthetic book: WorldPop-weighted placement on Kenyan land, attributes from metadata ranges; not a real portfolio",other,peri_urban,basin,1.1521,KE,0.0,0.0,0.0,0.0,0.0,0.0,0.0,0.0,0.0,0.0,0.0,0.0
RFB-0418,1.005728,35.132215,semi_permanent,37,13200,490000,True,"Risk Forge synthetic book: WorldPop-weighted placement on Kenyan land, attributes from metadata ranges; not a real portfolio",other,peri_urban,basin,1.1521,KE,0.0,0.0,0.0,0.0,0.0,0.0,0.0,0.0,0.0,0.0,0.0,0.0
RFB-0419,0.303877,34.755207,permanent_masonry,162,63600,10305000,True,"Risk Forge synthetic book: WorldPop-weighted placement on Kenyan land, attributes from metadata ranges; not a real portfolio",other,urban,basin,1.1521,KE,0.0,0.0,0.0,0.0,0.0,0.0,0.0,0.0,0.0,0.0,0.0,0.0
RFB-0420,1.250843,35.09496,concrete_rcc,351,78200,27450000,True,"Risk Forge synthetic book: WorldPop-weighted placement on Kenyan land, attributes from metadata ranges; not a real portfolio",other,urban,basin,1.1521,KE,0.0,0.0,0.0,0.0,0.0,0.0,0.0,0.0,0.0,0.0,0.0,0.0
RFB-0421,0.47247,35.266102,permanent_masonry,184,58200,10710000,True,"Risk Forge synthetic book: WorldPop-weighted placement on Kenyan land, attributes from metadata ranges; not a real portfolio",other,urban,basin,1.1521,KE,0.0,0.0,0.0,0.0,0.0,0.0,0.0,0.0,0.0,0.0,0.0,0.0
RFB-0422,0.251712,34.125856,semi_permanent,39,8800,345000,True,"Risk Forge synthetic book: WorldPop-weighted placement on Kenyan land, attributes from metadata ranges; not a real portfolio",Bumala,peri_urban,basin,1.1521,KE,0.0,0.0,0.0,0.0,0.0,0.0,0.0,0.0,0.0,0.0,0.0,0.0
RFB-0423,0.044119,34.52783,semi_permanent,30,13700,410000,True,"Risk Forge synthetic book: WorldPop-weighted placement on Kenyan land, attributes from metadata ranges; not a real portfolio",other,peri_urban,basin,1.1521,KE,0.0,0.0,0.0,0.0,0.0,0.0,0.0,0.0,0.0,0.0,0.0,0.0
RFB-0424,0.604398,35.157633,concrete_rcc,163,75200,12260000,True,"Risk Forge synthetic book: WorldPop-weighted placement on Kenyan land, attributes from metadata ranges; not a real portfolio",other,urban,basin,1.1521,KE,0.0,0.0,0.0,0.0,0.0,0.0,0.0,0.0,0.0,0.0,0.0,0.0
RFB-0425,0.685663,34.321728,informal_iron_sheet,10,7800,80000,True,"Risk Forge synthetic book: WorldPop-weighted placement on Kenyan land, attributes from metadata ranges; not a real portfolio",other,peri_urban,basin,1.1521,KE,0.0,0.0,0.0,0.0,0.0,0.0,0.0,0.0,0.0,0.0,0.0,0.0
RFB-0426,0.562521,35.242816,permanent_masonry,140,53300,7460000,True,"Risk Forge synthetic book: WorldPop-weighted placement on Kenyan land, attributes from metadata ranges; not a real portfolio",other,urban,basin,1.1521,KE,0.0,0.0,0.0,0.0,0.0,0.0,0.0,0.0,0.0,0.0,0.0,0.0
RFB-0427,1.027654,34.98796,concrete_rcc,388,68700,26655000,True,"Risk Forge synthetic book: WorldPop-weighted placement on Kenyan land, attributes from metadata ranges; not a real portfolio",Kitale,urban,basin,1.1521,KE,0.0,0.0,0.0,0.0,0.0,0.0,0.0,0.0,0.0,0.0,0.0,0.0
RFB-0428,-0.103064,34.782904,concrete_rcc,150,82000,12300000,True,"Risk Forge synthetic book: WorldPop-weighted placement on Kenyan land, attributes from metadata ranges; not a real portfolio",Kisumu,urban,basin,1.1521,KE,0.0,0.0,0.0,0.0,0.0,0.0,0.0,0.0,0.0,0.0,0.0,0.0
RFB-0429,-0.070647,34.79072,permanent_masonry,147,49900,7335000,True,"Risk Forge synthetic book: WorldPop-weighted placement on Kenyan land, attributes from metadata ranges; not a real portfolio",Kisumu,urban,basin,1.1521,KE,0.0,0.0,0.0,0.0,0.0,0.0,0.0,0.0,0.0,0.0,0.0,0.0
RFB-0430,0.273004,34.744401,informal_iron_sheet,17,8100,140000,True,"Risk Forge synthetic book: WorldPop-weighted placement on Kenyan land, attributes from metadata ranges; not a real portfolio",other,urban,basin,1.1521,KE,0.0,0.0,0.0,0.0,0.0,0.0,0.0,0.0,0.0,0.0,0.0,0.0
RFB-0431,1.013885,34.835619,permanent_masonry,69,48700,3360000,True,"Risk Forge synthetic book: WorldPop-weighted placement on Kenyan land, attributes from metadata ranges; not a real portfolio",other,rural,basin,1.1521,KE,0.0,0.0,0.0,0.0,0.0,0.0,0.0,0.0,0.0,0.0,0.0,0.0
RFB-0432,0.992137,34.87743,semi_permanent,46,13500,620000,True,"Risk Forge synthetic book: WorldPop-weighted placement on Kenyan land, attributes from metadata ranges; not a real portfolio",other,peri_urban,basin,1.1521,KE,0.0,0.0,0.0,0.0,0.0,0.0,0.0,0.0,0.0,0.0,0.0,0.0
RFB-0433,-0.104895,34.777054,permanent_masonry,218,47100,10270000,True,"Risk Forge synthetic book: WorldPop-weighted placement on Kenyan land, attributes from metadata ranges; not a real portfolio",Kisumu,urban,basin,1.1521,KE,0.0,0.0,0.0,0.0,0.0,0.0,0.0,0.0,0.0,0.0,0.0,0.0
RFB-0434,0.869881,34.57687,informal_iron_sheet,15,8700,130000,True,"Risk Forge synthetic book: WorldPop-weighted placement on Kenyan land, attributes from metadata ranges; not a real portfolio",other,rural,basin,1.1521,KE,0.0,0.0,0.0,0.0,0.0,0.0,0.0,0.0,0.0,0.0,0.0,0.0
RFB-0435,0.830471,34.619359,semi_permanent,41,11500,470000,True,"Risk Forge synthetic book: WorldPop-weighted placement on Kenyan land, attributes from metadata ranges; not a real portfolio",other,peri_urban,basin,1.1521,KE,0.0,0.0,0.0,0.0,0.0,0.0,0.0,0.0,0.0,0.0,0.0,0.0
RFB-0436,0.061644,34.564643,semi_permanent,47,10400,490000,True,"Risk Forge synthetic book: WorldPop-weighted placement on Kenyan land, attributes from metadata ranges; not a real portfolio",other,peri_urban,basin,1.1521,KE,0.0,0.0,0.0,0.0,0.0,0.0,0.0,0.0,0.0,0.0,0.0,0.0
RFB-0437,0.589321,34.546038,informal_iron_sheet,19,6000,115000,True,"Risk Forge synthetic book: WorldPop-weighted placement on Kenyan land, attributes from metadata ranges; not a real portfolio",other,urban,basin,1.1521,KE,0.0,0.0,0.0,0.0,0.0,0.0,0.0,0.0,0.0,0.0,0.0,0.0
RFB-0438,0.505109,34.835429,informal_iron_sheet,15,7900,120000,True,"Risk Forge synthetic book: WorldPop-weighted placement on Kenyan land, attributes from metadata ranges; not a real portfolio",Kakamega,peri_urban,basin,1.1521,KE,0.0,0.0,0.0,0.0,0.0,0.0,0.0,0.0,0.0,0.0,0.0,0.0
RFB-0439,0.500574,34.473355,informal_iron_sheet,23,5500,125000,True,"Risk Forge synthetic book: WorldPop-weighted placement on Kenyan land, attributes from metadata ranges; not a real portfolio",other,peri_urban,basin,1.1521,KE,0.0,0.0,0.0,0.0,0.0,0.0,0.0,0.0,0.0,0.0,0.0,0.0
RFB-0440,0.152176,34.670352,permanent_masonry,148,43900,6495000,True,"Risk Forge synthetic book: WorldPop-weighted placement on Kenyan land, attributes from metadata ranges; not a real portfolio",other,peri_urban,basin,1.1521,KE,0.0,0.0,0.0,0.0,0.0,0.0,0.0,0.0,0.0,0.0,0.0,0.0
RFB-0441,0.446344,34.109903,informal_iron_sheet,12,7200,85000,True,"Risk Forge synthetic book: WorldPop-weighted placement on Kenyan land, attributes from metadata ranges; not a real portfolio",other,urban,basin,1.1521,KE,0.0,0.0,0.0,0.0,0.0,0.0,0.0,0.0,0.0,0.0,0.0,0.0
RFB-0442,0.037053,34.588453,permanent_masonry,104,55000,5720000,True,"Risk Forge synthetic book: WorldPop-weighted placement on Kenyan land, attributes from metadata ranges; not a real portfolio",other,urban,basin,1.1521,KE,0.0,0.0,0.0,0.0,0.0,0.0,0.0,0.0,0.0,0.0,0.0,0.0
RFB-0443,0.413924,34.475818,informal_iron_sheet,15,9100,135000,True,"Risk Forge synthetic book: WorldPop-weighted placement on Kenyan land, attributes from metadata ranges; not a real portfolio",Mumias,peri_urban,basin,1.1521,KE,0.0,0.0,0.0,0.0,0.0,0.0,0.0,0.0,0.0,0.0,0.0,0.0
RFB-0444,0.60264,35.142251,permanent_masonry,152,49300,7495000,True,"Risk Forge synthetic book: WorldPop-weighted placement on Kenyan land, attributes from metadata ranges; not a real portfolio",other,urban,basin,1.1521,KE,0.0,0.0,0.0,0.0,0.0,0.0,0.0,0.0,0.0,0.0,0.0,0.0
RFB-0445,0.76406,35.18127,semi_permanent,34,14600,495000,True,"Risk Forge synthetic book: WorldPop-weighted placement on Kenyan land, attributes from metadata ranges; not a real portfolio",other,rural,basin,1.1521,KE,0.0,0.0,0.0,0.0,0.0,0.0,0.0,0.0,0.0,0.0,0.0,0.0
RFB-0446,0.093267,34.844394,concrete_rcc,193,79400,15325000,True,"Risk Forge synthetic book: WorldPop-weighted placement on Kenyan land, attributes from metadata ranges; not a real portfolio",other,urban,basin,1.1521,KE,0.0,0.0,0.0,0.0,0.0,0.0,0.0,0.0,0.0,0.0,0.0,0.0
RFB-0447,0.717486,35.346732,semi_permanent,53,11400,605000,True,"Risk Forge synthetic book: WorldPop-weighted placement on Kenyan land, attributes from metadata ranges; not a real portfolio",other,rural,basin,1.1521,KE,0.0,0.0,0.0,0.0,0.0,0.0,0.0,0.0,0.0,0.0,0.0,0.0
RFB-0448,0.261228,34.728759,informal_iron_sheet,14,6300,90000,True,"Risk Forge synthetic book: WorldPop-weighted placement on Kenyan land, attributes from metadata ranges; not a real portfolio",other,peri_urban,basin,1.1521,KE,0.0,0.0,0.0,0.0,0.0,0.0,0.0,0.0,0.0,0.0,0.0,0.0
RFB-0449,0.273075,34.732871,concrete_rcc,157,78900,12385000,True,"Risk Forge synthetic book: WorldPop-weighted placement on Kenyan land, attributes from metadata ranges; not a real portfolio",other,urban,basin,1.1521,KE,0.0,0.0,0.0,0.0,0.0,0.0,0.0,0.0,0.0,0.0,0.0,0.0
RFB-0450,-0.145365,34.842742,semi_permanent,33,9100,300000,True,"Risk Forge synthetic book: WorldPop-weighted placement on Kenyan land, attributes from metadata ranges; not a real portfolio",Kisumu,peri_urban,basin,1.1521,KE,0.0,0.0,0.0,0.0,0.0,0.0,0.0,0.0,0.0,0.0,0.0,0.0
RFB-0451,0.980749,35.041137,permanent_masonry,138,50800,7010000,True,"Risk Forge synthetic book: WorldPop-weighted placement on Kenyan land, attributes from metadata ranges; not a real portfolio",Kitale,peri_urban,basin,1.1521,KE,0.0,0.0,0.0,0.0,0.0,0.0,0.0,0.0,0.0,0.0,0.0,0.0
RFB-0452,0.738491,34.663959,permanent_masonry,118,55900,6595000,True,"Risk Forge synthetic book: WorldPop-weighted placement on Kenyan land, attributes from metadata ranges; not a real portfolio",Bungoma,peri_urban,basin,1.1521,KE,0.0,0.0,0.0,0.0,0.0,0.0,0.0,0.0,0.0,0.0,0.0,0.0
RFB-0453,0.198367,34.099561,semi_permanent,57,10900,620000,True,"Risk Forge synthetic book: WorldPop-weighted placement on Kenyan land, attributes from metadata ranges; not a real portfolio",Rwambwa,rural,basin,1.1521,KE,0.0,0.0,0.0,0.0,0.0,0.0,0.0,0.0,0.0,0.0,0.0,0.0
RFB-0454,0.561715,35.243475,informal_iron_sheet,13,9300,120000,True,"Risk Forge synthetic book: WorldPop-weighted placement on Kenyan land, attributes from metadata ranges; not a real portfolio",other,urban,basin,1.1521,KE,0.0,0.0,0.0,0.0,0.0,0.0,0.0,0.0,0.0,0.0,0.0,0.0
RFB-0455,0.87215,35.144292,semi_permanent,41,12500,510000,True,"Risk Forge synthetic book: WorldPop-weighted placement on Kenyan land, attributes from metadata ranges; not a real portfolio",other,peri_urban,basin,1.1521,KE,0.0,0.0,0.0,0.0,0.0,0.0,0.0,0.0,0.0,0.0,0.0,0.0
RFB-0456,-0.076664,34.784635,semi_permanent,47,12700,595000,True,"Risk Forge synthetic book: WorldPop-weighted placement on Kenyan land, attributes from metadata ranges; not a real portfolio",Kisumu,urban,basin,1.1521,KE,0.0,0.0,0.0,0.0,0.0,0.0,0.0,0.0,0.0,0.0,0.0,0.0
RFB-0457,0.109207,34.241173,semi_permanent,30,14000,420000,True,"Risk Forge synthetic book: WorldPop-weighted placement on Kenyan land, attributes from metadata ranges; not a real portfolio",other,rural,basin,1.1521,KE,0.0,0.0,0.0,0.0,0.0,0.0,0.0,0.0,0.0,0.0,0.0,0.0
RFB-0458,0.71603,34.844274,informal_iron_sheet,19,9200,175000,True,"Risk Forge synthetic book: WorldPop-weighted placement on Kenyan land, attributes from metadata ranges; not a real portfolio",other,peri_urban,basin,1.1521,KE,0.0,0.0,0.0,0.0,0.0,0.0,0.0,0.0,0.0,0.0,0.0,0.0
RFB-0459,0.950427,34.810611,informal_iron_sheet,18,8100,145000,True,"Risk Forge synthetic book: WorldPop-weighted placement on Kenyan land, attributes from metadata ranges; not a real portfolio",other,peri_urban,basin,1.1521,KE,0.0,0.0,0.0,0.0,0.0,0.0,0.0,0.0,0.0,0.0,0.0,0.0
RFB-0460,0.007137,35.37116,permanent_masonry,85,49200,4180000,True,"Risk Forge synthetic book: WorldPop-weighted placement on Kenyan land, attributes from metadata ranges; not a real portfolio",other,peri_urban,basin,1.1521,KE,0.0,0.0,0.0,0.0,0.0,0.0,0.0,0.0,0.0,0.0,0.0,0.0
RFB-0461,0.304588,34.723713,permanent_masonry,179,55600,9950000,True,"Risk Forge synthetic book: WorldPop-weighted placement on Kenyan land, attributes from metadata ranges; not a real portfolio",other,peri_urban,basin,1.1521,KE,0.0,0.0,0.0,0.0,0.0,0.0,0.0,0.0,0.0,0.0,0.0,0.0
RFB-0462,-0.10406,34.771173,permanent_masonry,90,40700,3665000,True,"Risk Forge synthetic book: WorldPop-weighted placement on Kenyan land, attributes from metadata ranges; not a real portfolio",Kisumu,urban,basin,1.1521,KE,0.0,0.0,0.0,0.0,0.0,0.0,0.0,0.0,0.0,0.0,0.0,0.0
RFB-0463,0.377357,34.850531,semi_permanent,54,12600,680000,True,"Risk Forge synthetic book: WorldPop-weighted placement on Kenyan land, attributes from metadata ranges; not a real portfolio",other,peri_urban,basin,1.1521,KE,0.0,0.0,0.0,0.0,0.0,0.0,0.0,0.0,0.0,0.0,0.0,0.0
RFB-0464,0.692725,34.852855,informal_iron_sheet,16,7800,125000,True,"Risk Forge synthetic book: WorldPop-weighted placement on Kenyan land, attributes from metadata ranges; not a real portfolio",other,peri_urban,basin,1.1521,KE,0.0,0.0,0.0,0.0,0.0,0.0,0.0,0.0,0.0,0.0,0.0,0.0
RFB-0465,0.855025,34.796816,permanent_masonry,151,49200,7430000,True,"Risk Forge synthetic book: WorldPop-weighted placement on Kenyan land, attributes from metadata ranges; not a real portfolio",Bungoma,peri_urban,basin,1.1521,KE,0.0,0.0,0.0,0.0,0.0,0.0,0.0,0.0,0.0,0.0,0.0,0.0
RFB-0466,0.502623,35.31233,concrete_rcc,338,83800,28325000,True,"Risk Forge synthetic book: WorldPop-weighted placement on Kenyan land, attributes from metadata ranges; not a real portfolio",other,urban,basin,1.1521,KE,0.0,0.0,0.0,0.0,0.0,0.0,0.0,0.0,0.0,0.0,0.0,0.0
RFB-0467,0.182731,35.110352,informal_iron_sheet,14,8800,125000,True,"Risk Forge synthetic book: WorldPop-weighted placement on Kenyan land, attributes from metadata ranges; not a real portfolio",other,peri_urban,basin,1.1521,KE,0.0,0.0,0.0,0.0,0.0,0.0,0.0,0.0,0.0,0.0,0.0,0.0
RFB-0468,1.266067,35.169707,informal_iron_sheet,19,7000,135000,True,"Risk Forge synthetic book: WorldPop-weighted placement on Kenyan land, attributes from metadata ranges; not a real portfolio",other,rural,basin,1.1521,KE,0.0,0.0,0.0,0.0,0.0,0.0,0.0,0.0,0.0,0.0,0.0,0.0
RFB-0469,0.513731,34.145292,permanent_masonry,263,39500,10390000,True,"Risk Forge synthetic book: WorldPop-weighted placement on Kenyan land, attributes from metadata ranges; not a real portfolio",other,peri_urban,basin,1.1521,KE,0.0,0.0,0.0,0.0,0.0,0.0,0.0,0.0,0.0,0.0,0.0,0.0
RFB-0470,0.513359,35.267166,informal_iron_sheet,25,9100,230000,True,"Risk Forge synthetic book: WorldPop-weighted placement on Kenyan land, attributes from metadata ranges; not a real portfolio",other,urban,basin,1.1521,KE,0.0,0.0,0.0,0.0,0.0,0.0,0.0,0.0,0.0,0.0,0.0,0.0
RFB-0471,0.188359,34.305091,permanent_masonry,114,59200,6750000,True,"Risk Forge synthetic book: WorldPop-weighted placement on Kenyan land, attributes from metadata ranges; not a real portfolio",other,urban,basin,1.1521,KE,0.0,0.0,0.0,0.0,0.0,0.0,0.0,0.0,0.0,0.0,0.0,0.0
RFB-0472,0.754768,34.381799,informal_iron_sheet,13,6500,85000,True,"Risk Forge synthetic book: WorldPop-weighted placement on Kenyan land, attributes from metadata ranges; not a real portfolio",other,peri_urban,basin,1.1521,KE,0.0,0.0,0.0,0.0,0.0,0.0,0.0,0.0,0.0,0.0,0.0,0.0
RFB-0473,-0.07174,34.70167,permanent_masonry,103,62400,6425000,True,"Risk Forge synthetic book: WorldPop-weighted placement on Kenyan land, attributes from metadata ranges; not a real portfolio",Kisumu,urban,basin,1.1521,KE,0.0,0.0,0.0,0.0,0.0,0.0,0.0,0.0,0.0,0.0,0.0,0.0
RFB-0474,0.564621,34.556366,permanent_masonry,162,61200,9915000,True,"Risk Forge synthetic book: WorldPop-weighted placement on Kenyan land, attributes from metadata ranges; not a real portfolio",other,urban,basin,1.1521,KE,0.0,0.0,0.0,0.0,0.0,0.0,0.0,0.0,0.0,0.0,0.0,0.0
RFB-0475,0.021733,34.586731,informal_iron_sheet,16,6700,105000,True,"Risk Forge synthetic book: WorldPop-weighted placement on Kenyan land, attributes from metadata ranges; not a real portfolio",other,urban,basin,1.1521,KE,0.0,0.0,0.0,0.0,0.0,0.0,0.0,0.0,0.0,0.0,0.0,0.0
RFB-0476,0.022096,34.594063,concrete_rcc,223,76300,17015000,True,"Risk Forge synthetic book: WorldPop-weighted placement on Kenyan land, attributes from metadata ranges; not a real portfolio",other,urban,basin,1.1521,KE,0.0,0.0,0.0,0.0,0.0,0.0,0.0,0.0,0.0,0.0,0.0,0.0
RFB-0477,-0.082861,34.629727,informal_iron_sheet,17,8200,140000,True,"Risk Forge synthetic book: WorldPop-weighted placement on Kenyan land, attributes from metadata ranges; not a real portfolio",other,peri_urban,basin,1.1521,KE,0.0,0.0,0.0,0.0,0.0,0.0,0.0,0.0,0.0,0.0,0.0,0.0
RFB-0478,0.639983,34.293425,informal_iron_sheet,21,9700,205000,True,"Risk Forge synthetic book: WorldPop-weighted placement on Kenyan land, attributes from metadata ranges; not a real portfolio",other,urban,basin,1.1521,KE,0.0,0.0,0.0,0.0,0.0,0.0,0.0,0.0,0.0,0.0,0.0,0.0
RFB-0479,0.007524,34.694375,semi_permanent,52,10500,545000,True,"Risk Forge synthetic book: WorldPop-weighted placement on Kenyan land, attributes from metadata ranges; not a real portfolio",other,peri_urban,basin,1.1521,KE,0.0,0.0,0.0,0.0,0.0,0.0,0.0,0.0,0.0,0.0,0.0,0.0
RFB-0480,0.698178,34.78985,permanent_masonry,110,54200,5960000,True,"Risk Forge synthetic book: WorldPop-weighted placement on Kenyan land, attributes from metadata ranges; not a real portfolio",Webuye,peri_urban,basin,1.1521,KE,0.0,0.0,0.0,0.0,0.0,0.0,0.0,0.0,0.0,0.0,0.0,0.0
RFB-0481,0.510816,35.245361,informal_iron_sheet,21,7300,155000,True,"Risk Forge synthetic book: WorldPop-weighted placement on Kenyan land, attributes from metadata ranges; not a real portfolio",other,urban,basin,1.1521,KE,0.0,0.0,0.0,0.0,0.0,0.0,0.0,0.0,0.0,0.0,0.0,0.0
RFB-0482,0.789984,35.140971,permanent_masonry,125,46700,5840000,True,"Risk Forge synthetic book: WorldPop-weighted placement on Kenyan land, attributes from metadata ranges; not a real portfolio",other,peri_urban,basin,1.1521,KE,0.0,0.0,0.0,0.0,0.0,0.0,0.0,0.0,0.0,0.0,0.0,0.0
RFB-0483,0.436827,34.969132,informal_iron_sheet,23,5800,135000,True,"Risk Forge synthetic book: WorldPop-weighted placement on Kenyan land, attributes from metadata ranges; not a real portfolio",other,rural,basin,1.1521,KE,0.0,0.0,0.0,0.0,0.0,0.0,0.0,0.0,0.0,0.0,0.0,0.0
RFB-0484,1.011163,34.977199,permanent_masonry,132,43600,5755000,True,"Risk Forge synthetic book: WorldPop-weighted placement on Kenyan land, attributes from metadata ranges; not a real portfolio",Kitale,urban,basin,1.1521,KE,0.0,0.0,0.0,0.0,0.0,0.0,0.0,0.0,0.0,0.0,0.0,0.0
RFB-0485,-0.127492,34.912769,informal_iron_sheet,21,6300,130000,True,"Risk Forge synthetic book: WorldPop-weighted placement on Kenyan land, attributes from metadata ranges; not a real portfolio",other,peri_urban,basin,1.1521,KE,0.0,0.0,0.0,0.0,0.0,0.0,0.0,0.0,0.0,0.0,0.0,0.0
RFB-0486,1.218398,35.364823,semi_permanent,47,14600,685000,True,"Risk Forge synthetic book: WorldPop-weighted placement on Kenyan land, attributes from metadata ranges; not a real portfolio",other,rural,basin,1.1521,KE,0.0,0.0,0.0,0.0,0.0,0.0,0.0,0.0,0.0,0.0,0.0,0.0
RFB-0487,0.409131,34.648051,semi_permanent,59,11000,650000,True,"Risk Forge synthetic book: WorldPop-weighted placement on Kenyan land, attributes from metadata ranges; not a real portfolio",other,peri_urban,basin,1.1521,KE,0.0,0.0,0.0,0.0,0.0,0.0,0.0,0.0,0.0,0.0,0.0,0.0
RFB-0488,0.005998,34.36886,informal_iron_sheet,15,9300,140000,True,"Risk Forge synthetic book: WorldPop-weighted placement on Kenyan land, attributes from metadata ranges; not a real portfolio",other,rural,basin,1.1521,KE,0.0,0.0,0.0,0.0,0.0,0.0,0.0,0.0,0.0,0.0,0.0,0.0
RFB-0489,0.855342,34.443554,informal_iron_sheet,16,7100,115000,True,"Risk Forge synthetic book: WorldPop-weighted placement on Kenyan land, attributes from metadata ranges; not a real portfolio",other,peri_urban,basin,1.1521,KE,0.0,0.0,0.0,0.0,0.0,0.0,0.0,0.0,0.0,0.0,0.0,0.0
RFB-0490,0.278818,34.794577,semi_permanent,30,12600,380000,True,"Risk Forge synthetic book: WorldPop-weighted placement on Kenyan land, attributes from metadata ranges; not a real portfolio",other,peri_urban,basin,1.1521,KE,0.0,0.0,0.0,0.0,0.0,0.0,0.0,0.0,0.0,0.0,0.0,0.0
RFB-0491,0.355411,34.328432,permanent_masonry,66,53200,3510000,True,"Risk Forge synthetic book: WorldPop-weighted placement on Kenyan land, attributes from metadata ranges; not a real portfolio",Busia,peri_urban,basin,1.1521,KE,0.0,0.0,0.0,0.0,0.0,0.0,0.0,0.0,0.0,0.0,0.0,0.0
RFB-0492,0.084692,34.393497,informal_iron_sheet,22,5500,120000,True,"Risk Forge synthetic book: WorldPop-weighted placement on Kenyan land, attributes from metadata ranges; not a real portfolio",other,peri_urban,basin,1.1521,KE,0.0,0.0,0.0,0.0,0.0,0.0,0.0,0.0,0.0,0.0,0.0,0.0
RFB-0493,0.150499,34.451738,semi_permanent,37,8700,320000,True,"Risk Forge synthetic book: WorldPop-weighted placement on Kenyan land, attributes from metadata ranges; not a real portfolio",other,peri_urban,basin,1.1521,KE,0.0,0.0,0.0,0.0,0.0,0.0,0.0,0.0,0.0,0.0,0.0,0.0
RFB-0494,0.021036,34.197646,semi_permanent,47,10700,505000,True,"Risk Forge synthetic book: WorldPop-weighted placement on Kenyan land, attributes from metadata ranges; not a real portfolio",Siaya,rural,basin,1.1521,KE,0.0,0.0,0.0,0.0,0.0,0.0,0.0,0.0,0.0,0.0,0.0,0.0
RFB-0495,0.05275,34.386054,informal_iron_sheet,11,8000,90000,True,"Risk Forge synthetic book: WorldPop-weighted placement on Kenyan land, attributes from metadata ranges; not a real portfolio",other,peri_urban,basin,1.1521,KE,0.0,0.0,0.0,0.0,0.0,0.0,0.0,0.0,0.0,0.0,0.0,0.0
RFB-0496,0.290839,34.449042,informal_iron_sheet,17,8400,145000,True,"Risk Forge synthetic book: WorldPop-weighted placement on Kenyan land, attributes from metadata ranges; not a real portfolio",Mumias,peri_urban,basin,1.1521,KE,0.0,0.0,0.0,0.0,0.0,0.0,0.0,0.0,0.0,0.0,0.0,0.0
RFB-0497,0.544427,35.246087,permanent_masonry,69,55500,3830000,True,"Risk Forge synthetic book: WorldPop-weighted placement on Kenyan land, attributes from metadata ranges; not a real portfolio",other,urban,basin,1.1521,KE,0.0,0.0,0.0,0.0,0.0,0.0,0.0,0.0,0.0,0.0,0.0,0.0
RFB-0498,0.914874,34.967333,semi_permanent,39,13800,540000,True,"Risk Forge synthetic book: WorldPop-weighted placement on Kenyan land, attributes from metadata ranges; not a real portfolio",other,peri_urban,basin,1.1521,KE,0.0,0.0,0.0,0.0,0.0,0.0,0.0,0.0,0.0,0.0,0.0,0.0
RFB-0499,0.804823,34.847479,permanent_masonry,161,55600,8950000,True,"Risk Forge synthetic book: WorldPop-weighted placement on Kenyan land, attributes from metadata ranges; not a real portfolio",other,peri_urban,basin,1.1521,KE,0.0,0.0,0.0,0.0,0.0,0.0,0.0,0.0,0.0,0.0,0.0,0.0
RFB-0500,-0.06624,34.726773,permanent_masonry,183,46500,8510000,True,"Risk Forge synthetic book: WorldPop-weighted placement on Kenyan land, attributes from metadata ranges; not a real portfolio",Kisumu,peri_urban,basin,1.1521,KE,0.0,0.0,0.0,0.0,0.0,0.0,0.0,0.0,0.0,0.0,0.0,0.0
RFB-0501,0.63145,34.595191,semi_permanent,47,11300,530000,True,"Risk Forge synthetic book: WorldPop-weighted placement on Kenyan land, attributes from metadata ranges; not a real portfolio",other,peri_urban,basin,1.1521,KE,0.0,0.0,0.0,0.0,0.0,0.0,0.0,0.0,0.0,0.0,0.0,0.0
RFB-0502,-0.081528,34.787023,permanent_masonry,186,56700,10545000,True,"Risk Forge synthetic book: WorldPop-weighted placement on Kenyan land, attributes from metadata ranges; not a real portfolio",Kisumu,urban,basin,1.1521,KE,0.0,0.0,0.0,0.0,0.0,0.0,0.0,0.0,0.0,0.0,0.0,0.0
RFB-0503,0.590754,34.867407,permanent_masonry,181,48600,8795000,True,"Risk Forge synthetic book: WorldPop-weighted placement on Kenyan land, attributes from metadata ranges; not a real portfolio",Webuye,peri_urban,basin,1.1521,KE,0.0,0.0,0.0,0.0,0.0,0.0,0.0,0.0,0.0,0.0,0.0,0.0
RFB-0504,1.026614,34.990549,permanent_masonry,198,60400,11960000,True,"Risk Forge synthetic book: WorldPop-weighted placement on Kenyan land, attributes from metadata ranges; not a real portfolio",Kitale,urban,basin,1.1521,KE,0.0,0.0,0.0,0.0,0.0,0.0,0.0,0.0,0.0,0.0,0.0,0.0
RFB-0505,0.607229,35.044191,concrete_rcc,374,59400,22215000,True,"Risk Forge synthetic book: WorldPop-weighted placement on Kenyan land, attributes from metadata ranges; not a real portfolio",other,peri_urban,basin,1.1521,KE,0.0,0.0,0.0,0.0,0.0,0.0,0.0,0.0,0.0,0.0,0.0,0.0
RFB-0506,0.524505,34.871616,concrete_rcc,702,80100,56230000,True,"Risk Forge synthetic book: WorldPop-weighted placement on Kenyan land, attributes from metadata ranges; not a real portfolio",Kakamega,peri_urban,basin,1.1521,KE,0.0,0.0,0.0,0.0,0.0,0.0,0.0,0.0,0.0,0.0,0.0,0.0
RFB-0507,0.932213,35.385668,permanent_masonry,92,44000,4050000,True,"Risk Forge synthetic book: WorldPop-weighted placement on Kenyan land, attributes from metadata ranges; not a real portfolio",other,rural,basin,1.1521,KE,0.0,0.0,0.0,0.0,0.0,0.0,0.0,0.0,0.0,0.0,0.0,0.0
RFB-0508,0.485857,34.896488,informal_iron_sheet,13,6500,85000,True,"Risk Forge synthetic book: WorldPop-weighted placement on Kenyan land, attributes from metadata ranges; not a real portfolio",Kakamega,peri_urban,basin,1.1521,KE,0.0,0.0,0.0,0.0,0.0,0.0,0.0,0.0,0.0,0.0,0.0,0.0
RFB-0509,0.055261,34.740142,permanent_masonry,153,56600,8660000,True,"Risk Forge synthetic book: WorldPop-weighted placement on Kenyan land, attributes from metadata ranges; not a real portfolio",other,urban,basin,1.1521,KE,0.0,0.0,0.0,0.0,0.0,0.0,0.0,0.0,0.0,0.0,0.0,0.0
RFB-0510,0.506752,35.260101,concrete_rcc,438,66400,29085000,True,"Risk Forge synthetic book: WorldPop-weighted placement on Kenyan land, attributes from metadata ranges; not a real portfolio",other,urban,basin,1.1521,KE,0.0,0.0,0.0,0.0,0.0,0.0,0.0,0.0,0.0,0.0,0.0,0.0
RFB-0511,0.418962,35.053574,semi_permanent,38,10300,390000,True,"Risk Forge synthetic book: WorldPop-weighted placement on Kenyan land, attributes from metadata ranges; not a real portfolio",other,rural,basin,1.1521,KE,0.0,0.0,0.0,0.0,0.0,0.0,0.0,0.0,0.0,0.0,0.0,0.0
RFB-0512,-0.297024,35.146025,semi_permanent,36,13000,470000,True,"Risk Forge synthetic book: WorldPop-weighted placement on Kenyan land, attributes from metadata ranges; not a real portfolio",other,rural,basin,1.1521,KE,0.0,0.0,0.0,0.0,0.0,0.0,0.0,0.0,0.0,0.0,0.0,0.0
RFB-0513,0.723898,34.359531,informal_iron_sheet,16,5200,85000,True,"Risk Forge synthetic book: WorldPop-weighted placement on Kenyan land, attributes from metadata ranges; not a real portfolio",other,peri_urban,basin,1.1521,KE,0.0,0.0,0.0,0.0,0.0,0.0,0.0,0.0,0.0,0.0,0.0,0.0
RFB-0514,0.336915,34.529887,informal_iron_sheet,14,5300,75000,True,"Risk Forge synthetic book: WorldPop-weighted placement on Kenyan land, attributes from metadata ranges; not a real portfolio",Mumias,peri_urban,basin,1.1521,KE,0.0,0.0,0.0,0.0,0.0,0.0,0.0,0.0,0.0,0.0,0.0,0.0
RFB-0515,-0.22894,34.882912,informal_iron_sheet,21,8300,175000,True,"Risk Forge synthetic book: WorldPop-weighted placement on Kenyan land, attributes from metadata ranges; not a real portfolio",other,rural,basin,1.1521,KE,0.0,0.0,0.0,0.0,0.0,0.0,0.0,0.0,0.0,0.0,0.0,0.0
RFB-0516,0.409636,34.45647,informal_iron_sheet,17,5700,95000,True,"Risk Forge synthetic book: WorldPop-weighted placement on Kenyan land, attributes from metadata ranges; not a real portfolio",Mumias,peri_urban,basin,1.1521,KE,0.0,0.0,0.0,0.0,0.0,0.0,0.0,0.0,0.0,0.0,0.0,0.0
RFB-0517,0.276375,34.287639,semi_permanent,39,14700,575000,True,"Risk Forge synthetic book: WorldPop-weighted placement on Kenyan land, attributes from metadata ranges; not a real portfolio",Bumala,peri_urban,basin,1.1521,KE,0.0,0.0,0.0,0.0,0.0,0.0,0.0,0.0,0.0,0.0,0.0,0.0
RFB-0518,0.329718,34.085272,permanent_masonry,168,57800,9710000,True,"Risk Forge synthetic book: WorldPop-weighted placement on Kenyan land, attributes from metadata ranges; not a real portfolio",other,rural,basin,1.1521,KE,0.0,0.0,0.0,0.0,0.0,0.0,0.0,0.0,0.0,0.0,0.0,0.0
RFB-0519,0.895426,34.992886,informal_iron_sheet,19,6800,130000,True,"Risk Forge synthetic book: WorldPop-weighted placement on Kenyan land, attributes from metadata ranges; not a real portfolio",other,peri_urban,basin,1.1521,KE,0.0,0.0,0.0,0.0,0.0,0.0,0.0,0.0,0.0,0.0,0.0,0.0
RFB-0520,0.129916,34.440325,semi_permanent,33,10300,340000,True,"Risk Forge synthetic book: WorldPop-weighted placement on Kenyan land, attributes from metadata ranges; not a real portfolio",other,peri_urban,basin,1.1521,KE,0.0,0.0,0.0,0.0,0.0,0.0,0.0,0.0,0.0,0.0,0.0,0.0
RFB-0521,-0.085342,34.989287,semi_permanent,38,12500,475000,True,"Risk Forge synthetic book: WorldPop-weighted placement on Kenyan land, attributes from metadata ranges; not a real portfolio",other,peri_urban,basin,1.1521,KE,0.0,0.0,0.0,0.0,0.0,0.0,0.0,0.0,0.0,0.0,0.0,0.0
RFB-0522,-0.105776,34.272848,informal_iron_sheet,16,8100,130000,True,"Risk Forge synthetic book: WorldPop-weighted placement on Kenyan land, attributes from metadata ranges; not a real portfolio",Siaya,urban,basin,1.1521,KE,0.0,0.0,0.0,0.0,0.0,0.0,0.0,0.0,0.0,0.0,0.0,0.0
RFB-0523,0.286157,34.753927,semi_permanent,34,13700,465000,True,"Risk Forge synthetic book: WorldPop-weighted placement on Kenyan land, attributes from metadata ranges; not a real portfolio",other,urban,basin,1.1521,KE,0.0,0.0,0.0,0.0,0.0,0.0,0.0,0.0,0.0,0.0,0.0,0.0
RFB-0524,0.548914,35.259107,permanent_masonry,120,47800,5735000,True,"Risk Forge synthetic book: WorldPop-weighted placement on Kenyan land, attributes from metadata ranges; not a real portfolio",other,urban,basin,1.1521,KE,0.0,0.0,0.0,0.0,0.0,0.0,0.0,0.0,0.0,0.0,0.0,0.0
RFB-0525,0.185146,34.971374,semi_permanent,59,14100,830000,True,"Risk Forge synthetic book: WorldPop-weighted placement on Kenyan land, attributes from metadata ranges; not a real portfolio",other,peri_urban,basin,1.1521,KE,0.0,0.0,0.0,0.0,0.0,0.0,0.0,0.0,0.0,0.0,0.0,0.0
RFB-0526,-0.115602,35.32088,semi_permanent,27,14000,380000,True,"Risk Forge synthetic book: WorldPop-weighted placement on Kenyan land, attributes from metadata ranges; not a real portfolio",other,peri_urban,basin,1.1521,KE,0.0,0.0,0.0,0.0,0.0,0.0,0.0,0.0,0.0,0.0,0.0,0.0
RFB-0527,-0.1785,34.50075,permanent_masonry,206,62300,12835000,True,"Risk Forge synthetic book: WorldPop-weighted placement on Kenyan land, attributes from metadata ranges; not a real portfolio",other,peri_urban,basin,1.1521,KE,0.0,0.0,0.0,0.0,0.0,0.0,0.0,0.0,0.0,0.0,0.0,0.0
RFB-0528,0.613869,35.153312,permanent_masonry,251,58700,14735000,True,"Risk Forge synthetic book: WorldPop-weighted placement on Kenyan land, attributes from metadata ranges; not a real portfolio",other,peri_urban,basin,1.1521,KE,0.0,0.0,0.0,0.0,0.0,0.0,0.0,0.0,0.0,0.0,0.0,0.0
RFB-0529,-0.110352,34.363615,semi_permanent,54,11700,630000,True,"Risk Forge synthetic book: WorldPop-weighted placement on Kenyan land, attributes from metadata ranges; not a real portfolio",other,rural,basin,1.1521,KE,0.0,0.0,0.0,0.0,0.0,0.0,0.0,0.0,0.0,0.0,0.0,0.0
RFB-0530,0.118672,35.026419,informal_iron_sheet,16,8300,135000,True,"Risk Forge synthetic book: WorldPop-weighted placement on Kenyan land, attributes from metadata ranges; not a real portfolio",other,rural,basin,1.1521,KE,0.0,0.0,0.0,0.0,0.0,0.0,0.0,0.0,0.0,0.0,0.0,0.0
RFB-0531,-0.060221,34.769112,permanent_masonry,49,61400,3010000,True,"Risk Forge synthetic book: WorldPop-weighted placement on Kenyan land, attributes from metadata ranges; not a real portfolio",Kisumu,urban,basin,1.1521,KE,0.0,0.0,0.0,0.0,0.0,0.0,0.0,0.0,0.0,0.0,0.0,0.0
RFB-0532,0.793178,34.660434,permanent_masonry,241,53200,12820000,True,"Risk Forge synthetic book: WorldPop-weighted placement on Kenyan land, attributes from metadata ranges; not a real portfolio",Bungoma,peri_urban,basin,1.1521,KE,0.0,0.0,0.0,0.0,0.0,0.0,0.0,0.0,0.0,0.0,0.0,0.0
RFB-0533,-0.16961,34.939298,permanent_masonry,83,54400,4515000,True,"Risk Forge synthetic book: WorldPop-weighted placement on Kenyan land, attributes from metadata ranges; not a real portfolio",other,urban,basin,1.1521,KE,0.0,0.0,0.0,0.0,0.0,0.0,0.0,0.0,0.0,0.0,0.0,0.0
RFB-0534,0.098089,34.761645,permanent_masonry,177,43500,7700000,True,"Risk Forge synthetic book: WorldPop-weighted placement on Kenyan land, attributes from metadata ranges; not a real portfolio",other,urban,basin,1.1521,KE,0.0,0.0,0.0,0.0,0.0,0.0,0.0,0.0,0.0,0.0,0.0,0.0
RFB-0535,0.792109,34.505229,informal_iron_sheet,11,6700,75000,True,"Risk Forge synthetic book: WorldPop-weighted placement on Kenyan land, attributes from metadata ranges; not a real portfolio",other,peri_urban,basin,1.1521,KE,0.0,0.0,0.0,0.0,0.0,0.0,0.0,0.0,0.0,0.0,0.0,0.0
RFB-0536,0.343152,35.170079,permanent_masonry,173,54300,9395000,True,"Risk Forge synthetic book: WorldPop-weighted placement on Kenyan land, attributes from metadata ranges; not a real portfolio",other,rural,basin,1.1521,KE,0.0,0.0,0.0,0.0,0.0,0.0,0.0,0.0,0.0,0.0,0.0,0.0
RFB-0537,0.905278,35.278629,permanent_masonry,280,43600,12210000,True,"Risk Forge synthetic book: WorldPop-weighted placement on Kenyan land, attributes from metadata ranges; not a real portfolio",other,peri_urban,basin,1.1521,KE,0.0,0.0,0.0,0.0,0.0,0.0,0.0,0.0,0.0,0.0,0.0,0.0
RFB-0538,0.12287,34.593009,permanent_masonry,210,58900,12370000,True,"Risk Forge synthetic book: WorldPop-weighted placement on Kenyan land, attributes from metadata ranges; not a real portfolio",other,peri_urban,basin,1.1521,KE,0.0,0.0,0.0,0.0,0.0,0.0,0.0,0.0,0.0,0.0,0.0,0.0
RFB-0539,0.277806,34.745298,permanent_masonry,92,52800,4860000,True,"Risk Forge synthetic book: WorldPop-weighted placement on Kenyan land, attributes from metadata ranges; not a real portfolio",other,urban,basin,1.1521,KE,0.0,0.0,0.0,0.0,0.0,0.0,0.0,0.0,0.0,0.0,0.0,0.0
RFB-0540,0.295027,34.757905,informal_iron_sheet,17,7700,130000,True,"Risk Forge synthetic book: WorldPop-weighted placement on Kenyan land, attributes from metadata ranges; not a real portfolio",other,urban,basin,1.1521,KE,0.0,0.0,0.0,0.0,0.0,0.0,0.0,0.0,0.0,0.0,0.0,0.0
RFB-0541,-0.006639,35.297723,permanent_masonry,242,49500,11980000,True,"Risk Forge synthetic book: WorldPop-weighted placement on Kenyan land, attributes from metadata ranges; not a real portfolio",other,rural,basin,1.1521,KE,0.0,0.0,0.0,0.0,0.0,0.0,0.0,0.0,0.0,0.0,0.0,0.0
RFB-0542,0.078328,34.70561,permanent_masonry,180,58800,10585000,True,"Risk Forge synthetic book: WorldPop-weighted placement on Kenyan land, attributes from metadata ranges; not a real portfolio",other,urban,basin,1.1521,KE,0.0,0.0,0.0,0.0,0.0,0.0,0.0,0.0,0.0,0.0,0.0,0.0
RFB-0543,0.971528,35.023138,informal_iron_sheet,14,6500,90000,True,"Risk Forge synthetic book: WorldPop-weighted placement on Kenyan land, attributes from metadata ranges; not a real portfolio",Kitale,rural,basin,1.1521,KE,0.0,0.0,0.0,0.0,0.0,0.0,0.0,0.0,0.0,0.0,0.0,0.0
RFB-0544,0.088065,34.725892,concrete_rcc,614,76100,46725000,True,"Risk Forge synthetic book: WorldPop-weighted placement on Kenyan land, attributes from metadata ranges; not a real portfolio",other,urban,basin,1.1521,KE,0.0,0.0,0.0,0.0,0.0,0.0,0.0,0.0,0.0,0.0,0.0,0.0
RFB-0545,0.338955,34.323082,semi_permanent,66,11900,785000,True,"Risk Forge synthetic book: WorldPop-weighted placement on Kenyan land, attributes from metadata ranges; not a real portfolio",Busia,peri_urban,basin,1.1521,KE,0.0,0.0,0.0,0.0,0.0,0.0,0.0,0.0,0.0,0.0,0.0,0.0
RFB-0546,0.772932,34.948045,semi_permanent,36,11600,420000,True,"Risk Forge synthetic book: WorldPop-weighted placement on Kenyan land, attributes from metadata ranges; not a real portfolio",other,peri_urban,basin,1.1521,KE,0.0,0.0,0.0,0.0,0.0,0.0,0.0,0.0,0.0,0.0,0.0,0.0
RFB-0547,0.546974,34.788699,informal_iron_sheet,13,8200,105000,True,"Risk Forge synthetic book: WorldPop-weighted placement on Kenyan land, attributes from metadata ranges; not a real portfolio",Kakamega,peri_urban,basin,1.1521,KE,0.0,0.0,0.0,0.0,0.0,0.0,0.0,0.0,0.0,0.0,0.0,0.0
RFB-0548,0.386091,34.407275,informal_iron_sheet,16,9100,145000,True,"Risk Forge synthetic book: WorldPop-weighted placement on Kenyan land, attributes from metadata ranges; not a real portfolio",Mumias,peri_urban,basin,1.1521,KE,0.0,0.0,0.0,0.0,0.0,0.0,0.0,0.0,0.0,0.0,0.0,0.0
RFB-0549,-0.041222,34.284224,informal_iron_sheet,12,9000,110000,True,"Risk Forge synthetic book: WorldPop-weighted placement on Kenyan land, attributes from metadata ranges; not a real portfolio",Siaya,rural,basin,1.1521,KE,0.0,0.0,0.0,0.0,0.0,0.0,0.0,0.0,0.0,0.0,0.0,0.0
RFB-0550,-0.073648,34.792757,permanent_masonry,223,59300,13225000,True,"Risk Forge synthetic book: WorldPop-weighted placement on Kenyan land, attributes from metadata ranges; not a real portfolio",Kisumu,urban,basin,1.1521,KE,0.0,0.0,0.0,0.0,0.0,0.0,0.0,0.0,0.0,0.0,0.0,0.0
RFB-0551,0.931371,34.873995,semi_permanent,70,13300,930000,True,"Risk Forge synthetic book: WorldPop-weighted placement on Kenyan land, attributes from metadata ranges; not a real portfolio",other,peri_urban,basin,1.1521,KE,0.0,0.0,0.0,0.0,0.0,0.0,0.0,0.0,0.0,0.0,0.0,0.0
RFB-0552,0.477011,35.261829,concrete_rcc,236,76700,18100000,True,"Risk Forge synthetic book: WorldPop-weighted placement on Kenyan land, attributes from metadata ranges; not a real portfolio",other,urban,basin,1.1521,KE,0.0,0.0,0.0,0.0,0.0,0.0,0.0,0.0,0.0,0.0,0.0,0.0
RFB-0553,-0.001379,34.56584,permanent_masonry,234,54500,12755000,True,"Risk Forge synthetic book: WorldPop-weighted placement on Kenyan land, attributes from metadata ranges; not a real portfolio",other,peri_urban,basin,1.1521,KE,0.0,0.0,0.0,0.0,0.0,0.0,0.0,0.0,0.0,0.0,0.0,0.0
RFB-0554,0.267962,34.745653,permanent_masonry,269,55000,14795000,True,"Risk Forge synthetic book: WorldPop-weighted placement on Kenyan land, attributes from metadata ranges; not a real portfolio",other,urban,basin,1.1521,KE,0.0,0.0,0.0,0.0,0.0,0.0,0.0,0.0,0.0,0.0,0.0,0.0
RFB-0555,-0.019097,34.928672,permanent_masonry,125,53700,6710000,True,"Risk Forge synthetic book: WorldPop-weighted placement on Kenyan land, attributes from metadata ranges; not a real portfolio",other,peri_urban,basin,1.1521,KE,0.0,0.0,0.0,0.0,0.0,0.0,0.0,0.0,0.0,0.0,0.0,0.0
RFB-0556,0.279282,34.814799,semi_permanent,34,14000,475000,True,"Risk Forge synthetic book: WorldPop-weighted placement on Kenyan land, attributes from metadata ranges; not a real portfolio",other,peri_urban,basin,1.1521,KE,0.0,0.0,0.0,0.0,0.0,0.0,0.0,0.0,0.0,0.0,0.0,0.0
RFB-0557,0.715136,34.928902,informal_iron_sheet,23,6500,150000,True,"Risk Forge synthetic book: WorldPop-weighted placement on Kenyan land, attributes from metadata ranges; not a real portfolio",other,peri_urban,basin,1.1521,KE,0.0,0.0,0.0,0.0,0.0,0.0,0.0,0.0,0.0,0.0,0.0,0.0
RFB-0558,0.404153,35.04342,informal_iron_sheet,13,7900,105000,True,"Risk Forge synthetic book: WorldPop-weighted placement on Kenyan land, attributes from metadata ranges; not a real portfolio",other,rural,basin,1.1521,KE,0.0,0.0,0.0,0.0,0.0,0.0,0.0,0.0,0.0,0.0,0.0,0.0
RFB-0559,0.375725,34.63697,semi_permanent,47,10300,485000,True,"Risk Forge synthetic book: WorldPop-weighted placement on Kenyan land, attributes from metadata ranges; not a real portfolio",other,peri_urban,basin,1.1521,KE,0.0,0.0,0.0,0.0,0.0,0.0,0.0,0.0,0.0,0.0,0.0,0.0
RFB-0560,-0.081911,34.785305,permanent_masonry,238,58600,13945000,True,"Risk Forge synthetic book: WorldPop-weighted placement on Kenyan land, attributes from metadata ranges; not a real portfolio",Kisumu,urban,basin,1.1521,KE,0.0,0.0,0.0,0.0,0.0,0.0,0.0,0.0,0.0,0.0,0.0,0.0
RFB-0561,0.538341,34.398866,permanent_masonry,254,52400,13310000,True,"Risk Forge synthetic book: WorldPop-weighted placement on Kenyan land, attributes from metadata ranges; not a real portfolio",other,peri_urban,basin,1.1521,KE,0.0,0.0,0.0,0.0,0.0,0.0,0.0,0.0,0.0,0.0,0.0,0.0
RFB-0562,0.690539,34.990141,informal_iron_sheet,12,9400,115000,True,"Risk Forge synthetic book: WorldPop-weighted placement on Kenyan land, attributes from metadata ranges; not a real portfolio",other,peri_urban,basin,1.1521,KE,0.0,0.0,0.0,0.0,0.0,0.0,0.0,0.0,0.0,0.0,0.0,0.0
RFB-0563,0.094998,34.268024,informal_iron_sheet,14,8200,115000,True,"Risk Forge synthetic book: WorldPop-weighted placement on Kenyan land, attributes from metadata ranges; not a real portfolio",other,rural,basin,1.1521,KE,0.0,0.0,0.0,0.0,0.0,0.0,0.0,0.0,0.0,0.0,0.0,0.0
RFB-0564,0.494143,34.42801,informal_iron_sheet,22,6700,145000,True,"Risk Forge synthetic book: WorldPop-weighted placement on Kenyan land, attributes from metadata ranges; not a real portfolio",other,peri_urban,basin,1.1521,KE,0.0,0.0,0.0,0.0,0.0,0.0,0.0,0.0,0.0,0.0,0.0,0.0
RFB-0565,0.434456,35.089841,concrete_rcc,374,67900,25395000,True,"Risk Forge synthetic book: WorldPop-weighted placement on Kenyan land, attributes from metadata ranges; not a real portfolio",other,peri_urban,basin,1.1521,KE,0.0,0.0,0.0,0.0,0.0,0.0,0.0,0.0,0.0,0.0,0.0,0.0
RFB-0566,-0.172758,34.950594,permanent_masonry,204,38200,7795000,True,"Risk Forge synthetic book: WorldPop-weighted placement on Kenyan land, attributes from metadata ranges; not a real portfolio",other,peri_urban,basin,1.1521,KE,0.0,0.0,0.0,0.0,0.0,0.0,0.0,0.0,0.0,0.0,0.0,0.0
RFB-0567,0.184573,34.833774,permanent_masonry,85,57600,4895000,True,"Risk Forge synthetic book: WorldPop-weighted placement on Kenyan land, attributes from metadata ranges; not a real portfolio",other,peri_urban,basin,1.1521,KE,0.0,0.0,0.0,0.0,0.0,0.0,0.0,0.0,0.0,0.0,0.0,0.0
RFB-0568,0.185698,34.476808,semi_permanent,48,15200,730000,True,"Risk Forge synthetic book: WorldPop-weighted placement on Kenyan land, attributes from metadata ranges; not a real portfolio",other,peri_urban,basin,1.1521,KE,0.0,0.0,0.0,0.0,0.0,0.0,0.0,0.0,0.0,0.0,0.0,0.0
RFB-0569,-0.103189,34.799065,informal_iron_sheet,19,9000,170000,True,"Risk Forge synthetic book: WorldPop-weighted placement on Kenyan land, attributes from metadata ranges; not a real portfolio",Kisumu,peri_urban,basin,1.1521,KE,0.0,0.0,0.0,0.0,0.0,0.0,0.0,0.0,0.0,0.0,0.0,0.0
RFB-0570,0.125601,34.470694,permanent_masonry,101,57000,5755000,True,"Risk Forge synthetic book: WorldPop-weighted placement on Kenyan land, attributes from metadata ranges; not a real portfolio",other,peri_urban,basin,1.1521,KE,0.0,0.0,0.0,0.0,0.0,0.0,0.0,0.0,0.0,0.0,0.0,0.0
RFB-0571,-0.127508,34.751728,concrete_rcc,279,76100,21230000,True,"Risk Forge synthetic book: WorldPop-weighted placement on Kenyan land, attributes from metadata ranges; not a real portfolio",Kisumu,urban,basin,1.1521,KE,0.0,0.0,0.0,0.0,0.0,0.0,0.0,0.0,0.0,0.0,0.0,0.0
RFB-0572,0.229406,34.852017,informal_iron_sheet,10,9200,90000,True,"Risk Forge synthetic book: WorldPop-weighted placement on Kenyan land, attributes from metadata ranges; not a real portfolio",other,peri_urban,basin,1.1521,KE,0.0,0.0,0.0,0.0,0.0,0.0,0.0,0.0,0.0,0.0,0.0,0.0
RFB-0573,0.28657,34.751437,permanent_masonry,89,43900,3905000,True,"Risk Forge synthetic book: WorldPop-weighted placement on Kenyan land, attributes from metadata ranges; not a real portfolio",other,urban,basin,1.1521,KE,0.0,0.0,0.0,0.0,0.0,0.0,0.0,0.0,0.0,0.0,0.0,0.0
RFB-0574,0.603377,34.413051,informal_iron_sheet,10,6000,60000,True,"Risk Forge synthetic book: WorldPop-weighted placement on Kenyan land, attributes from metadata ranges; not a real portfolio",other,peri_urban,basin,1.1521,KE,0.0,0.0,0.0,0.0,0.0,0.0,0.0,0.0,0.0,0.0,0.0,0.0
RFB-0575,0.694447,34.835261,semi_permanent,29,14200,410000,True,"Risk Forge synthetic book: WorldPop-weighted placement on Kenyan land, attributes from metadata ranges; not a real portfolio",other,peri_urban,basin,1.1521,KE,0.0,0.0,0.0,0.0,0.0,0.0,0.0,0.0,0.0,0.0,0.0,0.0
RFB-0576,0.353612,34.413399,permanent_masonry,110,47800,5260000,True,"Risk Forge synthetic book: WorldPop-weighted placement on Kenyan land, attributes from metadata ranges; not a real portfolio",Mumias,peri_urban,basin,1.1521,KE,0.0,0.0,0.0,0.0,0.0,0.0,0.0,0.0,0.0,0.0,0.0,0.0
RFB-0577,1.031958,34.991081,permanent_masonry,206,57100,11765000,True,"Risk Forge synthetic book: WorldPop-weighted placement on Kenyan land, attributes from metadata ranges; not a real portfolio",Kitale,urban,basin,1.1521,KE,0.0,0.0,0.0,0.0,0.0,0.0,0.0,0.0,0.0,0.0,0.0,0.0
RFB-0578,0.793497,34.721727,informal_iron_sheet,16,9500,150000,True,"Risk Forge synthetic book: WorldPop-weighted placement on Kenyan land, attributes from metadata ranges; not a real portfolio",Bungoma,urban,basin,1.1521,KE,0.0,0.0,0.0,0.0,0.0,0.0,0.0,0.0,0.0,0.0,0.0,0.0
RFB-0579,0.144324,35.102183,permanent_masonry,97,51100,4955000,True,"Risk Forge synthetic book: WorldPop-weighted placement on Kenyan land, attributes from metadata ranges; not a real portfolio",other,peri_urban,basin,1.1521,KE,0.0,0.0,0.0,0.0,0.0,0.0,0.0,0.0,0.0,0.0,0.0,0.0
RFB-0580,0.181836,34.301647,semi_permanent,45,13500,610000,True,"Risk Forge synthetic book: WorldPop-weighted placement on Kenyan land, attributes from metadata ranges; not a real portfolio",other,urban,basin,1.1521,KE,0.0,0.0,0.0,0.0,0.0,0.0,0.0,0.0,0.0,0.0,0.0,0.0
RFB-0581,1.111341,34.944197,semi_permanent,33,12300,405000,True,"Risk Forge synthetic book: WorldPop-weighted placement on Kenyan land, attributes from metadata ranges; not a real portfolio",other,rural,basin,1.1521,KE,0.0,0.0,0.0,0.0,0.0,0.0,0.0,0.0,0.0,0.0,0.0,0.0
RFB-0582,0.806198,34.745687,permanent_masonry,155,53000,8215000,True,"Risk Forge synthetic book: WorldPop-weighted placement on Kenyan land, attributes from metadata ranges; not a real portfolio",Bungoma,peri_urban,basin,1.1521,KE,0.0,0.0,0.0,0.0,0.0,0.0,0.0,0.0,0.0,0.0,0.0,0.0
RFB-0583,0.25405,35.277014,permanent_masonry,123,44000,5410000,True,"Risk Forge synthetic book: WorldPop-weighted placement on Kenyan land, attributes from metadata ranges; not a real portfolio",other,rural,basin,1.1521,KE,0.0,0.0,0.0,0.0,0.0,0.0,0.0,0.0,0.0,0.0,0.0,0.0
RFB-0584,0.512812,35.292137,concrete_rcc,210,70500,14805000,True,"Risk Forge synthetic book: WorldPop-weighted placement on Kenyan land, attributes from metadata ranges; not a real portfolio",other,urban,basin,1.1521,KE,0.0,0.0,0.0,0.0,0.0,0.0,0.0,0.0,0.0,0.0,0.0,0.0
RFB-0585,0.289888,35.056349,informal_iron_sheet,21,8400,175000,True,"Risk Forge synthetic book: WorldPop-weighted placement on Kenyan land, attributes from metadata ranges; not a real portfolio",other,rural,basin,1.1521,KE,0.0,0.0,0.0,0.0,0.0,0.0,0.0,0.0,0.0,0.0,0.0,0.0
RFB-0586,0.87154,35.179622,informal_iron_sheet,23,7400,170000,True,"Risk Forge synthetic book: WorldPop-weighted placement on Kenyan land, attributes from metadata ranges; not a real portfolio",other,peri_urban,basin,1.1521,KE,0.0,0.0,0.0,0.0,0.0,0.0,0.0,0.0,0.0,0.0,0.0,0.0
RFB-0587,-0.044326,34.580867,semi_permanent,61,11800,720000,True,"Risk Forge synthetic book: WorldPop-weighted placement on Kenyan land, attributes from metadata ranges; not a real portfolio",other,peri_urban,basin,1.1521,KE,0.0,0.0,0.0,0.0,0.0,0.0,0.0,0.0,0.0,0.0,0.0,0.0
RFB-0588,0.635694,34.303387,semi_permanent,62,9600,595000,True,"Risk Forge synthetic book: WorldPop-weighted placement on Kenyan land, attributes from metadata ranges; not a real portfolio",other,peri_urban,basin,1.1521,KE,0.0,0.0,0.0,0.0,0.0,0.0,0.0,0.0,0.0,0.0,0.0,0.0
RFB-0589,0.532518,35.252119,semi_permanent,67,12000,805000,True,"Risk Forge synthetic book: WorldPop-weighted placement on Kenyan land, attributes from metadata ranges; not a real portfolio",other,urban,basin,1.1521,KE,0.0,0.0,0.0,0.0,0.0,0.0,0.0,0.0,0.0,0.0,0.0,0.0
RFB-0590,0.472196,35.254975,semi_permanent,63,11900,750000,True,"Risk Forge synthetic book: WorldPop-weighted placement on Kenyan land, attributes from metadata ranges; not a real portfolio",other,urban,basin,1.1521,KE,0.0,0.0,0.0,0.0,0.0,0.0,0.0,0.0,0.0,0.0,0.0,0.0
RFB-0591,0.282707,34.636877,informal_iron_sheet,12,6300,75000,True,"Risk Forge synthetic book: WorldPop-weighted placement on Kenyan land, attributes from metadata ranges; not a real portfolio",other,peri_urban,basin,1.1521,KE,0.0,0.0,0.0,0.0,0.0,0.0,0.0,0.0,0.0,0.0,0.0,0.0
RFB-0592,-0.180192,35.352522,semi_permanent,37,12300,455000,True,"Risk Forge synthetic book: WorldPop-weighted placement on Kenyan land, attributes from metadata ranges; not a real portfolio",other,peri_urban,basin,1.1521,KE,0.0,0.0,0.0,0.0,0.0,0.0,0.0,0.0,0.0,0.0,0.0,0.0
RFB-0593,0.734365,35.065136,informal_iron_sheet,15,6500,100000,True,"Risk Forge synthetic book: WorldPop-weighted placement on Kenyan land, attributes from metadata ranges; not a real portfolio",other,rural,basin,1.1521,KE,0.0,0.0,0.0,0.0,0.0,0.0,0.0,0.0,0.0,0.0,0.0,0.0
RFB-0594,0.803898,34.616033,permanent_masonry,113,64500,7290000,True,"Risk Forge synthetic book: WorldPop-weighted placement on Kenyan land, attributes from metadata ranges; not a real portfolio",Bungoma,peri_urban,basin,1.1521,KE,0.0,0.0,0.0,0.0,0.0,0.0,0.0,0.0,0.0,0.0,0.0,0.0
RFB-0595,0.825963,34.547962,informal_iron_sheet,18,6300,115000,True,"Risk Forge synthetic book: WorldPop-weighted placement on Kenyan land, attributes from metadata ranges; not a real portfolio",other,peri_urban,basin,1.1521,KE,0.0,0.0,0.0,0.0,0.0,0.0,0.0,0.0,0.0,0.0,0.0,0.0
RFB-0596,0.07004,34.26548,semi_permanent,36,11600,420000,True,"Risk Forge synthetic book: WorldPop-weighted placement on Kenyan land, attributes from metadata ranges; not a real portfolio",other,rural,basin,1.1521,KE,0.0,0.0,0.0,0.0,0.0,0.0,0.0,0.0,0.0,0.0,0.0,0.0
RFB-0597,0.518393,34.363201,semi_permanent,45,9600,430000,True,"Risk Forge synthetic book: WorldPop-weighted placement on Kenyan land, attributes from metadata ranges; not a real portfolio",other,rural,basin,1.1521,KE,0.0,0.0,0.0,0.0,0.0,0.0,0.0,0.0,0.0,0.0,0.0,0.0
RFB-0598,-0.1042,34.277294,permanent_masonry,201,52300,10510000,True,"Risk Forge synthetic book: WorldPop-weighted placement on Kenyan land, attributes from metadata ranges; not a real portfolio",Siaya,urban,basin,1.1521,KE,0.0,0.0,0.0,0.0,0.0,0.0,0.0,0.0,0.0,0.0,0.0,0.0
RFB-0599,1.018108,34.965093,permanent_masonry,103,52400,5395000,True,"Risk Forge synthetic book: WorldPop-weighted placement on Kenyan land, attributes from metadata ranges; not a real portfolio",Kitale,peri_urban,basin,1.1521,KE,0.0,0.0,0.0,0.0,0.0,0.0,0.0,0.0,0.0,0.0,0.0,0.0
RFB-0600,0.357168,34.422544,informal_iron_sheet,17,5700,95000,True,"Risk Forge synthetic book: WorldPop-weighted placement on Kenyan land, attributes from metadata ranges; not a real portfolio",Mumias,peri_urban,basin,1.1521,KE,0.0,0.0,0.0,0.0,0.0,0.0,0.0,0.0,0.0,0.0,0.0,0.0
RFB-0601,0.087613,34.284833,permanent_masonry,250,54400,13600000,True,"Risk Forge synthetic book: WorldPop-weighted placement on Kenyan land, attributes from metadata ranges; not a real portfolio",other,peri_urban,basin,1.1521,KE,0.0,0.0,0.0,0.0,0.0,0.0,0.0,0.0,0.0,0.0,0.0,0.0
RFB-0602,0.397423,34.93279,permanent_masonry,98,58200,5705000,True,"Risk Forge synthetic book: WorldPop-weighted placement on Kenyan land, attributes from metadata ranges; not a real portfolio",other,peri_urban,basin,1.1521,KE,0.0,0.0,0.0,0.0,0.0,0.0,0.0,0.0,0.0,0.0,0.0,0.0
RFB-0603,0.514299,35.290806,concrete_rcc,274,57800,15835000,True,"Risk Forge synthetic book: WorldPop-weighted placement on Kenyan land, attributes from metadata ranges; not a real portfolio",other,urban,basin,1.1521,KE,0.0,0.0,0.0,0.0,0.0,0.0,0.0,0.0,0.0,0.0,0.0,0.0
RFB-0604,0.036913,34.569883,concrete_rcc,247,73100,18055000,True,"Risk Forge synthetic book: WorldPop-weighted placement on Kenyan land, attributes from metadata ranges; not a real portfolio",other,urban,basin,1.1521,KE,0.0,0.0,0.0,0.0,0.0,0.0,0.0,0.0,0.0,0.0,0.0,0.0
RFB-0605,0.39036,34.38711,permanent_masonry,84,62500,5250000,True,"Risk Forge synthetic book: WorldPop-weighted placement on Kenyan land, attributes from metadata ranges; not a real portfolio",other,peri_urban,basin,1.1521,KE,0.0,0.0,0.0,0.0,0.0,0.0,0.0,0.0,0.0,0.0,0.0,0.0
RFB-0606,-0.090568,34.778489,concrete_rcc,348,68000,23665000,True,"Risk Forge synthetic book: WorldPop-weighted placement on Kenyan land, attributes from metadata ranges; not a real portfolio",Kisumu,urban,basin,1.1521,KE,0.0,0.0,0.0,0.0,0.0,0.0,0.0,0.0,0.0,0.0,0.0,0.0
RFB-0607,0.680483,34.962531,informal_iron_sheet,17,7300,125000,True,"Risk Forge synthetic book: WorldPop-weighted placement on Kenyan land, attributes from metadata ranges; not a real portfolio",other,peri_urban,basin,1.1521,KE,0.0,0.0,0.0,0.0,0.0,0.0,0.0,0.0,0.0,0.0,0.0,0.0
RFB-0608,0.274028,34.060764,permanent_masonry,145,42600,6175000,True,"Risk Forge synthetic book: WorldPop-weighted placement on Kenyan land, attributes from metadata ranges; not a real portfolio",Sio Port,peri_urban,basin,1.1521,KE,0.0,0.0,0.0,0.0,0.0,0.0,0.0,0.0,0.0,0.0,0.0,0.0
RFB-0609,0.231168,35.376619,permanent_masonry,167,45600,7615000,True,"Risk Forge synthetic book: WorldPop-weighted placement on Kenyan land, attributes from metadata ranges; not a real portfolio",other,rural,basin,1.1521,KE,0.0,0.0,0.0,0.0,0.0,0.0,0.0,0.0,0.0,0.0,0.0,0.0
RFB-0610,-0.086469,34.782462,semi_permanent,41,13400,550000,True,"Risk Forge synthetic book: WorldPop-weighted placement on Kenyan land, attributes from metadata ranges; not a real portfolio",Kisumu,urban,basin,1.1521,KE,0.0,0.0,0.0,0.0,0.0,0.0,0.0,0.0,0.0,0.0,0.0,0.0
RFB-0611,0.963226,34.872116,semi_permanent,35,9800,345000,True,"Risk Forge synthetic book: WorldPop-weighted placement on Kenyan land, attributes from metadata ranges; not a real portfolio",other,peri_urban,basin,1.1521,KE,0.0,0.0,0.0,0.0,0.0,0.0,0.0,0.0,0.0,0.0,0.0,0.0
RFB-0612,0.04949,34.716144,informal_iron_sheet,14,8300,115000,True,"Risk Forge synthetic book: WorldPop-weighted placement on Kenyan land, attributes from metadata ranges; not a real portfolio",other,urban,basin,1.1521,KE,0.0,0.0,0.0,0.0,0.0,0.0,0.0,0.0,0.0,0.0,0.0,0.0
RFB-0613,0.181507,34.980653,semi_permanent,34,10400,355000,True,"Risk Forge synthetic book: WorldPop-weighted placement on Kenyan land, attributes from metadata ranges; not a real portfolio",other,peri_urban,basin,1.1521,KE,0.0,0.0,0.0,0.0,0.0,0.0,0.0,0.0,0.0,0.0,0.0,0.0
RFB-0614,-0.037757,34.769519,semi_permanent,36,10500,380000,True,"Risk Forge synthetic book: WorldPop-weighted placement on Kenyan land, attributes from metadata ranges; not a real portfolio",Kisumu,peri_urban,basin,1.1521,KE,0.0,0.0,0.0,0.0,0.0,0.0,0.0,0.0,0.0,0.0,0.0,0.0
RFB-0615,0.264237,34.723091,semi_permanent,59,11400,675000,True,"Risk Forge synthetic book: WorldPop-weighted placement on Kenyan land, attributes from metadata ranges; not a real portfolio",other,peri_urban,basin,1.1521,KE,0.0,0.0,0.0,0.0,0.0,0.0,0.0,0.0,0.0,0.0,0.0,0.0
RFB-0616,0.459228,34.09517,permanent_masonry,102,55600,5670000,True,"Risk Forge synthetic book: WorldPop-weighted placement on Kenyan land, attributes from metadata ranges; not a real portfolio",other,urban,basin,1.1521,KE,0.0,0.0,0.0,0.0,0.0,0.0,0.0,0.0,0.0,0.0,0.0,0.0
RFB-0617,0.052854,34.691241,permanent_masonry,177,38100,6745000,True,"Risk Forge synthetic book: WorldPop-weighted placement on Kenyan land, attributes from metadata ranges; not a real portfolio",other,peri_urban,basin,1.1521,KE,0.0,0.0,0.0,0.0,0.0,0.0,0.0,0.0,0.0,0.0,0.0,0.0
RFB-0618,0.602322,34.411632,permanent_masonry,186,37200,6920000,True,"Risk Forge synthetic book: WorldPop-weighted placement on Kenyan land, attributes from metadata ranges; not a real portfolio",other,peri_urban,basin,1.1521,KE,0.0,0.0,0.0,0.0,0.0,0.0,0.0,0.0,0.0,0.0,0.0,0.0
RFB-0619,1.028882,34.97854,concrete_rcc,449,77800,34930000,True,"Risk Forge synthetic book: WorldPop-weighted placement on Kenyan land, attributes from metadata ranges; not a real portfolio",Kitale,urban,basin,1.1521,KE,0.0,0.0,0.0,0.0,0.0,0.0,0.0,0.0,0.0,0.0,0.0,0.0
RFB-0620,0.096435,34.538936,concrete_rcc,360,62500,22500000,True,"Risk Forge synthetic book: WorldPop-weighted placement on Kenyan land, attributes from metadata ranges; not a real portfolio",other,urban,basin,1.1521,KE,0.0,0.0,0.0,0.0,0.0,0.0,0.0,0.0,0.0,0.0,0.0,0.0
RFB-0621,0.03806,34.594369,semi_permanent,26,13600,355000,True,"Risk Forge synthetic book: WorldPop-weighted placement on Kenyan land, attributes from metadata ranges; not a real portfolio",other,urban,basin,1.1521,KE,0.0,0.0,0.0,0.0,0.0,0.0,0.0,0.0,0.0,0.0,0.0,0.0
RFB-0622,0.022359,34.628752,permanent_masonry,136,59200,8050000,True,"Risk Forge synthetic book: WorldPop-weighted placement on Kenyan land, attributes from metadata ranges; not a real portfolio",other,urban,basin,1.1521,KE,0.0,0.0,0.0,0.0,0.0,0.0,0.0,0.0,0.0,0.0,0.0,0.0
RFB-0623,0.467153,34.811365,informal_iron_sheet,14,8100,115000,True,"Risk Forge synthetic book: WorldPop-weighted placement on Kenyan land, attributes from metadata ranges; not a real portfolio",Kakamega,peri_urban,basin,1.1521,KE,0.0,0.0,0.0,0.0,0.0,0.0,0.0,0.0,0.0,0.0,0.0,0.0
RFB-0624,0.115292,34.533928,permanent_masonry,131,50200,6575000,True,"Risk Forge synthetic book: WorldPop-weighted placement on Kenyan land, attributes from metadata ranges; not a real portfolio",other,peri_urban,basin,1.1521,KE,0.0,0.0,0.0,0.0,0.0,0.0,0.0,0.0,0.0,0.0,0.0,0.0
RFB-0625,0.13525,34.829825,informal_iron_sheet,12,8700,105000,True,"Risk Forge synthetic book: WorldPop-weighted placement on Kenyan land, attributes from metadata ranges; not a real portfolio",other,peri_urban,basin,1.1521,KE,0.0,0.0,0.0,0.0,0.0,0.0,0.0,0.0,0.0,0.0,0.0,0.0
RFB-0626,0.605678,34.779734,permanent_masonry,66,53000,3500000,True,"Risk Forge synthetic book: WorldPop-weighted placement on Kenyan land, attributes from metadata ranges; not a real portfolio",Webuye,urban,basin,1.1521,KE,0.0,0.0,0.0,0.0,0.0,0.0,0.0,0.0,0.0,0.0,0.0,0.0
RFB-0627,0.084784,35.244703,permanent_masonry,103,56700,5840000,True,"Risk Forge synthetic book: WorldPop-weighted placement on Kenyan land, attributes from metadata ranges; not a real portfolio",other,peri_urban,basin,1.1521,KE,0.0,0.0,0.0,0.0,0.0,0.0,0.0,0.0,0.0,0.0,0.0,0.0
RFB-0628,-0.149098,35.269865,semi_permanent,37,11800,435000,True,"Risk Forge synthetic book: WorldPop-weighted placement on Kenyan land, attributes from metadata ranges; not a real portfolio",other,rural,basin,1.1521,KE,0.0,0.0,0.0,0.0,0.0,0.0,0.0,0.0,0.0,0.0,0.0,0.0
RFB-0629,0.544903,35.250702,informal_iron_sheet,15,7700,115000,True,"Risk Forge synthetic book: WorldPop-weighted placement on Kenyan land, attributes from metadata ranges; not a real portfolio",other,urban,basin,1.1521,KE,0.0,0.0,0.0,0.0,0.0,0.0,0.0,0.0,0.0,0.0,0.0,0.0
RFB-0630,0.618314,34.769399,semi_permanent,54,13800,745000,True,"Risk Forge synthetic book: WorldPop-weighted placement on Kenyan land, attributes from metadata ranges; not a real portfolio",Webuye,urban,basin,1.1521,KE,0.0,0.0,0.0,0.0,0.0,0.0,0.0,0.0,0.0,0.0,0.0,0.0
RFB-0631,0.284787,34.614276,permanent_masonry,140,52000,7280000,True,"Risk Forge synthetic book: WorldPop-weighted placement on Kenyan land, attributes from metadata ranges; not a real portfolio",other,peri_urban,basin,1.1521,KE,0.0,0.0,0.0,0.0,0.0,0.0,0.0,0.0,0.0,0.0,0.0,0.0
RFB-0632,-0.069501,34.745765,permanent_masonry,238,51300,12210000,True,"Risk Forge synthetic book: WorldPop-weighted placement on Kenyan land, attributes from metadata ranges; not a real portfolio",Kisumu,urban,basin,1.1521,KE,0.0,0.0,0.0,0.0,0.0,0.0,0.0,0.0,0.0,0.0,0.0,0.0
RFB-0633,0.265559,34.610138,informal_iron_sheet,12,7300,90000,True,"Risk Forge synthetic book: WorldPop-weighted placement on Kenyan land, attributes from metadata ranges; not a real portfolio",other,peri_urban,basin,1.1521,KE,0.0,0.0,0.0,0.0,0.0,0.0,0.0,0.0,0.0,0.0,0.0,0.0
RFB-0634,-0.165955,34.859744,informal_iron_sheet,23,8600,200000,True,"Risk Forge synthetic book: WorldPop-weighted placement on Kenyan land, attributes from metadata ranges; not a real portfolio",other,peri_urban,basin,1.1521,KE,0.0,0.0,0.0,0.0,0.0,0.0,0.0,0.0,0.0,0.0,0.0,0.0
RFB-0635,-0.097619,34.787367,permanent_masonry,99,55200,5465000,True,"Risk Forge synthetic book: WorldPop-weighted placement on Kenyan land, attributes from metadata ranges; not a real portfolio",Kisumu,urban,basin,1.1521,KE,0.0,0.0,0.0,0.0,0.0,0.0,0.0,0.0,0.0,0.0,0.0,0.0
RFB-0636,0.134704,34.570624,semi_permanent,48,10200,490000,True,"Risk Forge synthetic book: WorldPop-weighted placement on Kenyan land, attributes from metadata ranges; not a real portfolio",other,peri_urban,basin,1.1521,KE,0.0,0.0,0.0,0.0,0.0,0.0,0.0,0.0,0.0,0.0,0.0,0.0
RFB-0637,0.149521,34.770534,semi_permanent,52,11200,580000,True,"Risk Forge synthetic book: WorldPop-weighted placement on Kenyan land, attributes from metadata ranges; not a real portfolio",other,peri_urban,basin,1.1521,KE,0.0,0.0,0.0,0.0,0.0,0.0,0.0,0.0,0.0,0.0,0.0,0.0
RFB-0638,0.777106,34.363175,concrete_rcc,192,71800,13785000,True,"Risk Forge synthetic book: WorldPop-weighted placement on Kenyan land, attributes from metadata ranges; not a real portfolio",other,peri_urban,basin,1.1521,KE,0.0,0.0,0.0,0.0,0.0,0.0,0.0,0.0,0.0,0.0,0.0,0.0
RFB-0639,0.552105,35.244701,permanent_masonry,138,62900,8680000,True,"Risk Forge synthetic book: WorldPop-weighted placement on Kenyan land, attributes from metadata ranges; not a real portfolio",other,urban,basin,1.1521,KE,0.0,0.0,0.0,0.0,0.0,0.0,0.0,0.0,0.0,0.0,0.0,0.0
RFB-0640,0.035684,34.286709,informal_iron_sheet,11,7500,80000,True,"Risk Forge synthetic book: WorldPop-weighted placement on Kenyan land, attributes from metadata ranges; not a real portfolio",other,peri_urban,basin,1.1521,KE,0.0,0.0,0.0,0.0,0.0,0.0,0.0,0.0,0.0,0.0,0.0,0.0
RFB-0641,0.508786,35.252883,permanent_masonry,183,60000,10980000,True,"Risk Forge synthetic book: WorldPop-weighted placement on Kenyan land, attributes from metadata ranges; not a real portfolio",other,urban,basin,1.1521,KE,0.0,0.0,0.0,0.0,0.0,0.0,0.0,0.0,0.0,0.0,0.0,0.0
RFB-0642,0.700966,35.313421,permanent_masonry,156,40100,6255000,True,"Risk Forge synthetic book: WorldPop-weighted placement on Kenyan land, attributes from metadata ranges; not a real portfolio",other,rural,basin,1.1521,KE,0.0,0.0,0.0,0.0,0.0,0.0,0.0,0.0,0.0,0.0,0.0,0.0
RFB-0643,1.026245,35.009006,informal_iron_sheet,25,7900,200000,True,"Risk Forge synthetic book: WorldPop-weighted placement on Kenyan land, attributes from metadata ranges; not a real portfolio",Kitale,urban,basin,1.1521,KE,0.0,0.0,0.0,0.0,0.0,0.0,0.0,0.0,0.0,0.0,0.0,0.0
RFB-0644,0.713521,34.930695,semi_permanent,42,13300,560000,True,"Risk Forge synthetic book: WorldPop-weighted placement on Kenyan land, attributes from metadata ranges; not a real portfolio",other,peri_urban,basin,1.1521,KE,0.0,0.0,0.0,0.0,0.0,0.0,0.0,0.0,0.0,0.0,0.0,0.0
RFB-0645,0.298272,34.739768,semi_permanent,55,12900,710000,True,"Risk Forge synthetic book: WorldPop-weighted placement on Kenyan land, attributes from metadata ranges; not a real portfolio",other,urban,basin,1.1521,KE,0.0,0.0,0.0,0.0,0.0,0.0,0.0,0.0,0.0,0.0,0.0,0.0
RFB-0646,-0.095429,34.786493,concrete_rcc,346,69500,24045000,True,"Risk Forge synthetic book: WorldPop-weighted placement on Kenyan land, attributes from metadata ranges; not a real portfolio",Kisumu,urban,basin,1.1521,KE,0.0,0.0,0.0,0.0,0.0,0.0,0.0,0.0,0.0,0.0,0.0,0.0
RFB-0647,0.524475,35.267306,permanent_masonry,194,50500,9795000,True,"Risk Forge synthetic book: WorldPop-weighted placement on Kenyan land, attributes from metadata ranges; not a real portfolio",other,urban,basin,1.1521,KE,0.0,0.0,0.0,0.0,0.0,0.0,0.0,0.0,0.0,0.0,0.0,0.0
RFB-0648,0.061677,34.947358,semi_permanent,59,9600,565000,True,"Risk Forge synthetic book: WorldPop-weighted placement on Kenyan land, attributes from metadata ranges; not a real portfolio",other,peri_urban,basin,1.1521,KE,0.0,0.0,0.0,0.0,0.0,0.0,0.0,0.0,0.0,0.0,0.0,0.0
RFB-0649,0.872111,35.213509,semi_permanent,63,11400,720000,True,"Risk Forge synthetic book: WorldPop-weighted placement on Kenyan land, attributes from metadata ranges; not a real portfolio",other,rural,basin,1.1521,KE,0.0,0.0,0.0,0.0,0.0,0.0,0.0,0.0,0.0,0.0,0.0,0.0
RFB-0650,0.032876,34.772735,informal_iron_sheet,13,8200,105000,True,"Risk Forge synthetic book: WorldPop-weighted placement on Kenyan land, attributes from metadata ranges; not a real portfolio",other,peri_urban,basin,1.1521,KE,0.0,0.0,0.0,0.0,0.0,0.0,0.0,0.0,0.0,0.0,0.0,0.0
RFB-0651,-0.107482,34.318133,informal_iron_sheet,16,5300,85000,True,"Risk Forge synthetic book: WorldPop-weighted placement on Kenyan land, attributes from metadata ranges; not a real portfolio",other,rural,basin,1.1521,KE,0.0,0.0,0.0,0.0,0.0,0.0,0.0,0.0,0.0,0.0,0.0,0.0
RFB-0652,0.404756,34.929705,informal_iron_sheet,11,7400,80000,True,"Risk Forge synthetic book: WorldPop-weighted placement on Kenyan land, attributes from metadata ranges; not a real portfolio",other,peri_urban,basin,1.1521,KE,0.0,0.0,0.0,0.0,0.0,0.0,0.0,0.0,0.0,0.0,0.0,0.0
RFB-0653,0.45979,34.103308,permanent_masonry,149,54900,8180000,True,"Risk Forge synthetic book: WorldPop-weighted placement on Kenyan land, attributes from metadata ranges; not a real portfolio",other,urban,basin,1.1521,KE,0.0,0.0,0.0,0.0,0.0,0.0,0.0,0.0,0.0,0.0,0.0,0.0
RFB-0654,-0.087877,34.784217,permanent_masonry,179,57900,10365000,True,"Risk Forge synthetic book: WorldPop-weighted placement on Kenyan land, attributes from metadata ranges; not a real portfolio",Kisumu,urban,basin,1.1521,KE,0.0,0.0,0.0,0.0,0.0,0.0,0.0,0.0,0.0,0.0,0.0,0.0
RFB-0655,0.705052,35.146846,permanent_masonry,137,60400,8275000,True,"Risk Forge synthetic book: WorldPop-weighted placement on Kenyan land, attributes from metadata ranges; not a real portfolio",other,rural,basin,1.1521,KE,0.0,0.0,0.0,0.0,0.0,0.0,0.0,0.0,0.0,0.0,0.0,0.0
RFB-0656,-0.093707,34.779207,concrete_rcc,445,76600,34085000,True,"Risk Forge synthetic book: WorldPop-weighted placement on Kenyan land, attributes from metadata ranges; not a real portfolio",Kisumu,urban,basin,1.1521,KE,0.0,0.0,0.0,0.0,0.0,0.0,0.0,0.0,0.0,0.0,0.0,0.0
RFB-0657,-0.09747,34.764786,permanent_masonry,173,51400,8890000,True,"Risk Forge synthetic book: WorldPop-weighted placement on Kenyan land, attributes from metadata ranges; not a real portfolio",Kisumu,urban,basin,1.1521,KE,0.0,0.0,0.0,0.0,0.0,0.0,0.0,0.0,0.0,0.0,0.0,0.0
RFB-0658,-0.126895,35.169722,permanent_masonry,98,61300,6005000,True,"Risk Forge synthetic book: WorldPop-weighted placement on Kenyan land, attributes from metadata ranges; not a real portfolio",other,urban,basin,1.1521,KE,0.0,0.0,0.0,0.0,0.0,0.0,0.0,0.0,0.0,0.0,0.0,0.0
RFB-0659,-0.082432,34.778481,permanent_masonry,249,57000,14195000,True,"Risk Forge synthetic book: WorldPop-weighted placement on Kenyan land, attributes from metadata ranges; not a real portfolio",Kisumu,urban,basin,1.1521,KE,0.0,0.0,0.0,0.0,0.0,0.0,0.0,0.0,0.0,0.0,0.0,0.0
RFB-0660,0.359998,34.485699,permanent_masonry,104,48000,4990000,True,"Risk Forge synthetic book: WorldPop-weighted placement on Kenyan land, attributes from metadata ranges; not a real portfolio",Mumias,urban,basin,1.1521,KE,0.0,0.0,0.0,0.0,0.0,0.0,0.0,0.0,0.0,0.0,0.0,0.0
RFB-0661,0.178808,34.720742,permanent_masonry,102,39500,4030000,True,"Risk Forge synthetic book: WorldPop-weighted placement on Kenyan land, attributes from metadata ranges; not a real portfolio",other,peri_urban,basin,1.1521,KE,0.0,0.0,0.0,0.0,0.0,0.0,0.0,0.0,0.0,0.0,0.0,0.0
RFB-0662,0.352444,34.587314,permanent_masonry,77,53700,4135000,True,"Risk Forge synthetic book: WorldPop-weighted placement on Kenyan land, attributes from metadata ranges; not a real portfolio",Mumias,peri_urban,basin,1.1521,KE,0.0,0.0,0.0,0.0,0.0,0.0,0.0,0.0,0.0,0.0,0.0,0.0
RFB-0663,0.589516,34.550951,permanent_masonry,205,46400,9510000,True,"Risk Forge synthetic book: WorldPop-weighted placement on Kenyan land, attributes from metadata ranges; not a real portfolio",other,urban,basin,1.1521,KE,0.0,0.0,0.0,0.0,0.0,0.0,0.0,0.0,0.0,0.0,0.0,0.0
RFB-0664,-0.254111,34.357608,semi_permanent,33,9000,295000,True,"Risk Forge synthetic book: WorldPop-weighted placement on Kenyan land, attributes from metadata ranges; not a real portfolio",other,peri_urban,basin,1.1521,KE,0.0,0.0,0.0,0.0,0.0,0.0,0.0,0.0,0.0,0.0,0.0,0.0
RFB-0665,1.13567,35.15659,semi_permanent,29,9100,265000,True,"Risk Forge synthetic book: WorldPop-weighted placement on Kenyan land, attributes from metadata ranges; not a real portfolio",other,rural,basin,1.1521,KE,0.0,0.0,0.0,0.0,0.0,0.0,0.0,0.0,0.0,0.0,0.0,0.0
RFB-0666,0.647597,34.323453,concrete_rcc,1250,64300,80375000,True,"Risk Forge synthetic book: WorldPop-weighted placement on Kenyan land, attributes from metadata ranges; not a real portfolio",other,peri_urban,basin,1.1521,KE,0.0,0.0,0.0,0.0,0.0,0.0,0.0,0.0,0.0,0.0,0.0,0.0
RFB-0667,-0.103376,34.629086,permanent_masonry,196,47400,9290000,True,"Risk Forge synthetic book: WorldPop-weighted placement on Kenyan land, attributes from metadata ranges; not a real portfolio",other,peri_urban,basin,1.1521,KE,0.0,0.0,0.0,0.0,0.0,0.0,0.0,0.0,0.0,0.0,0.0,0.0
RFB-0668,-0.124174,35.286584,semi_permanent,27,11000,295000,True,"Risk Forge synthetic book: WorldPop-weighted placement on Kenyan land, attributes from metadata ranges; not a real portfolio",other,peri_urban,basin,1.1521,KE,0.0,0.0,0.0,0.0,0.0,0.0,0.0,0.0,0.0,0.0,0.0,0.0
RFB-0669,0.612963,34.664183,concrete_rcc,248,79600,19740000,True,"Risk Forge synthetic book: WorldPop-weighted placement on Kenyan land, attributes from metadata ranges; not a real portfolio",Webuye,urban,basin,1.1521,KE,0.0,0.0,0.0,0.0,0.0,0.0,0.0,0.0,0.0,0.0,0.0,0.0
RFB-0670,-0.292975,35.349492,informal_iron_sheet,21,6100,130000,True,"Risk Forge synthetic book: WorldPop-weighted placement on Kenyan land, attributes from metadata ranges; not a real portfolio",other,peri_urban,basin,1.1521,KE,0.0,0.0,0.0,0.0,0.0,0.0,0.0,0.0,0.0,0.0,0.0,0.0
RFB-0671,0.038698,34.597749,permanent_masonry,103,40300,4150000,True,"Risk Forge synthetic book: WorldPop-weighted placement on Kenyan land, attributes from metadata ranges; not a real portfolio",other,urban,basin,1.1521,KE,0.0,0.0,0.0,0.0,0.0,0.0,0.0,0.0,0.0,0.0,0.0,0.0
RFB-0672,0.072947,34.617768,semi_permanent,32,14700,470000,True,"Risk Forge synthetic book: WorldPop-weighted placement on Kenyan land, attributes from metadata ranges; not a real portfolio",other,urban,basin,1.1521,KE,0.0,0.0,0.0,0.0,0.0,0.0,0.0,0.0,0.0,0.0,0.0,0.0
RFB-0673,0.307905,34.764755,permanent_masonry,130,60700,7890000,True,"Risk Forge synthetic book: WorldPop-weighted placement on Kenyan land, attributes from metadata ranges; not a real portfolio",other,urban,basin,1.1521,KE,0.0,0.0,0.0,0.0,0.0,0.0,0.0,0.0,0.0,0.0,0.0,0.0
RFB-0674,0.517372,35.303827,informal_iron_sheet,18,9000,160000,True,"Risk Forge synthetic book: WorldPop-weighted placement on Kenyan land, attributes from metadata ranges; not a real portfolio",other,urban,basin,1.1521,KE,0.0,0.0,0.0,0.0,0.0,0.0,0.0,0.0,0.0,0.0,0.0,0.0
RFB-0675,1.246493,35.12551,semi_permanent,42,9900,415000,True,"Risk Forge synthetic book: WorldPop-weighted placement on Kenyan land, attributes from metadata ranges; not a real portfolio",other,peri_urban,basin,1.1521,KE,0.0,0.0,0.0,0.0,0.0,0.0,0.0,0.0,0.0,0.0,0.0,0.0
RFB-0676,0.537849,35.268991,permanent_masonry,256,61900,15845000,True,"Risk Forge synthetic book: WorldPop-weighted placement on Kenyan land, attributes from metadata ranges; not a real portfolio",other,urban,basin,1.1521,KE,0.0,0.0,0.0,0.0,0.0,0.0,0.0,0.0,0.0,0.0,0.0,0.0
RFB-0677,0.532637,35.257209,concrete_rcc,240,78800,18910000,True,"Risk Forge synthetic book: WorldPop-weighted placement on Kenyan land, attributes from metadata ranges; not a real portfolio",other,urban,basin,1.1521,KE,0.0,0.0,0.0,0.0,0.0,0.0,0.0,0.0,0.0,0.0,0.0,0.0
RFB-0678,1.005205,35.012405,semi_permanent,61,12000,730000,True,"Risk Forge synthetic book: WorldPop-weighted placement on Kenyan land, attributes from metadata ranges; not a real portfolio",Kitale,urban,basin,1.1521,KE,0.0,0.0,0.0,0.0,0.0,0.0,0.0,0.0,0.0,0.0,0.0,0.0
RFB-0679,0.998889,35.006016,permanent_masonry,259,47900,12405000,True,"Risk Forge synthetic book: WorldPop-weighted placement on Kenyan land, attributes from metadata ranges; not a real portfolio",Kitale,peri_urban,basin,1.1521,KE,0.0,0.0,0.0,0.0,0.0,0.0,0.0,0.0,0.0,0.0,0.0,0.0
RFB-0680,0.640797,35.128725,semi_permanent,32,12800,410000,True,"Risk Forge synthetic book: WorldPop-weighted placement on Kenyan land, attributes from metadata ranges; not a real portfolio",other,rural,basin,1.1521,KE,0.0,0.0,0.0,0.0,0.0,0.0,0.0,0.0,0.0,0.0,0.0,0.0
RFB-0681,0.41206,34.142142,permanent_masonry,106,56000,5935000,True,"Risk Forge synthetic book: WorldPop-weighted placement on Kenyan land, attributes from metadata ranges; not a real portfolio",other,peri_urban,basin,1.1521,KE,0.0,0.0,0.0,0.0,0.0,0.0,0.0,0.0,0.0,0.0,0.0,0.0
RFB-0682,0.076163,35.163291,semi_permanent,28,13900,390000,True,"Risk Forge synthetic book: WorldPop-weighted placement on Kenyan land, attributes from metadata ranges; not a real portfolio",other,peri_urban,basin,1.1521,KE,0.0,0.0,0.0,0.0,0.0,0.0,0.0,0.0,0.0,0.0,0.0,0.0
RFB-0683,0.289355,34.96087,informal_iron_sheet,11,6600,75000,True,"Risk Forge synthetic book: WorldPop-weighted placement on Kenyan land, attributes from metadata ranges; not a real portfolio",other,peri_urban,basin,1.1521,KE,0.0,0.0,0.0,0.0,0.0,0.0,0.0,0.0,0.0,0.0,0.0,0.0
RFB-0684,0.33727,34.226459,semi_permanent,49,12000,590000,True,"Risk Forge synthetic book: WorldPop-weighted placement on Kenyan land, attributes from metadata ranges; not a real portfolio",Bumala,peri_urban,basin,1.1521,KE,0.0,0.0,0.0,0.0,0.0,0.0,0.0,0.0,0.0,0.0,0.0,0.0
RFB-0685,0.054736,34.713896,permanent_masonry,218,47800,10420000,True,"Risk Forge synthetic book: WorldPop-weighted placement on Kenyan land, attributes from metadata ranges; not a real portfolio",other,urban,basin,1.1521,KE,0.0,0.0,0.0,0.0,0.0,0.0,0.0,0.0,0.0,0.0,0.0,0.0
RFB-0686,-0.013484,34.430003,semi_permanent,74,14500,1075000,True,"Risk Forge synthetic book: WorldPop-weighted placement on Kenyan land, attributes from metadata ranges; not a real portfolio",other,peri_urban,basin,1.1521,KE,0.0,0.0,0.0,0.0,0.0,0.0,0.0,0.0,0.0,0.0,0.0,0.0
RFB-0687,0.476018,35.252271,semi_permanent,42,13000,545000,True,"Risk Forge synthetic book: WorldPop-weighted placement on Kenyan land, attributes from metadata ranges; not a real portfolio",other,urban,basin,1.1521,KE,0.0,0.0,0.0,0.0,0.0,0.0,0.0,0.0,0.0,0.0,0.0,0.0
RFB-0688,0.265092,34.40077,semi_permanent,62,13900,860000,True,"Risk Forge synthetic book: WorldPop-weighted placement on Kenyan land, attributes from metadata ranges; not a real portfolio",other,peri_urban,basin,1.1521,KE,0.0,0.0,0.0,0.0,0.0,0.0,0.0,0.0,0.0,0.0,0.0,0.0
RFB-0689,-0.096598,34.781531,permanent_masonry,143,57500,8220000,True,"Risk Forge synthetic book: WorldPop-weighted placement on Kenyan land, attributes from metadata ranges; not a real portfolio",Kisumu,urban,basin,1.1521,KE,0.0,0.0,0.0,0.0,0.0,0.0,0.0,0.0,0.0,0.0,0.0,0.0
RFB-0690,1.009684,35.247315,semi_permanent,37,8900,330000,True,"Risk Forge synthetic book: WorldPop-weighted placement on Kenyan land, attributes from metadata ranges; not a real portfolio",other,peri_urban,basin,1.1521,KE,0.0,0.0,0.0,0.0,0.0,0.0,0.0,0.0,0.0,0.0,0.0,0.0
RFB-0691,0.261807,34.726376,semi_permanent,54,13500,730000,True,"Risk Forge synthetic book: WorldPop-weighted placement on Kenyan land, attributes from metadata ranges; not a real portfolio",other,peri_urban,basin,1.1521,KE,0.0,0.0,0.0,0.0,0.0,0.0,0.0,0.0,0.0,0.0,0.0,0.0
RFB-0692,0.072125,34.614619,concrete_rcc,567,72700,41220000,True,"Risk Forge synthetic book: WorldPop-weighted placement on Kenyan land, attributes from metadata ranges; not a real portfolio",other,urban,basin,1.1521,KE,0.0,0.0,0.0,0.0,0.0,0.0,0.0,0.0,0.0,0.0,0.0,0.0
RFB-0693,0.490756,34.403309,semi_permanent,29,14200,410000,True,"Risk Forge synthetic book: WorldPop-weighted placement on Kenyan land, attributes from metadata ranges; not a real portfolio",other,peri_urban,basin,1.1521,KE,0.0,0.0,0.0,0.0,0.0,0.0,0.0,0.0,0.0,0.0,0.0,0.0
RFB-0694,0.095536,34.531304,informal_iron_sheet,10,8700,85000,True,"Risk Forge synthetic book: WorldPop-weighted placement on Kenyan land, attributes from metadata ranges; not a real portfolio",other,peri_urban,basin,1.1521,KE,0.0,0.0,0.0,0.0,0.0,0.0,0.0,0.0,0.0,0.0,0.0,0.0
RFB-0695,0.004037,34.723515,permanent_masonry,182,55500,10100000,True,"Risk Forge synthetic book: WorldPop-weighted placement on Kenyan land, attributes from metadata ranges; not a real portfolio",other,peri_urban,basin,1.1521,KE,0.0,0.0,0.0,0.0,0.0,0.0,0.0,0.0,0.0,0.0,0.0,0.0
RFB-0696,0.088308,34.859926,semi_permanent,41,15000,615000,True,"Risk Forge synthetic book: WorldPop-weighted placement on Kenyan land, attributes from metadata ranges; not a real portfolio",other,peri_urban,basin,1.1521,KE,0.0,0.0,0.0,0.0,0.0,0.0,0.0,0.0,0.0,0.0,0.0,0.0
RFB-0697,0.347025,34.38736,semi_permanent,40,8900,355000,True,"Risk Forge synthetic book: WorldPop-weighted placement on Kenyan land, attributes from metadata ranges; not a real portfolio",Mumias,peri_urban,basin,1.1521,KE,0.0,0.0,0.0,0.0,0.0,0.0,0.0,0.0,0.0,0.0,0.0,0.0
RFB-0698,0.123982,34.572845,informal_iron_sheet,15,5600,85000,True,"Risk Forge synthetic book: WorldPop-weighted placement on Kenyan land, attributes from metadata ranges; not a real portfolio",other,peri_urban,basin,1.1521,KE,0.0,0.0,0.0,0.0,0.0,0.0,0.0,0.0,0.0,0.0,0.0,0.0
RFB-0699,0.138628,34.232594,semi_permanent,42,14500,610000,True,"Risk Forge synthetic book: WorldPop-weighted placement on Kenyan land, attributes from metadata ranges; not a real portfolio",other,peri_urban,basin,1.1521,KE,0.0,0.0,0.0,0.0,0.0,0.0,0.0,0.0,0.0,0.0,0.0,0.0
RFB-0700,0.52038,34.555392,semi_permanent,29,8600,250000,True,"Risk Forge synthetic book: WorldPop-weighted placement on Kenyan land, attributes from metadata ranges; not a real portfolio",other,peri_urban,basin,1.1521,KE,0.0,0.0,0.0,0.0,0.0,0.0,0.0,0.0,0.0,0.0,0.0,0.0
RFB-0701,1.159081,35.11366,permanent_masonry,117,55600,6505000,True,"Risk Forge synthetic book: WorldPop-weighted placement on Kenyan land, attributes from metadata ranges; not a real portfolio",other,peri_urban,basin,1.1521,KE,0.0,0.0,0.0,0.0,0.0,0.0,0.0,0.0,0.0,0.0,0.0,0.0
RFB-0702,-0.123372,34.782585,semi_permanent,64,15700,1005000,True,"Risk Forge synthetic book: WorldPop-weighted placement on Kenyan land, attributes from metadata ranges; not a real portfolio",Kisumu,urban,basin,1.1521,KE,0.0,0.0,0.0,0.0,0.0,0.0,0.0,0.0,0.0,0.0,0.0,0.0
RFB-0703,0.455406,34.243033,concrete_rcc,150,65100,9765000,True,"Risk Forge synthetic book: WorldPop-weighted placement on Kenyan land, attributes from metadata ranges; not a real portfolio",Busia,urban,basin,1.1521,KE,0.0,0.0,0.0,0.0,0.0,0.0,0.0,0.0,0.0,0.0,0.0,0.0
RFB-0704,0.593202,35.0467,informal_iron_sheet,15,8000,120000,True,"Risk Forge synthetic book: WorldPop-weighted placement on Kenyan land, attributes from metadata ranges; not a real portfolio",other,rural,basin,1.1521,KE,0.0,0.0,0.0,0.0,0.0,0.0,0.0,0.0,0.0,0.0,0.0,0.0
RFB-0705,0.6547,34.980736,permanent_masonry,153,53600,8200000,True,"Risk Forge synthetic book: WorldPop-weighted placement on Kenyan land, attributes from metadata ranges; not a real portfolio",other,peri_urban,basin,1.1521,KE,0.0,0.0,0.0,0.0,0.0,0.0,0.0,0.0,0.0,0.0,0.0,0.0
RFB-0706,0.513929,35.244971,permanent_masonry,174,54500,9485000,True,"Risk Forge synthetic book: WorldPop-weighted placement on Kenyan land, attributes from metadata ranges; not a real portfolio",other,urban,basin,1.1521,KE,0.0,0.0,0.0,0.0,0.0,0.0,0.0,0.0,0.0,0.0,0.0,0.0
RFB-0707,0.296024,34.746483,semi_permanent,26,14500,375000,True,"Risk Forge synthetic book: WorldPop-weighted placement on Kenyan land, attributes from metadata ranges; not a real portfolio",other,urban,basin,1.1521,KE,0.0,0.0,0.0,0.0,0.0,0.0,0.0,0.0,0.0,0.0,0.0,0.0
RFB-0708,0.380361,34.962121,informal_iron_sheet,16,8500,135000,True,"Risk Forge synthetic book: WorldPop-weighted placement on Kenyan land, attributes from metadata ranges; not a real portfolio",other,rural,basin,1.1521,KE,0.0,0.0,0.0,0.0,0.0,0.0,0.0,0.0,0.0,0.0,0.0,0.0
RFB-0709,0.522302,34.275941,permanent_masonry,105,43500,4570000,True,"Risk Forge synthetic book: WorldPop-weighted placement on Kenyan land, attributes from metadata ranges; not a real portfolio",other,peri_urban,basin,1.1521,KE,0.0,0.0,0.0,0.0,0.0,0.0,0.0,0.0,0.0,0.0,0.0,0.0
RFB-0710,1.010148,35.011632,concrete_rcc,229,74300,17015000,True,"Risk Forge synthetic book: WorldPop-weighted placement on Kenyan land, attributes from metadata ranges; not a real portfolio",Kitale,urban,basin,1.1521,KE,0.0,0.0,0.0,0.0,0.0,0.0,0.0,0.0,0.0,0.0,0.0,0.0
RFB-0711,-0.188058,34.283763,informal_iron_sheet,16,7000,110000,True,"Risk Forge synthetic book: WorldPop-weighted placement on Kenyan land, attributes from metadata ranges; not a real portfolio",other,peri_urban,basin,1.1521,KE,0.0,0.0,0.0,0.0,0.0,0.0,0.0,0.0,0.0,0.0,0.0,0.0
RFB-0712,1.200616,35.314124,semi_permanent,66,11400,750000,True,"Risk Forge synthetic book: WorldPop-weighted placement on Kenyan land, attributes from metadata ranges; not a real portfolio",other,rural,basin,1.1521,KE,0.0,0.0,0.0,0.0,0.0,0.0,0.0,0.0,0.0,0.0,0.0,0.0
RFB-0713,-0.097014,34.782115,permanent_masonry,74,55900,4135000,True,"Risk Forge synthetic book: WorldPop-weighted placement on Kenyan land, attributes from metadata ranges; not a real portfolio",Kisumu,urban,basin,1.1521,KE,0.0,0.0,0.0,0.0,0.0,0.0,0.0,0.0,0.0,0.0,0.0,0.0
RFB-0714,1.092299,35.101756,semi_permanent,57,14100,805000,True,"Risk Forge synthetic book: WorldPop-weighted placement on Kenyan land, attributes from metadata ranges; not a real portfolio",other,peri_urban,basin,1.1521,KE,0.0,0.0,0.0,0.0,0.0,0.0,0.0,0.0,0.0,0.0,0.0,0.0
RFB-0715,0.395624,34.582088,informal_iron_sheet,13,7900,105000,True,"Risk Forge synthetic book: WorldPop-weighted placement on Kenyan land, attributes from metadata ranges; not a real portfolio",other,peri_urban,basin,1.1521,KE,0.0,0.0,0.0,0.0,0.0,0.0,0.0,0.0,0.0,0.0,0.0,0.0
RFB-0716,0.061975,34.560603,semi_permanent,72,9700,700000,True,"Risk Forge synthetic book: WorldPop-weighted placement on Kenyan land, attributes from metadata ranges; not a real portfolio",other,peri_urban,basin,1.1521,KE,0.0,0.0,0.0,0.0,0.0,0.0,0.0,0.0,0.0,0.0,0.0,0.0
RFB-0717,0.192157,34.592282,permanent_masonry,107,41900,4485000,True,"Risk Forge synthetic book: WorldPop-weighted placement on Kenyan land, attributes from metadata ranges; not a real portfolio",other,peri_urban,basin,1.1521,KE,0.0,0.0,0.0,0.0,0.0,0.0,0.0,0.0,0.0,0.0,0.0,0.0
RFB-0718,0.143069,34.652808,semi_permanent,54,11800,635000,True,"Risk Forge synthetic book: WorldPop-weighted placement on Kenyan land, attributes from metadata ranges; not a real portfolio",other,peri_urban,basin,1.1521,KE,0.0,0.0,0.0,0.0,0.0,0.0,0.0,0.0,0.0,0.0,0.0,0.0
RFB-0719,0.947342,34.828729,informal_iron_sheet,21,8900,185000,True,"Risk Forge synthetic book: WorldPop-weighted placement on Kenyan land, attributes from metadata ranges; not a real portfolio",other,peri_urban,basin,1.1521,KE,0.0,0.0,0.0,0.0,0.0,0.0,0.0,0.0,0.0,0.0,0.0,0.0
RFB-0720,-0.044933,34.82338,informal_iron_sheet,21,7800,165000,True,"Risk Forge synthetic book: WorldPop-weighted placement on Kenyan land, attributes from metadata ranges; not a real portfolio",Kisumu,rural,basin,1.1521,KE,0.0,0.0,0.0,0.0,0.0,0.0,0.0,0.0,0.0,0.0,0.0,0.0
RFB-0721,0.210495,35.079737,permanent_masonry,130,50100,6515000,True,"Risk Forge synthetic book: WorldPop-weighted placement on Kenyan land, attributes from metadata ranges; not a real portfolio",other,peri_urban,basin,1.1521,KE,0.0,0.0,0.0,0.0,0.0,0.0,0.0,0.0,0.0,0.0,0.0,0.0
RFB-0722,-0.112749,34.784379,informal_iron_sheet,17,7800,135000,True,"Risk Forge synthetic book: WorldPop-weighted placement on Kenyan land, attributes from metadata ranges; not a real portfolio",Kisumu,urban,basin,1.1521,KE,0.0,0.0,0.0,0.0,0.0,0.0,0.0,0.0,0.0,0.0,0.0,0.0
RFB-0723,-0.275715,35.110331,semi_permanent,40,10900,435000,True,"Risk Forge synthetic book: WorldPop-weighted placement on Kenyan land, attributes from metadata ranges; not a real portfolio",other,rural,basin,1.1521,KE,0.0,0.0,0.0,0.0,0.0,0.0,0.0,0.0,0.0,0.0,0.0,0.0
RFB-0724,0.092214,34.805854,semi_permanent,38,11900,450000,True,"Risk Forge synthetic book: WorldPop-weighted placement on Kenyan land, attributes from metadata ranges; not a real portfolio",other,peri_urban,basin,1.1521,KE,0.0,0.0,0.0,0.0,0.0,0.0,0.0,0.0,0.0,0.0,0.0,0.0
RFB-0725,0.045725,34.66244,semi_permanent,55,13000,715000,True,"Risk Forge synthetic book: WorldPop-weighted placement on Kenyan land, attributes from metadata ranges; not a real portfolio",other,peri_urban,basin,1.1521,KE,0.0,0.0,0.0,0.0,0.0,0.0,0.0,0.0,0.0,0.0,0.0,0.0
RFB-0726,-0.135411,35.146637,semi_permanent,76,9400,715000,True,"Risk Forge synthetic book: WorldPop-weighted placement on Kenyan land, attributes from metadata ranges; not a real portfolio",other,rural,basin,1.1521,KE,0.0,0.0,0.0,0.0,0.0,0.0,0.0,0.0,0.0,0.0,0.0,0.0
RFB-0727,0.127726,34.743157,permanent_masonry,198,56600,11205000,True,"Risk Forge synthetic book: WorldPop-weighted placement on Kenyan land, attributes from metadata ranges; not a real portfolio",other,urban,basin,1.1521,KE,0.0,0.0,0.0,0.0,0.0,0.0,0.0,0.0,0.0,0.0,0.0,0.0
RFB-0728,0.260168,34.804767,semi_permanent,67,13600,910000,True,"Risk Forge synthetic book: WorldPop-weighted placement on Kenyan land, attributes from metadata ranges; not a real portfolio",other,peri_urban,basin,1.1521,KE,0.0,0.0,0.0,0.0,0.0,0.0,0.0,0.0,0.0,0.0,0.0,0.0
RFB-0729,0.363654,34.502814,semi_permanent,27,13000,350000,True,"Risk Forge synthetic book: WorldPop-weighted placement on Kenyan land, attributes from metadata ranges; not a real portfolio",Mumias,urban,basin,1.1521,KE,0.0,0.0,0.0,0.0,0.0,0.0,0.0,0.0,0.0,0.0,0.0,0.0
RFB-0730,0.369254,34.925773,permanent_masonry,91,45300,4120000,True,"Risk Forge synthetic book: WorldPop-weighted placement on Kenyan land, attributes from metadata ranges; not a real portfolio",other,peri_urban,basin,1.1521,KE,0.0,0.0,0.0,0.0,0.0,0.0,0.0,0.0,0.0,0.0,0.0,0.0
RFB-0731,0.222593,34.76988,permanent_masonry,115,50900,5855000,True,"Risk Forge synthetic book: WorldPop-weighted placement on Kenyan land, attributes from metadata ranges; not a real portfolio",other,urban,basin,1.1521,KE,0.0,0.0,0.0,0.0,0.0,0.0,0.0,0.0,0.0,0.0,0.0,0.0
RFB-0732,0.235255,34.56319,permanent_masonry,159,56500,8985000,True,"Risk Forge synthetic book: WorldPop-weighted placement on Kenyan land, attributes from metadata ranges; not a real portfolio",other,peri_urban,basin,1.1521,KE,0.0,0.0,0.0,0.0,0.0,0.0,0.0,0.0,0.0,0.0,0.0,0.0
RFB-0733,1.279389,35.221424,informal_iron_sheet,20,7800,155000,True,"Risk Forge synthetic book: WorldPop-weighted placement on Kenyan land, attributes from metadata ranges; not a real portfolio",other,rural,basin,1.1521,KE,0.0,0.0,0.0,0.0,0.0,0.0,0.0,0.0,0.0,0.0,0.0,0.0
RFB-0734,0.830642,35.119381,semi_permanent,42,15700,660000,True,"Risk Forge synthetic book: WorldPop-weighted placement on Kenyan land, attributes from metadata ranges; not a real portfolio",other,urban,basin,1.1521,KE,0.0,0.0,0.0,0.0,0.0,0.0,0.0,0.0,0.0,0.0,0.0,0.0
RFB-0735,0.507816,35.295499,semi_permanent,39,13800,540000,True,"Risk Forge synthetic book: WorldPop-weighted placement on Kenyan land, attributes from metadata ranges; not a real portfolio",other,urban,basin,1.1521,KE,0.0,0.0,0.0,0.0,0.0,0.0,0.0,0.0,0.0,0.0,0.0,0.0
RFB-0736,0.605365,34.769543,informal_iron_sheet,16,8600,140000,True,"Risk Forge synthetic book: WorldPop-weighted placement on Kenyan land, attributes from metadata ranges; not a real portfolio",Webuye,urban,basin,1.1521,KE,0.0,0.0,0.0,0.0,0.0,0.0,0.0,0.0,0.0,0.0,0.0,0.0
RFB-0737,0.190668,34.820617,semi_permanent,58,12500,725000,True,"Risk Forge synthetic book: WorldPop-weighted placement on Kenyan land, attributes from metadata ranges; not a real portfolio",other,peri_urban,basin,1.1521,KE,0.0,0.0,0.0,0.0,0.0,0.0,0.0,0.0,0.0,0.0,0.0,0.0
RFB-0738,-0.253279,34.364659,informal_iron_sheet,13,8700,115000,True,"Risk Forge synthetic book: WorldPop-weighted placement on Kenyan land, attributes from metadata ranges; not a real portfolio",other,peri_urban,basin,1.1521,KE,0.0,0.0,0.0,0.0,0.0,0.0,0.0,0.0,0.0,0.0,0.0,0.0
RFB-0739,0.628621,34.480187,permanent_masonry,83,45800,3800000,True,"Risk Forge synthetic book: WorldPop-weighted placement on Kenyan land, attributes from metadata ranges; not a real portfolio",other,peri_urban,basin,1.1521,KE,0.0,0.0,0.0,0.0,0.0,0.0,0.0,0.0,0.0,0.0,0.0,0.0
RFB-0740,0.035995,34.387085,concrete_rcc,248,66800,16565000,True,"Risk Forge synthetic book: WorldPop-weighted placement on Kenyan land, attributes from metadata ranges; not a real portfolio",other,peri_urban,basin,1.1521,KE,0.0,0.0,0.0,0.0,0.0,0.0,0.0,0.0,0.0,0.0,0.0,0.0
RFB-0741,0.529992,34.968426,semi_permanent,48,11400,545000,True,"Risk Forge synthetic book: WorldPop-weighted placement on Kenyan land, attributes from metadata ranges; not a real portfolio",other,rural,basin,1.1521,KE,0.0,0.0,0.0,0.0,0.0,0.0,0.0,0.0,0.0,0.0,0.0,0.0
RFB-0742,0.12009,34.477121,permanent_masonry,196,48100,9430000,True,"Risk Forge synthetic book: WorldPop-weighted placement on Kenyan land, attributes from metadata ranges; not a real portfolio",other,peri_urban,basin,1.1521,KE,0.0,0.0,0.0,0.0,0.0,0.0,0.0,0.0,0.0,0.0,0.0,0.0
RFB-0743,0.979237,34.764421,permanent_masonry,72,47000,3385000,True,"Risk Forge synthetic book: WorldPop-weighted placement on Kenyan land, attributes from metadata ranges; not a real portfolio",other,rural,basin,1.1521,KE,0.0,0.0,0.0,0.0,0.0,0.0,0.0,0.0,0.0,0.0,0.0,0.0
RFB-0744,0.235502,34.469243,semi_permanent,56,14100,790000,True,"Risk Forge synthetic book: WorldPop-weighted placement on Kenyan land, attributes from metadata ranges; not a real portfolio",Mumias,peri_urban,basin,1.1521,KE,0.0,0.0,0.0,0.0,0.0,0.0,0.0,0.0,0.0,0.0,0.0,0.0
RFB-0745,0.370175,34.613987,permanent_masonry,105,57100,5995000,True,"Risk Forge synthetic book: WorldPop-weighted placement on Kenyan land, attributes from metadata ranges; not a real portfolio",other,peri_urban,basin,1.1521,KE,0.0,0.0,0.0,0.0,0.0,0.0,0.0,0.0,0.0,0.0,0.0,0.0
RFB-0746,0.0213,34.64319,semi_permanent,58,13400,775000,True,"Risk Forge synthetic book: WorldPop-weighted placement on Kenyan land, attributes from metadata ranges; not a real portfolio",other,peri_urban,basin,1.1521,KE,0.0,0.0,0.0,0.0,0.0,0.0,0.0,0.0,0.0,0.0,0.0,0.0
RFB-0747,0.886461,34.951477,permanent_masonry,248,51500,12770000,True,"Risk Forge synthetic book: WorldPop-weighted placement on Kenyan land, attributes from metadata ranges; not a real portfolio",other,peri_urban,basin,1.1521,KE,0.0,0.0,0.0,0.0,0.0,0.0,0.0,0.0,0.0,0.0,0.0,0.0
RFB-0748,0.372401,34.806744,informal_iron_sheet,13,7100,90000,True,"Risk Forge synthetic book: WorldPop-weighted placement on Kenyan land, attributes from metadata ranges; not a real portfolio",other,peri_urban,basin,1.1521,KE,0.0,0.0,0.0,0.0,0.0,0.0,0.0,0.0,0.0,0.0,0.0,0.0
RFB-0749,-0.0489,34.771993,permanent_masonry,171,51000,8720000,True,"Risk Forge synthetic book: WorldPop-weighted placement on Kenyan land, attributes from metadata ranges; not a real portfolio",Kisumu,peri_urban,basin,1.1521,KE,0.0,0.0,0.0,0.0,0.0,0.0,0.0,0.0,0.0,0.0,0.0,0.0
RFB-0750,0.159475,34.74318,concrete_rcc,1306,57800,75485000,True,"Risk Forge synthetic book: WorldPop-weighted placement on Kenyan land, attributes from metadata ranges; not a real portfolio",other,peri_urban,basin,1.1521,KE,0.0,0.0,0.0,0.0,0.0,0.0,0.0,0.0,0.0,0.0,0.0,0.0
RFB-0751,0.802419,34.384797,semi_permanent,77,11500,885000,True,"Risk Forge synthetic book: WorldPop-weighted placement on Kenyan land, attributes from metadata ranges; not a real portfolio",other,peri_urban,basin,1.1521,KE,0.0,0.0,0.0,0.0,0.0,0.0,0.0,0.0,0.0,0.0,0.0,0.0
RFB-0752,-0.022379,34.590129,permanent_masonry,107,62600,6700000,True,"Risk Forge synthetic book: WorldPop-weighted placement on Kenyan land, attributes from metadata ranges; not a real portfolio",other,peri_urban,basin,1.1521,KE,0.0,0.0,0.0,0.0,0.0,0.0,0.0,0.0,0.0,0.0,0.0,0.0
RFB-0753,0.698602,34.887895,semi_permanent,59,14400,850000,True,"Risk Forge synthetic book: WorldPop-weighted placement on Kenyan land, attributes from metadata ranges; not a real portfolio",other,peri_urban,basin,1.1521,KE,0.0,0.0,0.0,0.0,0.0,0.0,0.0,0.0,0.0,0.0,0.0,0.0
RFB-0754,1.01981,35.153189,concrete_rcc,259,73300,18985000,True,"Risk Forge synthetic book: WorldPop-weighted placement on Kenyan land, attributes from metadata ranges; not a real portfolio",other,peri_urban,basin,1.1521,KE,0.0,0.0,0.0,0.0,0.0,0.0,0.0,0.0,0.0,0.0,0.0,0.0
RFB-0755,0.992107,35.052084,permanent_masonry,111,63200,7015000,True,"Risk Forge synthetic book: WorldPop-weighted placement on Kenyan land, attributes from metadata ranges; not a real portfolio",Kitale,peri_urban,basin,1.1521,KE,0.0,0.0,0.0,0.0,0.0,0.0,0.0,0.0,0.0,0.0,0.0,0.0
RFB-0756,0.061246,34.302959,concrete_rcc,506,57300,28995000,True,"Risk Forge synthetic book: WorldPop-weighted placement on Kenyan land, attributes from metadata ranges; not a real portfolio",other,urban,basin,1.1521,KE,0.0,0.0,0.0,0.0,0.0,0.0,0.0,0.0,0.0,0.0,0.0,0.0
RFB-0757,0.003972,34.738971,permanent_masonry,153,45300,6930000,True,"Risk Forge synthetic book: WorldPop-weighted placement on Kenyan land, attributes from metadata ranges; not a real portfolio",other,urban,basin,1.1521,KE,0.0,0.0,0.0,0.0,0.0,0.0,0.0,0.0,0.0,0.0,0.0,0.0
RFB-0758,-0.069669,34.785277,permanent_masonry,128,45800,5860000,True,"Risk Forge synthetic book: WorldPop-weighted placement on Kenyan land, attributes from metadata ranges; not a real portfolio",Kisumu,urban,basin,1.1521,KE,0.0,0.0,0.0,0.0,0.0,0.0,0.0,0.0,0.0,0.0,0.0,0.0
RFB-0759,0.09215,34.789401,semi_permanent,56,11100,620000,True,"Risk Forge synthetic book: WorldPop-weighted placement on Kenyan land, attributes from metadata ranges; not a real portfolio",other,urban,basin,1.1521,KE,0.0,0.0,0.0,0.0,0.0,0.0,0.0,0.0,0.0,0.0,0.0,0.0
RFB-0760,-0.078249,34.791045,concrete_rcc,367,68700,25215000,True,"Risk Forge synthetic book: WorldPop-weighted placement on Kenyan land, attributes from metadata ranges; not a real portfolio",Kisumu,urban,basin,1.1521,KE,0.0,0.0,0.0,0.0,0.0,0.0,0.0,0.0,0.0,0.0,0.0,0.0
RFB-0761,-0.103292,34.364217,semi_permanent,51,12300,625000,True,"Risk Forge synthetic book: WorldPop-weighted placement on Kenyan land, attributes from metadata ranges; not a real portfolio",other,rural,basin,1.1521,KE,0.0,0.0,0.0,0.0,0.0,0.0,0.0,0.0,0.0,0.0,0.0,0.0
RFB-0762,0.345841,34.484332,concrete_rcc,292,75500,22045000,True,"Risk Forge synthetic book: WorldPop-weighted placement on Kenyan land, attributes from metadata ranges; not a real portfolio",Mumias,urban,basin,1.1521,KE,0.0,0.0,0.0,0.0,0.0,0.0,0.0,0.0,0.0,0.0,0.0,0.0
RFB-0763,0.227217,34.785649,informal_iron_sheet,16,9600,155000,True,"Risk Forge synthetic book: WorldPop-weighted placement on Kenyan land, attributes from metadata ranges; not a real portfolio",other,peri_urban,basin,1.1521,KE,0.0,0.0,0.0,0.0,0.0,0.0,0.0,0.0,0.0,0.0,0.0,0.0
RFB-0764,-0.12622,34.451305,permanent_masonry,174,44500,7745000,True,"Risk Forge synthetic book: WorldPop-weighted placement on Kenyan land, attributes from metadata ranges; not a real portfolio",other,peri_urban,basin,1.1521,KE,0.0,0.0,0.0,0.0,0.0,0.0,0.0,0.0,0.0,0.0,0.0,0.0
RFB-0765,0.3809,34.47148,semi_permanent,58,14400,835000,True,"Risk Forge synthetic book: WorldPop-weighted placement on Kenyan land, attributes from metadata ranges; not a real portfolio",Mumias,peri_urban,basin,1.1521,KE,0.0,0.0,0.0,0.0,0.0,0.0,0.0,0.0,0.0,0.0,0.0,0.0
RFB-0766,0.670247,34.552297,semi_permanent,41,10800,445000,True,"Risk Forge synthetic book: WorldPop-weighted placement on Kenyan land, attributes from metadata ranges; not a real portfolio",other,peri_urban,basin,1.1521,KE,0.0,0.0,0.0,0.0,0.0,0.0,0.0,0.0,0.0,0.0,0.0,0.0
RFB-0767,-0.110157,34.769353,concrete_rcc,212,61200,12975000,True,"Risk Forge synthetic book: WorldPop-weighted placement on Kenyan land, attributes from metadata ranges; not a real portfolio",Kisumu,urban,basin,1.1521,KE,0.0,0.0,0.0,0.0,0.0,0.0,0.0,0.0,0.0,0.0,0.0,0.0
RFB-0768,1.037292,34.992298,permanent_masonry,161,57300,9225000,True,"Risk Forge synthetic book: WorldPop-weighted placement on Kenyan land, attributes from metadata ranges; not a real portfolio",Kitale,urban,basin,1.1521,KE,0.0,0.0,0.0,0.0,0.0,0.0,0.0,0.0,0.0,0.0,0.0,0.0
RFB-0769,0.286398,34.521886,semi_permanent,69,11400,785000,True,"Risk Forge synthetic book: WorldPop-weighted placement on Kenyan land, attributes from metadata ranges; not a real portfolio",Mumias,peri_urban,basin,1.1521,KE,0.0,0.0,0.0,0.0,0.0,0.0,0.0,0.0,0.0,0.0,0.0,0.0
RFB-0770,-0.102207,34.76391,informal_iron_sheet,14,7800,110000,True,"Risk Forge synthetic book: WorldPop-weighted placement on Kenyan land, attributes from metadata ranges; not a real portfolio",Kisumu,urban,basin,1.1521,KE,0.0,0.0,0.0,0.0,0.0,0.0,0.0,0.0,0.0,0.0,0.0,0.0
RFB-0771,0.105863,34.737949,permanent_masonry,94,45000,4230000,True,"Risk Forge synthetic book: WorldPop-weighted placement on Kenyan land, attributes from metadata ranges; not a real portfolio",other,peri_urban,basin,1.1521,KE,0.0,0.0,0.0,0.0,0.0,0.0,0.0,0.0,0.0,0.0,0.0,0.0
RFB-0772,0.269713,35.076218,informal_iron_sheet,22,7100,155000,True,"Risk Forge synthetic book: WorldPop-weighted placement on Kenyan land, attributes from metadata ranges; not a real portfolio",other,peri_urban,basin,1.1521,KE,0.0,0.0,0.0,0.0,0.0,0.0,0.0,0.0,0.0,0.0,0.0,0.0
RFB-0773,0.429682,34.455675,informal_iron_sheet,13,6900,90000,True,"Risk Forge synthetic book: WorldPop-weighted placement on Kenyan land, attributes from metadata ranges; not a real portfolio",Mumias,peri_urban,basin,1.1521,KE,0.0,0.0,0.0,0.0,0.0,0.0,0.0,0.0,0.0,0.0,0.0,0.0
RFB-0774,0.621776,34.665714,informal_iron_sheet,18,5500,100000,True,"Risk Forge synthetic book: WorldPop-weighted placement on Kenyan land, attributes from metadata ranges; not a real portfolio",Webuye,peri_urban,basin,1.1521,KE,0.0,0.0,0.0,0.0,0.0,0.0,0.0,0.0,0.0,0.0,0.0,0.0
RFB-0775,0.309283,34.740538,semi_permanent,57,9900,565000,True,"Risk Forge synthetic book: WorldPop-weighted placement on Kenyan land, attributes from metadata ranges; not a real portfolio",other,peri_urban,basin,1.1521,KE,0.0,0.0,0.0,0.0,0.0,0.0,0.0,0.0,0.0,0.0,0.0,0.0
RFB-0776,0.111566,34.866005,permanent_masonry,133,42300,5625000,True,"Risk Forge synthetic book: WorldPop-weighted placement on Kenyan land, attributes from metadata ranges; not a real portfolio",other,peri_urban,basin,1.1521,KE,0.0,0.0,0.0,0.0,0.0,0.0,0.0,0.0,0.0,0.0,0.0,0.0
RFB-0777,0.31459,34.423632,semi_permanent,35,11000,385000,True,"Risk Forge synthetic book: WorldPop-weighted placement on Kenyan land, attributes from metadata ranges; not a real portfolio",Mumias,peri_urban,basin,1.1521,KE,0.0,0.0,0.0,0.0,0.0,0.0,0.0,0.0,0.0,0.0,0.0,0.0
RFB-0778,0.081273,34.405732,permanent_masonry,205,61400,12585000,True,"Risk Forge synthetic book: WorldPop-weighted placement on Kenyan land, attributes from metadata ranges; not a real portfolio",other,peri_urban,basin,1.1521,KE,0.0,0.0,0.0,0.0,0.0,0.0,0.0,0.0,0.0,0.0,0.0,0.0
RFB-0779,-0.154862,35.193404,permanent_masonry,154,51100,7870000,True,"Risk Forge synthetic book: WorldPop-weighted placement on Kenyan land, attributes from metadata ranges; not a real portfolio",other,urban,basin,1.1521,KE,0.0,0.0,0.0,0.0,0.0,0.0,0.0,0.0,0.0,0.0,0.0,0.0
RFB-0780,0.220296,34.749569,informal_iron_sheet,12,7800,95000,True,"Risk Forge synthetic book: WorldPop-weighted placement on Kenyan land, attributes from metadata ranges; not a real portfolio",other,peri_urban,basin,1.1521,KE,0.0,0.0,0.0,0.0,0.0,0.0,0.0,0.0,0.0,0.0,0.0,0.0
RFB-0781,0.148269,34.893729,concrete_rcc,709,62900,44595000,True,"Risk Forge synthetic book: WorldPop-weighted placement on Kenyan land, attributes from metadata ranges; not a real portfolio",other,peri_urban,basin,1.1521,KE,0.0,0.0,0.0,0.0,0.0,0.0,0.0,0.0,0.0,0.0,0.0,0.0
RFB-0782,-0.009522,34.603302,permanent_masonry,198,58500,11585000,True,"Risk Forge synthetic book: WorldPop-weighted placement on Kenyan land, attributes from metadata ranges; not a real portfolio",other,peri_urban,basin,1.1521,KE,0.0,0.0,0.0,0.0,0.0,0.0,0.0,0.0,0.0,0.0,0.0,0.0
RFB-0783,0.330725,35.357466,informal_iron_sheet,16,7400,120000,True,"Risk Forge synthetic book: WorldPop-weighted placement on Kenyan land, attributes from metadata ranges; not a real portfolio",other,rural,basin,1.1521,KE,0.0,0.0,0.0,0.0,0.0,0.0,0.0,0.0,0.0,0.0,0.0,0.0
RFB-0784,0.601097,34.782875,informal_iron_sheet,13,8700,115000,True,"Risk Forge synthetic book: WorldPop-weighted placement on Kenyan land, attributes from metadata ranges; not a real portfolio",Webuye,urban,basin,1.1521,KE,0.0,0.0,0.0,0.0,0.0,0.0,0.0,0.0,0.0,0.0,0.0,0.0
RFB-0785,0.051979,34.427742,permanent_masonry,251,45600,11445000,True,"Risk Forge synthetic book: WorldPop-weighted placement on Kenyan land, attributes from metadata ranges; not a real portfolio",other,peri_urban,basin,1.1521,KE,0.0,0.0,0.0,0.0,0.0,0.0,0.0,0.0,0.0,0.0,0.0,0.0
RFB-0786,0.02617,35.39079,informal_iron_sheet,16,7100,115000,True,"Risk Forge synthetic book: WorldPop-weighted placement on Kenyan land, attributes from metadata ranges; not a real portfolio",other,peri_urban,basin,1.1521,KE,0.0,0.0,0.0,0.0,0.0,0.0,0.0,0.0,0.0,0.0,0.0,0.0
RFB-0787,-0.180387,34.951633,informal_iron_sheet,11,6400,70000,True,"Risk Forge synthetic book: WorldPop-weighted placement on Kenyan land, attributes from metadata ranges; not a real portfolio",other,peri_urban,basin,1.1521,KE,0.0,0.0,0.0,0.0,0.0,0.0,0.0,0.0,0.0,0.0,0.0,0.0
RFB-0788,1.160172,35.093845,permanent_masonry,254,53300,13540000,True,"Risk Forge synthetic book: WorldPop-weighted placement on Kenyan land, attributes from metadata ranges; not a real portfolio",other,peri_urban,basin,1.1521,KE,0.0,0.0,0.0,0.0,0.0,0.0,0.0,0.0,0.0,0.0,0.0,0.0
RFB-0789,0.392252,34.90921,semi_permanent,42,13400,565000,True,"Risk Forge synthetic book: WorldPop-weighted placement on Kenyan land, attributes from metadata ranges; not a real portfolio",other,peri_urban,basin,1.1521,KE,0.0,0.0,0.0,0.0,0.0,0.0,0.0,0.0,0.0,0.0,0.0,0.0
RFB-0790,1.026988,34.997249,permanent_masonry,107,47800,5115000,True,"Risk Forge synthetic book: WorldPop-weighted placement on Kenyan land, attributes from metadata ranges; not a real portfolio",Kitale,urban,basin,1.1521,KE,0.0,0.0,0.0,0.0,0.0,0.0,0.0,0.0,0.0,0.0,0.0,0.0
RFB-0791,0.414315,34.56763,informal_iron_sheet,16,8100,130000,True,"Risk Forge synthetic book: WorldPop-weighted placement on Kenyan land, attributes from metadata ranges; not a real portfolio",other,peri_urban,basin,1.1521,KE,0.0,0.0,0.0,0.0,0.0,0.0,0.0,0.0,0.0,0.0,0.0,0.0
RFB-0792,0.449146,34.696239,semi_permanent,27,12000,325000,True,"Risk Forge synthetic book: WorldPop-weighted placement on Kenyan land, attributes from metadata ranges; not a real portfolio",other,peri_urban,basin,1.1521,KE,0.0,0.0,0.0,0.0,0.0,0.0,0.0,0.0,0.0,0.0,0.0,0.0
RFB-0793,0.710321,34.362036,semi_permanent,34,14000,475000,True,"Risk Forge synthetic book: WorldPop-weighted placement on Kenyan land, attributes from metadata ranges; not a real portfolio",other,peri_urban,basin,1.1521,KE,0.0,0.0,0.0,0.0,0.0,0.0,0.0,0.0,0.0,0.0,0.0,0.0
RFB-0794,-0.299194,35.252725,semi_permanent,64,8900,570000,True,"Risk Forge synthetic book: WorldPop-weighted placement on Kenyan land, attributes from metadata ranges; not a real portfolio",other,peri_urban,basin,1.1521,KE,0.0,0.0,0.0,0.0,0.0,0.0,0.0,0.0,0.0,0.0,0.0,0.0
RFB-0795,0.105516,34.630879,concrete_rcc,223,72500,16170000,True,"Risk Forge synthetic book: WorldPop-weighted placement on Kenyan land, attributes from metadata ranges; not a real portfolio",other,peri_urban,basin,1.1521,KE,0.0,0.0,0.0,0.0,0.0,0.0,0.0,0.0,0.0,0.0,0.0,0.0
RFB-0796,0.519793,35.246887,permanent_masonry,109,47800,5210000,True,"Risk Forge synthetic book: WorldPop-weighted placement on Kenyan land, attributes from metadata ranges; not a real portfolio",other,urban,basin,1.1521,KE,0.0,0.0,0.0,0.0,0.0,0.0,0.0,0.0,0.0,0.0,0.0,0.0
RFB-0797,0.05626,34.594745,permanent_masonry,146,58400,8525000,True,"Risk Forge synthetic book: WorldPop-weighted placement on Kenyan land, attributes from metadata ranges; not a real portfolio",other,urban,basin,1.1521,KE,0.0,0.0,0.0,0.0,0.0,0.0,0.0,0.0,0.0,0.0,0.0,0.0
RFB-0798,0.66148,35.168684,informal_iron_sheet,21,8800,185000,True,"Risk Forge synthetic book: WorldPop-weighted placement on Kenyan land, attributes from metadata ranges; not a real portfolio",other,peri_urban,basin,1.1521,KE,0.0,0.0,0.0,0.0,0.0,0.0,0.0,0.0,0.0,0.0,0.0,0.0
RFB-0799,0.607382,34.473339,permanent_masonry,113,52000,5875000,True,"Risk Forge synthetic book: WorldPop-weighted placement on Kenyan land, attributes from metadata ranges; not a real portfolio",other,peri_urban,basin,1.1521,KE,0.0,0.0,0.0,0.0,0.0,0.0,0.0,0.0,0.0,0.0,0.0,0.0
RFB-0800,0.073613,34.613615,concrete_rcc,160,74500,11920000,True,"Risk Forge synthetic book: WorldPop-weighted placement on Kenyan land, attributes from metadata ranges; not a real portfolio",other,urban,basin,1.1521,KE,0.0,0.0,0.0,0.0,0.0,0.0,0.0,0.0,0.0,0.0,0.0,0.0
RFB-0801,0.160033,34.824451,semi_permanent,37,11500,425000,True,"Risk Forge synthetic book: WorldPop-weighted placement on Kenyan land, attributes from metadata ranges; not a real portfolio",other,peri_urban,basin,1.1521,KE,0.0,0.0,0.0,0.0,0.0,0.0,0.0,0.0,0.0,0.0,0.0,0.0
RFB-0802,0.061634,34.418537,informal_iron_sheet,23,7100,165000,True,"Risk Forge synthetic book: WorldPop-weighted placement on Kenyan land, attributes from metadata ranges; not a real portfolio",other,peri_urban,basin,1.1521,KE,0.0,0.0,0.0,0.0,0.0,0.0,0.0,0.0,0.0,0.0,0.0,0.0
RFB-0803,0.519188,35.265987,permanent_masonry,125,60500,7560000,True,"Risk Forge synthetic book: WorldPop-weighted placement on Kenyan land, attributes from metadata ranges; not a real portfolio",other,urban,basin,1.1521,KE,0.0,0.0,0.0,0.0,0.0,0.0,0.0,0.0,0.0,0.0,0.0,0.0
RFB-0804,0.780139,35.290873,permanent_masonry,235,48600,11420000,True,"Risk Forge synthetic book: WorldPop-weighted placement on Kenyan land, attributes from metadata ranges; not a real portfolio",other,rural,basin,1.1521,KE,0.0,0.0,0.0,0.0,0.0,0.0,0.0,0.0,0.0,0.0,0.0,0.0
RFB-0805,0.484753,35.282303,permanent_masonry,86,44400,3820000,True,"Risk Forge synthetic book: WorldPop-weighted placement on Kenyan land, attributes from metadata ranges; not a real portfolio",other,urban,basin,1.1521,KE,0.0,0.0,0.0,0.0,0.0,0.0,0.0,0.0,0.0,0.0,0.0,0.0
RFB-0806,0.105692,34.286927,permanent_masonry,90,42200,3800000,True,"Risk Forge synthetic book: WorldPop-weighted placement on Kenyan land, attributes from metadata ranges; not a real portfolio",other,peri_urban,basin,1.1521,KE,0.0,0.0,0.0,0.0,0.0,0.0,0.0,0.0,0.0,0.0,0.0,0.0
RFB-0807,-0.001446,34.78963,informal_iron_sheet,23,8100,185000,True,"Risk Forge synthetic book: WorldPop-weighted placement on Kenyan land, attributes from metadata ranges; not a real portfolio",Kisumu,peri_urban,basin,1.1521,KE,0.0,0.0,0.0,0.0,0.0,0.0,0.0,0.0,0.0,0.0,0.0,0.0
RFB-0808,-0.084983,34.770727,permanent_masonry,188,57000,10715000,True,"Risk Forge synthetic book: WorldPop-weighted placement on Kenyan land, attributes from metadata ranges; not a real portfolio",Kisumu,urban,basin,1.1521,KE,0.0,0.0,0.0,0.0,0.0,0.0,0.0,0.0,0.0,0.0,0.0,0.0
RFB-0809,-0.268136,34.364899,semi_permanent,46,15400,710000,True,"Risk Forge synthetic book: WorldPop-weighted placement on Kenyan land, attributes from metadata ranges; not a real portfolio",other,peri_urban,basin,1.1521,KE,0.0,0.0,0.0,0.0,0.0,0.0,0.0,0.0,0.0,0.0,0.0,0.0
RFB-0810,0.577677,35.185727,permanent_masonry,166,47000,7800000,True,"Risk Forge synthetic book: WorldPop-weighted placement on Kenyan land, attributes from metadata ranges; not a real portfolio",other,peri_urban,basin,1.1521,KE,0.0,0.0,0.0,0.0,0.0,0.0,0.0,0.0,0.0,0.0,0.0,0.0
RFB-0811,0.000467,34.347796,semi_permanent,49,9600,470000,True,"Risk Forge synthetic book: WorldPop-weighted placement on Kenyan land, attributes from metadata ranges; not a real portfolio",other,peri_urban,basin,1.1521,KE,0.0,0.0,0.0,0.0,0.0,0.0,0.0,0.0,0.0,0.0,0.0,0.0
RFB-0812,-0.296046,34.993294,informal_iron_sheet,11,5900,65000,True,"Risk Forge synthetic book: WorldPop-weighted placement on Kenyan land, attributes from metadata ranges; not a real portfolio",other,peri_urban,basin,1.1521,KE,0.0,0.0,0.0,0.0,0.0,0.0,0.0,0.0,0.0,0.0,0.0,0.0
RFB-0813,0.614241,34.760948,informal_iron_sheet,14,7400,105000,True,"Risk Forge synthetic book: WorldPop-weighted placement on Kenyan land, attributes from metadata ranges; not a real portfolio",Webuye,urban,basin,1.1521,KE,0.0,0.0,0.0,0.0,0.0,0.0,0.0,0.0,0.0,0.0,0.0,0.0
RFB-0814,1.257739,35.086952,informal_iron_sheet,18,8500,155000,True,"Risk Forge synthetic book: WorldPop-weighted placement on Kenyan land, attributes from metadata ranges; not a real portfolio",other,urban,basin,1.1521,KE,0.0,0.0,0.0,0.0,0.0,0.0,0.0,0.0,0.0,0.0,0.0,0.0
RFB-0815,0.835369,34.934874,informal_iron_sheet,17,5900,100000,True,"Risk Forge synthetic book: WorldPop-weighted placement on Kenyan land, attributes from metadata ranges; not a real portfolio",other,peri_urban,basin,1.1521,KE,0.0,0.0,0.0,0.0,0.0,0.0,0.0,0.0,0.0,0.0,0.0,0.0
RFB-0816,0.073233,34.644151,permanent_masonry,163,51300,8360000,True,"Risk Forge synthetic book: WorldPop-weighted placement on Kenyan land, attributes from metadata ranges; not a real portfolio",other,urban,basin,1.1521,KE,0.0,0.0,0.0,0.0,0.0,0.0,0.0,0.0,0.0,0.0,0.0,0.0
RFB-0817,0.044331,34.589114,concrete_rcc,501,81100,40630000,True,"Risk Forge synthetic book: WorldPop-weighted placement on Kenyan land, attributes from metadata ranges; not a real portfolio",other,urban,basin,1.1521,KE,0.0,0.0,0.0,0.0,0.0,0.0,0.0,0.0,0.0,0.0,0.0,0.0
RFB-0818,0.639201,34.489087,informal_iron_sheet,11,6000,65000,True,"Risk Forge synthetic book: WorldPop-weighted placement on Kenyan land, attributes from metadata ranges; not a real portfolio",other,peri_urban,basin,1.1521,KE,0.0,0.0,0.0,0.0,0.0,0.0,0.0,0.0,0.0,0.0,0.0,0.0
RFB-0819,-0.114571,34.781691,permanent_masonry,194,62700,12165000,True,"Risk Forge synthetic book: WorldPop-weighted placement on Kenyan land, attributes from metadata ranges; not a real portfolio",Kisumu,urban,basin,1.1521,KE,0.0,0.0,0.0,0.0,0.0,0.0,0.0,0.0,0.0,0.0,0.0,0.0
RFB-0820,0.678225,34.448895,informal_iron_sheet,19,7900,150000,True,"Risk Forge synthetic book: WorldPop-weighted placement on Kenyan land, attributes from metadata ranges; not a real portfolio",other,peri_urban,basin,1.1521,KE,0.0,0.0,0.0,0.0,0.0,0.0,0.0,0.0,0.0,0.0,0.0,0.0
RFB-0821,0.121283,34.794008,concrete_rcc,377,63000,23750000,True,"Risk Forge synthetic book: WorldPop-weighted placement on Kenyan land, attributes from metadata ranges; not a real portfolio",other,urban,basin,1.1521,KE,0.0,0.0,0.0,0.0,0.0,0.0,0.0,0.0,0.0,0.0,0.0,0.0
RFB-0822,0.780936,35.114328,informal_iron_sheet,23,7400,170000,True,"Risk Forge synthetic book: WorldPop-weighted placement on Kenyan land, attributes from metadata ranges; not a real portfolio",other,peri_urban,basin,1.1521,KE,0.0,0.0,0.0,0.0,0.0,0.0,0.0,0.0,0.0,0.0,0.0,0.0
RFB-0823,0.086833,34.284922,semi_permanent,66,14500,955000,True,"Risk Forge synthetic book: WorldPop-weighted placement on Kenyan land, attributes from metadata ranges; not a real portfolio",other,peri_urban,basin,1.1521,KE,0.0,0.0,0.0,0.0,0.0,0.0,0.0,0.0,0.0,0.0,0.0,0.0
RFB-0824,1.036044,34.997157,semi_permanent,46,15200,700000,True,"Risk Forge synthetic book: WorldPop-weighted placement on Kenyan land, attributes from metadata ranges; not a real portfolio",Kitale,urban,basin,1.1521,KE,0.0,0.0,0.0,0.0,0.0,0.0,0.0,0.0,0.0,0.0,0.0,0.0
RFB-0825,0.282649,34.108888,semi_permanent,53,15200,805000,True,"Risk Forge synthetic book: WorldPop-weighted placement on Kenyan land, attributes from metadata ranges; not a real portfolio",Bumala,urban,basin,1.1521,KE,0.0,0.0,0.0,0.0,0.0,0.0,0.0,0.0,0.0,0.0,0.0,0.0
RFB-0826,0.547287,35.234028,permanent_masonry,230,48900,11245000,True,"Risk Forge synthetic book: WorldPop-weighted placement on Kenyan land, attributes from metadata ranges; not a real portfolio",other,urban,basin,1.1521,KE,0.0,0.0,0.0,0.0,0.0,0.0,0.0,0.0,0.0,0.0,0.0,0.0
RFB-0827,0.202239,35.098355,permanent_masonry,111,48500,5385000,True,"Risk Forge synthetic book: WorldPop-weighted placement on Kenyan land, attributes from metadata ranges; not a real portfolio",other,urban,basin,1.1521,KE,0.0,0.0,0.0,0.0,0.0,0.0,0.0,0.0,0.0,0.0,0.0,0.0
RFB-0828,-0.077425,34.739172,permanent_masonry,99,55100,5455000,True,"Risk Forge synthetic book: WorldPop-weighted placement on Kenyan land, attributes from metadata ranges; not a real portfolio",Kisumu,peri_urban,basin,1.1521,KE,0.0,0.0,0.0,0.0,0.0,0.0,0.0,0.0,0.0,0.0,0.0,0.0
RFB-0829,0.56913,35.294325,permanent_masonry,121,63300,7660000,True,"Risk Forge synthetic book: WorldPop-weighted placement on Kenyan land, attributes from metadata ranges; not a real portfolio",other,peri_urban,basin,1.1521,KE,0.0,0.0,0.0,0.0,0.0,0.0,0.0,0.0,0.0,0.0,0.0,0.0
RFB-0830,-0.120134,34.7977,permanent_masonry,139,50700,7045000,True,"Risk Forge synthetic book: WorldPop-weighted placement on Kenyan land, attributes from metadata ranges; not a real portfolio",Kisumu,urban,basin,1.1521,KE,0.0,0.0,0.0,0.0,0.0,0.0,0.0,0.0,0.0,0.0,0.0,0.0
RFB-0831,0.469448,35.277764,informal_iron_sheet,11,7800,85000,True,"Risk Forge synthetic book: WorldPop-weighted placement on Kenyan land, attributes from metadata ranges; not a real portfolio",other,peri_urban,basin,1.1521,KE,0.0,0.0,0.0,0.0,0.0,0.0,0.0,0.0,0.0,0.0,0.0,0.0
RFB-0832,0.509326,35.254606,concrete_rcc,224,73100,16375000,True,"Risk Forge synthetic book: WorldPop-weighted placement on Kenyan land, attributes from metadata ranges; not a real portfolio",other,urban,basin,1.1521,KE,0.0,0.0,0.0,0.0,0.0,0.0,0.0,0.0,0.0,0.0,0.0,0.0
RFB-0833,0.739998,34.37289,permanent_masonry,122,52400,6395000,True,"Risk Forge synthetic book: WorldPop-weighted placement on Kenyan land, attributes from metadata ranges; not a real portfolio",other,peri_urban,basin,1.1521,KE,0.0,0.0,0.0,0.0,0.0,0.0,0.0,0.0,0.0,0.0,0.0,0.0
RFB-0834,1.025985,34.985186,concrete_rcc,561,70700,39665000,True,"Risk Forge synthetic book: WorldPop-weighted placement on Kenyan land, attributes from metadata ranges; not a real portfolio",Kitale,urban,basin,1.1521,KE,0.0,0.0,0.0,0.0,0.0,0.0,0.0,0.0,0.0,0.0,0.0,0.0
RFB-0835,1.026243,34.994807,concrete_rcc,267,60400,16125000,True,"Risk Forge synthetic book: WorldPop-weighted placement on Kenyan land, attributes from metadata ranges; not a real portfolio",Kitale,urban,basin,1.1521,KE,0.0,0.0,0.0,0.0,0.0,0.0,0.0,0.0,0.0,0.0,0.0,0.0
RFB-0836,-0.012572,34.736397,concrete_rcc,312,75000,23400000,True,"Risk Forge synthetic book: WorldPop-weighted placement on Kenyan land, attributes from metadata ranges; not a real portfolio",Kisumu,urban,basin,1.1521,KE,0.0,0.0,0.0,0.0,0.0,0.0,0.0,0.0,0.0,0.0,0.0,0.0
RFB-0837,1.257577,35.113796,concrete_rcc,814,65300,53155000,True,"Risk Forge synthetic book: WorldPop-weighted placement on Kenyan land, attributes from metadata ranges; not a real portfolio",other,urban,basin,1.1521,KE,0.0,0.0,0.0,0.0,0.0,0.0,0.0,0.0,0.0,0.0,0.0,0.0
RFB-0838,0.210188,34.777039,permanent_masonry,135,42200,5695000,True,"Risk Forge synthetic book: WorldPop-weighted placement on Kenyan land, attributes from metadata ranges; not a real portfolio",other,urban,basin,1.1521,KE,0.0,0.0,0.0,0.0,0.0,0.0,0.0,0.0,0.0,0.0,0.0,0.0
RFB-0839,0.261819,34.746725,permanent_masonry,159,53500,8505000,True,"Risk Forge synthetic book: WorldPop-weighted placement on Kenyan land, attributes from metadata ranges; not a real portfolio",other,urban,basin,1.1521,KE,0.0,0.0,0.0,0.0,0.0,0.0,0.0,0.0,0.0,0.0,0.0,0.0
RFB-0840,0.288899,34.756074,semi_permanent,32,13100,420000,True,"Risk Forge synthetic book: WorldPop-weighted placement on Kenyan land, attributes from metadata ranges; not a real portfolio",other,urban,basin,1.1521,KE,0.0,0.0,0.0,0.0,0.0,0.0,0.0,0.0,0.0,0.0,0.0,0.0
RFB-0841,0.465931,34.618815,permanent_masonry,71,52100,3700000,True,"Risk Forge synthetic book: WorldPop-weighted placement on Kenyan land, attributes from metadata ranges; not a real portfolio",other,peri_urban,basin,1.1521,KE,0.0,0.0,0.0,0.0,0.0,0.0,0.0,0.0,0.0,0.0,0.0,0.0
RFB-0842,1.030017,35.028153,semi_permanent,71,14200,1010000,True,"Risk Forge synthetic book: WorldPop-weighted placement on Kenyan land, attributes from metadata ranges; not a real portfolio",Kitale,urban,basin,1.1521,KE,0.0,0.0,0.0,0.0,0.0,0.0,0.0,0.0,0.0,0.0,0.0,0.0
RFB-0843,0.765697,34.767415,permanent_masonry,173,49400,8545000,True,"Risk Forge synthetic book: WorldPop-weighted placement on Kenyan land, attributes from metadata ranges; not a real portfolio",Bungoma,peri_urban,basin,1.1521,KE,0.0,0.0,0.0,0.0,0.0,0.0,0.0,0.0,0.0,0.0,0.0,0.0
RFB-0844,0.16289,34.721112,informal_iron_sheet,16,9000,145000,True,"Risk Forge synthetic book: WorldPop-weighted placement on Kenyan land, attributes from metadata ranges; not a real portfolio",other,peri_urban,basin,1.1521,KE,0.0,0.0,0.0,0.0,0.0,0.0,0.0,0.0,0.0,0.0,0.0,0.0
RFB-0845,-0.075904,34.7792,concrete_rcc,367,61200,22460000,True,"Risk Forge synthetic book: WorldPop-weighted placement on Kenyan land, attributes from metadata ranges; not a real portfolio",Kisumu,urban,basin,1.1521,KE,0.0,0.0,0.0,0.0,0.0,0.0,0.0,0.0,0.0,0.0,0.0,0.0
RFB-0846,0.436276,34.538894,semi_permanent,60,9800,590000,True,"Risk Forge synthetic book: WorldPop-weighted placement on Kenyan land, attributes from metadata ranges; not a real portfolio",other,peri_urban,basin,1.1521,KE,0.0,0.0,0.0,0.0,0.0,0.0,0.0,0.0,0.0,0.0,0.0,0.0
RFB-0847,0.519908,35.271145,informal_iron_sheet,13,7300,95000,True,"Risk Forge synthetic book: WorldPop-weighted placement on Kenyan land, attributes from metadata ranges; not a real portfolio",other,urban,basin,1.1521,KE,0.0,0.0,0.0,0.0,0.0,0.0,0.0,0.0,0.0,0.0,0.0,0.0
RFB-0848,0.014513,34.598563,permanent_masonry,107,57200,6120000,True,"Risk Forge synthetic book: WorldPop-weighted placement on Kenyan land, attributes from metadata ranges; not a real portfolio",other,urban,basin,1.1521,KE,0.0,0.0,0.0,0.0,0.0,0.0,0.0,0.0,0.0,0.0,0.0,0.0
RFB-0849,1.053192,34.973422,informal_iron_sheet,12,6800,80000,True,"Risk Forge synthetic book: WorldPop-weighted placement on Kenyan land, attributes from metadata ranges; not a real portfolio",Kitale,peri_urban,basin,1.1521,KE,0.0,0.0,0.0,0.0,0.0,0.0,0.0,0.0,0.0,0.0,0.0,0.0
RFB-0850,0.273272,34.092957,semi_permanent,40,14600,585000,True,"Risk Forge synthetic book: WorldPop-weighted placement on Kenyan land, attributes from metadata ranges; not a real portfolio",Sio Port,peri_urban,basin,1.1521,KE,0.0,0.0,0.0,0.0,0.0,0.0,0.0,0.0,0.0,0.0,0.0,0.0
RFB-0851,-0.159708,35.079844,permanent_masonry,164,39400,6460000,True,"Risk Forge synthetic book: WorldPop-weighted placement on Kenyan land, attributes from metadata ranges; not a real portfolio",other,urban,basin,1.1521,KE,0.0,0.0,0.0,0.0,0.0,0.0,0.0,0.0,0.0,0.0,0.0,0.0
RFB-0852,0.488558,35.030548,informal_iron_sheet,16,7500,120000,True,"Risk Forge synthetic book: WorldPop-weighted placement on Kenyan land, attributes from metadata ranges; not a real portfolio",other,rural,basin,1.1521,KE,0.0,0.0,0.0,0.0,0.0,0.0,0.0,0.0,0.0,0.0,0.0,0.0
RFB-0853,0.589893,34.55389,permanent_masonry,188,49100,9230000,True,"Risk Forge synthetic book: WorldPop-weighted placement on Kenyan land, attributes from metadata ranges; not a real portfolio",other,urban,basin,1.1521,KE,0.0,0.0,0.0,0.0,0.0,0.0,0.0,0.0,0.0,0.0,0.0,0.0
RFB-0854,0.529423,35.235815,permanent_masonry,180,50400,9070000,True,"Risk Forge synthetic book: WorldPop-weighted placement on Kenyan land, attributes from metadata ranges; not a real portfolio",other,urban,basin,1.1521,KE,0.0,0.0,0.0,0.0,0.0,0.0,0.0,0.0,0.0,0.0,0.0,0.0
RFB-0855,0.295331,34.334878,semi_permanent,70,13600,950000,True,"Risk Forge synthetic book: WorldPop-weighted placement on Kenyan land, attributes from metadata ranges; not a real portfolio",Busia,peri_urban,basin,1.1521,KE,0.0,0.0,0.0,0.0,0.0,0.0,0.0,0.0,0.0,0.0,0.0,0.0
RFB-0856,-0.070557,34.797725,concrete_rcc,1017,79700,81055000,True,"Risk Forge synthetic book: WorldPop-weighted placement on Kenyan land, attributes from metadata ranges; not a real portfolio",Kisumu,urban,basin,1.1521,KE,0.0,0.0,0.0,0.0,0.0,0.0,0.0,0.0,0.0,0.0,0.0,0.0
RFB-0857,0.120542,34.817209,permanent_masonry,88,41500,3650000,True,"Risk Forge synthetic book: WorldPop-weighted placement on Kenyan land, attributes from metadata ranges; not a real portfolio",other,urban,basin,1.1521,KE,0.0,0.0,0.0,0.0,0.0,0.0,0.0,0.0,0.0,0.0,0.0,0.0
RFB-0858,0.551558,35.304361,semi_permanent,77,12300,945000,True,"Risk Forge synthetic book: WorldPop-weighted placement on Kenyan land, attributes from metadata ranges; not a real portfolio",other,urban,basin,1.1521,KE,0.0,0.0,0.0,0.0,0.0,0.0,0.0,0.0,0.0,0.0,0.0,0.0
RFB-0859,0.517167,34.399537,permanent_masonry,94,56300,5290000,True,"Risk Forge synthetic book: WorldPop-weighted placement on Kenyan land, attributes from metadata ranges; not a real portfolio",other,peri_urban,basin,1.1521,KE,0.0,0.0,0.0,0.0,0.0,0.0,0.0,0.0,0.0,0.0,0.0,0.0
RFB-0860,0.224033,34.222487,concrete_rcc,466,63600,29640000,True,"Risk Forge synthetic book: WorldPop-weighted placement on Kenyan land, attributes from metadata ranges; not a real portfolio",Bumala,peri_urban,basin,1.1521,KE,0.0,0.0,0.0,0.0,0.0,0.0,0.0,0.0,0.0,0.0,0.0,0.0
RFB-0861,0.228322,34.151664,semi_permanent,38,10000,380000,True,"Risk Forge synthetic book: WorldPop-weighted placement on Kenyan land, attributes from metadata ranges; not a real portfolio",Bumala,peri_urban,basin,1.1521,KE,0.0,0.0,0.0,0.0,0.0,0.0,0.0,0.0,0.0,0.0,0.0,0.0
RFB-0862,0.899422,34.923448,permanent_masonry,278,52800,14680000,True,"Risk Forge synthetic book: WorldPop-weighted placement on Kenyan land, attributes from metadata ranges; not a real portfolio",other,urban,basin,1.1521,KE,0.0,0.0,0.0,0.0,0.0,0.0,0.0,0.0,0.0,0.0,0.0,0.0
RFB-0863,0.295674,34.738676,semi_permanent,71,13300,945000,True,"Risk Forge synthetic book: WorldPop-weighted placement on Kenyan land, attributes from metadata ranges; not a real portfolio",other,urban,basin,1.1521,KE,0.0,0.0,0.0,0.0,0.0,0.0,0.0,0.0,0.0,0.0,0.0,0.0
RFB-0864,0.104903,35.181282,permanent_masonry,106,52300,5545000,True,"Risk Forge synthetic book: WorldPop-weighted placement on Kenyan land, attributes from metadata ranges; not a real portfolio",other,urban,basin,1.1521,KE,0.0,0.0,0.0,0.0,0.0,0.0,0.0,0.0,0.0,0.0,0.0,0.0
RFB-0865,0.874519,35.119089,permanent_masonry,198,53400,10575000,True,"Risk Forge synthetic book: WorldPop-weighted placement on Kenyan land, attributes from metadata ranges; not a real portfolio",other,urban,basin,1.1521,KE,0.0,0.0,0.0,0.0,0.0,0.0,0.0,0.0,0.0,0.0,0.0,0.0
RFB-0866,0.06758,34.557485,informal_iron_sheet,13,6200,80000,True,"Risk Forge synthetic book: WorldPop-weighted placement on Kenyan land, attributes from metadata ranges; not a real portfolio",other,peri_urban,basin,1.1521,KE,0.0,0.0,0.0,0.0,0.0,0.0,0.0,0.0,0.0,0.0,0.0,0.0
RFB-0867,0.82998,35.122171,permanent_masonry,180,54600,9830000,True,"Risk Forge synthetic book: WorldPop-weighted placement on Kenyan land, attributes from metadata ranges; not a real portfolio",other,urban,basin,1.1521,KE,0.0,0.0,0.0,0.0,0.0,0.0,0.0,0.0,0.0,0.0,0.0,0.0
RFB-0868,0.987434,34.868845,permanent_masonry,274,48800,13370000,True,"Risk Forge synthetic book: WorldPop-weighted placement on Kenyan land, attributes from metadata ranges; not a real portfolio",other,peri_urban,basin,1.1521,KE,0.0,0.0,0.0,0.0,0.0,0.0,0.0,0.0,0.0,0.0,0.0,0.0
RFB-0869,0.318854,34.578012,permanent_masonry,93,53600,4985000,True,"Risk Forge synthetic book: WorldPop-weighted placement on Kenyan land, attributes from metadata ranges; not a real portfolio",Mumias,urban,basin,1.1521,KE,0.0,0.0,0.0,0.0,0.0,0.0,0.0,0.0,0.0,0.0,0.0,0.0
RFB-0870,0.070158,34.910078,informal_iron_sheet,12,7400,90000,True,"Risk Forge synthetic book: WorldPop-weighted placement on Kenyan land, attributes from metadata ranges; not a real portfolio",other,peri_urban,basin,1.1521,KE,0.0,0.0,0.0,0.0,0.0,0.0,0.0,0.0,0.0,0.0,0.0,0.0
RFB-0871,0.251453,34.77549,semi_permanent,42,12200,510000,True,"Risk Forge synthetic book: WorldPop-weighted placement on Kenyan land, attributes from metadata ranges; not a real portfolio",other,peri_urban,basin,1.1521,KE,0.0,0.0,0.0,0.0,0.0,0.0,0.0,0.0,0.0,0.0,0.0,0.0
RFB-0872,0.265767,34.225973,semi_permanent,67,10000,670000,True,"Risk Forge synthetic book: WorldPop-weighted placement on Kenyan land, attributes from metadata ranges; not a real portfolio",Bumala,peri_urban,basin,1.1521,KE,0.0,0.0,0.0,0.0,0.0,0.0,0.0,0.0,0.0,0.0,0.0,0.0
RFB-0873,0.97437,35.109895,informal_iron_sheet,16,6800,110000,True,"Risk Forge synthetic book: WorldPop-weighted placement on Kenyan land, attributes from metadata ranges; not a real portfolio",other,peri_urban,basin,1.1521,KE,0.0,0.0,0.0,0.0,0.0,0.0,0.0,0.0,0.0,0.0,0.0,0.0
RFB-0874,0.298202,34.765281,concrete_rcc,416,71300,29660000,True,"Risk Forge synthetic book: WorldPop-weighted placement on Kenyan land, attributes from metadata ranges; not a real portfolio",other,urban,basin,1.1521,KE,0.0,0.0,0.0,0.0,0.0,0.0,0.0,0.0,0.0,0.0,0.0,0.0
RFB-0875,0.378209,34.588319,permanent_masonry,181,46000,8325000,True,"Risk Forge synthetic book: WorldPop-weighted placement on Kenyan land, attributes from metadata ranges; not a real portfolio",other,peri_urban,basin,1.1521,KE,0.0,0.0,0.0,0.0,0.0,0.0,0.0,0.0,0.0,0.0,0.0,0.0
RFB-0876,1.211602,35.162083,semi_permanent,71,12800,910000,True,"Risk Forge synthetic book: WorldPop-weighted placement on Kenyan land, attributes from metadata ranges; not a real portfolio",other,rural,basin,1.1521,KE,0.0,0.0,0.0,0.0,0.0,0.0,0.0,0.0,0.0,0.0,0.0,0.0
RFB-0877,0.081545,34.262647,informal_iron_sheet,20,6900,140000,True,"Risk Forge synthetic book: WorldPop-weighted placement on Kenyan land, attributes from metadata ranges; not a real portfolio",other,rural,basin,1.1521,KE,0.0,0.0,0.0,0.0,0.0,0.0,0.0,0.0,0.0,0.0,0.0,0.0
RFB-0878,0.715835,34.332486,informal_iron_sheet,19,7500,140000,True,"Risk Forge synthetic book: WorldPop-weighted placement on Kenyan land, attributes from metadata ranges; not a real portfolio",other,peri_urban,basin,1.1521,KE,0.0,0.0,0.0,0.0,0.0,0.0,0.0,0.0,0.0,0.0,0.0,0.0
RFB-0879,0.453889,34.103353,permanent_masonry,187,57000,10660000,True,"Risk Forge synthetic book: WorldPop-weighted placement on Kenyan land, attributes from metadata ranges; not a real portfolio",other,urban,basin,1.1521,KE,0.0,0.0,0.0,0.0,0.0,0.0,0.0,0.0,0.0,0.0,0.0,0.0
RFB-0880,0.45948,34.120094,permanent_masonry,242,60600,14665000,True,"Risk Forge synthetic book: WorldPop-weighted placement on Kenyan land, attributes from metadata ranges; not a real portfolio",other,urban,basin,1.1521,KE,0.0,0.0,0.0,0.0,0.0,0.0,0.0,0.0,0.0,0.0,0.0,0.0
RFB-0881,0.18153,34.493408,informal_iron_sheet,19,8000,150000,True,"Risk Forge synthetic book: WorldPop-weighted placement on Kenyan land, attributes from metadata ranges; not a real portfolio",other,peri_urban,basin,1.1521,KE,0.0,0.0,0.0,0.0,0.0,0.0,0.0,0.0,0.0,0.0,0.0,0.0
RFB-0882,-0.045295,34.493193,concrete_rcc,280,62800,17585000,True,"Risk Forge synthetic book: WorldPop-weighted placement on Kenyan land, attributes from metadata ranges; not a real portfolio",other,peri_urban,basin,1.1521,KE,0.0,0.0,0.0,0.0,0.0,0.0,0.0,0.0,0.0,0.0,0.0,0.0
RFB-0883,0.068314,34.792257,informal_iron_sheet,19,6300,120000,True,"Risk Forge synthetic book: WorldPop-weighted placement on Kenyan land, attributes from metadata ranges; not a real portfolio",other,peri_urban,basin,1.1521,KE,0.0,0.0,0.0,0.0,0.0,0.0,0.0,0.0,0.0,0.0,0.0,0.0
RFB-0884,0.726799,34.612905,informal_iron_sheet,18,8600,155000,True,"Risk Forge synthetic book: WorldPop-weighted placement on Kenyan land, attributes from metadata ranges; not a real portfolio",other,peri_urban,basin,1.1521,KE,0.0,0.0,0.0,0.0,0.0,0.0,0.0,0.0,0.0,0.0,0.0,0.0
RFB-0885,0.694954,34.446352,permanent_masonry,83,53100,4405000,True,"Risk Forge synthetic book: WorldPop-weighted placement on Kenyan land, attributes from metadata ranges; not a real portfolio",other,peri_urban,basin,1.1521,KE,0.0,0.0,0.0,0.0,0.0,0.0,0.0,0.0,0.0,0.0,0.0,0.0
RFB-0886,0.485648,34.629371,concrete_rcc,443,61100,27065000,True,"Risk Forge synthetic book: WorldPop-weighted placement on Kenyan land, attributes from metadata ranges; not a real portfolio",other,peri_urban,basin,1.1521,KE,0.0,0.0,0.0,0.0,0.0,0.0,0.0,0.0,0.0,0.0,0.0,0.0
RFB-0887,0.538008,35.272624,permanent_masonry,90,53500,4815000,True,"Risk Forge synthetic book: WorldPop-weighted placement on Kenyan land, attributes from metadata ranges; not a real portfolio",other,urban,basin,1.1521,KE,0.0,0.0,0.0,0.0,0.0,0.0,0.0,0.0,0.0,0.0,0.0,0.0
RFB-0888,0.127295,34.734859,permanent_masonry,115,51300,5900000,True,"Risk Forge synthetic book: WorldPop-weighted placement on Kenyan land, attributes from metadata ranges; not a real portfolio",other,urban,basin,1.1521,KE,0.0,0.0,0.0,0.0,0.0,0.0,0.0,0.0,0.0,0.0,0.0,0.0
RFB-0889,0.331943,34.354748,informal_iron_sheet,13,6400,85000,True,"Risk Forge synthetic book: WorldPop-weighted placement on Kenyan land, attributes from metadata ranges; not a real portfolio",Busia,peri_urban,basin,1.1521,KE,0.0,0.0,0.0,0.0,0.0,0.0,0.0,0.0,0.0,0.0,0.0,0.0
RFB-0890,0.47372,35.257502,permanent_masonry,84,42600,3580000,True,"Risk Forge synthetic book: WorldPop-weighted placement on Kenyan land, attributes from metadata ranges; not a real portfolio",other,urban,basin,1.1521,KE,0.0,0.0,0.0,0.0,0.0,0.0,0.0,0.0,0.0,0.0,0.0,0.0
RFB-0891,0.270417,34.77163,informal_iron_sheet,18,8700,155000,True,"Risk Forge synthetic book: WorldPop-weighted placement on Kenyan land, attributes from metadata ranges; not a real portfolio",other,urban,basin,1.1521,KE,0.0,0.0,0.0,0.0,0.0,0.0,0.0,0.0,0.0,0.0,0.0,0.0
RFB-0892,0.526847,35.314581,semi_permanent,42,15100,635000,True,"Risk Forge synthetic book: WorldPop-weighted placement on Kenyan land, attributes from metadata ranges; not a real portfolio",other,urban,basin,1.1521,KE,0.0,0.0,0.0,0.0,0.0,0.0,0.0,0.0,0.0,0.0,0.0,0.0
RFB-0893,-0.032236,34.920886,informal_iron_sheet,13,7000,90000,True,"Risk Forge synthetic book: WorldPop-weighted placement on Kenyan land, attributes from metadata ranges; not a real portfolio",other,rural,basin,1.1521,KE,0.0,0.0,0.0,0.0,0.0,0.0,0.0,0.0,0.0,0.0,0.0,0.0
RFB-0894,0.104465,35.184572,permanent_masonry,109,54500,5940000,True,"Risk Forge synthetic book: WorldPop-weighted placement on Kenyan land, attributes from metadata ranges; not a real portfolio",other,urban,basin,1.1521,KE,0.0,0.0,0.0,0.0,0.0,0.0,0.0,0.0,0.0,0.0,0.0,0.0
RFB-0895,0.053837,34.657805,semi_permanent,68,13200,900000,True,"Risk Forge synthetic book: WorldPop-weighted placement on Kenyan land, attributes from metadata ranges; not a real portfolio",other,peri_urban,basin,1.1521,KE,0.0,0.0,0.0,0.0,0.0,0.0,0.0,0.0,0.0,0.0,0.0,0.0
RFB-0896,-0.257849,35.386363,informal_iron_sheet,11,6900,75000,True,"Risk Forge synthetic book: WorldPop-weighted placement on Kenyan land, attributes from metadata ranges; not a real portfolio",other,rural,basin,1.1521,KE,0.0,0.0,0.0,0.0,0.0,0.0,0.0,0.0,0.0,0.0,0.0,0.0
RFB-0897,0.167817,34.551719,permanent_masonry,125,40200,5025000,True,"Risk Forge synthetic book: WorldPop-weighted placement on Kenyan land, attributes from metadata ranges; not a real portfolio",other,peri_urban,basin,1.1521,KE,0.0,0.0,0.0,0.0,0.0,0.0,0.0,0.0,0.0,0.0,0.0,0.0
RFB-0898,0.204183,34.271375,permanent_masonry,124,56600,7020000,True,"Risk Forge synthetic book: WorldPop-weighted placement on Kenyan land, attributes from metadata ranges; not a real portfolio",other,peri_urban,basin,1.1521,KE,0.0,0.0,0.0,0.0,0.0,0.0,0.0,0.0,0.0,0.0,0.0,0.0
RFB-0899,0.080579,34.351318,informal_iron_sheet,20,5500,110000,True,"Risk Forge synthetic book: WorldPop-weighted placement on Kenyan land, attributes from metadata ranges; not a real portfolio",other,rural,basin,1.1521,KE,0.0,0.0,0.0,0.0,0.0,0.0,0.0,0.0,0.0,0.0,0.0,0.0
RFB-0900,0.230938,34.811542,concrete_rcc,234,59400,13900000,True,"Risk Forge synthetic book: WorldPop-weighted placement on Kenyan land, attributes from metadata ranges; not a real portfolio",other,urban,basin,1.1521,KE,0.0,0.0,0.0,0.0,0.0,0.0,0.0,0.0,0.0,0.0,0.0,0.0
RFB-0901,-0.128007,34.754516,semi_permanent,43,15400,660000,True,"Risk Forge synthetic book: WorldPop-weighted placement on Kenyan land, attributes from metadata ranges; not a real portfolio",Kisumu,urban,basin,1.1521,KE,0.0,0.0,0.0,0.0,0.0,0.0,0.0,0.0,0.0,0.0,0.0,0.0
RFB-0902,0.515845,35.283808,permanent_masonry,148,49400,7310000,True,"Risk Forge synthetic book: WorldPop-weighted placement on Kenyan land, attributes from metadata ranges; not a real portfolio",other,urban,basin,1.1521,KE,0.0,0.0,0.0,0.0,0.0,0.0,0.0,0.0,0.0,0.0,0.0,0.0
RFB-0903,0.53186,34.473735,permanent_masonry,197,50500,9950000,True,"Risk Forge synthetic book: WorldPop-weighted placement on Kenyan land, attributes from metadata ranges; not a real portfolio",other,peri_urban,basin,1.1521,KE,0.0,0.0,0.0,0.0,0.0,0.0,0.0,0.0,0.0,0.0,0.0,0.0
RFB-0904,0.995788,35.227228,semi_permanent,35,10900,380000,True,"Risk Forge synthetic book: WorldPop-weighted placement on Kenyan land, attributes from metadata ranges; not a real portfolio",other,peri_urban,basin,1.1521,KE,0.0,0.0,0.0,0.0,0.0,0.0,0.0,0.0,0.0,0.0,0.0,0.0
RFB-0905,-0.112016,34.788051,concrete_rcc,608,78200,47545000,True,"Risk Forge synthetic book: WorldPop-weighted placement on Kenyan land, attributes from metadata ranges; not a real portfolio",Kisumu,urban,basin,1.1521,KE,0.0,0.0,0.0,0.0,0.0,0.0,0.0,0.0,0.0,0.0,0.0,0.0
RFB-0906,1.005698,35.055466,informal_iron_sheet,20,8700,175000,True,"Risk Forge synthetic book: WorldPop-weighted placement on Kenyan land, attributes from metadata ranges; not a real portfolio",Kitale,peri_urban,basin,1.1521,KE,0.0,0.0,0.0,0.0,0.0,0.0,0.0,0.0,0.0,0.0,0.0,0.0
RFB-0907,-0.087383,34.786801,informal_iron_sheet,14,7000,100000,True,"Risk Forge synthetic book: WorldPop-weighted placement on Kenyan land, attributes from metadata ranges; not a real portfolio",Kisumu,urban,basin,1.1521,KE,0.0,0.0,0.0,0.0,0.0,0.0,0.0,0.0,0.0,0.0,0.0,0.0
RFB-0908,0.547228,35.3239,concrete_rcc,257,69000,17735000,True,"Risk Forge synthetic book: WorldPop-weighted placement on Kenyan land, attributes from metadata ranges; not a real portfolio",other,urban,basin,1.1521,KE,0.0,0.0,0.0,0.0,0.0,0.0,0.0,0.0,0.0,0.0,0.0,0.0
RFB-0909,-0.266044,34.297927,semi_permanent,38,10700,405000,True,"Risk Forge synthetic book: WorldPop-weighted placement on Kenyan land, attributes from metadata ranges; not a real portfolio",other,rural,basin,1.1521,KE,0.0,0.0,0.0,0.0,0.0,0.0,0.0,0.0,0.0,0.0,0.0,0.0
RFB-0910,0.865433,35.113719,semi_permanent,51,9600,490000,True,"Risk Forge synthetic book: WorldPop-weighted placement on Kenyan land, attributes from metadata ranges; not a real portfolio",other,peri_urban,basin,1.1521,KE,0.0,0.0,0.0,0.0,0.0,0.0,0.0,0.0,0.0,0.0,0.0,0.0
RFB-0911,0.672494,34.771499,permanent_masonry,199,44700,8895000,True,"Risk Forge synthetic book: WorldPop-weighted placement on Kenyan land, attributes from metadata ranges; not a real portfolio",Webuye,peri_urban,basin,1.1521,KE,0.0,0.0,0.0,0.0,0.0,0.0,0.0,0.0,0.0,0.0,0.0,0.0
RFB-0912,0.059921,35.248075,permanent_masonry,153,53900,8245000,True,"Risk Forge synthetic book: WorldPop-weighted placement on Kenyan land, attributes from metadata ranges; not a real portfolio",other,urban,basin,1.1521,KE,0.0,0.0,0.0,0.0,0.0,0.0,0.0,0.0,0.0,0.0,0.0,0.0
RFB-0913,0.521491,35.25944,permanent_masonry,107,51800,5545000,True,"Risk Forge synthetic book: WorldPop-weighted placement on Kenyan land, attributes from metadata ranges; not a real portfolio",other,urban,basin,1.1521,KE,0.0,0.0,0.0,0.0,0.0,0.0,0.0,0.0,0.0,0.0,0.0,0.0
RFB-0914,0.481075,35.257011,permanent_masonry,99,51500,5100000,True,"Risk Forge synthetic book: WorldPop-weighted placement on Kenyan land, attributes from metadata ranges; not a real portfolio",other,urban,basin,1.1521,KE,0.0,0.0,0.0,0.0,0.0,0.0,0.0,0.0,0.0,0.0,0.0,0.0
RFB-0915,0.743387,34.611195,permanent_masonry,230,47800,10995000,True,"Risk Forge synthetic book: WorldPop-weighted placement on Kenyan land, attributes from metadata ranges; not a real portfolio",other,peri_urban,basin,1.1521,KE,0.0,0.0,0.0,0.0,0.0,0.0,0.0,0.0,0.0,0.0,0.0,0.0
RFB-0916,0.809569,34.442455,semi_permanent,39,13100,510000,True,"Risk Forge synthetic book: WorldPop-weighted placement on Kenyan land, attributes from metadata ranges; not a real portfolio",other,peri_urban,basin,1.1521,KE,0.0,0.0,0.0,0.0,0.0,0.0,0.0,0.0,0.0,0.0,0.0,0.0
RFB-0917,-0.034636,34.128158,semi_permanent,64,12100,775000,True,"Risk Forge synthetic book: WorldPop-weighted placement on Kenyan land, attributes from metadata ranges; not a real portfolio",Siaya,rural,basin,1.1521,KE,0.0,0.0,0.0,0.0,0.0,0.0,0.0,0.0,0.0,0.0,0.0,0.0
RFB-0918,0.275936,34.436282,semi_permanent,58,11600,675000,True,"Risk Forge synthetic book: WorldPop-weighted placement on Kenyan land, attributes from metadata ranges; not a real portfolio",Mumias,peri_urban,basin,1.1521,KE,0.0,0.0,0.0,0.0,0.0,0.0,0.0,0.0,0.0,0.0,0.0,0.0
RFB-0919,0.063408,34.632916,concrete_rcc,735,51200,37630000,True,"Risk Forge synthetic book: WorldPop-weighted placement on Kenyan land, attributes from metadata ranges; not a real portfolio",other,peri_urban,basin,1.1521,KE,0.0,0.0,0.0,0.0,0.0,0.0,0.0,0.0,0.0,0.0,0.0,0.0
RFB-0920,0.535095,35.302578,semi_permanent,52,15100,785000,True,"Risk Forge synthetic book: WorldPop-weighted placement on Kenyan land, attributes from metadata ranges; not a real portfolio",other,urban,basin,1.1521,KE,0.0,0.0,0.0,0.0,0.0,0.0,0.0,0.0,0.0,0.0,0.0,0.0
RFB-0921,0.426651,34.502996,semi_permanent,39,12400,485000,True,"Risk Forge synthetic book: WorldPop-weighted placement on Kenyan land, attributes from metadata ranges; not a real portfolio",Mumias,peri_urban,basin,1.1521,KE,0.0,0.0,0.0,0.0,0.0,0.0,0.0,0.0,0.0,0.0,0.0,0.0
RFB-0922,-0.094371,34.756664,permanent_masonry,276,42900,11840000,True,"Risk Forge synthetic book: WorldPop-weighted placement on Kenyan land, attributes from metadata ranges; not a real portfolio",Kisumu,urban,basin,1.1521,KE,0.0,0.0,0.0,0.0,0.0,0.0,0.0,0.0,0.0,0.0,0.0,0.0
RFB-0923,-0.087464,34.781496,permanent_masonry,149,47600,7090000,True,"Risk Forge synthetic book: WorldPop-weighted placement on Kenyan land, attributes from metadata ranges; not a real portfolio",Kisumu,urban,basin,1.1521,KE,0.0,0.0,0.0,0.0,0.0,0.0,0.0,0.0,0.0,0.0,0.0,0.0
RFB-0924,0.280307,34.745542,concrete_rcc,202,82500,16665000,True,"Risk Forge synthetic book: WorldPop-weighted placement on Kenyan land, attributes from metadata ranges; not a real portfolio",other,urban,basin,1.1521,KE,0.0,0.0,0.0,0.0,0.0,0.0,0.0,0.0,0.0,0.0,0.0,0.0
RFB-0925,0.179245,34.665292,informal_iron_sheet,17,8200,140000,True,"Risk Forge synthetic book: WorldPop-weighted placement on Kenyan land, attributes from metadata ranges; not a real portfolio",other,peri_urban,basin,1.1521,KE,0.0,0.0,0.0,0.0,0.0,0.0,0.0,0.0,0.0,0.0,0.0,0.0
RFB-0926,1.014292,34.908862,informal_iron_sheet,23,6800,155000,True,"Risk Forge synthetic book: WorldPop-weighted placement on Kenyan land, attributes from metadata ranges; not a real portfolio",Kitale,peri_urban,basin,1.1521,KE,0.0,0.0,0.0,0.0,0.0,0.0,0.0,0.0,0.0,0.0,0.0,0.0
RFB-0927,0.547373,34.297517,semi_permanent,37,10100,375000,True,"Risk Forge synthetic book: WorldPop-weighted placement on Kenyan land, attributes from metadata ranges; not a real portfolio",other,rural,basin,1.1521,KE,0.0,0.0,0.0,0.0,0.0,0.0,0.0,0.0,0.0,0.0,0.0,0.0
RFB-0928,0.307456,34.21768,informal_iron_sheet,14,8800,125000,True,"Risk Forge synthetic book: WorldPop-weighted placement on Kenyan land, attributes from metadata ranges; not a real portfolio",Bumala,peri_urban,basin,1.1521,KE,0.0,0.0,0.0,0.0,0.0,0.0,0.0,0.0,0.0,0.0,0.0,0.0
RFB-0929,0.482032,35.260034,permanent_masonry,76,63200,4805000,True,"Risk Forge synthetic book: WorldPop-weighted placement on Kenyan land, attributes from metadata ranges; not a real portfolio",other,urban,basin,1.1521,KE,0.0,0.0,0.0,0.0,0.0,0.0,0.0,0.0,0.0,0.0,0.0,0.0
RFB-0930,0.576893,34.140961,informal_iron_sheet,19,8000,150000,True,"Risk Forge synthetic book: WorldPop-weighted placement on Kenyan land, attributes from metadata ranges; not a real portfolio",other,peri_urban,basin,1.1521,KE,0.0,0.0,0.0,0.0,0.0,0.0,0.0,0.0,0.0,0.0,0.0,0.0
RFB-0931,0.154567,35.141155,semi_permanent,39,14300,560000,True,"Risk Forge synthetic book: WorldPop-weighted placement on Kenyan land, attributes from metadata ranges; not a real portfolio",other,peri_urban,basin,1.1521,KE,0.0,0.0,0.0,0.0,0.0,0.0,0.0,0.0,0.0,0.0,0.0,0.0
RFB-0932,0.689216,35.363521,semi_permanent,29,15100,440000,True,"Risk Forge synthetic book: WorldPop-weighted placement on Kenyan land, attributes from metadata ranges; not a real portfolio",other,rural,basin,1.1521,KE,0.0,0.0,0.0,0.0,0.0,0.0,0.0,0.0,0.0,0.0,0.0,0.0
RFB-0933,-0.084353,34.787112,permanent_masonry,143,56100,8020000,True,"Risk Forge synthetic book: WorldPop-weighted placement on Kenyan land, attributes from metadata ranges; not a real portfolio",Kisumu,urban,basin,1.1521,KE,0.0,0.0,0.0,0.0,0.0,0.0,0.0,0.0,0.0,0.0,0.0,0.0
RFB-0934,0.737129,34.590295,permanent_masonry,250,58700,14675000,True,"Risk Forge synthetic book: WorldPop-weighted placement on Kenyan land, attributes from metadata ranges; not a real portfolio",other,urban,basin,1.1521,KE,0.0,0.0,0.0,0.0,0.0,0.0,0.0,0.0,0.0,0.0,0.0,0.0
RFB-0935,0.127752,34.711857,permanent_masonry,223,47100,10505000,True,"Risk Forge synthetic book: WorldPop-weighted placement on Kenyan land, attributes from metadata ranges; not a real portfolio",other,urban,basin,1.1521,KE,0.0,0.0,0.0,0.0,0.0,0.0,0.0,0.0,0.0,0.0,0.0,0.0
RFB-0936,0.414152,34.13788,semi_permanent,42,13300,560000,True,"Risk Forge synthetic book: WorldPop-weighted placement on Kenyan land, attributes from metadata ranges; not a real portfolio",other,peri_urban,basin,1.1521,KE,0.0,0.0,0.0,0.0,0.0,0.0,0.0,0.0,0.0,0.0,0.0,0.0
RFB-0937,0.113505,34.567908,informal_iron_sheet,22,7500,165000,True,"Risk Forge synthetic book: WorldPop-weighted placement on Kenyan land, attributes from metadata ranges; not a real portfolio",other,urban,basin,1.1521,KE,0.0,0.0,0.0,0.0,0.0,0.0,0.0,0.0,0.0,0.0,0.0,0.0
RFB-0938,0.511777,35.279298,permanent_masonry,76,50200,3815000,True,"Risk Forge synthetic book: WorldPop-weighted placement on Kenyan land, attributes from metadata ranges; not a real portfolio",other,urban,basin,1.1521,KE,0.0,0.0,0.0,0.0,0.0,0.0,0.0,0.0,0.0,0.0,0.0,0.0
RFB-0939,0.544758,35.301425,concrete_rcc,463,77100,35695000,True,"Risk Forge synthetic book: WorldPop-weighted placement on Kenyan land, attributes from metadata ranges; not a real portfolio",other,urban,basin,1.1521,KE,0.0,0.0,0.0,0.0,0.0,0.0,0.0,0.0,0.0,0.0,0.0,0.0
RFB-0940,0.215167,34.427815,informal_iron_sheet,20,7000,140000,True,"Risk Forge synthetic book: WorldPop-weighted placement on Kenyan land, attributes from metadata ranges; not a real portfolio",other,peri_urban,basin,1.1521,KE,0.0,0.0,0.0,0.0,0.0,0.0,0.0,0.0,0.0,0.0,0.0,0.0
RFB-0941,-0.145525,34.8356,permanent_masonry,141,56700,7995000,True,"Risk Forge synthetic book: WorldPop-weighted placement on Kenyan land, attributes from metadata ranges; not a real portfolio",Kisumu,peri_urban,basin,1.1521,KE,0.0,0.0,0.0,0.0,0.0,0.0,0.0,0.0,0.0,0.0,0.0,0.0
RFB-0942,0.17065,34.739242,semi_permanent,28,11300,315000,True,"Risk Forge synthetic book: WorldPop-weighted placement on Kenyan land, attributes from metadata ranges; not a real portfolio",other,peri_urban,basin,1.1521,KE,0.0,0.0,0.0,0.0,0.0,0.0,0.0,0.0,0.0,0.0,0.0,0.0
RFB-0943,1.19654,34.971957,informal_iron_sheet,19,7000,135000,True,"Risk Forge synthetic book: WorldPop-weighted placement on Kenyan land, attributes from metadata ranges; not a real portfolio",other,rural,basin,1.1521,KE,0.0,0.0,0.0,0.0,0.0,0.0,0.0,0.0,0.0,0.0,0.0,0.0
RFB-0944,1.094149,34.806689,permanent_masonry,112,45500,5095000,True,"Risk Forge synthetic book: WorldPop-weighted placement on Kenyan land, attributes from metadata ranges; not a real portfolio",other,rural,basin,1.1521,KE,0.0,0.0,0.0,0.0,0.0,0.0,0.0,0.0,0.0,0.0,0.0,0.0
RFB-0945,0.728272,34.790422,informal_iron_sheet,22,7500,165000,True,"Risk Forge synthetic book: WorldPop-weighted placement on Kenyan land, attributes from metadata ranges; not a real portfolio",Bungoma,peri_urban,basin,1.1521,KE,0.0,0.0,0.0,0.0,0.0,0.0,0.0,0.0,0.0,0.0,0.0,0.0
RFB-0946,0.545562,35.301243,permanent_masonry,131,49500,6485000,True,"Risk Forge synthetic book: WorldPop-weighted placement on Kenyan land, attributes from metadata ranges; not a real portfolio",other,urban,basin,1.1521,KE,0.0,0.0,0.0,0.0,0.0,0.0,0.0,0.0,0.0,0.0,0.0,0.0
RFB-0947,0.812041,34.957841,semi_permanent,53,8400,445000,True,"Risk Forge synthetic book: WorldPop-weighted placement on Kenyan land, attributes from metadata ranges; not a real portfolio",other,rural,basin,1.1521,KE,0.0,0.0,0.0,0.0,0.0,0.0,0.0,0.0,0.0,0.0,0.0,0.0
RFB-0948,-0.132201,34.465136,semi_permanent,36,11000,395000,True,"Risk Forge synthetic book: WorldPop-weighted placement on Kenyan land, attributes from metadata ranges; not a real portfolio",other,peri_urban,basin,1.1521,KE,0.0,0.0,0.0,0.0,0.0,0.0,0.0,0.0,0.0,0.0,0.0,0.0
RFB-0949,0.631061,34.469725,semi_permanent,27,15400,415000,True,"Risk Forge synthetic book: WorldPop-weighted placement on Kenyan land, attributes from metadata ranges; not a real portfolio",other,peri_urban,basin,1.1521,KE,0.0,0.0,0.0,0.0,0.0,0.0,0.0,0.0,0.0,0.0,0.0,0.0
RFB-0950,0.460038,34.363032,informal_iron_sheet,18,6100,110000,True,"Risk Forge synthetic book: WorldPop-weighted placement on Kenyan land, attributes from metadata ranges; not a real portfolio",other,peri_urban,basin,1.1521,KE,0.0,0.0,0.0,0.0,0.0,0.0,0.0,0.0,0.0,0.0,0.0,0.0
RFB-0951,0.837836,34.650967,concrete_rcc,258,80100,20665000,True,"Risk Forge synthetic book: WorldPop-weighted placement on Kenyan land, attributes from metadata ranges; not a real portfolio",Bungoma,peri_urban,basin,1.1521,KE,0.0,0.0,0.0,0.0,0.0,0.0,0.0,0.0,0.0,0.0,0.0,0.0
RFB-0952,0.588775,34.78534,permanent_masonry,125,49700,6210000,True,"Risk Forge synthetic book: WorldPop-weighted placement on Kenyan land, attributes from metadata ranges; not a real portfolio",Webuye,urban,basin,1.1521,KE,0.0,0.0,0.0,0.0,0.0,0.0,0.0,0.0,0.0,0.0,0.0,0.0
RFB-0953,0.335668,34.827789,permanent_masonry,117,40600,4750000,True,"Risk Forge synthetic book: WorldPop-weighted placement on Kenyan land, attributes from metadata ranges; not a real portfolio",other,peri_urban,basin,1.1521,KE,0.0,0.0,0.0,0.0,0.0,0.0,0.0,0.0,0.0,0.0,0.0,0.0
RFB-0954,0.4932,34.162575,permanent_masonry,178,52300,9310000,True,"Risk Forge synthetic book: WorldPop-weighted placement on Kenyan land, attributes from metadata ranges; not a real portfolio",other,peri_urban,basin,1.1521,KE,0.0,0.0,0.0,0.0,0.0,0.0,0.0,0.0,0.0,0.0,0.0,0.0
RFB-0955,0.978444,34.834422,permanent_masonry,218,38400,8370000,True,"Risk Forge synthetic book: WorldPop-weighted placement on Kenyan land, attributes from metadata ranges; not a real portfolio",other,peri_urban,basin,1.1521,KE,0.0,0.0,0.0,0.0,0.0,0.0,0.0,0.0,0.0,0.0,0.0,0.0
RFB-0956,0.100956,35.191173,permanent_masonry,129,49300,6360000,True,"Risk Forge synthetic book: WorldPop-weighted placement on Kenyan land, attributes from metadata ranges; not a real portfolio",other,urban,basin,1.1521,KE,0.0,0.0,0.0,0.0,0.0,0.0,0.0,0.0,0.0,0.0,0.0,0.0
RFB-0957,-0.160615,34.798868,semi_permanent,48,13900,665000,True,"Risk Forge synthetic book: WorldPop-weighted placement on Kenyan land, attributes from metadata ranges; not a real portfolio",Kisumu,peri_urban,basin,1.1521,KE,0.0,0.0,0.0,0.0,0.0,0.0,0.0,0.0,0.0,0.0,0.0,0.0
RFB-0958,0.690758,35.219998,informal_iron_sheet,13,7900,105000,True,"Risk Forge synthetic book: WorldPop-weighted placement on Kenyan land, attributes from metadata ranges; not a real portfolio",other,rural,basin,1.1521,KE,0.0,0.0,0.0,0.0,0.0,0.0,0.0,0.0,0.0,0.0,0.0,0.0
RFB-0959,0.711896,34.73992,informal_iron_sheet,13,6300,80000,True,"Risk Forge synthetic book: WorldPop-weighted placement on Kenyan land, attributes from metadata ranges; not a real portfolio",Bungoma,peri_urban,basin,1.1521,KE,0.0,0.0,0.0,0.0,0.0,0.0,0.0,0.0,0.0,0.0,0.0,0.0
RFB-0960,0.096146,34.84587,permanent_masonry,92,54900,5050000,True,"Risk Forge synthetic book: WorldPop-weighted placement on Kenyan land, attributes from metadata ranges; not a real portfolio",other,urban,basin,1.1521,KE,0.0,0.0,0.0,0.0,0.0,0.0,0.0,0.0,0.0,0.0,0.0,0.0
RFB-0961,0.46572,34.102237,permanent_masonry,115,52100,5990000,True,"Risk Forge synthetic book: WorldPop-weighted placement on Kenyan land, attributes from metadata ranges; not a real portfolio",other,urban,basin,1.1521,KE,0.0,0.0,0.0,0.0,0.0,0.0,0.0,0.0,0.0,0.0,0.0,0.0
RFB-0962,1.051627,34.987856,semi_permanent,46,14900,685000,True,"Risk Forge synthetic book: WorldPop-weighted placement on Kenyan land, attributes from metadata ranges; not a real portfolio",Kitale,urban,basin,1.1521,KE,0.0,0.0,0.0,0.0,0.0,0.0,0.0,0.0,0.0,0.0,0.0,0.0
RFB-0963,1.03469,34.984762,permanent_masonry,103,46900,4830000,True,"Risk Forge synthetic book: WorldPop-weighted placement on Kenyan land, attributes from metadata ranges; not a real portfolio",Kitale,urban,basin,1.1521,KE,0.0,0.0,0.0,0.0,0.0,0.0,0.0,0.0,0.0,0.0,0.0,0.0
RFB-0964,-0.18742,34.930184,semi_permanent,42,9900,415000,True,"Risk Forge synthetic book: WorldPop-weighted placement on Kenyan land, attributes from metadata ranges; not a real portfolio",other,peri_urban,basin,1.1521,KE,0.0,0.0,0.0,0.0,0.0,0.0,0.0,0.0,0.0,0.0,0.0,0.0
RFB-0965,0.122189,34.348397,semi_permanent,48,9900,475000,True,"Risk Forge synthetic book: WorldPop-weighted placement on Kenyan land, attributes from metadata ranges; not a real portfolio",other,peri_urban,basin,1.1521,KE,0.0,0.0,0.0,0.0,0.0,0.0,0.0,0.0,0.0,0.0,0.0,0.0
RFB-0966,0.382391,34.659069,semi_permanent,68,11300,770000,True,"Risk Forge synthetic book: WorldPop-weighted placement on Kenyan land, attributes from metadata ranges; not a real portfolio",other,peri_urban,basin,1.1521,KE,0.0,0.0,0.0,0.0,0.0,0.0,0.0,0.0,0.0,0.0,0.0,0.0
RFB-0967,0.809768,34.70938,permanent_masonry,158,50600,7995000,True,"Risk Forge synthetic book: WorldPop-weighted placement on Kenyan land, attributes from metadata ranges; not a real portfolio",Bungoma,peri_urban,basin,1.1521,KE,0.0,0.0,0.0,0.0,0.0,0.0,0.0,0.0,0.0,0.0,0.0,0.0
RFB-0968,-0.090867,34.785672,semi_permanent,55,14000,770000,True,"Risk Forge synthetic book: WorldPop-weighted placement on Kenyan land, attributes from metadata ranges; not a real portfolio",Kisumu,urban,basin,1.1521,KE,0.0,0.0,0.0,0.0,0.0,0.0,0.0,0.0,0.0,0.0,0.0,0.0
RFB-0969,0.527806,35.251637,concrete_rcc,355,68500,24320000,True,"Risk Forge synthetic book: WorldPop-weighted placement on Kenyan land, attributes from metadata ranges; not a real portfolio",other,urban,basin,1.1521,KE,0.0,0.0,0.0,0.0,0.0,0.0,0.0,0.0,0.0,0.0,0.0,0.0
RFB-0970,0.563253,34.801108,permanent_masonry,125,61800,7725000,True,"Risk Forge synthetic book: WorldPop-weighted placement on Kenyan land, attributes from metadata ranges; not a real portfolio",Webuye,urban,basin,1.1521,KE,0.0,0.0,0.0,0.0,0.0,0.0,0.0,0.0,0.0,0.0,0.0,0.0
RFB-0971,0.064862,35.122737,permanent_masonry,109,60400,6585000,True,"Risk Forge synthetic book: WorldPop-weighted placement on Kenyan land, attributes from metadata ranges; not a real portfolio",other,rural,basin,1.1521,KE,0.0,0.0,0.0,0.0,0.0,0.0,0.0,0.0,0.0,0.0,0.0,0.0
RFB-0972,0.029935,34.535563,concrete_rcc,869,71000,61700000,True,"Risk Forge synthetic book: WorldPop-weighted placement on Kenyan land, attributes from metadata ranges; not a real portfolio",other,peri_urban,basin,1.1521,KE,0.0,0.0,0.0,0.0,0.0,0.0,0.0,0.0,0.0,0.0,0.0,0.0
RFB-0973,1.173479,34.814374,informal_iron_sheet,18,6400,115000,True,"Risk Forge synthetic book: WorldPop-weighted placement on Kenyan land, attributes from metadata ranges; not a real portfolio",other,rural,basin,1.1521,KE,0.0,0.0,0.0,0.0,0.0,0.0,0.0,0.0,0.0,0.0,0.0,0.0
RFB-0974,0.325908,34.502601,informal_iron_sheet,17,9600,165000,True,"Risk Forge synthetic book: WorldPop-weighted placement on Kenyan land, attributes from metadata ranges; not a real portfolio",Mumias,urban,basin,1.1521,KE,0.0,0.0,0.0,0.0,0.0,0.0,0.0,0.0,0.0,0.0,0.0,0.0
RFB-0975,0.549074,35.245418,semi_permanent,46,14000,645000,True,"Risk Forge synthetic book: WorldPop-weighted placement on Kenyan land, attributes from metadata ranges; not a real portfolio",other,urban,basin,1.1521,KE,0.0,0.0,0.0,0.0,0.0,0.0,0.0,0.0,0.0,0.0,0.0,0.0
RFB-0976,-0.158978,34.922616,semi_permanent,65,12600,820000,True,"Risk Forge synthetic book: WorldPop-weighted placement on Kenyan land, attributes from metadata ranges; not a real portfolio",other,peri_urban,basin,1.1521,KE,0.0,0.0,0.0,0.0,0.0,0.0,0.0,0.0,0.0,0.0,0.0,0.0
RFB-0977,0.574416,34.265594,informal_iron_sheet,15,6800,100000,True,"Risk Forge synthetic book: WorldPop-weighted placement on Kenyan land, attributes from metadata ranges; not a real portfolio",other,peri_urban,basin,1.1521,KE,0.0,0.0,0.0,0.0,0.0,0.0,0.0,0.0,0.0,0.0,0.0,0.0
RFB-0978,0.587005,34.42053,permanent_masonry,88,43100,3795000,True,"Risk Forge synthetic book: WorldPop-weighted placement on Kenyan land, attributes from metadata ranges; not a real portfolio",other,peri_urban,basin,1.1521,KE,0.0,0.0,0.0,0.0,0.0,0.0,0.0,0.0,0.0,0.0,0.0,0.0
RFB-0979,0.204298,35.094692,permanent_masonry,75,53500,4010000,True,"Risk Forge synthetic book: WorldPop-weighted placement on Kenyan land, attributes from metadata ranges; not a real portfolio",other,urban,basin,1.1521,KE,0.0,0.0,0.0,0.0,0.0,0.0,0.0,0.0,0.0,0.0,0.0,0.0
RFB-0980,-0.086444,34.780358,permanent_masonry,272,53100,14445000,True,"Risk Forge synthetic book: WorldPop-weighted placement on Kenyan land, attributes from metadata ranges; not a real portfolio",Kisumu,urban,basin,1.1521,KE,0.0,0.0,0.0,0.0,0.0,0.0,0.0,0.0,0.0,0.0,0.0,0.0
RFB-0981,0.222232,35.135607,semi_permanent,38,14700,560000,True,"Risk Forge synthetic book: WorldPop-weighted placement on Kenyan land, attributes from metadata ranges; not a real portfolio",other,peri_urban,basin,1.1521,KE,0.0,0.0,0.0,0.0,0.0,0.0,0.0,0.0,0.0,0.0,0.0,0.0
RFB-0982,0.314642,34.093855,informal_iron_sheet,22,6700,145000,True,"Risk Forge synthetic book: WorldPop-weighted placement on Kenyan land, attributes from metadata ranges; not a real portfolio",other,peri_urban,basin,1.1521,KE,0.0,0.0,0.0,0.0,0.0,0.0,0.0,0.0,0.0,0.0,0.0,0.0
RFB-0983,0.879163,34.793196,semi_permanent,68,10500,715000,True,"Risk Forge synthetic book: WorldPop-weighted placement on Kenyan land, attributes from metadata ranges; not a real portfolio",other,peri_urban,basin,1.1521,KE,0.0,0.0,0.0,0.0,0.0,0.0,0.0,0.0,0.0,0.0,0.0,0.0
RFB-0984,0.64086,34.27755,semi_permanent,38,10700,405000,True,"Risk Forge synthetic book: WorldPop-weighted placement on Kenyan land, attributes from metadata ranges; not a real portfolio",other,urban,basin,1.1521,KE,0.0,0.0,0.0,0.0,0.0,0.0,0.0,0.0,0.0,0.0,0.0,0.0
RFB-0985,0.050968,34.829618,semi_permanent,75,14700,1100000,True,"Risk Forge synthetic book: WorldPop-weighted placement on Kenyan land, attributes from metadata ranges; not a real portfolio",other,peri_urban,basin,1.1521,KE,0.0,0.0,0.0,0.0,0.0,0.0,0.0,0.0,0.0,0.0,0.0,0.0
RFB-0986,0.842901,34.588498,permanent_masonry,186,47200,8780000,True,"Risk Forge synthetic book: WorldPop-weighted placement on Kenyan land, attributes from metadata ranges; not a real portfolio",other,peri_urban,basin,1.1521,KE,0.0,0.0,0.0,0.0,0.0,0.0,0.0,0.0,0.0,0.0,0.0,0.0
RFB-0987,-0.111485,34.782411,semi_permanent,55,12600,695000,True,"Risk Forge synthetic book: WorldPop-weighted placement on Kenyan land, attributes from metadata ranges; not a real portfolio",Kisumu,urban,basin,1.1521,KE,0.0,0.0,0.0,0.0,0.0,0.0,0.0,0.0,0.0,0.0,0.0,0.0
RFB-0988,-0.122701,34.760909,concrete_rcc,150,67100,10065000,True,"Risk Forge synthetic book: WorldPop-weighted placement on Kenyan land, attributes from metadata ranges; not a real portfolio",Kisumu,urban,basin,1.1521,KE,0.0,0.0,0.0,0.0,0.0,0.0,0.0,0.0,0.0,0.0,0.0,0.0
RFB-0989,0.222283,34.706029,permanent_masonry,132,56000,7390000,True,"Risk Forge synthetic book: WorldPop-weighted placement on Kenyan land, attributes from metadata ranges; not a real portfolio",other,peri_urban,basin,1.1521,KE,0.0,0.0,0.0,0.0,0.0,0.0,0.0,0.0,0.0,0.0,0.0,0.0
RFB-0990,0.589941,34.555141,semi_permanent,29,13200,385000,True,"Risk Forge synthetic book: WorldPop-weighted placement on Kenyan land, attributes from metadata ranges; not a real portfolio",other,urban,basin,1.1521,KE,0.0,0.0,0.0,0.0,0.0,0.0,0.0,0.0,0.0,0.0,0.0,0.0
RFB-0991,-0.092767,34.790857,semi_permanent,28,9900,275000,True,"Risk Forge synthetic book: WorldPop-weighted placement on Kenyan land, attributes from metadata ranges; not a real portfolio",Kisumu,urban,basin,1.1521,KE,0.0,0.0,0.0,0.0,0.0,0.0,0.0,0.0,0.0,0.0,0.0,0.0
RFB-0992,0.053981,34.732651,permanent_masonry,158,46200,7300000,True,"Risk Forge synthetic book: WorldPop-weighted placement on Kenyan land, attributes from metadata ranges; not a real portfolio",other,urban,basin,1.1521,KE,0.0,0.0,0.0,0.0,0.0,0.0,0.0,0.0,0.0,0.0,0.0,0.0
RFB-0993,0.115704,34.803947,semi_permanent,41,8900,365000,True,"Risk Forge synthetic book: WorldPop-weighted placement on Kenyan land, attributes from metadata ranges; not a real portfolio",other,peri_urban,basin,1.1521,KE,0.0,0.0,0.0,0.0,0.0,0.0,0.0,0.0,0.0,0.0,0.0,0.0
RFB-0994,0.835024,34.78679,semi_permanent,71,10400,740000,True,"Risk Forge synthetic book: WorldPop-weighted placement on Kenyan land, attributes from metadata ranges; not a real portfolio",Bungoma,peri_urban,basin,1.1521,KE,0.0,0.0,0.0,0.0,0.0,0.0,0.0,0.0,0.0,0.0,0.0,0.0
RFB-0995,0.260375,34.756704,permanent_masonry,116,54800,6355000,True,"Risk Forge synthetic book: WorldPop-weighted placement on Kenyan land, attributes from metadata ranges; not a real portfolio",other,urban,basin,1.1521,KE,0.0,0.0,0.0,0.0,0.0,0.0,0.0,0.0,0.0,0.0,0.0,0.0
RFB-0996,0.034113,35.383916,concrete_rcc,625,70900,44310000,True,"Risk Forge synthetic book: WorldPop-weighted placement on Kenyan land, attributes from metadata ranges; not a real portfolio",other,rural,basin,1.1521,KE,0.0,0.0,0.0,0.0,0.0,0.0,0.0,0.0,0.0,0.0,0.0,0.0
RFB-0997,0.692506,35.230942,informal_iron_sheet,22,8900,195000,True,"Risk Forge synthetic book: WorldPop-weighted placement on Kenyan land, attributes from metadata ranges; not a real portfolio",other,rural,basin,1.1521,KE,0.0,0.0,0.0,0.0,0.0,0.0,0.0,0.0,0.0,0.0,0.0,0.0
RFB-0998,0.638161,34.290056,permanent_masonry,122,54800,6685000,True,"Risk Forge synthetic book: WorldPop-weighted placement on Kenyan land, attributes from metadata ranges; not a real portfolio",other,urban,basin,1.1521,KE,0.0,0.0,0.0,0.0,0.0,0.0,0.0,0.0,0.0,0.0,0.0,0.0
RFB-0999,0.468526,34.773757,informal_iron_sheet,15,9200,140000,True,"Risk Forge synthetic book: WorldPop-weighted placement on Kenyan land, attributes from metadata ranges; not a real portfolio",Kakamega,peri_urban,basin,1.1521,KE,0.0,0.0,0.0,0.0,0.0,0.0,0.0,0.0,0.0,0.0,0.0,0.0
RFB-1000,0.04478,34.575567,concrete_rcc,478,68700,32840000,True,"Risk Forge synthetic book: WorldPop-weighted placement on Kenyan land, attributes from metadata ranges; not a real portfolio",other,urban,basin,1.1521,KE,0.0,0.0,0.0,0.0,0.0,0.0,0.0,0.0,0.0,0.0,0.0,0.0
RFB-1001,0.956403,35.080008,permanent_masonry,266,42700,11360000,True,"Risk Forge synthetic book: WorldPop-weighted placement on Kenyan land, attributes from metadata ranges; not a real portfolio",Kitale,peri_urban,basin,1.1521,KE,0.0,0.0,0.0,0.0,0.0,0.0,0.0,0.0,0.0,0.0,0.0,0.0
RFB-1002,0.154005,34.920123,permanent_masonry,111,55200,6125000,True,"Risk Forge synthetic book: WorldPop-weighted placement on Kenyan land, attributes from metadata ranges; not a real portfolio",other,peri_urban,basin,1.1521,KE,0.0,0.0,0.0,0.0,0.0,0.0,0.0,0.0,0.0,0.0,0.0,0.0
RFB-1003,0.297626,34.717601,informal_iron_sheet,15,8400,125000,True,"Risk Forge synthetic book: WorldPop-weighted placement on Kenyan land, attributes from metadata ranges; not a real portfolio",other,peri_urban,basin,1.1521,KE,0.0,0.0,0.0,0.0,0.0,0.0,0.0,0.0,0.0,0.0,0.0,0.0
RFB-1004,0.140189,34.214721,semi_permanent,35,12900,450000,True,"Risk Forge synthetic book: WorldPop-weighted placement on Kenyan land, attributes from metadata ranges; not a real portfolio",other,rural,basin,1.1521,KE,0.0,0.0,0.0,0.0,0.0,0.0,0.0,0.0,0.0,0.0,0.0,0.0
RFB-1005,0.81889,35.103498,informal_iron_sheet,15,9700,145000,True,"Risk Forge synthetic book: WorldPop-weighted placement on Kenyan land, attributes from metadata ranges; not a real portfolio",other,peri_urban,basin,1.1521,KE,0.0,0.0,0.0,0.0,0.0,0.0,0.0,0.0,0.0,0.0,0.0,0.0
RFB-1006,-0.155149,34.429731,concrete_rcc,578,56200,32485000,True,"Risk Forge synthetic book: WorldPop-weighted placement on Kenyan land, attributes from metadata ranges; not a real portfolio",other,peri_urban,basin,1.1521,KE,0.0,0.0,0.0,0.0,0.0,0.0,0.0,0.0,0.0,0.0,0.0,0.0
RFB-1007,0.821982,35.128154,permanent_masonry,149,42700,6360000,True,"Risk Forge synthetic book: WorldPop-weighted placement on Kenyan land, attributes from metadata ranges; not a real portfolio",other,urban,basin,1.1521,KE,0.0,0.0,0.0,0.0,0.0,0.0,0.0,0.0,0.0,0.0,0.0,0.0
RFB-1008,0.028343,35.235993,semi_permanent,50,9400,470000,True,"Risk Forge synthetic book: WorldPop-weighted placement on Kenyan land, attributes from metadata ranges; not a real portfolio",other,rural,basin,1.1521,KE,0.0,0.0,0.0,0.0,0.0,0.0,0.0,0.0,0.0,0.0,0.0,0.0
RFB-1009,1.247952,35.123111,semi_permanent,38,14100,535000,True,"Risk Forge synthetic book: WorldPop-weighted placement on Kenyan land, attributes from metadata ranges; not a real portfolio",other,urban,basin,1.1521,KE,0.0,0.0,0.0,0.0,0.0,0.0,0.0,0.0,0.0,0.0,0.0,0.0
RFB-1010,0.128924,34.764952,concrete_rcc,250,68800,17200000,True,"Risk Forge synthetic book: WorldPop-weighted placement on Kenyan land, attributes from metadata ranges; not a real portfolio",other,peri_urban,basin,1.1521,KE,0.0,0.0,0.0,0.0,0.0,0.0,0.0,0.0,0.0,0.0,0.0,0.0
RFB-1011,0.588647,34.776521,semi_permanent,70,10900,765000,True,"Risk Forge synthetic book: WorldPop-weighted placement on Kenyan land, attributes from metadata ranges; not a real portfolio",Webuye,urban,basin,1.1521,KE,0.0,0.0,0.0,0.0,0.0,0.0,0.0,0.0,0.0,0.0,0.0,0.0
RFB-1012,0.532235,35.279221,concrete_rcc,265,70600,18710000,True,"Risk Forge synthetic book: WorldPop-weighted placement on Kenyan land, attributes from metadata ranges; not a real portfolio",other,urban,basin,1.1521,KE,0.0,0.0,0.0,0.0,0.0,0.0,0.0,0.0,0.0,0.0,0.0,0.0
RFB-1013,-0.073442,34.776473,permanent_masonry,91,46000,4185000,True,"Risk Forge synthetic book: WorldPop-weighted placement on Kenyan land, attributes from metadata ranges; not a real portfolio",Kisumu,urban,basin,1.1521,KE,0.0,0.0,0.0,0.0,0.0,0.0,0.0,0.0,0.0,0.0,0.0,0.0
RFB-1014,0.517534,35.284638,permanent_masonry,68,52900,3595000,True,"Risk Forge synthetic book: WorldPop-weighted placement on Kenyan land, attributes from metadata ranges; not a real portfolio",other,urban,basin,1.1521,KE,0.0,0.0,0.0,0.0,0.0,0.0,0.0,0.0,0.0,0.0,0.0,0.0
RFB-1015,0.355113,34.734695,informal_iron_sheet,21,7200,150000,True,"Risk Forge synthetic book: WorldPop-weighted placement on Kenyan land, attributes from metadata ranges; not a real portfolio",other,peri_urban,basin,1.1521,KE,0.0,0.0,0.0,0.0,0.0,0.0,0.0,0.0,0.0,0.0,0.0,0.0
RFB-1016,0.255814,34.772995,informal_iron_sheet,11,8300,90000,True,"Risk Forge synthetic book: WorldPop-weighted placement on Kenyan land, attributes from metadata ranges; not a real portfolio",other,peri_urban,basin,1.1521,KE,0.0,0.0,0.0,0.0,0.0,0.0,0.0,0.0,0.0,0.0,0.0,0.0
RFB-1017,1.232257,35.156302,semi_permanent,63,13400,845000,True,"Risk Forge synthetic book: WorldPop-weighted placement on Kenyan land, attributes from metadata ranges; not a real portfolio",other,rural,basin,1.1521,KE,0.0,0.0,0.0,0.0,0.0,0.0,0.0,0.0,0.0,0.0,0.0,0.0
RFB-1018,0.162571,34.028765,concrete_rcc,506,69300,35065000,True,"Risk Forge synthetic book: WorldPop-weighted placement on Kenyan land, attributes from metadata ranges; not a real portfolio",Sio Port,peri_urban,basin,1.1521,KE,0.0,0.0,0.0,0.0,0.0,0.0,0.0,0.0,0.0,0.0,0.0,0.0
RFB-1019,-0.1227,34.768429,semi_permanent,40,13600,545000,True,"Risk Forge synthetic book: WorldPop-weighted placement on Kenyan land, attributes from metadata ranges; not a real portfolio",Kisumu,urban,basin,1.1521,KE,0.0,0.0,0.0,0.0,0.0,0.0,0.0,0.0,0.0,0.0,0.0,0.0
RFB-1020,0.514276,35.258938,permanent_masonry,262,56500,14805000,True,"Risk Forge synthetic book: WorldPop-weighted placement on Kenyan land, attributes from metadata ranges; not a real portfolio",other,urban,basin,1.1521,KE,0.0,0.0,0.0,0.0,0.0,0.0,0.0,0.0,0.0,0.0,0.0,0.0
RFB-1021,0.000625,35.359334,permanent_masonry,159,55200,8775000,True,"Risk Forge synthetic book: WorldPop-weighted placement on Kenyan land, attributes from metadata ranges; not a real portfolio",other,peri_urban,basin,1.1521,KE,0.0,0.0,0.0,0.0,0.0,0.0,0.0,0.0,0.0,0.0,0.0,0.0
RFB-1022,0.694883,34.565624,permanent_masonry,115,50400,5795000,True,"Risk Forge synthetic book: WorldPop-weighted placement on Kenyan land, attributes from metadata ranges; not a real portfolio",other,peri_urban,basin,1.1521,KE,0.0,0.0,0.0,0.0,0.0,0.0,0.0,0.0,0.0,0.0,0.0,0.0
RFB-1023,0.334279,34.944536,concrete_rcc,764,61900,47290000,True,"Risk Forge synthetic book: WorldPop-weighted placement on Kenyan land, attributes from metadata ranges; not a real portfolio",other,peri_urban,basin,1.1521,KE,0.0,0.0,0.0,0.0,0.0,0.0,0.0,0.0,0.0,0.0,0.0,0.0
RFB-1024,0.659341,34.701312,concrete_rcc,694,57300,39765000,True,"Risk Forge synthetic book: WorldPop-weighted placement on Kenyan land, attributes from metadata ranges; not a real portfolio",Webuye,peri_urban,basin,1.1521,KE,0.0,0.0,0.0,0.0,0.0,0.0,0.0,0.0,0.0,0.0,0.0,0.0
RFB-1025,0.736297,34.715704,permanent_masonry,182,45900,8355000,True,"Risk Forge synthetic book: WorldPop-weighted placement on Kenyan land, attributes from metadata ranges; not a real portfolio",Bungoma,peri_urban,basin,1.1521,KE,0.0,0.0,0.0,0.0,0.0,0.0,0.0,0.0,0.0,0.0,0.0,0.0
RFB-1026,0.222863,34.490688,semi_permanent,70,14900,1045000,True,"Risk Forge synthetic book: WorldPop-weighted placement on Kenyan land, attributes from metadata ranges; not a real portfolio",other,peri_urban,basin,1.1521,KE,0.0,0.0,0.0,0.0,0.0,0.0,0.0,0.0,0.0,0.0,0.0,0.0
RFB-1027,1.111422,35.020338,semi_permanent,64,13800,885000,True,"Risk Forge synthetic book: WorldPop-weighted placement on Kenyan land, attributes from metadata ranges; not a real portfolio",Kitale,rural,basin,1.1521,KE,0.0,0.0,0.0,0.0,0.0,0.0,0.0,0.0,0.0,0.0,0.0,0.0
RFB-1028,-0.244615,34.861234,semi_permanent,32,12700,405000,True,"Risk Forge synthetic book: WorldPop-weighted placement on Kenyan land, attributes from metadata ranges; not a real portfolio",other,rural,basin,1.1521,KE,0.0,0.0,0.0,0.0,0.0,0.0,0.0,0.0,0.0,0.0,0.0,0.0
RFB-1029,0.154123,34.743812,permanent_masonry,134,42800,5735000,True,"Risk Forge synthetic book: WorldPop-weighted placement on Kenyan land, attributes from metadata ranges; not a real portfolio",other,peri_urban,basin,1.1521,KE,0.0,0.0,0.0,0.0,0.0,0.0,0.0,0.0,0.0,0.0,0.0,0.0
RFB-1030,0.629978,35.046431,permanent_masonry,142,49800,7070000,True,"Risk Forge synthetic book: WorldPop-weighted placement on Kenyan land, attributes from metadata ranges; not a real portfolio",other,urban,basin,1.1521,KE,0.0,0.0,0.0,0.0,0.0,0.0,0.0,0.0,0.0,0.0,0.0,0.0
RFB-1031,0.274465,34.768835,permanent_masonry,197,64000,12610000,True,"Risk Forge synthetic book: WorldPop-weighted placement on Kenyan land, attributes from metadata ranges; not a real portfolio",other,urban,basin,1.1521,KE,0.0,0.0,0.0,0.0,0.0,0.0,0.0,0.0,0.0,0.0,0.0,0.0
RFB-1032,1.029958,34.977246,semi_permanent,38,13500,515000,True,"Risk Forge synthetic book: WorldPop-weighted placement on Kenyan land, attributes from metadata ranges; not a real portfolio",Kitale,urban,basin,1.1521,KE,0.0,0.0,0.0,0.0,0.0,0.0,0.0,0.0,0.0,0.0,0.0,0.0
RFB-1033,0.199057,34.732384,permanent_masonry,147,46600,6850000,True,"Risk Forge synthetic book: WorldPop-weighted placement on Kenyan land, attributes from metadata ranges; not a real portfolio",other,urban,basin,1.1521,KE,0.0,0.0,0.0,0.0,0.0,0.0,0.0,0.0,0.0,0.0,0.0,0.0
RFB-1034,-0.007379,34.534199,informal_iron_sheet,24,7100,170000,True,"Risk Forge synthetic book: WorldPop-weighted placement on Kenyan land, attributes from metadata ranges; not a real portfolio",other,peri_urban,basin,1.1521,KE,0.0,0.0,0.0,0.0,0.0,0.0,0.0,0.0,0.0,0.0,0.0,0.0
RFB-1035,0.047547,34.810167,semi_permanent,64,12000,770000,True,"Risk Forge synthetic book: WorldPop-weighted placement on Kenyan land, attributes from metadata ranges; not a real portfolio",other,peri_urban,basin,1.1521,KE,0.0,0.0,0.0,0.0,0.0,0.0,0.0,0.0,0.0,0.0,0.0,0.0
RFB-1036,0.874372,35.267671,informal_iron_sheet,23,9500,220000,True,"Risk Forge synthetic book: WorldPop-weighted placement on Kenyan land, attributes from metadata ranges; not a real portfolio",other,peri_urban,basin,1.1521,KE,0.0,0.0,0.0,0.0,0.0,0.0,0.0,0.0,0.0,0.0,0.0,0.0
RFB-1037,0.829767,35.092361,informal_iron_sheet,14,8000,110000,True,"Risk Forge synthetic book: WorldPop-weighted placement on Kenyan land, attributes from metadata ranges; not a real portfolio",other,peri_urban,basin,1.1521,KE,0.0,0.0,0.0,0.0,0.0,0.0,0.0,0.0,0.0,0.0,0.0,0.0
RFB-1038,0.202493,35.092825,permanent_masonry,103,39600,4080000,True,"Risk Forge synthetic book: WorldPop-weighted placement on Kenyan land, attributes from metadata ranges; not a real portfolio",other,urban,basin,1.1521,KE,0.0,0.0,0.0,0.0,0.0,0.0,0.0,0.0,0.0,0.0,0.0,0.0
RFB-1039,0.60077,34.548985,concrete_rcc,381,72900,27775000,True,"Risk Forge synthetic book: WorldPop-weighted placement on Kenyan land, attributes from metadata ranges; not a real portfolio",other,urban,basin,1.1521,KE,0.0,0.0,0.0,0.0,0.0,0.0,0.0,0.0,0.0,0.0,0.0,0.0
RFB-1040,-0.103467,34.774195,semi_permanent,60,14200,850000,True,"Risk Forge synthetic book: WorldPop-weighted placement on Kenyan land, attributes from metadata ranges; not a real portfolio",Kisumu,urban,basin,1.1521,KE,0.0,0.0,0.0,0.0,0.0,0.0,0.0,0.0,0.0,0.0,0.0,0.0
RFB-1041,0.305168,34.766096,semi_permanent,66,13700,905000,True,"Risk Forge synthetic book: WorldPop-weighted placement on Kenyan land, attributes from metadata ranges; not a real portfolio",other,urban,basin,1.1521,KE,0.0,0.0,0.0,0.0,0.0,0.0,0.0,0.0,0.0,0.0,0.0,0.0
RFB-1042,0.315623,34.744658,permanent_masonry,143,60800,8695000,True,"Risk Forge synthetic book: WorldPop-weighted placement on Kenyan land, attributes from metadata ranges; not a real portfolio",other,peri_urban,basin,1.1521,KE,0.0,0.0,0.0,0.0,0.0,0.0,0.0,0.0,0.0,0.0,0.0,0.0
RFB-1043,0.083808,34.641061,semi_permanent,44,12600,555000,True,"Risk Forge synthetic book: WorldPop-weighted placement on Kenyan land, attributes from metadata ranges; not a real portfolio",other,urban,basin,1.1521,KE,0.0,0.0,0.0,0.0,0.0,0.0,0.0,0.0,0.0,0.0,0.0,0.0
RFB-1044,-0.067389,34.823998,concrete_rcc,150,71800,10770000,True,"Risk Forge synthetic book: WorldPop-weighted placement on Kenyan land, attributes from metadata ranges; not a real portfolio",Kisumu,urban,basin,1.1521,KE,0.0,0.0,0.0,0.0,0.0,0.0,0.0,0.0,0.0,0.0,0.0,0.0
RFB-1045,0.465972,35.252844,informal_iron_sheet,14,7100,100000,True,"Risk Forge synthetic book: WorldPop-weighted placement on Kenyan land, attributes from metadata ranges; not a real portfolio",other,urban,basin,1.1521,KE,0.0,0.0,0.0,0.0,0.0,0.0,0.0,0.0,0.0,0.0,0.0,0.0
RFB-1046,0.316138,34.513151,informal_iron_sheet,12,6900,85000,True,"Risk Forge synthetic book: WorldPop-weighted placement on Kenyan land, attributes from metadata ranges; not a real portfolio",Mumias,peri_urban,basin,1.1521,KE,0.0,0.0,0.0,0.0,0.0,0.0,0.0,0.0,0.0,0.0,0.0,0.0
RFB-1047,1.011116,35.013504,permanent_masonry,131,56600,7415000,True,"Risk Forge synthetic book: WorldPop-weighted placement on Kenyan land, attributes from metadata ranges; not a real portfolio",Kitale,urban,basin,1.1521,KE,0.0,0.0,0.0,0.0,0.0,0.0,0.0,0.0,0.0,0.0,0.0,0.0
RFB-1048,-0.094092,34.785074,permanent_masonry,150,63400,9510000,True,"Risk Forge synthetic book: WorldPop-weighted placement on Kenyan land, attributes from metadata ranges; not a real portfolio",Kisumu,urban,basin,1.1521,KE,0.0,0.0,0.0,0.0,0.0,0.0,0.0,0.0,0.0,0.0,0.0,0.0
RFB-1049,-0.081781,34.789525,semi_permanent,63,13600,855000,True,"Risk Forge synthetic book: WorldPop-weighted placement on Kenyan land, attributes from metadata ranges; not a real portfolio",Kisumu,urban,basin,1.1521,KE,0.0,0.0,0.0,0.0,0.0,0.0,0.0,0.0,0.0,0.0,0.0,0.0
RFB-1050,1.027272,34.980013,concrete_rcc,209,65800,13750000,True,"Risk Forge synthetic book: WorldPop-weighted placement on Kenyan land, attributes from metadata ranges; not a real portfolio",Kitale,urban,basin,1.1521,KE,0.0,0.0,0.0,0.0,0.0,0.0,0.0,0.0,0.0,0.0,0.0,0.0
RFB-1051,0.543619,35.252825,semi_permanent,58,14000,810000,True,"Risk Forge synthetic book: WorldPop-weighted placement on Kenyan land, attributes from metadata ranges; not a real portfolio",other,urban,basin,1.1521,KE,0.0,0.0,0.0,0.0,0.0,0.0,0.0,0.0,0.0,0.0,0.0,0.0
RFB-1052,-0.076656,34.780957,permanent_masonry,80,55200,4415000,True,"Risk Forge synthetic book: WorldPop-weighted placement on Kenyan land, attributes from metadata ranges; not a real portfolio",Kisumu,urban,basin,1.1521,KE,0.0,0.0,0.0,0.0,0.0,0.0,0.0,0.0,0.0,0.0,0.0,0.0
RFB-1053,0.286129,34.753807,semi_permanent,68,11600,790000,True,"Risk Forge synthetic book: WorldPop-weighted placement on Kenyan land, attributes from metadata ranges; not a real portfolio",other,urban,basin,1.1521,KE,0.0,0.0,0.0,0.0,0.0,0.0,0.0,0.0,0.0,0.0,0.0,0.0
RFB-1054,0.567328,34.801387,permanent_masonry,176,58800,10350000,True,"Risk Forge synthetic book: WorldPop-weighted placement on Kenyan land, attributes from metadata ranges; not a real portfolio",Webuye,peri_urban,basin,1.1521,KE,0.0,0.0,0.0,0.0,0.0,0.0,0.0,0.0,0.0,0.0,0.0,0.0
RFB-1055,0.543297,35.30357,concrete_rcc,1064,79300,84375000,True,"Risk Forge synthetic book: WorldPop-weighted placement on Kenyan land, attributes from metadata ranges; not a real portfolio",other,urban,basin,1.1521,KE,0.0,0.0,0.0,0.0,0.0,0.0,0.0,0.0,0.0,0.0,0.0,0.0
RFB-1056,0.198059,34.726295,permanent_masonry,115,49900,5740000,True,"Risk Forge synthetic book: WorldPop-weighted placement on Kenyan land, attributes from metadata ranges; not a real portfolio",other,urban,basin,1.1521,KE,0.0,0.0,0.0,0.0,0.0,0.0,0.0,0.0,0.0,0.0,0.0,0.0
RFB-1057,0.174146,34.853489,permanent_masonry,90,39100,3520000,True,"Risk Forge synthetic book: WorldPop-weighted placement on Kenyan land, attributes from metadata ranges; not a real portfolio",other,peri_urban,basin,1.1521,KE,0.0,0.0,0.0,0.0,0.0,0.0,0.0,0.0,0.0,0.0,0.0,0.0
RFB-1058,0.829162,35.09397,informal_iron_sheet,17,7900,135000,True,"Risk Forge synthetic book: WorldPop-weighted placement on Kenyan land, attributes from metadata ranges; not a real portfolio",other,peri_urban,basin,1.1521,KE,0.0,0.0,0.0,0.0,0.0,0.0,0.0,0.0,0.0,0.0,0.0,0.0
RFB-1059,0.472974,34.625958,permanent_masonry,212,49000,10390000,True,"Risk Forge synthetic book: WorldPop-weighted placement on Kenyan land, attributes from metadata ranges; not a real portfolio",other,peri_urban,basin,1.1521,KE,0.0,0.0,0.0,0.0,0.0,0.0,0.0,0.0,0.0,0.0,0.0,0.0
RFB-1060,0.01611,34.651495,semi_permanent,57,12600,720000,True,"Risk Forge synthetic book: WorldPop-weighted placement on Kenyan land, attributes from metadata ranges; not a real portfolio",other,peri_urban,basin,1.1521,KE,0.0,0.0,0.0,0.0,0.0,0.0,0.0,0.0,0.0,0.0,0.0,0.0
RFB-1061,0.014965,34.59285,permanent_masonry,180,38700,6965000,True,"Risk Forge synthetic book: WorldPop-weighted placement on Kenyan land, attributes from metadata ranges; not a real portfolio",other,urban,basin,1.1521,KE,0.0,0.0,0.0,0.0,0.0,0.0,0.0,0.0,0.0,0.0,0.0,0.0
RFB-1062,0.15509,34.506011,permanent_masonry,107,48600,5200000,True,"Risk Forge synthetic book: WorldPop-weighted placement on Kenyan land, attributes from metadata ranges; not a real portfolio",other,peri_urban,basin,1.1521,KE,0.0,0.0,0.0,0.0,0.0,0.0,0.0,0.0,0.0,0.0,0.0,0.0
RFB-1063,0.044571,34.90695,informal_iron_sheet,10,8900,90000,True,"Risk Forge synthetic book: WorldPop-weighted placement on Kenyan land, attributes from metadata ranges; not a real portfolio",other,peri_urban,basin,1.1521,KE,0.0,0.0,0.0,0.0,0.0,0.0,0.0,0.0,0.0,0.0,0.0,0.0
RFB-1064,0.17335,34.494017,informal_iron_sheet,13,7700,100000,True,"Risk Forge synthetic book: WorldPop-weighted placement on Kenyan land, attributes from metadata ranges; not a real portfolio",other,peri_urban,basin,1.1521,KE,0.0,0.0,0.0,0.0,0.0,0.0,0.0,0.0,0.0,0.0,0.0,0.0
RFB-1065,0.014618,34.828523,informal_iron_sheet,13,9200,120000,True,"Risk Forge synthetic book: WorldPop-weighted placement on Kenyan land, attributes from metadata ranges; not a real portfolio",other,peri_urban,basin,1.1521,KE,0.0,0.0,0.0,0.0,0.0,0.0,0.0,0.0,0.0,0.0,0.0,0.0
RFB-1066,0.53985,34.332163,informal_iron_sheet,20,9100,180000,True,"Risk Forge synthetic book: WorldPop-weighted placement on Kenyan land, attributes from metadata ranges; not a real portfolio",other,rural,basin,1.1521,KE,0.0,0.0,0.0,0.0,0.0,0.0,0.0,0.0,0.0,0.0,0.0,0.0
RFB-1067,1.018612,35.002959,semi_permanent,35,15400,540000,True,"Risk Forge synthetic book: WorldPop-weighted placement on Kenyan land, attributes from metadata ranges; not a real portfolio",Kitale,urban,basin,1.1521,KE,0.0,0.0,0.0,0.0,0.0,0.0,0.0,0.0,0.0,0.0,0.0,0.0
RFB-1068,0.956362,34.74676,informal_iron_sheet,12,7600,90000,True,"Risk Forge synthetic book: WorldPop-weighted placement on Kenyan land, attributes from metadata ranges; not a real portfolio",other,rural,basin,1.1521,KE,0.0,0.0,0.0,0.0,0.0,0.0,0.0,0.0,0.0,0.0,0.0,0.0
RFB-1069,0.282049,34.730821,informal_iron_sheet,25,8700,220000,True,"Risk Forge synthetic book: WorldPop-weighted placement on Kenyan land, attributes from metadata ranges; not a real portfolio",other,urban,basin,1.1521,KE,0.0,0.0,0.0,0.0,0.0,0.0,0.0,0.0,0.0,0.0,0.0,0.0
RFB-1070,1.218253,35.08824,informal_iron_sheet,16,9700,155000,True,"Risk Forge synthetic book: WorldPop-weighted placement on Kenyan land, attributes from metadata ranges; not a real portfolio",other,peri_urban,basin,1.1521,KE,0.0,0.0,0.0,0.0,0.0,0.0,0.0,0.0,0.0,0.0,0.0,0.0
RFB-1071,0.002632,34.782832,permanent_masonry,99,58000,5740000,True,"Risk Forge synthetic book: WorldPop-weighted placement on Kenyan land, attributes from metadata ranges; not a real portfolio",other,peri_urban,basin,1.1521,KE,0.0,0.0,0.0,0.0,0.0,0.0,0.0,0.0,0.0,0.0,0.0,0.0
RFB-1072,0.773548,35.125886,informal_iron_sheet,16,5600,90000,True,"Risk Forge synthetic book: WorldPop-weighted placement on Kenyan land, attributes from metadata ranges; not a real portfolio",other,peri_urban,basin,1.1521,KE,0.0,0.0,0.0,0.0,0.0,0.0,0.0,0.0,0.0,0.0,0.0,0.0
RFB-1073,0.039039,35.24289,permanent_masonry,163,36300,5915000,True,"Risk Forge synthetic book: WorldPop-weighted placement on Kenyan land, attributes from metadata ranges; not a real portfolio",other,rural,basin,1.1521,KE,0.0,0.0,0.0,0.0,0.0,0.0,0.0,0.0,0.0,0.0,0.0,0.0
RFB-1074,0.534168,34.399483,informal_iron_sheet,11,7200,80000,True,"Risk Forge synthetic book: WorldPop-weighted placement on Kenyan land, attributes from metadata ranges; not a real portfolio",other,peri_urban,basin,1.1521,KE,0.0,0.0,0.0,0.0,0.0,0.0,0.0,0.0,0.0,0.0,0.0,0.0
RFB-1075,0.91474,34.854659,semi_permanent,61,14500,885000,True,"Risk Forge synthetic book: WorldPop-weighted placement on Kenyan land, attributes from metadata ranges; not a real portfolio",other,urban,basin,1.1521,KE,0.0,0.0,0.0,0.0,0.0,0.0,0.0,0.0,0.0,0.0,0.0,0.0
RFB-1076,0.526865,34.561542,informal_iron_sheet,14,5600,80000,True,"Risk Forge synthetic book: WorldPop-weighted placement on Kenyan land, attributes from metadata ranges; not a real portfolio",other,peri_urban,basin,1.1521,KE,0.0,0.0,0.0,0.0,0.0,0.0,0.0,0.0,0.0,0.0,0.0,0.0
RFB-1077,1.24588,35.124146,permanent_masonry,84,55800,4685000,True,"Risk Forge synthetic book: WorldPop-weighted placement on Kenyan land, attributes from metadata ranges; not a real portfolio",other,urban,basin,1.1521,KE,0.0,0.0,0.0,0.0,0.0,0.0,0.0,0.0,0.0,0.0,0.0,0.0
RFB-1078,0.743738,34.598907,permanent_masonry,119,59700,7105000,True,"Risk Forge synthetic book: WorldPop-weighted placement on Kenyan land, attributes from metadata ranges; not a real portfolio",other,peri_urban,basin,1.1521,KE,0.0,0.0,0.0,0.0,0.0,0.0,0.0,0.0,0.0,0.0,0.0,0.0
RFB-1079,0.830555,34.74037,semi_permanent,54,9900,535000,True,"Risk Forge synthetic book: WorldPop-weighted placement on Kenyan land, attributes from metadata ranges; not a real portfolio",Bungoma,peri_urban,basin,1.1521,KE,0.0,0.0,0.0,0.0,0.0,0.0,0.0,0.0,0.0,0.0,0.0,0.0
RFB-1080,-0.170068,34.925632,concrete_rcc,248,76500,18970000,True,"Risk Forge synthetic book: WorldPop-weighted placement on Kenyan land, attributes from metadata ranges; not a real portfolio",other,urban,basin,1.1521,KE,0.0,0.0,0.0,0.0,0.0,0.0,0.0,0.0,0.0,0.0,0.0,0.0
RFB-1081,0.490311,35.261808,permanent_masonry,84,48100,4040000,True,"Risk Forge synthetic book: WorldPop-weighted placement on Kenyan land, attributes from metadata ranges; not a real portfolio",other,urban,basin,1.1521,KE,0.0,0.0,0.0,0.0,0.0,0.0,0.0,0.0,0.0,0.0,0.0,0.0
RFB-1082,0.327752,34.489993,permanent_masonry,129,45600,5880000,True,"Risk Forge synthetic book: WorldPop-weighted placement on Kenyan land, attributes from metadata ranges; not a real portfolio",Mumias,urban,basin,1.1521,KE,0.0,0.0,0.0,0.0,0.0,0.0,0.0,0.0,0.0,0.0,0.0,0.0
RFB-1083,1.025717,34.986915,permanent_masonry,142,49400,7015000,True,"Risk Forge synthetic book: WorldPop-weighted placement on Kenyan land, attributes from metadata ranges; not a real portfolio",Kitale,urban,basin,1.1521,KE,0.0,0.0,0.0,0.0,0.0,0.0,0.0,0.0,0.0,0.0,0.0,0.0
RFB-1084,1.030221,34.988933,permanent_masonry,141,51600,7275000,True,"Risk Forge synthetic book: WorldPop-weighted placement on Kenyan land, attributes from metadata ranges; not a real portfolio",Kitale,urban,basin,1.1521,KE,0.0,0.0,0.0,0.0,0.0,0.0,0.0,0.0,0.0,0.0,0.0,0.0
RFB-1085,0.271722,34.731587,concrete_rcc,292,76300,22280000,True,"Risk Forge synthetic book: WorldPop-weighted placement on Kenyan land, attributes from metadata ranges; not a real portfolio",other,urban,basin,1.1521,KE,0.0,0.0,0.0,0.0,0.0,0.0,0.0,0.0,0.0,0.0,0.0,0.0
RFB-1086,0.552351,34.822153,permanent_masonry,208,53600,11150000,True,"Risk Forge synthetic book: WorldPop-weighted placement on Kenyan land, attributes from metadata ranges; not a real portfolio",Kakamega,peri_urban,basin,1.1521,KE,0.0,0.0,0.0,0.0,0.0,0.0,0.0,0.0,0.0,0.0,0.0,0.0
RFB-1087,0.594561,34.76919,concrete_rcc,323,66000,21320000,True,"Risk Forge synthetic book: WorldPop-weighted placement on Kenyan land, attributes from metadata ranges; not a real portfolio",Webuye,urban,basin,1.1521,KE,0.0,0.0,0.0,0.0,0.0,0.0,0.0,0.0,0.0,0.0,0.0,0.0
RFB-1088,0.802142,34.764137,informal_iron_sheet,18,7100,130000,True,"Risk Forge synthetic book: WorldPop-weighted placement on Kenyan land, attributes from metadata ranges; not a real portfolio",Bungoma,peri_urban,basin,1.1521,KE,0.0,0.0,0.0,0.0,0.0,0.0,0.0,0.0,0.0,0.0,0.0,0.0
RFB-1089,0.090074,34.557485,permanent_masonry,109,56700,6180000,True,"Risk Forge synthetic book: WorldPop-weighted placement on Kenyan land, attributes from metadata ranges; not a real portfolio",other,peri_urban,basin,1.1521,KE,0.0,0.0,0.0,0.0,0.0,0.0,0.0,0.0,0.0,0.0,0.0,0.0
RFB-1090,-0.114977,34.786954,concrete_rcc,173,69100,11955000,True,"Risk Forge synthetic book: WorldPop-weighted placement on Kenyan land, attributes from metadata ranges; not a real portfolio",Kisumu,urban,basin,1.1521,KE,0.0,0.0,0.0,0.0,0.0,0.0,0.0,0.0,0.0,0.0,0.0,0.0
RFB-1091,0.526071,34.38607,informal_iron_sheet,14,5900,85000,True,"Risk Forge synthetic book: WorldPop-weighted placement on Kenyan land, attributes from metadata ranges; not a real portfolio",other,peri_urban,basin,1.1521,KE,0.0,0.0,0.0,0.0,0.0,0.0,0.0,0.0,0.0,0.0,0.0,0.0
RFB-1092,0.527825,35.255232,permanent_masonry,138,62000,8555000,True,"Risk Forge synthetic book: WorldPop-weighted placement on Kenyan land, attributes from metadata ranges; not a real portfolio",other,urban,basin,1.1521,KE,0.0,0.0,0.0,0.0,0.0,0.0,0.0,0.0,0.0,0.0,0.0,0.0
RFB-1093,0.599315,34.352241,informal_iron_sheet,21,6200,130000,True,"Risk Forge synthetic book: WorldPop-weighted placement on Kenyan land, attributes from metadata ranges; not a real portfolio",other,peri_urban,basin,1.1521,KE,0.0,0.0,0.0,0.0,0.0,0.0,0.0,0.0,0.0,0.0,0.0,0.0
RFB-1094,0.786974,34.727932,permanent_masonry,164,54200,8890000,True,"Risk Forge synthetic book: WorldPop-weighted placement on Kenyan land, attributes from metadata ranges; not a real portfolio",Bungoma,urban,basin,1.1521,KE,0.0,0.0,0.0,0.0,0.0,0.0,0.0,0.0,0.0,0.0,0.0,0.0
RFB-1095,0.571086,34.253215,semi_permanent,38,11100,420000,True,"Risk Forge synthetic book: WorldPop-weighted placement on Kenyan land, attributes from metadata ranges; not a real portfolio",other,peri_urban,basin,1.1521,KE,0.0,0.0,0.0,0.0,0.0,0.0,0.0,0.0,0.0,0.0,0.0,0.0
RFB-1096,0.025872,34.656702,permanent_masonry,126,50100,6315000,True,"Risk Forge synthetic book: WorldPop-weighted placement on Kenyan land, attributes from metadata ranges; not a real portfolio",other,peri_urban,basin,1.1521,KE,0.0,0.0,0.0,0.0,0.0,0.0,0.0,0.0,0.0,0.0,0.0,0.0
RFB-1097,0.995458,34.831006,permanent_masonry,161,43000,6925000,True,"Risk Forge synthetic book: WorldPop-weighted placement on Kenyan land, attributes from metadata ranges; not a real portfolio",other,peri_urban,basin,1.1521,KE,0.0,0.0,0.0,0.0,0.0,0.0,0.0,0.0,0.0,0.0,0.0,0.0
RFB-1098,0.029419,34.590177,semi_permanent,55,13000,715000,True,"Risk Forge synthetic book: WorldPop-weighted placement on Kenyan land, attributes from metadata ranges; not a real portfolio",other,urban,basin,1.1521,KE,0.0,0.0,0.0,0.0,0.0,0.0,0.0,0.0,0.0,0.0,0.0,0.0
RFB-1099,1.029367,34.975442,concrete_rcc,413,60500,24985000,True,"Risk Forge synthetic book: WorldPop-weighted placement on Kenyan land, attributes from metadata ranges; not a real portfolio",Kitale,urban,basin,1.1521,KE,0.0,0.0,0.0,0.0,0.0,0.0,0.0,0.0,0.0,0.0,0.0,0.0
RFB-1100,0.347537,34.510113,semi_permanent,57,9900,565000,True,"Risk Forge synthetic book: WorldPop-weighted placement on Kenyan land, attributes from metadata ranges; not a real portfolio",Mumias,peri_urban,basin,1.1521,KE,0.0,0.0,0.0,0.0,0.0,0.0,0.0,0.0,0.0,0.0,0.0,0.0
RFB-1101,0.07569,34.440599,semi_permanent,39,14400,560000,True,"Risk Forge synthetic book: WorldPop-weighted placement on Kenyan land, attributes from metadata ranges; not a real portfolio",other,peri_urban,basin,1.1521,KE,0.0,0.0,0.0,0.0,0.0,0.0,0.0,0.0,0.0,0.0,0.0,0.0
RFB-1102,0.55297,35.238233,permanent_masonry,145,56300,8165000,True,"Risk Forge synthetic book: WorldPop-weighted placement on Kenyan land, attributes from metadata ranges; not a real portfolio",other,urban,basin,1.1521,KE,0.0,0.0,0.0,0.0,0.0,0.0,0.0,0.0,0.0,0.0,0.0,0.0
RFB-1103,-0.072388,34.715849,concrete_rcc,334,57700,19270000,True,"Risk Forge synthetic book: WorldPop-weighted placement on Kenyan land, attributes from metadata ranges; not a real portfolio",Kisumu,urban,basin,1.1521,KE,0.0,0.0,0.0,0.0,0.0,0.0,0.0,0.0,0.0,0.0,0.0,0.0
RFB-1104,0.086552,34.72833,informal_iron_sheet,20,9300,185000,True,"Risk Forge synthetic book: WorldPop-weighted placement on Kenyan land, attributes from metadata ranges; not a real portfolio",other,urban,basin,1.1521,KE,0.0,0.0,0.0,0.0,0.0,0.0,0.0,0.0,0.0,0.0,0.0,0.0
RFB-1105,0.223313,34.826939,permanent_masonry,170,51800,8805000,True,"Risk Forge synthetic book: WorldPop-weighted placement on Kenyan land, attributes from metadata ranges; not a real portfolio",other,peri_urban,basin,1.1521,KE,0.0,0.0,0.0,0.0,0.0,0.0,0.0,0.0,0.0,0.0,0.0,0.0
RFB-1106,0.536095,35.238583,informal_iron_sheet,16,6600,105000,True,"Risk Forge synthetic book: WorldPop-weighted placement on Kenyan land, attributes from metadata ranges; not a real portfolio",other,urban,basin,1.1521,KE,0.0,0.0,0.0,0.0,0.0,0.0,0.0,0.0,0.0,0.0,0.0,0.0
RFB-1107,0.848047,34.618634,semi_permanent,57,10100,575000,True,"Risk Forge synthetic book: WorldPop-weighted placement on Kenyan land, attributes from metadata ranges; not a real portfolio",other,peri_urban,basin,1.1521,KE,0.0,0.0,0.0,0.0,0.0,0.0,0.0,0.0,0.0,0.0,0.0,0.0
RFB-1108,0.281885,34.744195,semi_permanent,50,11400,570000,True,"Risk Forge synthetic book: WorldPop-weighted placement on Kenyan land, attributes from metadata ranges; not a real portfolio",other,urban,basin,1.1521,KE,0.0,0.0,0.0,0.0,0.0,0.0,0.0,0.0,0.0,0.0,0.0,0.0
RFB-1109,0.746258,35.3035,semi_permanent,47,10300,485000,True,"Risk Forge synthetic book: WorldPop-weighted placement on Kenyan land, attributes from metadata ranges; not a real portfolio",other,peri_urban,basin,1.1521,KE,0.0,0.0,0.0,0.0,0.0,0.0,0.0,0.0,0.0,0.0,0.0,0.0
RFB-1110,-0.070922,34.781084,concrete_rcc,397,70200,27870000,True,"Risk Forge synthetic book: WorldPop-weighted placement on Kenyan land, attributes from metadata ranges; not a real portfolio",Kisumu,urban,basin,1.1521,KE,0.0,0.0,0.0,0.0,0.0,0.0,0.0,0.0,0.0,0.0,0.0,0.0
RFB-1111,-0.071151,34.779487,permanent_masonry,126,51500,6490000,True,"Risk Forge synthetic book: WorldPop-weighted placement on Kenyan land, attributes from metadata ranges; not a real portfolio",Kisumu,urban,basin,1.1521,KE,0.0,0.0,0.0,0.0,0.0,0.0,0.0,0.0,0.0,0.0,0.0,0.0
RFB-1112,0.409218,34.321328,permanent_masonry,141,47200,6655000,True,"Risk Forge synthetic book: WorldPop-weighted placement on Kenyan land, attributes from metadata ranges; not a real portfolio",Busia,peri_urban,basin,1.1521,KE,0.0,0.0,0.0,0.0,0.0,0.0,0.0,0.0,0.0,0.0,0.0,0.0
RFB-1113,0.171964,34.979067,semi_permanent,57,14100,805000,True,"Risk Forge synthetic book: WorldPop-weighted placement on Kenyan land, attributes from metadata ranges; not a real portfolio",other,peri_urban,basin,1.1521,KE,0.0,0.0,0.0,0.0,0.0,0.0,0.0,0.0,0.0,0.0,0.0,0.0
RFB-1114,0.119156,34.749207,informal_iron_sheet,26,8000,210000,True,"Risk Forge synthetic book: WorldPop-weighted placement on Kenyan land, attributes from metadata ranges; not a real portfolio",other,urban,basin,1.1521,KE,0.0,0.0,0.0,0.0,0.0,0.0,0.0,0.0,0.0,0.0,0.0,0.0
RFB-1115,0.555567,35.316228,informal_iron_sheet,17,7400,125000,True,"Risk Forge synthetic book: WorldPop-weighted placement on Kenyan land, attributes from metadata ranges; not a real portfolio",other,urban,basin,1.1521,KE,0.0,0.0,0.0,0.0,0.0,0.0,0.0,0.0,0.0,0.0,0.0,0.0
RFB-1116,0.818689,34.937507,permanent_masonry,223,45200,10080000,True,"Risk Forge synthetic book: WorldPop-weighted placement on Kenyan land, attributes from metadata ranges; not a real portfolio",other,peri_urban,basin,1.1521,KE,0.0,0.0,0.0,0.0,0.0,0.0,0.0,0.0,0.0,0.0,0.0,0.0
RFB-1117,0.486459,34.671128,informal_iron_sheet,11,7700,85000,True,"Risk Forge synthetic book: WorldPop-weighted placement on Kenyan land, attributes from metadata ranges; not a real portfolio",other,peri_urban,basin,1.1521,KE,0.0,0.0,0.0,0.0,0.0,0.0,0.0,0.0,0.0,0.0,0.0,0.0
RFB-1118,0.404628,35.24214,semi_permanent,64,13900,890000,True,"Risk Forge synthetic book: WorldPop-weighted placement on Kenyan land, attributes from metadata ranges; not a real portfolio",other,peri_urban,basin,1.1521,KE,0.0,0.0,0.0,0.0,0.0,0.0,0.0,0.0,0.0,0.0,0.0,0.0
RFB-1119,0.163182,34.522807,permanent_masonry,122,62300,7600000,True,"Risk Forge synthetic book: WorldPop-weighted placement on Kenyan land, attributes from metadata ranges; not a real portfolio",other,peri_urban,basin,1.1521,KE,0.0,0.0,0.0,0.0,0.0,0.0,0.0,0.0,0.0,0.0,0.0,0.0
RFB-1120,0.179509,35.147334,informal_iron_sheet,10,7600,75000,True,"Risk Forge synthetic book: WorldPop-weighted placement on Kenyan land, attributes from metadata ranges; not a real portfolio",other,peri_urban,basin,1.1521,KE,0.0,0.0,0.0,0.0,0.0,0.0,0.0,0.0,0.0,0.0,0.0,0.0
RFB-1121,1.028692,34.975993,semi_permanent,70,12200,855000,True,"Risk Forge synthetic book: WorldPop-weighted placement on Kenyan land, attributes from metadata ranges; not a real portfolio",Kitale,urban,basin,1.1521,KE,0.0,0.0,0.0,0.0,0.0,0.0,0.0,0.0,0.0,0.0,0.0,0.0
RFB-1122,-0.098303,34.776393,informal_iron_sheet,23,7600,175000,True,"Risk Forge synthetic book: WorldPop-weighted placement on Kenyan land, attributes from metadata ranges; not a real portfolio",Kisumu,urban,basin,1.1521,KE,0.0,0.0,0.0,0.0,0.0,0.0,0.0,0.0,0.0,0.0,0.0,0.0
RFB-1123,0.739581,34.517512,permanent_masonry,71,54900,3900000,True,"Risk Forge synthetic book: WorldPop-weighted placement on Kenyan land, attributes from metadata ranges; not a real portfolio",other,peri_urban,basin,1.1521,KE,0.0,0.0,0.0,0.0,0.0,0.0,0.0,0.0,0.0,0.0,0.0,0.0
RFB-1124,0.688915,34.645308,informal_iron_sheet,21,5800,120000,True,"Risk Forge synthetic book: WorldPop-weighted placement on Kenyan land, attributes from metadata ranges; not a real portfolio",other,peri_urban,basin,1.1521,KE,0.0,0.0,0.0,0.0,0.0,0.0,0.0,0.0,0.0,0.0,0.0,0.0
RFB-1125,0.97743,34.896341,permanent_masonry,76,47500,3610000,True,"Risk Forge synthetic book: WorldPop-weighted placement on Kenyan land, attributes from metadata ranges; not a real portfolio",other,peri_urban,basin,1.1521,KE,0.0,0.0,0.0,0.0,0.0,0.0,0.0,0.0,0.0,0.0,0.0,0.0
RFB-1126,0.413305,34.509343,permanent_masonry,249,43700,10880000,True,"Risk Forge synthetic book: WorldPop-weighted placement on Kenyan land, attributes from metadata ranges; not a real portfolio",Mumias,peri_urban,basin,1.1521,KE,0.0,0.0,0.0,0.0,0.0,0.0,0.0,0.0,0.0,0.0,0.0,0.0
RFB-1127,-0.096881,34.790876,permanent_masonry,129,55700,7185000,True,"Risk Forge synthetic book: WorldPop-weighted placement on Kenyan land, attributes from metadata ranges; not a real portfolio",Kisumu,urban,basin,1.1521,KE,0.0,0.0,0.0,0.0,0.0,0.0,0.0,0.0,0.0,0.0,0.0,0.0
RFB-1128,0.192202,34.44248,permanent_masonry,233,57500,13400000,True,"Risk Forge synthetic book: WorldPop-weighted placement on Kenyan land, attributes from metadata ranges; not a real portfolio",other,peri_urban,basin,1.1521,KE,0.0,0.0,0.0,0.0,0.0,0.0,0.0,0.0,0.0,0.0,0.0,0.0
RFB-1129,0.420703,34.476585,semi_permanent,49,11700,575000,True,"Risk Forge synthetic book: WorldPop-weighted placement on Kenyan land, attributes from metadata ranges; not a real portfolio",Mumias,peri_urban,basin,1.1521,KE,0.0,0.0,0.0,0.0,0.0,0.0,0.0,0.0,0.0,0.0,0.0,0.0
RFB-1130,-0.040162,34.514667,semi_permanent,35,8700,305000,True,"Risk Forge synthetic book: WorldPop-weighted placement on Kenyan land, attributes from metadata ranges; not a real portfolio",other,rural,basin,1.1521,KE,0.0,0.0,0.0,0.0,0.0,0.0,0.0,0.0,0.0,0.0,0.0,0.0
RFB-1131,-0.117242,34.780323,permanent_masonry,95,52700,5005000,True,"Risk Forge synthetic book: WorldPop-weighted placement on Kenyan land, attributes from metadata ranges; not a real portfolio",Kisumu,urban,basin,1.1521,KE,0.0,0.0,0.0,0.0,0.0,0.0,0.0,0.0,0.0,0.0,0.0,0.0
RFB-1132,0.311359,34.381786,informal_iron_sheet,13,9200,120000,True,"Risk Forge synthetic book: WorldPop-weighted placement on Kenyan land, attributes from metadata ranges; not a real portfolio",Mumias,peri_urban,basin,1.1521,KE,0.0,0.0,0.0,0.0,0.0,0.0,0.0,0.0,0.0,0.0,0.0,0.0
RFB-1133,0.053032,34.332222,informal_iron_sheet,16,6700,105000,True,"Risk Forge synthetic book: WorldPop-weighted placement on Kenyan land, attributes from metadata ranges; not a real portfolio",other,peri_urban,basin,1.1521,KE,0.0,0.0,0.0,0.0,0.0,0.0,0.0,0.0,0.0,0.0,0.0,0.0
RFB-1134,-0.196102,34.949459,informal_iron_sheet,13,7600,100000,True,"Risk Forge synthetic book: WorldPop-weighted placement on Kenyan land, attributes from metadata ranges; not a real portfolio",other,rural,basin,1.1521,KE,0.0,0.0,0.0,0.0,0.0,0.0,0.0,0.0,0.0,0.0,0.0,0.0
RFB-1135,1.107305,34.829978,informal_iron_sheet,23,8100,185000,True,"Risk Forge synthetic book: WorldPop-weighted placement on Kenyan land, attributes from metadata ranges; not a real portfolio",other,peri_urban,basin,1.1521,KE,0.0,0.0,0.0,0.0,0.0,0.0,0.0,0.0,0.0,0.0,0.0,0.0
RFB-1136,0.289389,34.738058,concrete_rcc,267,64400,17195000,True,"Risk Forge synthetic book: WorldPop-weighted placement on Kenyan land, attributes from metadata ranges; not a real portfolio",other,urban,basin,1.1521,KE,0.0,0.0,0.0,0.0,0.0,0.0,0.0,0.0,0.0,0.0,0.0,0.0
RFB-1137,0.170108,34.733862,semi_permanent,52,12400,645000,True,"Risk Forge synthetic book: WorldPop-weighted placement on Kenyan land, attributes from metadata ranges; not a real portfolio",other,peri_urban,basin,1.1521,KE,0.0,0.0,0.0,0.0,0.0,0.0,0.0,0.0,0.0,0.0,0.0,0.0
RFB-1138,0.340991,34.612302,informal_iron_sheet,20,7800,155000,True,"Risk Forge synthetic book: WorldPop-weighted placement on Kenyan land, attributes from metadata ranges; not a real portfolio",other,peri_urban,basin,1.1521,KE,0.0,0.0,0.0,0.0,0.0,0.0,0.0,0.0,0.0,0.0,0.0,0.0
RFB-1139,0.587394,34.577526,concrete_rcc,483,65700,31735000,True,"Risk Forge synthetic book: WorldPop-weighted placement on Kenyan land, attributes from metadata ranges; not a real portfolio",other,peri_urban,basin,1.1521,KE,0.0,0.0,0.0,0.0,0.0,0.0,0.0,0.0,0.0,0.0,0.0,0.0
RFB-1140,0.628754,34.734214,permanent_masonry,213,49800,10605000,True,"Risk Forge synthetic book: WorldPop-weighted placement on Kenyan land, attributes from metadata ranges; not a real portfolio",Webuye,peri_urban,basin,1.1521,KE,0.0,0.0,0.0,0.0,0.0,0.0,0.0,0.0,0.0,0.0,0.0,0.0
RFB-1141,-0.08283,34.680068,informal_iron_sheet,17,7500,130000,True,"Risk Forge synthetic book: WorldPop-weighted placement on Kenyan land, attributes from metadata ranges; not a real portfolio",Kisumu,peri_urban,basin,1.1521,KE,0.0,0.0,0.0,0.0,0.0,0.0,0.0,0.0,0.0,0.0,0.0,0.0
RFB-1142,-0.074372,34.78409,concrete_rcc,150,73300,10995000,True,"Risk Forge synthetic book: WorldPop-weighted placement on Kenyan land, attributes from metadata ranges; not a real portfolio",Kisumu,urban,basin,1.1521,KE,0.0,0.0,0.0,0.0,0.0,0.0,0.0,0.0,0.0,0.0,0.0,0.0
RFB-1143,0.845215,34.796808,semi_permanent,47,12600,590000,True,"Risk Forge synthetic book: WorldPop-weighted placement on Kenyan land, attributes from metadata ranges; not a real portfolio",Bungoma,peri_urban,basin,1.1521,KE,0.0,0.0,0.0,0.0,0.0,0.0,0.0,0.0,0.0,0.0,0.0,0.0
RFB-1144,0.101093,34.740973,semi_permanent,46,14700,675000,True,"Risk Forge synthetic book: WorldPop-weighted placement on Kenyan land, attributes from metadata ranges; not a real portfolio",other,peri_urban,basin,1.1521,KE,0.0,0.0,0.0,0.0,0.0,0.0,0.0,0.0,0.0,0.0,0.0,0.0
RFB-1145,0.153304,34.520209,informal_iron_sheet,21,8100,170000,True,"Risk Forge synthetic book: WorldPop-weighted placement on Kenyan land, attributes from metadata ranges; not a real portfolio",other,peri_urban,basin,1.1521,KE,0.0,0.0,0.0,0.0,0.0,0.0,0.0,0.0,0.0,0.0,0.0,0.0
RFB-1146,0.461978,35.255334,permanent_masonry,72,61600,4435000,True,"Risk Forge synthetic book: WorldPop-weighted placement on Kenyan land, attributes from metadata ranges; not a real portfolio",other,urban,basin,1.1521,KE,0.0,0.0,0.0,0.0,0.0,0.0,0.0,0.0,0.0,0.0,0.0,0.0
RFB-1147,0.513344,34.625487,permanent_masonry,197,54300,10695000,True,"Risk Forge synthetic book: WorldPop-weighted placement on Kenyan land, attributes from metadata ranges; not a real portfolio",other,peri_urban,basin,1.1521,KE,0.0,0.0,0.0,0.0,0.0,0.0,0.0,0.0,0.0,0.0,0.0,0.0
RFB-1148,0.560444,34.528084,permanent_masonry,152,54700,8315000,True,"Risk Forge synthetic book: WorldPop-weighted placement on Kenyan land, attributes from metadata ranges; not a real portfolio",other,peri_urban,basin,1.1521,KE,0.0,0.0,0.0,0.0,0.0,0.0,0.0,0.0,0.0,0.0,0.0,0.0
RFB-1149,0.131709,34.651245,permanent_masonry,104,53000,5510000,True,"Risk Forge synthetic book: WorldPop-weighted placement on Kenyan land, attributes from metadata ranges; not a real portfolio",other,peri_urban,basin,1.1521,KE,0.0,0.0,0.0,0.0,0.0,0.0,0.0,0.0,0.0,0.0,0.0,0.0
RFB-1150,0.459336,34.095992,semi_permanent,45,14500,650000,True,"Risk Forge synthetic book: WorldPop-weighted placement on Kenyan land, attributes from metadata ranges; not a real portfolio",other,urban,basin,1.1521,KE,0.0,0.0,0.0,0.0,0.0,0.0,0.0,0.0,0.0,0.0,0.0,0.0
RFB-1151,0.178025,34.16727,informal_iron_sheet,16,5800,95000,True,"Risk Forge synthetic book: WorldPop-weighted placement on Kenyan land, attributes from metadata ranges; not a real portfolio",Rwambwa,rural,basin,1.1521,KE,0.0,0.0,0.0,0.0,0.0,0.0,0.0,0.0,0.0,0.0,0.0,0.0
RFB-1152,0.152329,34.512438,permanent_masonry,118,59000,6960000,True,"Risk Forge synthetic book: WorldPop-weighted placement on Kenyan land, attributes from metadata ranges; not a real portfolio",other,peri_urban,basin,1.1521,KE,0.0,0.0,0.0,0.0,0.0,0.0,0.0,0.0,0.0,0.0,0.0,0.0
RFB-1153,-0.184387,34.881246,permanent_masonry,64,62400,3995000,True,"Risk Forge synthetic book: WorldPop-weighted placement on Kenyan land, attributes from metadata ranges; not a real portfolio",other,peri_urban,basin,1.1521,KE,0.0,0.0,0.0,0.0,0.0,0.0,0.0,0.0,0.0,0.0,0.0,0.0
RFB-1154,0.175473,34.989238,permanent_masonry,152,57600,8755000,True,"Risk Forge synthetic book: WorldPop-weighted placement on Kenyan land, attributes from metadata ranges; not a real portfolio",other,peri_urban,basin,1.1521,KE,0.0,0.0,0.0,0.0,0.0,0.0,0.0,0.0,0.0,0.0,0.0,0.0
RFB-1155,1.0103,35.057796,permanent_masonry,112,53100,5945000,True,"Risk Forge synthetic book: WorldPop-weighted placement on Kenyan land, attributes from metadata ranges; not a real portfolio",Kitale,peri_urban,basin,1.1521,KE,0.0,0.0,0.0,0.0,0.0,0.0,0.0,0.0,0.0,0.0,0.0,0.0
RFB-1156,0.71462,34.757179,concrete_rcc,286,60300,17245000,True,"Risk Forge synthetic book: WorldPop-weighted placement on Kenyan land, attributes from metadata ranges; not a real portfolio",Bungoma,urban,basin,1.1521,KE,0.0,0.0,0.0,0.0,0.0,0.0,0.0,0.0,0.0,0.0,0.0,0.0
RFB-1157,0.285524,34.839052,semi_permanent,44,13900,610000,True,"Risk Forge synthetic book: WorldPop-weighted placement on Kenyan land, attributes from metadata ranges; not a real portfolio",other,peri_urban,basin,1.1521,KE,0.0,0.0,0.0,0.0,0.0,0.0,0.0,0.0,0.0,0.0,0.0,0.0
RFB-1158,1.140064,35.122785,permanent_masonry,283,52300,14800000,True,"Risk Forge synthetic book: WorldPop-weighted placement on Kenyan land, attributes from metadata ranges; not a real portfolio",other,rural,basin,1.1521,KE,0.0,0.0,0.0,0.0,0.0,0.0,0.0,0.0,0.0,0.0,0.0,0.0
RFB-1159,0.460388,34.096454,permanent_masonry,250,52200,13050000,True,"Risk Forge synthetic book: WorldPop-weighted placement on Kenyan land, attributes from metadata ranges; not a real portfolio",other,urban,basin,1.1521,KE,0.0,0.0,0.0,0.0,0.0,0.0,0.0,0.0,0.0,0.0,0.0,0.0
RFB-1160,0.589049,34.858883,informal_iron_sheet,18,6800,120000,True,"Risk Forge synthetic book: WorldPop-weighted placement on Kenyan land, attributes from metadata ranges; not a real portfolio",Webuye,peri_urban,basin,1.1521,KE,0.0,0.0,0.0,0.0,0.0,0.0,0.0,0.0,0.0,0.0,0.0,0.0
RFB-1161,0.781428,34.547822,semi_permanent,41,10400,425000,True,"Risk Forge synthetic book: WorldPop-weighted placement on Kenyan land, attributes from metadata ranges; not a real portfolio",other,peri_urban,basin,1.1521,KE,0.0,0.0,0.0,0.0,0.0,0.0,0.0,0.0,0.0,0.0,0.0,0.0
RFB-1162,1.038449,34.838356,informal_iron_sheet,22,7800,170000,True,"Risk Forge synthetic book: WorldPop-weighted placement on Kenyan land, attributes from metadata ranges; not a real portfolio",other,rural,basin,1.1521,KE,0.0,0.0,0.0,0.0,0.0,0.0,0.0,0.0,0.0,0.0,0.0,0.0
RFB-1163,1.195209,35.26575,semi_permanent,30,12200,365000,True,"Risk Forge synthetic book: WorldPop-weighted placement on Kenyan land, attributes from metadata ranges; not a real portfolio",other,rural,basin,1.1521,KE,0.0,0.0,0.0,0.0,0.0,0.0,0.0,0.0,0.0,0.0,0.0,0.0
RFB-1164,0.79518,34.985148,informal_iron_sheet,18,8400,150000,True,"Risk Forge synthetic book: WorldPop-weighted placement on Kenyan land, attributes from metadata ranges; not a real portfolio",other,peri_urban,basin,1.1521,KE,0.0,0.0,0.0,0.0,0.0,0.0,0.0,0.0,0.0,0.0,0.0,0.0
RFB-1165,-0.111388,34.774073,concrete_rcc,366,71800,26280000,True,"Risk Forge synthetic book: WorldPop-weighted placement on Kenyan land, attributes from metadata ranges; not a real portfolio",Kisumu,urban,basin,1.1521,KE,0.0,0.0,0.0,0.0,0.0,0.0,0.0,0.0,0.0,0.0,0.0,0.0
RFB-1166,0.560693,34.618303,informal_iron_sheet,18,7500,135000,True,"Risk Forge synthetic book: WorldPop-weighted placement on Kenyan land, attributes from metadata ranges; not a real portfolio",other,peri_urban,basin,1.1521,KE,0.0,0.0,0.0,0.0,0.0,0.0,0.0,0.0,0.0,0.0,0.0,0.0
RFB-1167,-0.112329,34.759232,permanent_masonry,124,45200,5605000,True,"Risk Forge synthetic book: WorldPop-weighted placement on Kenyan land, attributes from metadata ranges; not a real portfolio",Kisumu,urban,basin,1.1521,KE,0.0,0.0,0.0,0.0,0.0,0.0,0.0,0.0,0.0,0.0,0.0,0.0
RFB-1168,0.94629,34.988496,concrete_rcc,247,69900,17265000,True,"Risk Forge synthetic book: WorldPop-weighted placement on Kenyan land, attributes from metadata ranges; not a real portfolio",Kitale,peri_urban,basin,1.1521,KE,0.0,0.0,0.0,0.0,0.0,0.0,0.0,0.0,0.0,0.0,0.0,0.0
RFB-1169,0.269477,34.761181,concrete_rcc,387,68600,26550000,True,"Risk Forge synthetic book: WorldPop-weighted placement on Kenyan land, attributes from metadata ranges; not a real portfolio",other,urban,basin,1.1521,KE,0.0,0.0,0.0,0.0,0.0,0.0,0.0,0.0,0.0,0.0,0.0,0.0
RFB-1170,0.360899,34.846078,semi_permanent,21,11300,235000,True,"Risk Forge synthetic book: WorldPop-weighted placement on Kenyan land, attributes from metadata ranges; not a real portfolio",other,peri_urban,basin,1.1521,KE,0.0,0.0,0.0,0.0,0.0,0.0,0.0,0.0,0.0,0.0,0.0,0.0
RFB-1171,0.217271,34.144913,semi_permanent,41,9000,370000,True,"Risk Forge synthetic book: WorldPop-weighted placement on Kenyan land, attributes from metadata ranges; not a real portfolio",Rwambwa,rural,basin,1.1521,KE,0.0,0.0,0.0,0.0,0.0,0.0,0.0,0.0,0.0,0.0,0.0,0.0
RFB-1172,-0.000905,35.393437,informal_iron_sheet,9,5800,50000,True,"Risk Forge synthetic book: WorldPop-weighted placement on Kenyan land, attributes from metadata ranges; not a real portfolio",other,peri_urban,basin,1.1521,KE,0.0,0.0,0.0,0.0,0.0,0.0,0.0,0.0,0.0,0.0,0.0,0.0
RFB-1173,0.517367,35.265177,permanent_masonry,180,58700,10565000,True,"Risk Forge synthetic book: WorldPop-weighted placement on Kenyan land, attributes from metadata ranges; not a real portfolio",other,urban,basin,1.1521,KE,0.0,0.0,0.0,0.0,0.0,0.0,0.0,0.0,0.0,0.0,0.0,0.0
RFB-1174,0.197959,34.764768,permanent_masonry,218,52900,11530000,True,"Risk Forge synthetic book: WorldPop-weighted placement on Kenyan land, attributes from metadata ranges; not a real portfolio",other,urban,basin,1.1521,KE,0.0,0.0,0.0,0.0,0.0,0.0,0.0,0.0,0.0,0.0,0.0,0.0
RFB-1175,0.732001,34.577564,permanent_masonry,139,45100,6270000,True,"Risk Forge synthetic book: WorldPop-weighted placement on Kenyan land, attributes from metadata ranges; not a real portfolio",other,urban,basin,1.1521,KE,0.0,0.0,0.0,0.0,0.0,0.0,0.0,0.0,0.0,0.0,0.0,0.0
RFB-1176,0.061256,34.586255,permanent_masonry,260,56500,14690000,True,"Risk Forge synthetic book: WorldPop-weighted placement on Kenyan land, attributes from metadata ranges; not a real portfolio",other,urban,basin,1.1521,KE,0.0,0.0,0.0,0.0,0.0,0.0,0.0,0.0,0.0,0.0,0.0,0.0
RFB-1177,0.356101,34.83116,semi_permanent,26,15500,405000,True,"Risk Forge synthetic book: WorldPop-weighted placement on Kenyan land, attributes from metadata ranges; not a real portfolio",other,peri_urban,basin,1.1521,KE,0.0,0.0,0.0,0.0,0.0,0.0,0.0,0.0,0.0,0.0,0.0,0.0
RFB-1178,1.003042,34.862169,semi_permanent,24,11100,265000,True,"Risk Forge synthetic book: WorldPop-weighted placement on Kenyan land, attributes from metadata ranges; not a real portfolio",other,peri_urban,basin,1.1521,KE,0.0,0.0,0.0,0.0,0.0,0.0,0.0,0.0,0.0,0.0,0.0,0.0
RFB-1179,0.59621,34.497336,permanent_masonry,87,42700,3715000,True,"Risk Forge synthetic book: WorldPop-weighted placement on Kenyan land, attributes from metadata ranges; not a real portfolio",other,peri_urban,basin,1.1521,KE,0.0,0.0,0.0,0.0,0.0,0.0,0.0,0.0,0.0,0.0,0.0,0.0
RFB-1180,0.850621,35.123962,permanent_masonry,209,55600,11620000,True,"Risk Forge synthetic book: WorldPop-weighted placement on Kenyan land, attributes from metadata ranges; not a real portfolio",other,peri_urban,basin,1.1521,KE,0.0,0.0,0.0,0.0,0.0,0.0,0.0,0.0,0.0,0.0,0.0,0.0
RFB-1181,0.102146,34.790027,informal_iron_sheet,21,8600,180000,True,"Risk Forge synthetic book: WorldPop-weighted placement on Kenyan land, attributes from metadata ranges; not a real portfolio",other,peri_urban,basin,1.1521,KE,0.0,0.0,0.0,0.0,0.0,0.0,0.0,0.0,0.0,0.0,0.0,0.0
RFB-1182,0.51286,35.271565,semi_permanent,60,11000,660000,True,"Risk Forge synthetic book: WorldPop-weighted placement on Kenyan land, attributes from metadata ranges; not a real portfolio",other,urban,basin,1.1521,KE,0.0,0.0,0.0,0.0,0.0,0.0,0.0,0.0,0.0,0.0,0.0,0.0
RFB-1183,0.369547,35.247993,informal_iron_sheet,27,7100,190000,True,"Risk Forge synthetic book: WorldPop-weighted placement on Kenyan land, attributes from metadata ranges; not a real portfolio",other,rural,basin,1.1521,KE,0.0,0.0,0.0,0.0,0.0,0.0,0.0,0.0,0.0,0.0,0.0,0.0
RFB-1184,0.265904,34.743474,permanent_masonry,138,57200,7895000,True,"Risk Forge synthetic book: WorldPop-weighted placement on Kenyan land, attributes from metadata ranges; not a real portfolio",other,urban,basin,1.1521,KE,0.0,0.0,0.0,0.0,0.0,0.0,0.0,0.0,0.0,0.0,0.0,0.0
RFB-1185,0.528997,35.240072,informal_iron_sheet,18,6700,120000,True,"Risk Forge synthetic book: WorldPop-weighted placement on Kenyan land, attributes from metadata ranges; not a real portfolio",other,urban,basin,1.1521,KE,0.0,0.0,0.0,0.0,0.0,0.0,0.0,0.0,0.0,0.0,0.0,0.0
RFB-1186,-0.21489,35.21895,informal_iron_sheet,14,7000,100000,True,"Risk Forge synthetic book: WorldPop-weighted placement on Kenyan land, attributes from metadata ranges; not a real portfolio",other,rural,basin,1.1521,KE,0.0,0.0,0.0,0.0,0.0,0.0,0.0,0.0,0.0,0.0,0.0,0.0
RFB-1187,0.095798,34.728589,permanent_masonry,138,61000,8420000,True,"Risk Forge synthetic book: WorldPop-weighted placement on Kenyan land, attributes from metadata ranges; not a real portfolio",other,urban,basin,1.1521,KE,0.0,0.0,0.0,0.0,0.0,0.0,0.0,0.0,0.0,0.0,0.0,0.0
RFB-1188,0.213088,34.779983,concrete_rcc,192,73300,14075000,True,"Risk Forge synthetic book: WorldPop-weighted placement on Kenyan land, attributes from metadata ranges; not a real portfolio",other,urban,basin,1.1521,KE,0.0,0.0,0.0,0.0,0.0,0.0,0.0,0.0,0.0,0.0,0.0,0.0
RFB-1189,0.822659,34.669517,informal_iron_sheet,20,6800,135000,True,"Risk Forge synthetic book: WorldPop-weighted placement on Kenyan land, attributes from metadata ranges; not a real portfolio",Bungoma,peri_urban,basin,1.1521,KE,0.0,0.0,0.0,0.0,0.0,0.0,0.0,0.0,0.0,0.0,0.0,0.0
RFB-1190,0.529465,34.831618,semi_permanent,41,10800,445000,True,"Risk Forge synthetic book: WorldPop-weighted placement on Kenyan land, attributes from metadata ranges; not a real portfolio",Kakamega,peri_urban,basin,1.1521,KE,0.0,0.0,0.0,0.0,0.0,0.0,0.0,0.0,0.0,0.0,0.0,0.0
RFB-1191,0.527066,35.296541,permanent_masonry,81,43700,3540000,True,"Risk Forge synthetic book: WorldPop-weighted placement on Kenyan land, attributes from metadata ranges; not a real portfolio",other,urban,basin,1.1521,KE,0.0,0.0,0.0,0.0,0.0,0.0,0.0,0.0,0.0,0.0,0.0,0.0
RFB-1192,0.144232,34.20754,informal_iron_sheet,15,7600,115000,True,"Risk Forge synthetic book: WorldPop-weighted placement on Kenyan land, attributes from metadata ranges; not a real portfolio",other,rural,basin,1.1521,KE,0.0,0.0,0.0,0.0,0.0,0.0,0.0,0.0,0.0,0.0,0.0,0.0
RFB-1193,1.006913,35.010842,permanent_masonry,235,57200,13440000,True,"Risk Forge synthetic book: WorldPop-weighted placement on Kenyan land, attributes from metadata ranges; not a real portfolio",Kitale,urban,basin,1.1521,KE,0.0,0.0,0.0,0.0,0.0,0.0,0.0,0.0,0.0,0.0,0.0,0.0
RFB-1194,0.838795,34.447336,semi_permanent,36,13700,495000,True,"Risk Forge synthetic book: WorldPop-weighted placement on Kenyan land, attributes from metadata ranges; not a real portfolio",other,peri_urban,basin,1.1521,KE,0.0,0.0,0.0,0.0,0.0,0.0,0.0,0.0,0.0,0.0,0.0,0.0
RFB-1195,0.054947,34.559905,informal_iron_sheet,11,9700,105000,True,"Risk Forge synthetic book: WorldPop-weighted placement on Kenyan land, attributes from metadata ranges; not a real portfolio",other,peri_urban,basin,1.1521,KE,0.0,0.0,0.0,0.0,0.0,0.0,0.0,0.0,0.0,0.0,0.0,0.0
RFB-1196,0.521526,34.326703,semi_permanent,38,14700,560000,True,"Risk Forge synthetic book: WorldPop-weighted placement on Kenyan land, attributes from metadata ranges; not a real portfolio",other,peri_urban,basin,1.1521,KE,0.0,0.0,0.0,0.0,0.0,0.0,0.0,0.0,0.0,0.0,0.0,0.0
RFB-1197,0.592367,35.237617,semi_permanent,56,13600,760000,True,"Risk Forge synthetic book: WorldPop-weighted placement on Kenyan land, attributes from metadata ranges; not a real portfolio",other,rural,basin,1.1521,KE,0.0,0.0,0.0,0.0,0.0,0.0,0.0,0.0,0.0,0.0,0.0,0.0
RFB-1198,0.91851,35.057173,semi_permanent,53,14500,770000,True,"Risk Forge synthetic book: WorldPop-weighted placement on Kenyan land, attributes from metadata ranges; not a real portfolio",other,peri_urban,basin,1.1521,KE,0.0,0.0,0.0,0.0,0.0,0.0,0.0,0.0,0.0,0.0,0.0,0.0
RFB-1199,0.997627,35.012292,informal_iron_sheet,14,5500,75000,True,"Risk Forge synthetic book: WorldPop-weighted placement on Kenyan land, attributes from metadata ranges; not a real portfolio",Kitale,peri_urban,basin,1.1521,KE,0.0,0.0,0.0,0.0,0.0,0.0,0.0,0.0,0.0,0.0,0.0,0.0
