loc_id,lat,lon,housing_class,floor_area_m2,cost_per_m2_kes,tiv_kes,synthetic,source,settlement,density_class,stratum,sample_weight
RFB-0000,0.537065,34.728559,permanent_masonry,103,43000,4430000,TRUE,"Risk Forge synthetic book: WorldPop-weighted placement on Kenyan land, attributes from metadata ranges; not a real portfolio",Webuye,peri_urban,floodplain,0.2798
RFB-0001,0.134119,34.028866,semi_permanent,32,12200,390000,TRUE,"Risk Forge synthetic book: WorldPop-weighted placement on Kenyan land, attributes from metadata ranges; not a real portfolio",Port Victoria,peri_urban,floodplain,0.2798
RFB-0002,0.348056,34.491024,semi_permanent,54,12500,675000,TRUE,"Risk Forge synthetic book: WorldPop-weighted placement on Kenyan land, attributes from metadata ranges; not a real portfolio",Mumias,urban,floodplain,0.2798
RFB-0003,0.35994,34.4804,permanent_masonry,187,59400,11110000,TRUE,"Risk Forge synthetic book: WorldPop-weighted placement on Kenyan land, attributes from metadata ranges; not a real portfolio",Mumias,urban,floodplain,0.2798
RFB-0004,0.368849,34.502082,informal_iron_sheet,19,9100,175000,TRUE,"Risk Forge synthetic book: WorldPop-weighted placement on Kenyan land, attributes from metadata ranges; not a real portfolio",Mumias,urban,floodplain,0.2798
RFB-0005,0.069584,34.055541,semi_permanent,23,12400,285000,TRUE,"Risk Forge synthetic book: WorldPop-weighted placement on Kenyan land, attributes from metadata ranges; not a real portfolio",Budalangi,rural,floodplain,0.2798
RFB-0006,-0.111596,34.750513,semi_permanent,31,12100,375000,TRUE,"Risk Forge synthetic book: WorldPop-weighted placement on Kenyan land, attributes from metadata ranges; not a real portfolio",Kisumu,urban,floodplain,0.2798
RFB-0007,0.543088,34.781001,semi_permanent,28,11600,325000,TRUE,"Risk Forge synthetic book: WorldPop-weighted placement on Kenyan land, attributes from metadata ranges; not a real portfolio",Kakamega,peri_urban,floodplain,0.2798
RFB-0008,0.125644,34.027762,informal_iron_sheet,20,8000,160000,TRUE,"Risk Forge synthetic book: WorldPop-weighted placement on Kenyan land, attributes from metadata ranges; not a real portfolio",Port Victoria,peri_urban,floodplain,0.2798
RFB-0009,0.41336,34.588846,permanent_masonry,211,51800,10930000,TRUE,"Risk Forge synthetic book: WorldPop-weighted placement on Kenyan land, attributes from metadata ranges; not a real portfolio",other,peri_urban,floodplain,0.2798
RFB-0010,-0.136878,34.115915,semi_permanent,42,14400,605000,TRUE,"Risk Forge synthetic book: WorldPop-weighted placement on Kenyan land, attributes from metadata ranges; not a real portfolio",other,rural,floodplain,0.2798
RFB-0011,-0.122604,34.757835,informal_iron_sheet,12,9300,110000,TRUE,"Risk Forge synthetic book: WorldPop-weighted placement on Kenyan land, attributes from metadata ranges; not a real portfolio",Kisumu,urban,floodplain,0.2798
RFB-0012,0.14565,34.171246,permanent_masonry,83,43900,3645000,TRUE,"Risk Forge synthetic book: WorldPop-weighted placement on Kenyan land, attributes from metadata ranges; not a real portfolio",Rwambwa,peri_urban,floodplain,0.2798
RFB-0013,0.0897,33.97594,permanent_masonry,181,58100,10515000,TRUE,"Risk Forge synthetic book: WorldPop-weighted placement on Kenyan land, attributes from metadata ranges; not a real portfolio",Port Victoria,urban,floodplain,0.2798
RFB-0014,0.284575,34.409213,semi_permanent,32,15500,495000,TRUE,"Risk Forge synthetic book: WorldPop-weighted placement on Kenyan land, attributes from metadata ranges; not a real portfolio",Mumias,peri_urban,floodplain,0.2798
RFB-0015,-0.038817,34.019118,semi_permanent,73,12200,890000,TRUE,"Risk Forge synthetic book: WorldPop-weighted placement on Kenyan land, attributes from metadata ranges; not a real portfolio",Budalangi,peri_urban,floodplain,0.2798
RFB-0016,0.354609,34.49279,permanent_masonry,237,48600,11520000,TRUE,"Risk Forge synthetic book: WorldPop-weighted placement on Kenyan land, attributes from metadata ranges; not a real portfolio",Mumias,urban,floodplain,0.2798
RFB-0017,0.371493,34.469242,semi_permanent,48,9300,445000,TRUE,"Risk Forge synthetic book: WorldPop-weighted placement on Kenyan land, attributes from metadata ranges; not a real portfolio",Mumias,peri_urban,floodplain,0.2798
RFB-0018,0.436522,34.607059,semi_permanent,44,9000,395000,TRUE,"Risk Forge synthetic book: WorldPop-weighted placement on Kenyan land, attributes from metadata ranges; not a real portfolio",other,peri_urban,floodplain,0.2798
RFB-0019,0.480599,34.669389,permanent_masonry,162,55800,9040000,TRUE,"Risk Forge synthetic book: WorldPop-weighted placement on Kenyan land, attributes from metadata ranges; not a real portfolio",other,peri_urban,floodplain,0.2798
RFB-0020,0.269939,34.402887,semi_permanent,38,10100,385000,TRUE,"Risk Forge synthetic book: WorldPop-weighted placement on Kenyan land, attributes from metadata ranges; not a real portfolio",Mumias,peri_urban,floodplain,0.2798
RFB-0021,0.35704,34.489983,permanent_masonry,111,50400,5595000,TRUE,"Risk Forge synthetic book: WorldPop-weighted placement on Kenyan land, attributes from metadata ranges; not a real portfolio",Mumias,urban,floodplain,0.2798
RFB-0022,0.121648,34.006124,permanent_masonry,99,41500,4110000,TRUE,"Risk Forge synthetic book: WorldPop-weighted placement on Kenyan land, attributes from metadata ranges; not a real portfolio",Port Victoria,peri_urban,floodplain,0.2798
RFB-0023,0.693525,34.88617,semi_permanent,37,14100,520000,TRUE,"Risk Forge synthetic book: WorldPop-weighted placement on Kenyan land, attributes from metadata ranges; not a real portfolio",other,peri_urban,floodplain,0.2798
RFB-0024,0.356875,34.495851,concrete_rcc,309,73600,22740000,TRUE,"Risk Forge synthetic book: WorldPop-weighted placement on Kenyan land, attributes from metadata ranges; not a real portfolio",Mumias,urban,floodplain,0.2798
RFB-0025,0.360996,34.479617,concrete_rcc,249,71200,17730000,TRUE,"Risk Forge synthetic book: WorldPop-weighted placement on Kenyan land, attributes from metadata ranges; not a real portfolio",Mumias,urban,floodplain,0.2798
RFB-0026,0.519228,34.747505,semi_permanent,59,9500,560000,TRUE,"Risk Forge synthetic book: WorldPop-weighted placement on Kenyan land, attributes from metadata ranges; not a real portfolio",Kakamega,peri_urban,floodplain,0.2798
RFB-0027,0.169025,33.993088,permanent_masonry,279,49400,13785000,TRUE,"Risk Forge synthetic book: WorldPop-weighted placement on Kenyan land, attributes from metadata ranges; not a real portfolio",Sio Port,rural,floodplain,0.2798
RFB-0028,0.357673,34.489401,concrete_rcc,607,76700,46555000,TRUE,"Risk Forge synthetic book: WorldPop-weighted placement on Kenyan land, attributes from metadata ranges; not a real portfolio",Mumias,urban,floodplain,0.2798
RFB-0029,0.410052,34.601145,informal_iron_sheet,15,7600,115000,TRUE,"Risk Forge synthetic book: WorldPop-weighted placement on Kenyan land, attributes from metadata ranges; not a real portfolio",other,peri_urban,floodplain,0.2798
RFB-0030,0.505967,34.738153,informal_iron_sheet,12,9200,110000,TRUE,"Risk Forge synthetic book: WorldPop-weighted placement on Kenyan land, attributes from metadata ranges; not a real portfolio",Kakamega,peri_urban,floodplain,0.2798
RFB-0031,-0.068385,34.065839,permanent_masonry,70,55100,3855000,TRUE,"Risk Forge synthetic book: WorldPop-weighted placement on Kenyan land, attributes from metadata ranges; not a real portfolio",other,urban,floodplain,0.2798
RFB-0032,0.065471,34.051703,semi_permanent,31,13200,410000,TRUE,"Risk Forge synthetic book: WorldPop-weighted placement on Kenyan land, attributes from metadata ranges; not a real portfolio",Budalangi,rural,floodplain,0.2798
RFB-0033,0.161774,34.172893,informal_iron_sheet,22,6100,135000,TRUE,"Risk Forge synthetic book: WorldPop-weighted placement on Kenyan land, attributes from metadata ranges; not a real portfolio",Rwambwa,peri_urban,floodplain,0.2798
RFB-0034,0.3692,34.486685,informal_iron_sheet,16,7000,110000,TRUE,"Risk Forge synthetic book: WorldPop-weighted placement on Kenyan land, attributes from metadata ranges; not a real portfolio",Mumias,urban,floodplain,0.2798
RFB-0035,-0.1302,34.743831,permanent_masonry,71,50300,3570000,TRUE,"Risk Forge synthetic book: WorldPop-weighted placement on Kenyan land, attributes from metadata ranges; not a real portfolio",Kisumu,urban,floodplain,0.2798
RFB-0036,0.200992,34.237603,semi_permanent,46,15900,730000,TRUE,"Risk Forge synthetic book: WorldPop-weighted placement on Kenyan land, attributes from metadata ranges; not a real portfolio",other,peri_urban,floodplain,0.2798
RFB-0037,0.35502,34.485179,permanent_masonry,96,54700,5250000,TRUE,"Risk Forge synthetic book: WorldPop-weighted placement on Kenyan land, attributes from metadata ranges; not a real portfolio",Mumias,urban,floodplain,0.2798
RFB-0038,-0.109527,34.745422,informal_iron_sheet,14,7600,105000,TRUE,"Risk Forge synthetic book: WorldPop-weighted placement on Kenyan land, attributes from metadata ranges; not a real portfolio",Kisumu,peri_urban,floodplain,0.2798
RFB-0039,0.389062,34.554811,informal_iron_sheet,14,8200,115000,TRUE,"Risk Forge synthetic book: WorldPop-weighted placement on Kenyan land, attributes from metadata ranges; not a real portfolio",Mumias,peri_urban,floodplain,0.2798
RFB-0040,0.106435,34.006198,concrete_rcc,602,72200,43465000,TRUE,"Risk Forge synthetic book: WorldPop-weighted placement on Kenyan land, attributes from metadata ranges; not a real portfolio",Port Victoria,peri_urban,floodplain,0.2798
RFB-0041,0.385843,34.489855,concrete_rcc,334,53500,17870000,TRUE,"Risk Forge synthetic book: WorldPop-weighted placement on Kenyan land, attributes from metadata ranges; not a real portfolio",Mumias,peri_urban,floodplain,0.2798
RFB-0042,0.452115,34.68208,permanent_masonry,128,47700,6105000,TRUE,"Risk Forge synthetic book: WorldPop-weighted placement on Kenyan land, attributes from metadata ranges; not a real portfolio",other,peri_urban,floodplain,0.2798
RFB-0043,0.104315,34.070729,semi_permanent,44,14300,630000,TRUE,"Risk Forge synthetic book: WorldPop-weighted placement on Kenyan land, attributes from metadata ranges; not a real portfolio",Rwambwa,rural,floodplain,0.2798
RFB-0044,0.480947,34.682275,permanent_masonry,122,60000,7320000,TRUE,"Risk Forge synthetic book: WorldPop-weighted placement on Kenyan land, attributes from metadata ranges; not a real portfolio",other,peri_urban,floodplain,0.2798
RFB-0045,0.329497,34.473804,permanent_masonry,220,58300,12825000,TRUE,"Risk Forge synthetic book: WorldPop-weighted placement on Kenyan land, attributes from metadata ranges; not a real portfolio",Mumias,peri_urban,floodplain,0.2798
RFB-0046,0.186231,34.220749,concrete_rcc,351,64700,22710000,TRUE,"Risk Forge synthetic book: WorldPop-weighted placement on Kenyan land, attributes from metadata ranges; not a real portfolio",other,peri_urban,floodplain,0.2798
RFB-0047,0.531642,34.751238,permanent_masonry,298,52000,15495000,TRUE,"Risk Forge synthetic book: WorldPop-weighted placement on Kenyan land, attributes from metadata ranges; not a real portfolio",Kakamega,peri_urban,floodplain,0.2798
RFB-0048,0.095655,33.986485,informal_iron_sheet,22,9200,200000,TRUE,"Risk Forge synthetic book: WorldPop-weighted placement on Kenyan land, attributes from metadata ranges; not a real portfolio",Port Victoria,urban,floodplain,0.2798
RFB-0049,0.23114,34.297677,semi_permanent,38,14100,535000,TRUE,"Risk Forge synthetic book: WorldPop-weighted placement on Kenyan land, attributes from metadata ranges; not a real portfolio",other,rural,floodplain,0.2798
RFB-0050,0.152169,34.212953,informal_iron_sheet,14,8600,120000,TRUE,"Risk Forge synthetic book: WorldPop-weighted placement on Kenyan land, attributes from metadata ranges; not a real portfolio",other,peri_urban,floodplain,0.2798
RFB-0051,0.362307,34.476821,semi_permanent,46,10300,475000,TRUE,"Risk Forge synthetic book: WorldPop-weighted placement on Kenyan land, attributes from metadata ranges; not a real portfolio",Mumias,urban,floodplain,0.2798
RFB-0052,0.354268,34.465209,informal_iron_sheet,13,7100,90000,TRUE,"Risk Forge synthetic book: WorldPop-weighted placement on Kenyan land, attributes from metadata ranges; not a real portfolio",Mumias,peri_urban,floodplain,0.2798
RFB-0053,0.320718,34.405261,informal_iron_sheet,26,6400,165000,TRUE,"Risk Forge synthetic book: WorldPop-weighted placement on Kenyan land, attributes from metadata ranges; not a real portfolio",Mumias,peri_urban,floodplain,0.2798
RFB-0054,0.347004,34.484714,permanent_masonry,66,58000,3830000,TRUE,"Risk Forge synthetic book: WorldPop-weighted placement on Kenyan land, attributes from metadata ranges; not a real portfolio",Mumias,urban,floodplain,0.2798
RFB-0055,0.109842,34.056567,permanent_masonry,123,50000,6150000,TRUE,"Risk Forge synthetic book: WorldPop-weighted placement on Kenyan land, attributes from metadata ranges; not a real portfolio",Rwambwa,rural,floodplain,0.2798
RFB-0056,0.191084,34.01261,informal_iron_sheet,20,6300,125000,TRUE,"Risk Forge synthetic book: WorldPop-weighted placement on Kenyan land, attributes from metadata ranges; not a real portfolio",Sio Port,rural,floodplain,0.2798
RFB-0057,0.364243,34.511432,permanent_masonry,217,45300,9830000,TRUE,"Risk Forge synthetic book: WorldPop-weighted placement on Kenyan land, attributes from metadata ranges; not a real portfolio",Mumias,peri_urban,floodplain,0.2798
RFB-0058,0.70557,34.887677,informal_iron_sheet,14,5200,75000,TRUE,"Risk Forge synthetic book: WorldPop-weighted placement on Kenyan land, attributes from metadata ranges; not a real portfolio",other,peri_urban,floodplain,0.2798
RFB-0059,0.064886,33.987802,permanent_masonry,163,56900,9275000,TRUE,"Risk Forge synthetic book: WorldPop-weighted placement on Kenyan land, attributes from metadata ranges; not a real portfolio",Budalangi,peri_urban,floodplain,0.2798
RFB-0060,0.277764,34.382752,semi_permanent,39,12500,490000,TRUE,"Risk Forge synthetic book: WorldPop-weighted placement on Kenyan land, attributes from metadata ranges; not a real portfolio",other,rural,floodplain,0.2798
RFB-0061,0.382724,34.488884,permanent_masonry,169,47900,8095000,TRUE,"Risk Forge synthetic book: WorldPop-weighted placement on Kenyan land, attributes from metadata ranges; not a real portfolio",Mumias,urban,floodplain,0.2798
RFB-0062,0.311671,34.402469,informal_iron_sheet,21,9000,190000,TRUE,"Risk Forge synthetic book: WorldPop-weighted placement on Kenyan land, attributes from metadata ranges; not a real portfolio",Mumias,rural,floodplain,0.2798
RFB-0063,0.594024,34.786878,permanent_masonry,165,54900,9060000,TRUE,"Risk Forge synthetic book: WorldPop-weighted placement on Kenyan land, attributes from metadata ranges; not a real portfolio",Webuye,urban,floodplain,0.2798
RFB-0064,-0.11082,34.751256,permanent_masonry,69,54300,3745000,TRUE,"Risk Forge synthetic book: WorldPop-weighted placement on Kenyan land, attributes from metadata ranges; not a real portfolio",Kisumu,urban,floodplain,0.2798
RFB-0065,-0.252477,34.261412,semi_permanent,74,9100,675000,TRUE,"Risk Forge synthetic book: WorldPop-weighted placement on Kenyan land, attributes from metadata ranges; not a real portfolio",other,rural,floodplain,0.2798
RFB-0066,0.63783,34.823139,permanent_masonry,203,50100,10170000,TRUE,"Risk Forge synthetic book: WorldPop-weighted placement on Kenyan land, attributes from metadata ranges; not a real portfolio",Webuye,peri_urban,floodplain,0.2798
RFB-0067,0.372043,34.503449,permanent_masonry,168,41800,7020000,TRUE,"Risk Forge synthetic book: WorldPop-weighted placement on Kenyan land, attributes from metadata ranges; not a real portfolio",Mumias,urban,floodplain,0.2798
RFB-0068,0.097561,33.989822,permanent_masonry,214,55000,11770000,TRUE,"Risk Forge synthetic book: WorldPop-weighted placement on Kenyan land, attributes from metadata ranges; not a real portfolio",Port Victoria,urban,floodplain,0.2798
RFB-0069,0.386398,34.486112,semi_permanent,49,9900,485000,TRUE,"Risk Forge synthetic book: WorldPop-weighted placement on Kenyan land, attributes from metadata ranges; not a real portfolio",Mumias,peri_urban,floodplain,0.2798
RFB-0070,0.205859,34.280089,permanent_masonry,141,48200,6795000,TRUE,"Risk Forge synthetic book: WorldPop-weighted placement on Kenyan land, attributes from metadata ranges; not a real portfolio",other,peri_urban,floodplain,0.2798
RFB-0071,0.361039,34.517635,informal_iron_sheet,17,5500,95000,TRUE,"Risk Forge synthetic book: WorldPop-weighted placement on Kenyan land, attributes from metadata ranges; not a real portfolio",Mumias,rural,floodplain,0.2798
RFB-0072,0.080156,34.001419,permanent_masonry,116,41900,4860000,TRUE,"Risk Forge synthetic book: WorldPop-weighted placement on Kenyan land, attributes from metadata ranges; not a real portfolio",Port Victoria,peri_urban,floodplain,0.2798
RFB-0073,-0.131737,34.745149,permanent_masonry,132,42900,5665000,TRUE,"Risk Forge synthetic book: WorldPop-weighted placement on Kenyan land, attributes from metadata ranges; not a real portfolio",Kisumu,urban,floodplain,0.2798
RFB-0074,-0.107522,34.065626,semi_permanent,48,12000,575000,TRUE,"Risk Forge synthetic book: WorldPop-weighted placement on Kenyan land, attributes from metadata ranges; not a real portfolio",other,peri_urban,floodplain,0.2798
RFB-0075,0.15238,34.197423,semi_permanent,43,13800,595000,TRUE,"Risk Forge synthetic book: WorldPop-weighted placement on Kenyan land, attributes from metadata ranges; not a real portfolio",other,rural,floodplain,0.2798
RFB-0076,0.571952,34.802069,informal_iron_sheet,13,6700,85000,TRUE,"Risk Forge synthetic book: WorldPop-weighted placement on Kenyan land, attributes from metadata ranges; not a real portfolio",Webuye,peri_urban,floodplain,0.2798
RFB-0077,-0.129933,34.744315,informal_iron_sheet,25,8500,210000,TRUE,"Risk Forge synthetic book: WorldPop-weighted placement on Kenyan land, attributes from metadata ranges; not a real portfolio",Kisumu,urban,floodplain,0.2798
RFB-0078,0.685417,34.875753,permanent_masonry,132,49100,6480000,TRUE,"Risk Forge synthetic book: WorldPop-weighted placement on Kenyan land, attributes from metadata ranges; not a real portfolio",other,peri_urban,floodplain,0.2798
RFB-0079,0.413537,34.588561,semi_permanent,38,14700,560000,TRUE,"Risk Forge synthetic book: WorldPop-weighted placement on Kenyan land, attributes from metadata ranges; not a real portfolio",other,peri_urban,floodplain,0.2798
RFB-0080,0.437159,34.649188,permanent_masonry,214,45400,9715000,TRUE,"Risk Forge synthetic book: WorldPop-weighted placement on Kenyan land, attributes from metadata ranges; not a real portfolio",other,peri_urban,floodplain,0.2798
RFB-0081,0.115314,33.9969,permanent_masonry,124,58100,7205000,TRUE,"Risk Forge synthetic book: WorldPop-weighted placement on Kenyan land, attributes from metadata ranges; not a real portfolio",Port Victoria,peri_urban,floodplain,0.2798
RFB-0082,0.329268,34.414416,semi_permanent,64,9400,600000,TRUE,"Risk Forge synthetic book: WorldPop-weighted placement on Kenyan land, attributes from metadata ranges; not a real portfolio",Mumias,peri_urban,floodplain,0.2798
RFB-0083,0.596496,34.786598,semi_permanent,29,8800,255000,TRUE,"Risk Forge synthetic book: WorldPop-weighted placement on Kenyan land, attributes from metadata ranges; not a real portfolio",Webuye,urban,floodplain,0.2798
RFB-0084,0.697506,34.8896,semi_permanent,40,11500,460000,TRUE,"Risk Forge synthetic book: WorldPop-weighted placement on Kenyan land, attributes from metadata ranges; not a real portfolio",other,peri_urban,floodplain,0.2798
RFB-0085,0.164546,34.137422,informal_iron_sheet,19,7700,145000,TRUE,"Risk Forge synthetic book: WorldPop-weighted placement on Kenyan land, attributes from metadata ranges; not a real portfolio",Rwambwa,rural,floodplain,0.2798
RFB-0086,0.33202,34.464077,informal_iron_sheet,10,8100,80000,TRUE,"Risk Forge synthetic book: WorldPop-weighted placement on Kenyan land, attributes from metadata ranges; not a real portfolio",Mumias,peri_urban,floodplain,0.2798
RFB-0087,0.173917,34.23569,semi_permanent,35,11500,400000,TRUE,"Risk Forge synthetic book: WorldPop-weighted placement on Kenyan land, attributes from metadata ranges; not a real portfolio",other,peri_urban,floodplain,0.2798
RFB-0088,0.207754,34.247369,semi_permanent,26,13000,340000,TRUE,"Risk Forge synthetic book: WorldPop-weighted placement on Kenyan land, attributes from metadata ranges; not a real portfolio",Bumala,peri_urban,floodplain,0.2798
RFB-0089,-0.101262,34.743836,informal_iron_sheet,16,6200,100000,TRUE,"Risk Forge synthetic book: WorldPop-weighted placement on Kenyan land, attributes from metadata ranges; not a real portfolio",Kisumu,peri_urban,floodplain,0.2798
RFB-0090,-0.124386,34.752935,permanent_masonry,215,54200,11655000,TRUE,"Risk Forge synthetic book: WorldPop-weighted placement on Kenyan land, attributes from metadata ranges; not a real portfolio",Kisumu,urban,floodplain,0.2798
RFB-0091,0.531612,34.75255,permanent_masonry,148,58200,8615000,TRUE,"Risk Forge synthetic book: WorldPop-weighted placement on Kenyan land, attributes from metadata ranges; not a real portfolio",Kakamega,peri_urban,floodplain,0.2798
RFB-0092,-0.12833,34.745368,permanent_masonry,124,49000,6075000,TRUE,"Risk Forge synthetic book: WorldPop-weighted placement on Kenyan land, attributes from metadata ranges; not a real portfolio",Kisumu,urban,floodplain,0.2798
RFB-0093,0.067153,33.993699,informal_iron_sheet,12,8700,105000,TRUE,"Risk Forge synthetic book: WorldPop-weighted placement on Kenyan land, attributes from metadata ranges; not a real portfolio",Budalangi,peri_urban,floodplain,0.2798
RFB-0094,0.13823,34.013281,informal_iron_sheet,16,5900,95000,TRUE,"Risk Forge synthetic book: WorldPop-weighted placement on Kenyan land, attributes from metadata ranges; not a real portfolio",Port Victoria,peri_urban,floodplain,0.2798
RFB-0095,0.126418,34.121926,informal_iron_sheet,19,8400,160000,TRUE,"Risk Forge synthetic book: WorldPop-weighted placement on Kenyan land, attributes from metadata ranges; not a real portfolio",Rwambwa,peri_urban,floodplain,0.2798
RFB-0096,0.239272,34.352125,semi_permanent,77,11800,910000,TRUE,"Risk Forge synthetic book: WorldPop-weighted placement on Kenyan land, attributes from metadata ranges; not a real portfolio",other,peri_urban,floodplain,0.2798
RFB-0097,-0.124263,34.756205,concrete_rcc,265,72300,19160000,TRUE,"Risk Forge synthetic book: WorldPop-weighted placement on Kenyan land, attributes from metadata ranges; not a real portfolio",Kisumu,urban,floodplain,0.2798
RFB-0098,0.471259,34.655397,permanent_masonry,149,61200,9120000,TRUE,"Risk Forge synthetic book: WorldPop-weighted placement on Kenyan land, attributes from metadata ranges; not a real portfolio",other,peri_urban,floodplain,0.2798
RFB-0099,0.169603,34.22427,semi_permanent,41,14000,575000,TRUE,"Risk Forge synthetic book: WorldPop-weighted placement on Kenyan land, attributes from metadata ranges; not a real portfolio",other,peri_urban,floodplain,0.2798
RFB-0100,0.013845,34.006909,semi_permanent,33,13900,460000,TRUE,"Risk Forge synthetic book: WorldPop-weighted placement on Kenyan land, attributes from metadata ranges; not a real portfolio",Budalangi,rural,floodplain,0.2798
RFB-0101,0.589696,34.799183,permanent_masonry,64,52400,3355000,TRUE,"Risk Forge synthetic book: WorldPop-weighted placement on Kenyan land, attributes from metadata ranges; not a real portfolio",Webuye,urban,floodplain,0.2798
RFB-0102,0.156432,34.132331,semi_permanent,34,15300,520000,TRUE,"Risk Forge synthetic book: WorldPop-weighted placement on Kenyan land, attributes from metadata ranges; not a real portfolio",Rwambwa,peri_urban,floodplain,0.2798
RFB-0103,0.364472,34.507213,permanent_masonry,201,58900,11840000,TRUE,"Risk Forge synthetic book: WorldPop-weighted placement on Kenyan land, attributes from metadata ranges; not a real portfolio",Mumias,urban,floodplain,0.2798
RFB-0104,0.087134,34.057795,permanent_masonry,274,43700,11975000,TRUE,"Risk Forge synthetic book: WorldPop-weighted placement on Kenyan land, attributes from metadata ranges; not a real portfolio",Rwambwa,peri_urban,floodplain,0.2798
RFB-0105,0.628691,34.840915,informal_iron_sheet,26,6800,175000,TRUE,"Risk Forge synthetic book: WorldPop-weighted placement on Kenyan land, attributes from metadata ranges; not a real portfolio",Webuye,peri_urban,floodplain,0.2798
RFB-0106,0.161013,34.169757,semi_permanent,48,10300,495000,TRUE,"Risk Forge synthetic book: WorldPop-weighted placement on Kenyan land, attributes from metadata ranges; not a real portfolio",Rwambwa,peri_urban,floodplain,0.2798
RFB-0107,-0.070082,34.043077,semi_permanent,66,10200,675000,TRUE,"Risk Forge synthetic book: WorldPop-weighted placement on Kenyan land, attributes from metadata ranges; not a real portfolio",other,peri_urban,floodplain,0.2798
RFB-0108,0.148567,34.065727,informal_iron_sheet,13,5400,70000,TRUE,"Risk Forge synthetic book: WorldPop-weighted placement on Kenyan land, attributes from metadata ranges; not a real portfolio",Rwambwa,peri_urban,floodplain,0.2798
RFB-0109,0.386594,34.569429,semi_permanent,51,8600,440000,TRUE,"Risk Forge synthetic book: WorldPop-weighted placement on Kenyan land, attributes from metadata ranges; not a real portfolio",Mumias,peri_urban,floodplain,0.2798
RFB-0110,0.132082,34.090241,informal_iron_sheet,15,6200,95000,TRUE,"Risk Forge synthetic book: WorldPop-weighted placement on Kenyan land, attributes from metadata ranges; not a real portfolio",Rwambwa,peri_urban,floodplain,0.2798
RFB-0111,0.375836,34.57455,permanent_masonry,62,53600,3325000,TRUE,"Risk Forge synthetic book: WorldPop-weighted placement on Kenyan land, attributes from metadata ranges; not a real portfolio",Mumias,peri_urban,floodplain,0.2798
RFB-0112,0.118882,34.105076,permanent_masonry,233,49300,11485000,TRUE,"Risk Forge synthetic book: WorldPop-weighted placement on Kenyan land, attributes from metadata ranges; not a real portfolio",Rwambwa,peri_urban,floodplain,0.2798
RFB-0113,0.586952,34.785899,permanent_masonry,190,58900,11190000,TRUE,"Risk Forge synthetic book: WorldPop-weighted placement on Kenyan land, attributes from metadata ranges; not a real portfolio",Webuye,urban,floodplain,0.2798
RFB-0114,0.440421,34.622064,semi_permanent,52,15500,805000,TRUE,"Risk Forge synthetic book: WorldPop-weighted placement on Kenyan land, attributes from metadata ranges; not a real portfolio",other,peri_urban,floodplain,0.2798
RFB-0115,0.679387,34.865087,semi_permanent,32,8400,270000,TRUE,"Risk Forge synthetic book: WorldPop-weighted placement on Kenyan land, attributes from metadata ranges; not a real portfolio",other,peri_urban,floodplain,0.2798
RFB-0116,0.606767,34.785027,semi_permanent,31,10200,315000,TRUE,"Risk Forge synthetic book: WorldPop-weighted placement on Kenyan land, attributes from metadata ranges; not a real portfolio",Webuye,peri_urban,floodplain,0.2798
RFB-0117,0.217234,34.298661,semi_permanent,45,12300,555000,TRUE,"Risk Forge synthetic book: WorldPop-weighted placement on Kenyan land, attributes from metadata ranges; not a real portfolio",other,rural,floodplain,0.2798
RFB-0118,0.471458,34.630807,semi_permanent,53,13400,710000,TRUE,"Risk Forge synthetic book: WorldPop-weighted placement on Kenyan land, attributes from metadata ranges; not a real portfolio",other,peri_urban,floodplain,0.2798
RFB-0119,0.286321,34.424007,permanent_masonry,94,47000,4420000,TRUE,"Risk Forge synthetic book: WorldPop-weighted placement on Kenyan land, attributes from metadata ranges; not a real portfolio",Mumias,peri_urban,floodplain,0.2798
RFB-0120,0.13205,34.119677,semi_permanent,51,13300,680000,TRUE,"Risk Forge synthetic book: WorldPop-weighted placement on Kenyan land, attributes from metadata ranges; not a real portfolio",Rwambwa,peri_urban,floodplain,0.2798
RFB-0121,-0.070297,34.065578,concrete_rcc,329,68200,22440000,TRUE,"Risk Forge synthetic book: WorldPop-weighted placement on Kenyan land, attributes from metadata ranges; not a real portfolio",other,urban,floodplain,0.2798
RFB-0122,0.373355,34.501798,permanent_masonry,109,51400,5605000,TRUE,"Risk Forge synthetic book: WorldPop-weighted placement on Kenyan land, attributes from metadata ranges; not a real portfolio",Mumias,urban,floodplain,0.2798
RFB-0123,0.386927,34.54753,informal_iron_sheet,15,5300,80000,TRUE,"Risk Forge synthetic book: WorldPop-weighted placement on Kenyan land, attributes from metadata ranges; not a real portfolio",Mumias,peri_urban,floodplain,0.2798
RFB-0124,0.383887,34.490732,permanent_masonry,85,46600,3960000,TRUE,"Risk Forge synthetic book: WorldPop-weighted placement on Kenyan land, attributes from metadata ranges; not a real portfolio",Mumias,peri_urban,floodplain,0.2798
RFB-0125,0.587977,34.787892,permanent_masonry,54,44100,2380000,TRUE,"Risk Forge synthetic book: WorldPop-weighted placement on Kenyan land, attributes from metadata ranges; not a real portfolio",Webuye,urban,floodplain,0.2798
RFB-0126,0.119269,34.001546,informal_iron_sheet,17,7700,130000,TRUE,"Risk Forge synthetic book: WorldPop-weighted placement on Kenyan land, attributes from metadata ranges; not a real portfolio",Port Victoria,peri_urban,floodplain,0.2798
RFB-0127,-0.017749,34.065961,informal_iron_sheet,23,8100,185000,TRUE,"Risk Forge synthetic book: WorldPop-weighted placement on Kenyan land, attributes from metadata ranges; not a real portfolio",Budalangi,rural,floodplain,0.2798
RFB-0128,0.339375,34.438154,permanent_masonry,108,59300,6405000,TRUE,"Risk Forge synthetic book: WorldPop-weighted placement on Kenyan land, attributes from metadata ranges; not a real portfolio",Mumias,peri_urban,floodplain,0.2798
RFB-0129,0.215309,34.269148,concrete_rcc,778,68700,53450000,TRUE,"Risk Forge synthetic book: WorldPop-weighted placement on Kenyan land, attributes from metadata ranges; not a real portfolio",other,peri_urban,floodplain,0.2798
RFB-0130,-0.126762,34.748981,permanent_masonry,214,49900,10680000,TRUE,"Risk Forge synthetic book: WorldPop-weighted placement on Kenyan land, attributes from metadata ranges; not a real portfolio",Kisumu,urban,floodplain,0.2798
RFB-0131,0.106694,34.056616,informal_iron_sheet,15,8400,125000,TRUE,"Risk Forge synthetic book: WorldPop-weighted placement on Kenyan land, attributes from metadata ranges; not a real portfolio",Rwambwa,peri_urban,floodplain,0.2798
RFB-0132,0.094743,34.099121,concrete_rcc,250,68400,17100000,TRUE,"Risk Forge synthetic book: WorldPop-weighted placement on Kenyan land, attributes from metadata ranges; not a real portfolio",Rwambwa,rural,floodplain,0.2798
RFB-0133,-0.10389,34.746937,informal_iron_sheet,11,8800,95000,TRUE,"Risk Forge synthetic book: WorldPop-weighted placement on Kenyan land, attributes from metadata ranges; not a real portfolio",Kisumu,peri_urban,floodplain,0.2798
RFB-0134,0.495248,34.718724,permanent_masonry,170,57000,9690000,TRUE,"Risk Forge synthetic book: WorldPop-weighted placement on Kenyan land, attributes from metadata ranges; not a real portfolio",Kakamega,peri_urban,floodplain,0.2798
RFB-0135,0.13666,34.213237,permanent_masonry,114,51100,5825000,TRUE,"Risk Forge synthetic book: WorldPop-weighted placement on Kenyan land, attributes from metadata ranges; not a real portfolio",other,rural,floodplain,0.2798
RFB-0136,0.09707,33.979227,permanent_masonry,140,52900,7405000,TRUE,"Risk Forge synthetic book: WorldPop-weighted placement on Kenyan land, attributes from metadata ranges; not a real portfolio",Port Victoria,urban,floodplain,0.2798
RFB-0137,-0.065142,34.054224,permanent_masonry,62,47500,2945000,TRUE,"Risk Forge synthetic book: WorldPop-weighted placement on Kenyan land, attributes from metadata ranges; not a real portfolio",other,urban,floodplain,0.2798
RFB-0138,0.370682,34.483858,concrete_rcc,510,78900,40240000,TRUE,"Risk Forge synthetic book: WorldPop-weighted placement on Kenyan land, attributes from metadata ranges; not a real portfolio",Mumias,urban,floodplain,0.2798
RFB-0139,0.101358,33.98568,permanent_masonry,174,63000,10960000,TRUE,"Risk Forge synthetic book: WorldPop-weighted placement on Kenyan land, attributes from metadata ranges; not a real portfolio",Port Victoria,urban,floodplain,0.2798
RFB-0140,0.160315,34.13577,permanent_masonry,111,45500,5050000,TRUE,"Risk Forge synthetic book: WorldPop-weighted placement on Kenyan land, attributes from metadata ranges; not a real portfolio",Rwambwa,rural,floodplain,0.2798
RFB-0141,0.360982,34.501077,concrete_rcc,457,61500,28105000,TRUE,"Risk Forge synthetic book: WorldPop-weighted placement on Kenyan land, attributes from metadata ranges; not a real portfolio",Mumias,urban,floodplain,0.2798
RFB-0142,0.595785,34.78659,permanent_masonry,239,56200,13430000,TRUE,"Risk Forge synthetic book: WorldPop-weighted placement on Kenyan land, attributes from metadata ranges; not a real portfolio",Webuye,urban,floodplain,0.2798
RFB-0143,0.368335,34.503782,concrete_rcc,345,67600,23320000,TRUE,"Risk Forge synthetic book: WorldPop-weighted placement on Kenyan land, attributes from metadata ranges; not a real portfolio",Mumias,urban,floodplain,0.2798
RFB-0144,-0.130539,34.747228,permanent_masonry,102,45500,4640000,TRUE,"Risk Forge synthetic book: WorldPop-weighted placement on Kenyan land, attributes from metadata ranges; not a real portfolio",Kisumu,urban,floodplain,0.2798
RFB-0145,0.493986,34.729314,permanent_masonry,117,51800,6060000,TRUE,"Risk Forge synthetic book: WorldPop-weighted placement on Kenyan land, attributes from metadata ranges; not a real portfolio",Kakamega,peri_urban,floodplain,0.2798
RFB-0146,0.590784,34.77882,concrete_rcc,245,80600,19745000,TRUE,"Risk Forge synthetic book: WorldPop-weighted placement on Kenyan land, attributes from metadata ranges; not a real portfolio",Webuye,urban,floodplain,0.2798
RFB-0147,0.363269,34.476513,concrete_rcc,150,81200,12180000,TRUE,"Risk Forge synthetic book: WorldPop-weighted placement on Kenyan land, attributes from metadata ranges; not a real portfolio",Mumias,urban,floodplain,0.2798
RFB-0148,0.594657,34.78552,permanent_masonry,115,51100,5875000,TRUE,"Risk Forge synthetic book: WorldPop-weighted placement on Kenyan land, attributes from metadata ranges; not a real portfolio",Webuye,urban,floodplain,0.2798
RFB-0149,0.449051,34.611152,informal_iron_sheet,20,8400,170000,TRUE,"Risk Forge synthetic book: WorldPop-weighted placement on Kenyan land, attributes from metadata ranges; not a real portfolio",other,peri_urban,floodplain,0.2798
RFB-0150,-0.120884,34.75153,semi_permanent,78,14600,1140000,TRUE,"Risk Forge synthetic book: WorldPop-weighted placement on Kenyan land, attributes from metadata ranges; not a real portfolio",Kisumu,urban,floodplain,0.2798
RFB-0151,0.387201,34.544012,semi_permanent,42,12900,540000,TRUE,"Risk Forge synthetic book: WorldPop-weighted placement on Kenyan land, attributes from metadata ranges; not a real portfolio",Mumias,peri_urban,floodplain,0.2798
RFB-0152,0.180968,34.003448,informal_iron_sheet,14,8500,120000,TRUE,"Risk Forge synthetic book: WorldPop-weighted placement on Kenyan land, attributes from metadata ranges; not a real portfolio",Sio Port,peri_urban,floodplain,0.2798
RFB-0153,0.472392,34.693813,concrete_rcc,544,64500,35090000,TRUE,"Risk Forge synthetic book: WorldPop-weighted placement on Kenyan land, attributes from metadata ranges; not a real portfolio",other,peri_urban,floodplain,0.2798
RFB-0154,0.119119,34.093997,informal_iron_sheet,21,7500,160000,TRUE,"Risk Forge synthetic book: WorldPop-weighted placement on Kenyan land, attributes from metadata ranges; not a real portfolio",Rwambwa,peri_urban,floodplain,0.2798
RFB-0155,0.590641,34.789628,concrete_rcc,254,73200,18595000,TRUE,"Risk Forge synthetic book: WorldPop-weighted placement on Kenyan land, attributes from metadata ranges; not a real portfolio",Webuye,urban,floodplain,0.2798
RFB-0156,0.074505,34.028137,semi_permanent,24,13200,315000,TRUE,"Risk Forge synthetic book: WorldPop-weighted placement on Kenyan land, attributes from metadata ranges; not a real portfolio",Budalangi,rural,floodplain,0.2798
RFB-0157,0.350931,34.478285,semi_permanent,63,12200,770000,TRUE,"Risk Forge synthetic book: WorldPop-weighted placement on Kenyan land, attributes from metadata ranges; not a real portfolio",Mumias,urban,floodplain,0.2798
RFB-0158,0.535911,34.772949,permanent_masonry,65,48100,3125000,TRUE,"Risk Forge synthetic book: WorldPop-weighted placement on Kenyan land, attributes from metadata ranges; not a real portfolio",Kakamega,peri_urban,floodplain,0.2798
RFB-0159,0.087075,33.989512,permanent_masonry,216,45700,9870000,TRUE,"Risk Forge synthetic book: WorldPop-weighted placement on Kenyan land, attributes from metadata ranges; not a real portfolio",Port Victoria,peri_urban,floodplain,0.2798
RFB-0160,0.218791,34.289123,semi_permanent,43,12400,535000,TRUE,"Risk Forge synthetic book: WorldPop-weighted placement on Kenyan land, attributes from metadata ranges; not a real portfolio",other,peri_urban,floodplain,0.2798
RFB-0161,0.355917,34.48811,permanent_masonry,215,58200,12515000,TRUE,"Risk Forge synthetic book: WorldPop-weighted placement on Kenyan land, attributes from metadata ranges; not a real portfolio",Mumias,urban,floodplain,0.2798
RFB-0162,0.461116,34.600891,semi_permanent,67,12400,830000,TRUE,"Risk Forge synthetic book: WorldPop-weighted placement on Kenyan land, attributes from metadata ranges; not a real portfolio",other,peri_urban,floodplain,0.2798
RFB-0163,0.070112,33.9902,informal_iron_sheet,22,9500,210000,TRUE,"Risk Forge synthetic book: WorldPop-weighted placement on Kenyan land, attributes from metadata ranges; not a real portfolio",Budalangi,urban,floodplain,0.2798
RFB-0164,0.364005,34.480119,concrete_rcc,214,75700,16200000,TRUE,"Risk Forge synthetic book: WorldPop-weighted placement on Kenyan land, attributes from metadata ranges; not a real portfolio",Mumias,urban,floodplain,0.2798
RFB-0165,0.664067,34.832469,semi_permanent,43,12500,540000,TRUE,"Risk Forge synthetic book: WorldPop-weighted placement on Kenyan land, attributes from metadata ranges; not a real portfolio",Webuye,peri_urban,floodplain,0.2798
RFB-0166,-0.129059,34.743442,permanent_masonry,197,52000,10245000,TRUE,"Risk Forge synthetic book: WorldPop-weighted placement on Kenyan land, attributes from metadata ranges; not a real portfolio",Kisumu,urban,floodplain,0.2798
RFB-0167,0.682258,34.842961,semi_permanent,38,13700,520000,TRUE,"Risk Forge synthetic book: WorldPop-weighted placement on Kenyan land, attributes from metadata ranges; not a real portfolio",Webuye,peri_urban,floodplain,0.2798
RFB-0168,0.585874,34.790516,semi_permanent,31,12200,380000,TRUE,"Risk Forge synthetic book: WorldPop-weighted placement on Kenyan land, attributes from metadata ranges; not a real portfolio",Webuye,urban,floodplain,0.2798
RFB-0169,0.342723,34.486115,permanent_masonry,168,49700,8350000,TRUE,"Risk Forge synthetic book: WorldPop-weighted placement on Kenyan land, attributes from metadata ranges; not a real portfolio",Mumias,urban,floodplain,0.2798
RFB-0170,0.501118,34.732615,permanent_masonry,164,63000,10330000,TRUE,"Risk Forge synthetic book: WorldPop-weighted placement on Kenyan land, attributes from metadata ranges; not a real portfolio",Kakamega,peri_urban,floodplain,0.2798
RFB-0171,0.378499,34.506089,permanent_masonry,133,45100,6000000,TRUE,"Risk Forge synthetic book: WorldPop-weighted placement on Kenyan land, attributes from metadata ranges; not a real portfolio",Mumias,peri_urban,floodplain,0.2798
RFB-0172,0.206326,34.285437,semi_permanent,50,10400,520000,TRUE,"Risk Forge synthetic book: WorldPop-weighted placement on Kenyan land, attributes from metadata ranges; not a real portfolio",other,peri_urban,floodplain,0.2798
RFB-0173,-0.125481,34.746783,permanent_masonry,95,56800,5395000,TRUE,"Risk Forge synthetic book: WorldPop-weighted placement on Kenyan land, attributes from metadata ranges; not a real portfolio",Kisumu,urban,floodplain,0.2798
RFB-0174,-0.129497,34.744643,semi_permanent,36,12600,455000,TRUE,"Risk Forge synthetic book: WorldPop-weighted placement on Kenyan land, attributes from metadata ranges; not a real portfolio",Kisumu,urban,floodplain,0.2798
RFB-0175,0.622726,34.83157,permanent_masonry,102,47500,4845000,TRUE,"Risk Forge synthetic book: WorldPop-weighted placement on Kenyan land, attributes from metadata ranges; not a real portfolio",Webuye,peri_urban,floodplain,0.2798
RFB-0176,-0.060917,34.063575,permanent_masonry,115,56800,6530000,TRUE,"Risk Forge synthetic book: WorldPop-weighted placement on Kenyan land, attributes from metadata ranges; not a real portfolio",other,urban,floodplain,0.2798
RFB-0177,0.552928,34.747554,informal_iron_sheet,16,8600,140000,TRUE,"Risk Forge synthetic book: WorldPop-weighted placement on Kenyan land, attributes from metadata ranges; not a real portfolio",Webuye,peri_urban,floodplain,0.2798
RFB-0178,0.031995,34.09423,semi_permanent,44,9800,430000,TRUE,"Risk Forge synthetic book: WorldPop-weighted placement on Kenyan land, attributes from metadata ranges; not a real portfolio",Budalangi,rural,floodplain,0.2798
RFB-0179,0.411736,34.567248,concrete_rcc,506,69100,34965000,TRUE,"Risk Forge synthetic book: WorldPop-weighted placement on Kenyan land, attributes from metadata ranges; not a real portfolio",other,peri_urban,floodplain,0.2798
RFB-0180,0.127319,35.211849,informal_iron_sheet,13,8400,110000,TRUE,"Risk Forge synthetic book: WorldPop-weighted placement on Kenyan land, attributes from metadata ranges; not a real portfolio",other,peri_urban,basin,1.1271
RFB-0181,0.124325,34.405794,semi_permanent,32,10500,335000,TRUE,"Risk Forge synthetic book: WorldPop-weighted placement on Kenyan land, attributes from metadata ranges; not a real portfolio",other,rural,basin,1.1271
RFB-0182,-0.021288,34.58226,permanent_masonry,146,57600,8410000,TRUE,"Risk Forge synthetic book: WorldPop-weighted placement on Kenyan land, attributes from metadata ranges; not a real portfolio",other,urban,basin,1.1271
RFB-0183,-0.180829,35.01106,informal_iron_sheet,19,6400,120000,TRUE,"Risk Forge synthetic book: WorldPop-weighted placement on Kenyan land, attributes from metadata ranges; not a real portfolio",other,rural,basin,1.1271
RFB-0184,0.621335,34.603859,informal_iron_sheet,15,6500,100000,TRUE,"Risk Forge synthetic book: WorldPop-weighted placement on Kenyan land, attributes from metadata ranges; not a real portfolio",other,peri_urban,basin,1.1271
RFB-0185,0.230656,34.807029,semi_permanent,30,13000,390000,TRUE,"Risk Forge synthetic book: WorldPop-weighted placement on Kenyan land, attributes from metadata ranges; not a real portfolio",other,peri_urban,basin,1.1271
RFB-0186,0.106743,34.7023,semi_permanent,57,11600,660000,TRUE,"Risk Forge synthetic book: WorldPop-weighted placement on Kenyan land, attributes from metadata ranges; not a real portfolio",other,peri_urban,basin,1.1271
RFB-0187,1.009085,35.022192,concrete_rcc,511,59900,30610000,TRUE,"Risk Forge synthetic book: WorldPop-weighted placement on Kenyan land, attributes from metadata ranges; not a real portfolio",Kitale,urban,basin,1.1271
RFB-0188,0.196529,35.090375,permanent_masonry,93,58900,5480000,TRUE,"Risk Forge synthetic book: WorldPop-weighted placement on Kenyan land, attributes from metadata ranges; not a real portfolio",other,urban,basin,1.1271
RFB-0189,0.573119,34.655144,permanent_masonry,161,49900,8035000,TRUE,"Risk Forge synthetic book: WorldPop-weighted placement on Kenyan land, attributes from metadata ranges; not a real portfolio",other,urban,basin,1.1271
RFB-0190,0.815869,34.809617,permanent_masonry,184,56700,10435000,TRUE,"Risk Forge synthetic book: WorldPop-weighted placement on Kenyan land, attributes from metadata ranges; not a real portfolio",Bungoma,peri_urban,basin,1.1271
RFB-0191,0.322824,34.096975,informal_iron_sheet,21,6900,145000,TRUE,"Risk Forge synthetic book: WorldPop-weighted placement on Kenyan land, attributes from metadata ranges; not a real portfolio",Bumala,peri_urban,basin,1.1271
RFB-0192,0.460037,34.559062,informal_iron_sheet,23,8600,200000,TRUE,"Risk Forge synthetic book: WorldPop-weighted placement on Kenyan land, attributes from metadata ranges; not a real portfolio",other,peri_urban,basin,1.1271
RFB-0193,0.298194,35.360863,informal_iron_sheet,13,9100,120000,TRUE,"Risk Forge synthetic book: WorldPop-weighted placement on Kenyan land, attributes from metadata ranges; not a real portfolio",other,rural,basin,1.1271
RFB-0194,0.211219,34.582049,informal_iron_sheet,21,7600,160000,TRUE,"Risk Forge synthetic book: WorldPop-weighted placement on Kenyan land, attributes from metadata ranges; not a real portfolio",other,peri_urban,basin,1.1271
RFB-0195,0.409375,34.814107,permanent_masonry,167,39100,6530000,TRUE,"Risk Forge synthetic book: WorldPop-weighted placement on Kenyan land, attributes from metadata ranges; not a real portfolio",Kakamega,peri_urban,basin,1.1271
RFB-0196,-0.086634,34.77703,permanent_masonry,187,50400,9425000,TRUE,"Risk Forge synthetic book: WorldPop-weighted placement on Kenyan land, attributes from metadata ranges; not a real portfolio",Kisumu,urban,basin,1.1271
RFB-0197,0.787274,34.730604,informal_iron_sheet,26,6200,160000,TRUE,"Risk Forge synthetic book: WorldPop-weighted placement on Kenyan land, attributes from metadata ranges; not a real portfolio",Bungoma,urban,basin,1.1271
RFB-0198,0.606752,34.554719,permanent_masonry,148,43100,6380000,TRUE,"Risk Forge synthetic book: WorldPop-weighted placement on Kenyan land, attributes from metadata ranges; not a real portfolio",other,urban,basin,1.1271
RFB-0199,0.547872,35.314818,semi_permanent,59,13900,820000,TRUE,"Risk Forge synthetic book: WorldPop-weighted placement on Kenyan land, attributes from metadata ranges; not a real portfolio",other,urban,basin,1.1271
RFB-0200,0.071684,34.663791,informal_iron_sheet,21,6000,125000,TRUE,"Risk Forge synthetic book: WorldPop-weighted placement on Kenyan land, attributes from metadata ranges; not a real portfolio",other,peri_urban,basin,1.1271
RFB-0201,0.202795,34.781608,permanent_masonry,188,46800,8800000,TRUE,"Risk Forge synthetic book: WorldPop-weighted placement on Kenyan land, attributes from metadata ranges; not a real portfolio",other,urban,basin,1.1271
RFB-0202,0.745944,34.972556,semi_permanent,25,9600,240000,TRUE,"Risk Forge synthetic book: WorldPop-weighted placement on Kenyan land, attributes from metadata ranges; not a real portfolio",other,peri_urban,basin,1.1271
RFB-0203,0.093212,34.201037,semi_permanent,64,11400,730000,TRUE,"Risk Forge synthetic book: WorldPop-weighted placement on Kenyan land, attributes from metadata ranges; not a real portfolio",other,rural,basin,1.1271
RFB-0204,0.068975,34.412304,informal_iron_sheet,16,8100,130000,TRUE,"Risk Forge synthetic book: WorldPop-weighted placement on Kenyan land, attributes from metadata ranges; not a real portfolio",other,rural,basin,1.1271
RFB-0205,0.078658,35.142542,informal_iron_sheet,17,7000,120000,TRUE,"Risk Forge synthetic book: WorldPop-weighted placement on Kenyan land, attributes from metadata ranges; not a real portfolio",other,rural,basin,1.1271
RFB-0206,1.012996,35.00256,permanent_masonry,178,56700,10095000,TRUE,"Risk Forge synthetic book: WorldPop-weighted placement on Kenyan land, attributes from metadata ranges; not a real portfolio",Kitale,urban,basin,1.1271
RFB-0207,0.737057,34.84419,informal_iron_sheet,21,6700,140000,TRUE,"Risk Forge synthetic book: WorldPop-weighted placement on Kenyan land, attributes from metadata ranges; not a real portfolio",other,peri_urban,basin,1.1271
RFB-0208,-0.078674,34.803928,semi_permanent,67,9500,635000,TRUE,"Risk Forge synthetic book: WorldPop-weighted placement on Kenyan land, attributes from metadata ranges; not a real portfolio",Kisumu,peri_urban,basin,1.1271
RFB-0209,-0.070589,34.786219,informal_iron_sheet,18,7800,140000,TRUE,"Risk Forge synthetic book: WorldPop-weighted placement on Kenyan land, attributes from metadata ranges; not a real portfolio",Kisumu,urban,basin,1.1271
RFB-0210,0.747299,34.802159,concrete_rcc,414,63100,26125000,TRUE,"Risk Forge synthetic book: WorldPop-weighted placement on Kenyan land, attributes from metadata ranges; not a real portfolio",Bungoma,peri_urban,basin,1.1271
RFB-0211,0.3233,34.498533,semi_permanent,57,13200,750000,TRUE,"Risk Forge synthetic book: WorldPop-weighted placement on Kenyan land, attributes from metadata ranges; not a real portfolio",Mumias,urban,basin,1.1271
RFB-0212,0.634018,34.375824,informal_iron_sheet,13,8400,110000,TRUE,"Risk Forge synthetic book: WorldPop-weighted placement on Kenyan land, attributes from metadata ranges; not a real portfolio",other,peri_urban,basin,1.1271
RFB-0213,0.507562,35.262222,permanent_masonry,182,54700,9955000,TRUE,"Risk Forge synthetic book: WorldPop-weighted placement on Kenyan land, attributes from metadata ranges; not a real portfolio",other,urban,basin,1.1271
RFB-0214,1.16587,34.871914,semi_permanent,51,12600,645000,TRUE,"Risk Forge synthetic book: WorldPop-weighted placement on Kenyan land, attributes from metadata ranges; not a real portfolio",other,rural,basin,1.1271
RFB-0215,0.61543,34.660178,permanent_masonry,244,54900,13395000,TRUE,"Risk Forge synthetic book: WorldPop-weighted placement on Kenyan land, attributes from metadata ranges; not a real portfolio",other,urban,basin,1.1271
RFB-0216,0.629919,34.745514,permanent_masonry,234,48400,11325000,TRUE,"Risk Forge synthetic book: WorldPop-weighted placement on Kenyan land, attributes from metadata ranges; not a real portfolio",Webuye,peri_urban,basin,1.1271
RFB-0217,-0.095905,34.777981,semi_permanent,57,14500,825000,TRUE,"Risk Forge synthetic book: WorldPop-weighted placement on Kenyan land, attributes from metadata ranges; not a real portfolio",Kisumu,urban,basin,1.1271
RFB-0218,0.280626,34.515218,informal_iron_sheet,14,6100,85000,TRUE,"Risk Forge synthetic book: WorldPop-weighted placement on Kenyan land, attributes from metadata ranges; not a real portfolio",Mumias,peri_urban,basin,1.1271
RFB-0219,0.785672,34.717462,concrete_rcc,436,66300,28905000,TRUE,"Risk Forge synthetic book: WorldPop-weighted placement on Kenyan land, attributes from metadata ranges; not a real portfolio",Bungoma,urban,basin,1.1271
RFB-0220,0.496882,35.300872,concrete_rcc,388,62100,24095000,TRUE,"Risk Forge synthetic book: WorldPop-weighted placement on Kenyan land, attributes from metadata ranges; not a real portfolio",other,urban,basin,1.1271
RFB-0221,0.423662,34.512278,concrete_rcc,273,75600,20640000,TRUE,"Risk Forge synthetic book: WorldPop-weighted placement on Kenyan land, attributes from metadata ranges; not a real portfolio",Mumias,peri_urban,basin,1.1271
RFB-0222,0.221371,34.955726,concrete_rcc,634,62800,39815000,TRUE,"Risk Forge synthetic book: WorldPop-weighted placement on Kenyan land, attributes from metadata ranges; not a real portfolio",other,peri_urban,basin,1.1271
RFB-0223,0.354583,35.181966,informal_iron_sheet,13,8000,105000,TRUE,"Risk Forge synthetic book: WorldPop-weighted placement on Kenyan land, attributes from metadata ranges; not a real portfolio",other,rural,basin,1.1271
RFB-0224,0.495765,34.170887,semi_permanent,57,15100,860000,TRUE,"Risk Forge synthetic book: WorldPop-weighted placement on Kenyan land, attributes from metadata ranges; not a real portfolio",other,peri_urban,basin,1.1271
RFB-0225,0.580683,34.382652,informal_iron_sheet,17,8000,135000,TRUE,"Risk Forge synthetic book: WorldPop-weighted placement on Kenyan land, attributes from metadata ranges; not a real portfolio",other,peri_urban,basin,1.1271
RFB-0226,0.296493,34.763781,permanent_masonry,106,58000,6150000,TRUE,"Risk Forge synthetic book: WorldPop-weighted placement on Kenyan land, attributes from metadata ranges; not a real portfolio",other,urban,basin,1.1271
RFB-0227,-0.169692,34.940895,permanent_masonry,102,56600,5775000,TRUE,"Risk Forge synthetic book: WorldPop-weighted placement on Kenyan land, attributes from metadata ranges; not a real portfolio",other,urban,basin,1.1271
RFB-0228,0.323224,34.58183,concrete_rcc,167,55700,9300000,TRUE,"Risk Forge synthetic book: WorldPop-weighted placement on Kenyan land, attributes from metadata ranges; not a real portfolio",Mumias,urban,basin,1.1271
RFB-0229,-0.078094,34.773799,permanent_masonry,84,53700,4510000,TRUE,"Risk Forge synthetic book: WorldPop-weighted placement on Kenyan land, attributes from metadata ranges; not a real portfolio",Kisumu,urban,basin,1.1271
RFB-0230,1.203083,35.000647,permanent_masonry,91,53000,4825000,TRUE,"Risk Forge synthetic book: WorldPop-weighted placement on Kenyan land, attributes from metadata ranges; not a real portfolio",other,peri_urban,basin,1.1271
RFB-0231,0.742263,34.423686,informal_iron_sheet,13,6500,85000,TRUE,"Risk Forge synthetic book: WorldPop-weighted placement on Kenyan land, attributes from metadata ranges; not a real portfolio",other,peri_urban,basin,1.1271
RFB-0232,-0.054112,34.780349,informal_iron_sheet,19,7600,145000,TRUE,"Risk Forge synthetic book: WorldPop-weighted placement on Kenyan land, attributes from metadata ranges; not a real portfolio",Kisumu,urban,basin,1.1271
RFB-0233,0.29593,34.05982,permanent_masonry,198,54500,10790000,TRUE,"Risk Forge synthetic book: WorldPop-weighted placement on Kenyan land, attributes from metadata ranges; not a real portfolio",Sio Port,peri_urban,basin,1.1271
RFB-0234,0.430827,34.384377,semi_permanent,61,12600,770000,TRUE,"Risk Forge synthetic book: WorldPop-weighted placement on Kenyan land, attributes from metadata ranges; not a real portfolio",other,peri_urban,basin,1.1271
RFB-0235,0.538246,35.3013,concrete_rcc,268,78800,21120000,TRUE,"Risk Forge synthetic book: WorldPop-weighted placement on Kenyan land, attributes from metadata ranges; not a real portfolio",other,urban,basin,1.1271
RFB-0236,0.592853,34.26242,permanent_masonry,150,56700,8505000,TRUE,"Risk Forge synthetic book: WorldPop-weighted placement on Kenyan land, attributes from metadata ranges; not a real portfolio",other,peri_urban,basin,1.1271
RFB-0237,0.181423,34.942591,permanent_masonry,174,50900,8855000,TRUE,"Risk Forge synthetic book: WorldPop-weighted placement on Kenyan land, attributes from metadata ranges; not a real portfolio",other,urban,basin,1.1271
RFB-0238,0.537759,35.253543,concrete_rcc,716,76100,54490000,TRUE,"Risk Forge synthetic book: WorldPop-weighted placement on Kenyan land, attributes from metadata ranges; not a real portfolio",other,urban,basin,1.1271
RFB-0239,0.484166,35.259968,concrete_rcc,491,72600,35645000,TRUE,"Risk Forge synthetic book: WorldPop-weighted placement on Kenyan land, attributes from metadata ranges; not a real portfolio",other,urban,basin,1.1271
RFB-0240,0.0693,34.842415,semi_permanent,27,11000,295000,TRUE,"Risk Forge synthetic book: WorldPop-weighted placement on Kenyan land, attributes from metadata ranges; not a real portfolio",other,peri_urban,basin,1.1271
RFB-0241,-0.121658,34.759567,concrete_rcc,414,59300,24550000,TRUE,"Risk Forge synthetic book: WorldPop-weighted placement on Kenyan land, attributes from metadata ranges; not a real portfolio",Kisumu,urban,basin,1.1271
RFB-0242,-0.271175,35.026076,informal_iron_sheet,13,7600,100000,TRUE,"Risk Forge synthetic book: WorldPop-weighted placement on Kenyan land, attributes from metadata ranges; not a real portfolio",other,rural,basin,1.1271
RFB-0243,0.441131,34.790504,semi_permanent,53,8800,465000,TRUE,"Risk Forge synthetic book: WorldPop-weighted placement on Kenyan land, attributes from metadata ranges; not a real portfolio",Kakamega,peri_urban,basin,1.1271
RFB-0244,0.845396,34.463692,semi_permanent,43,13200,570000,TRUE,"Risk Forge synthetic book: WorldPop-weighted placement on Kenyan land, attributes from metadata ranges; not a real portfolio",other,peri_urban,basin,1.1271
RFB-0245,1.138616,34.996873,permanent_masonry,241,56100,13520000,TRUE,"Risk Forge synthetic book: WorldPop-weighted placement on Kenyan land, attributes from metadata ranges; not a real portfolio",other,peri_urban,basin,1.1271
RFB-0246,0.423457,34.9161,semi_permanent,29,9800,285000,TRUE,"Risk Forge synthetic book: WorldPop-weighted placement on Kenyan land, attributes from metadata ranges; not a real portfolio",other,peri_urban,basin,1.1271
RFB-0247,1.013201,34.971273,concrete_rcc,242,67600,16360000,TRUE,"Risk Forge synthetic book: WorldPop-weighted placement on Kenyan land, attributes from metadata ranges; not a real portfolio",Kitale,peri_urban,basin,1.1271
RFB-0248,0.895938,35.132416,informal_iron_sheet,19,7800,150000,TRUE,"Risk Forge synthetic book: WorldPop-weighted placement on Kenyan land, attributes from metadata ranges; not a real portfolio",other,peri_urban,basin,1.1271
RFB-0249,0.694196,34.963649,concrete_rcc,364,74000,26935000,TRUE,"Risk Forge synthetic book: WorldPop-weighted placement on Kenyan land, attributes from metadata ranges; not a real portfolio",other,peri_urban,basin,1.1271
RFB-0250,-0.263258,35.228772,informal_iron_sheet,11,8500,95000,TRUE,"Risk Forge synthetic book: WorldPop-weighted placement on Kenyan land, attributes from metadata ranges; not a real portfolio",other,peri_urban,basin,1.1271
RFB-0251,0.814419,34.972327,semi_permanent,66,14000,925000,TRUE,"Risk Forge synthetic book: WorldPop-weighted placement on Kenyan land, attributes from metadata ranges; not a real portfolio",other,peri_urban,basin,1.1271
RFB-0252,0.911748,35.270321,permanent_masonry,82,57000,4675000,TRUE,"Risk Forge synthetic book: WorldPop-weighted placement on Kenyan land, attributes from metadata ranges; not a real portfolio",other,peri_urban,basin,1.1271
RFB-0253,-0.095761,34.760193,semi_permanent,38,11400,435000,TRUE,"Risk Forge synthetic book: WorldPop-weighted placement on Kenyan land, attributes from metadata ranges; not a real portfolio",Kisumu,urban,basin,1.1271
RFB-0254,0.23816,34.792498,informal_iron_sheet,19,7100,135000,TRUE,"Risk Forge synthetic book: WorldPop-weighted placement on Kenyan land, attributes from metadata ranges; not a real portfolio",other,peri_urban,basin,1.1271
RFB-0255,0.103285,34.732346,permanent_masonry,258,47800,12330000,TRUE,"Risk Forge synthetic book: WorldPop-weighted placement on Kenyan land, attributes from metadata ranges; not a real portfolio",other,urban,basin,1.1271
RFB-0256,0.546221,35.261502,permanent_masonry,97,47900,4645000,TRUE,"Risk Forge synthetic book: WorldPop-weighted placement on Kenyan land, attributes from metadata ranges; not a real portfolio",other,urban,basin,1.1271
RFB-0257,-0.105357,35.248366,semi_permanent,59,14400,850000,TRUE,"Risk Forge synthetic book: WorldPop-weighted placement on Kenyan land, attributes from metadata ranges; not a real portfolio",other,rural,basin,1.1271
RFB-0258,-0.174031,34.945338,semi_permanent,50,8400,420000,TRUE,"Risk Forge synthetic book: WorldPop-weighted placement on Kenyan land, attributes from metadata ranges; not a real portfolio",other,peri_urban,basin,1.1271
RFB-0259,0.312092,34.592587,informal_iron_sheet,23,5700,130000,TRUE,"Risk Forge synthetic book: WorldPop-weighted placement on Kenyan land, attributes from metadata ranges; not a real portfolio",other,peri_urban,basin,1.1271
RFB-0260,-0.221857,35.187923,semi_permanent,57,11200,640000,TRUE,"Risk Forge synthetic book: WorldPop-weighted placement on Kenyan land, attributes from metadata ranges; not a real portfolio",other,rural,basin,1.1271
RFB-0261,0.397486,34.367747,concrete_rcc,150,65700,9855000,TRUE,"Risk Forge synthetic book: WorldPop-weighted placement on Kenyan land, attributes from metadata ranges; not a real portfolio",Busia,peri_urban,basin,1.1271
RFB-0262,0.480418,34.572528,semi_permanent,25,9600,240000,TRUE,"Risk Forge synthetic book: WorldPop-weighted placement on Kenyan land, attributes from metadata ranges; not a real portfolio",other,peri_urban,basin,1.1271
RFB-0263,0.065335,34.853355,informal_iron_sheet,17,9400,160000,TRUE,"Risk Forge synthetic book: WorldPop-weighted placement on Kenyan land, attributes from metadata ranges; not a real portfolio",other,peri_urban,basin,1.1271
RFB-0264,0.21166,34.781413,permanent_masonry,172,56800,9770000,TRUE,"Risk Forge synthetic book: WorldPop-weighted placement on Kenyan land, attributes from metadata ranges; not a real portfolio",other,urban,basin,1.1271
RFB-0265,0.755687,34.79286,semi_permanent,58,11900,690000,TRUE,"Risk Forge synthetic book: WorldPop-weighted placement on Kenyan land, attributes from metadata ranges; not a real portfolio",Bungoma,peri_urban,basin,1.1271
RFB-0266,0.381239,34.425615,informal_iron_sheet,17,7600,130000,TRUE,"Risk Forge synthetic book: WorldPop-weighted placement on Kenyan land, attributes from metadata ranges; not a real portfolio",Mumias,peri_urban,basin,1.1271
RFB-0267,1.192462,34.993006,permanent_masonry,287,50200,14405000,TRUE,"Risk Forge synthetic book: WorldPop-weighted placement on Kenyan land, attributes from metadata ranges; not a real portfolio",other,peri_urban,basin,1.1271
RFB-0268,-0.06969,34.749148,permanent_masonry,138,39000,5380000,TRUE,"Risk Forge synthetic book: WorldPop-weighted placement on Kenyan land, attributes from metadata ranges; not a real portfolio",Kisumu,urban,basin,1.1271
RFB-0269,0.339333,35.060809,informal_iron_sheet,16,5700,90000,TRUE,"Risk Forge synthetic book: WorldPop-weighted placement on Kenyan land, attributes from metadata ranges; not a real portfolio",other,rural,basin,1.1271
RFB-0270,1.047501,35.3215,permanent_masonry,77,56500,4350000,TRUE,"Risk Forge synthetic book: WorldPop-weighted placement on Kenyan land, attributes from metadata ranges; not a real portfolio",other,urban,basin,1.1271
RFB-0271,-0.113551,34.77001,permanent_masonry,233,58900,13725000,TRUE,"Risk Forge synthetic book: WorldPop-weighted placement on Kenyan land, attributes from metadata ranges; not a real portfolio",Kisumu,urban,basin,1.1271
RFB-0272,-0.29593,35.293705,semi_permanent,26,9400,245000,TRUE,"Risk Forge synthetic book: WorldPop-weighted placement on Kenyan land, attributes from metadata ranges; not a real portfolio",other,peri_urban,basin,1.1271
RFB-0273,0.103638,34.50161,informal_iron_sheet,14,8400,120000,TRUE,"Risk Forge synthetic book: WorldPop-weighted placement on Kenyan land, attributes from metadata ranges; not a real portfolio",other,peri_urban,basin,1.1271
RFB-0274,0.488859,34.763204,informal_iron_sheet,20,6200,125000,TRUE,"Risk Forge synthetic book: WorldPop-weighted placement on Kenyan land, attributes from metadata ranges; not a real portfolio",Kakamega,peri_urban,basin,1.1271
RFB-0275,0.275787,34.753897,concrete_rcc,764,73400,56080000,TRUE,"Risk Forge synthetic book: WorldPop-weighted placement on Kenyan land, attributes from metadata ranges; not a real portfolio",other,urban,basin,1.1271
RFB-0276,1.238819,35.074279,semi_permanent,52,8400,435000,TRUE,"Risk Forge synthetic book: WorldPop-weighted placement on Kenyan land, attributes from metadata ranges; not a real portfolio",other,rural,basin,1.1271
RFB-0277,0.915678,34.856638,permanent_masonry,108,53400,5765000,TRUE,"Risk Forge synthetic book: WorldPop-weighted placement on Kenyan land, attributes from metadata ranges; not a real portfolio",other,urban,basin,1.1271
RFB-0278,0.561754,34.973232,semi_permanent,51,10600,540000,TRUE,"Risk Forge synthetic book: WorldPop-weighted placement on Kenyan land, attributes from metadata ranges; not a real portfolio",other,rural,basin,1.1271
RFB-0279,0.501021,34.217579,semi_permanent,60,11800,710000,TRUE,"Risk Forge synthetic book: WorldPop-weighted placement on Kenyan land, attributes from metadata ranges; not a real portfolio",other,peri_urban,basin,1.1271
RFB-0280,0.089839,34.662137,permanent_masonry,111,53200,5905000,TRUE,"Risk Forge synthetic book: WorldPop-weighted placement on Kenyan land, attributes from metadata ranges; not a real portfolio",other,peri_urban,basin,1.1271
RFB-0281,0.798421,34.708775,concrete_rcc,283,74000,20940000,TRUE,"Risk Forge synthetic book: WorldPop-weighted placement on Kenyan land, attributes from metadata ranges; not a real portfolio",Bungoma,urban,basin,1.1271
RFB-0282,0.899451,34.931783,semi_permanent,38,12500,475000,TRUE,"Risk Forge synthetic book: WorldPop-weighted placement on Kenyan land, attributes from metadata ranges; not a real portfolio",other,urban,basin,1.1271
RFB-0283,0.151218,34.927337,permanent_masonry,131,49400,6470000,TRUE,"Risk Forge synthetic book: WorldPop-weighted placement on Kenyan land, attributes from metadata ranges; not a real portfolio",other,peri_urban,basin,1.1271
RFB-0284,-0.079422,34.770298,concrete_rcc,538,74900,40295000,TRUE,"Risk Forge synthetic book: WorldPop-weighted placement on Kenyan land, attributes from metadata ranges; not a real portfolio",Kisumu,urban,basin,1.1271
RFB-0285,-0.072758,34.785521,concrete_rcc,219,83000,18175000,TRUE,"Risk Forge synthetic book: WorldPop-weighted placement on Kenyan land, attributes from metadata ranges; not a real portfolio",Kisumu,urban,basin,1.1271
RFB-0286,0.100474,34.85941,semi_permanent,48,14800,710000,TRUE,"Risk Forge synthetic book: WorldPop-weighted placement on Kenyan land, attributes from metadata ranges; not a real portfolio",other,peri_urban,basin,1.1271
RFB-0287,-0.206336,34.86594,permanent_masonry,230,46000,10580000,TRUE,"Risk Forge synthetic book: WorldPop-weighted placement on Kenyan land, attributes from metadata ranges; not a real portfolio",other,peri_urban,basin,1.1271
RFB-0288,0.369815,34.796332,informal_iron_sheet,11,5700,65000,TRUE,"Risk Forge synthetic book: WorldPop-weighted placement on Kenyan land, attributes from metadata ranges; not a real portfolio",other,peri_urban,basin,1.1271
RFB-0289,0.072443,34.67053,informal_iron_sheet,21,9200,195000,TRUE,"Risk Forge synthetic book: WorldPop-weighted placement on Kenyan land, attributes from metadata ranges; not a real portfolio",other,peri_urban,basin,1.1271
RFB-0290,0.50731,35.272905,semi_permanent,31,14800,460000,TRUE,"Risk Forge synthetic book: WorldPop-weighted placement on Kenyan land, attributes from metadata ranges; not a real portfolio",other,urban,basin,1.1271
RFB-0291,0.547226,35.245752,permanent_masonry,85,57800,4915000,TRUE,"Risk Forge synthetic book: WorldPop-weighted placement on Kenyan land, attributes from metadata ranges; not a real portfolio",other,urban,basin,1.1271
RFB-0292,-0.084012,35.056768,informal_iron_sheet,16,8600,140000,TRUE,"Risk Forge synthetic book: WorldPop-weighted placement on Kenyan land, attributes from metadata ranges; not a real portfolio",other,peri_urban,basin,1.1271
RFB-0293,0.484893,34.589827,semi_permanent,75,14600,1095000,TRUE,"Risk Forge synthetic book: WorldPop-weighted placement on Kenyan land, attributes from metadata ranges; not a real portfolio",other,peri_urban,basin,1.1271
RFB-0294,0.093932,34.592256,informal_iron_sheet,10,6200,60000,TRUE,"Risk Forge synthetic book: WorldPop-weighted placement on Kenyan land, attributes from metadata ranges; not a real portfolio",other,peri_urban,basin,1.1271
RFB-0295,0.411186,34.445753,informal_iron_sheet,15,8700,130000,TRUE,"Risk Forge synthetic book: WorldPop-weighted placement on Kenyan land, attributes from metadata ranges; not a real portfolio",Mumias,peri_urban,basin,1.1271
RFB-0296,0.90364,34.925689,permanent_masonry,233,54200,12630000,TRUE,"Risk Forge synthetic book: WorldPop-weighted placement on Kenyan land, attributes from metadata ranges; not a real portfolio",other,urban,basin,1.1271
RFB-0297,0.878247,35.319986,permanent_masonry,100,52600,5260000,TRUE,"Risk Forge synthetic book: WorldPop-weighted placement on Kenyan land, attributes from metadata ranges; not a real portfolio",other,peri_urban,basin,1.1271
RFB-0298,0.387617,34.353191,informal_iron_sheet,9,6600,60000,TRUE,"Risk Forge synthetic book: WorldPop-weighted placement on Kenyan land, attributes from metadata ranges; not a real portfolio",Busia,peri_urban,basin,1.1271
RFB-0299,0.140731,34.739741,informal_iron_sheet,14,7800,110000,TRUE,"Risk Forge synthetic book: WorldPop-weighted placement on Kenyan land, attributes from metadata ranges; not a real portfolio",other,urban,basin,1.1271
RFB-0300,0.100516,35.127136,semi_permanent,34,11400,390000,TRUE,"Risk Forge synthetic book: WorldPop-weighted placement on Kenyan land, attributes from metadata ranges; not a real portfolio",other,rural,basin,1.1271
RFB-0301,0.556499,34.438159,concrete_rcc,281,55500,15595000,TRUE,"Risk Forge synthetic book: WorldPop-weighted placement on Kenyan land, attributes from metadata ranges; not a real portfolio",other,peri_urban,basin,1.1271
RFB-0302,1.249253,35.120581,concrete_rcc,337,75100,25310000,TRUE,"Risk Forge synthetic book: WorldPop-weighted placement on Kenyan land, attributes from metadata ranges; not a real portfolio",other,urban,basin,1.1271
RFB-0303,0.345718,34.231614,informal_iron_sheet,21,6700,140000,TRUE,"Risk Forge synthetic book: WorldPop-weighted placement on Kenyan land, attributes from metadata ranges; not a real portfolio",Busia,peri_urban,basin,1.1271
RFB-0304,0.773694,34.639842,informal_iron_sheet,15,7100,105000,TRUE,"Risk Forge synthetic book: WorldPop-weighted placement on Kenyan land, attributes from metadata ranges; not a real portfolio",Bungoma,peri_urban,basin,1.1271
RFB-0305,0.571748,34.56758,permanent_masonry,76,58900,4475000,TRUE,"Risk Forge synthetic book: WorldPop-weighted placement on Kenyan land, attributes from metadata ranges; not a real portfolio",other,urban,basin,1.1271
RFB-0306,0.301681,34.7564,informal_iron_sheet,18,8100,145000,TRUE,"Risk Forge synthetic book: WorldPop-weighted placement on Kenyan land, attributes from metadata ranges; not a real portfolio",other,urban,basin,1.1271
RFB-0307,0.521443,35.25987,concrete_rcc,164,69200,11350000,TRUE,"Risk Forge synthetic book: WorldPop-weighted placement on Kenyan land, attributes from metadata ranges; not a real portfolio",other,urban,basin,1.1271
RFB-0308,0.464382,34.122028,semi_permanent,30,13900,415000,TRUE,"Risk Forge synthetic book: WorldPop-weighted placement on Kenyan land, attributes from metadata ranges; not a real portfolio",other,urban,basin,1.1271
RFB-0309,1.037325,34.984249,permanent_masonry,158,55100,8705000,TRUE,"Risk Forge synthetic book: WorldPop-weighted placement on Kenyan land, attributes from metadata ranges; not a real portfolio",Kitale,urban,basin,1.1271
RFB-0310,0.781532,34.701021,semi_permanent,50,11000,550000,TRUE,"Risk Forge synthetic book: WorldPop-weighted placement on Kenyan land, attributes from metadata ranges; not a real portfolio",Bungoma,peri_urban,basin,1.1271
RFB-0311,-0.003009,34.607446,concrete_rcc,196,62300,12210000,TRUE,"Risk Forge synthetic book: WorldPop-weighted placement on Kenyan land, attributes from metadata ranges; not a real portfolio",other,urban,basin,1.1271
RFB-0312,0.384071,34.790201,semi_permanent,47,12200,575000,TRUE,"Risk Forge synthetic book: WorldPop-weighted placement on Kenyan land, attributes from metadata ranges; not a real portfolio",other,peri_urban,basin,1.1271
RFB-0313,-0.077105,34.745505,permanent_masonry,176,48700,8570000,TRUE,"Risk Forge synthetic book: WorldPop-weighted placement on Kenyan land, attributes from metadata ranges; not a real portfolio",Kisumu,urban,basin,1.1271
RFB-0314,-0.039844,34.610314,informal_iron_sheet,20,8800,175000,TRUE,"Risk Forge synthetic book: WorldPop-weighted placement on Kenyan land, attributes from metadata ranges; not a real portfolio",other,peri_urban,basin,1.1271
RFB-0315,0.767671,35.185433,informal_iron_sheet,23,9100,210000,TRUE,"Risk Forge synthetic book: WorldPop-weighted placement on Kenyan land, attributes from metadata ranges; not a real portfolio",other,rural,basin,1.1271
RFB-0316,0.508791,34.585928,semi_permanent,34,10200,345000,TRUE,"Risk Forge synthetic book: WorldPop-weighted placement on Kenyan land, attributes from metadata ranges; not a real portfolio",other,peri_urban,basin,1.1271
RFB-0317,0.366246,34.569717,informal_iron_sheet,14,7500,105000,TRUE,"Risk Forge synthetic book: WorldPop-weighted placement on Kenyan land, attributes from metadata ranges; not a real portfolio",Mumias,peri_urban,basin,1.1271
RFB-0318,0.957891,34.967597,semi_permanent,69,11100,765000,TRUE,"Risk Forge synthetic book: WorldPop-weighted placement on Kenyan land, attributes from metadata ranges; not a real portfolio",Kitale,peri_urban,basin,1.1271
RFB-0319,0.998562,34.944524,concrete_rcc,363,73200,26570000,TRUE,"Risk Forge synthetic book: WorldPop-weighted placement on Kenyan land, attributes from metadata ranges; not a real portfolio",Kitale,peri_urban,basin,1.1271
RFB-0320,-0.004911,34.592451,permanent_masonry,103,60800,6260000,TRUE,"Risk Forge synthetic book: WorldPop-weighted placement on Kenyan land, attributes from metadata ranges; not a real portfolio",other,urban,basin,1.1271
RFB-0321,0.020618,34.700829,concrete_rcc,150,58800,8820000,TRUE,"Risk Forge synthetic book: WorldPop-weighted placement on Kenyan land, attributes from metadata ranges; not a real portfolio",other,peri_urban,basin,1.1271
RFB-0322,0.526594,35.315257,permanent_masonry,88,63000,5545000,TRUE,"Risk Forge synthetic book: WorldPop-weighted placement on Kenyan land, attributes from metadata ranges; not a real portfolio",other,urban,basin,1.1271
RFB-0323,0.140768,34.680514,semi_permanent,42,15400,645000,TRUE,"Risk Forge synthetic book: WorldPop-weighted placement on Kenyan land, attributes from metadata ranges; not a real portfolio",other,peri_urban,basin,1.1271
RFB-0324,0.379499,34.914464,semi_permanent,51,12600,645000,TRUE,"Risk Forge synthetic book: WorldPop-weighted placement on Kenyan land, attributes from metadata ranges; not a real portfolio",other,peri_urban,basin,1.1271
RFB-0325,0.093663,34.697194,concrete_rcc,205,60500,12400000,TRUE,"Risk Forge synthetic book: WorldPop-weighted placement on Kenyan land, attributes from metadata ranges; not a real portfolio",other,urban,basin,1.1271
RFB-0326,0.578082,34.952779,semi_permanent,52,8400,435000,TRUE,"Risk Forge synthetic book: WorldPop-weighted placement on Kenyan land, attributes from metadata ranges; not a real portfolio",other,rural,basin,1.1271
RFB-0327,0.447018,34.097076,informal_iron_sheet,18,7700,140000,TRUE,"Risk Forge synthetic book: WorldPop-weighted placement on Kenyan land, attributes from metadata ranges; not a real portfolio",other,peri_urban,basin,1.1271
RFB-0328,-0.076925,34.790356,concrete_rcc,338,78700,26600000,TRUE,"Risk Forge synthetic book: WorldPop-weighted placement on Kenyan land, attributes from metadata ranges; not a real portfolio",Kisumu,urban,basin,1.1271
RFB-0329,0.029821,34.5907,permanent_masonry,179,56700,10150000,TRUE,"Risk Forge synthetic book: WorldPop-weighted placement on Kenyan land, attributes from metadata ranges; not a real portfolio",other,urban,basin,1.1271
RFB-0330,0.581754,34.178498,informal_iron_sheet,22,8000,175000,TRUE,"Risk Forge synthetic book: WorldPop-weighted placement on Kenyan land, attributes from metadata ranges; not a real portfolio",other,rural,basin,1.1271
RFB-0331,-0.076655,34.215365,informal_iron_sheet,22,9100,200000,TRUE,"Risk Forge synthetic book: WorldPop-weighted placement on Kenyan land, attributes from metadata ranges; not a real portfolio",Siaya,rural,basin,1.1271
RFB-0332,0.510098,34.414335,informal_iron_sheet,24,7100,170000,TRUE,"Risk Forge synthetic book: WorldPop-weighted placement on Kenyan land, attributes from metadata ranges; not a real portfolio",other,peri_urban,basin,1.1271
RFB-0333,0.17415,34.527024,informal_iron_sheet,12,7800,95000,TRUE,"Risk Forge synthetic book: WorldPop-weighted placement on Kenyan land, attributes from metadata ranges; not a real portfolio",other,peri_urban,basin,1.1271
RFB-0334,0.126587,34.471308,permanent_masonry,51,59800,3050000,TRUE,"Risk Forge synthetic book: WorldPop-weighted placement on Kenyan land, attributes from metadata ranges; not a real portfolio",other,peri_urban,basin,1.1271
RFB-0335,0.515216,35.244196,informal_iron_sheet,24,8000,190000,TRUE,"Risk Forge synthetic book: WorldPop-weighted placement on Kenyan land, attributes from metadata ranges; not a real portfolio",other,urban,basin,1.1271
RFB-0336,0.023324,34.743647,semi_permanent,45,12400,560000,TRUE,"Risk Forge synthetic book: WorldPop-weighted placement on Kenyan land, attributes from metadata ranges; not a real portfolio",other,peri_urban,basin,1.1271
RFB-0337,0.457217,34.104148,semi_permanent,38,13500,515000,TRUE,"Risk Forge synthetic book: WorldPop-weighted placement on Kenyan land, attributes from metadata ranges; not a real portfolio",other,urban,basin,1.1271
RFB-0338,-0.136198,35.313456,concrete_rcc,484,61100,29570000,TRUE,"Risk Forge synthetic book: WorldPop-weighted placement on Kenyan land, attributes from metadata ranges; not a real portfolio",other,rural,basin,1.1271
RFB-0339,-0.112876,34.767276,permanent_masonry,223,64600,14405000,TRUE,"Risk Forge synthetic book: WorldPop-weighted placement on Kenyan land, attributes from metadata ranges; not a real portfolio",Kisumu,urban,basin,1.1271
RFB-0340,-0.08705,34.76941,concrete_rcc,809,60500,48945000,TRUE,"Risk Forge synthetic book: WorldPop-weighted placement on Kenyan land, attributes from metadata ranges; not a real portfolio",Kisumu,urban,basin,1.1271
RFB-0341,-0.090347,34.78665,semi_permanent,41,13300,545000,TRUE,"Risk Forge synthetic book: WorldPop-weighted placement on Kenyan land, attributes from metadata ranges; not a real portfolio",Kisumu,urban,basin,1.1271
RFB-0342,0.828135,34.41046,semi_permanent,63,15400,970000,TRUE,"Risk Forge synthetic book: WorldPop-weighted placement on Kenyan land, attributes from metadata ranges; not a real portfolio",other,peri_urban,basin,1.1271
RFB-0343,0.205263,34.397461,informal_iron_sheet,22,8800,195000,TRUE,"Risk Forge synthetic book: WorldPop-weighted placement on Kenyan land, attributes from metadata ranges; not a real portfolio",other,peri_urban,basin,1.1271
RFB-0344,0.104589,34.802106,permanent_masonry,93,43800,4075000,TRUE,"Risk Forge synthetic book: WorldPop-weighted placement on Kenyan land, attributes from metadata ranges; not a real portfolio",other,peri_urban,basin,1.1271
RFB-0345,0.356269,34.154844,permanent_masonry,104,45700,4755000,TRUE,"Risk Forge synthetic book: WorldPop-weighted placement on Kenyan land, attributes from metadata ranges; not a real portfolio",Bumala,peri_urban,basin,1.1271
RFB-0346,0.352674,34.248293,permanent_masonry,127,41200,5230000,TRUE,"Risk Forge synthetic book: WorldPop-weighted placement on Kenyan land, attributes from metadata ranges; not a real portfolio",Busia,peri_urban,basin,1.1271
RFB-0347,0.753964,34.957374,semi_permanent,34,10700,365000,TRUE,"Risk Forge synthetic book: WorldPop-weighted placement on Kenyan land, attributes from metadata ranges; not a real portfolio",other,peri_urban,basin,1.1271
RFB-0348,0.811531,34.701735,concrete_rcc,351,70300,24675000,TRUE,"Risk Forge synthetic book: WorldPop-weighted placement on Kenyan land, attributes from metadata ranges; not a real portfolio",Bungoma,peri_urban,basin,1.1271
RFB-0349,0.066016,34.677121,semi_permanent,66,10300,680000,TRUE,"Risk Forge synthetic book: WorldPop-weighted placement on Kenyan land, attributes from metadata ranges; not a real portfolio",other,peri_urban,basin,1.1271
RFB-0350,0.826358,34.869125,semi_permanent,26,13300,345000,TRUE,"Risk Forge synthetic book: WorldPop-weighted placement on Kenyan land, attributes from metadata ranges; not a real portfolio",other,peri_urban,basin,1.1271
RFB-0351,0.109551,34.53631,semi_permanent,66,13200,870000,TRUE,"Risk Forge synthetic book: WorldPop-weighted placement on Kenyan land, attributes from metadata ranges; not a real portfolio",other,peri_urban,basin,1.1271
RFB-0352,1.010826,34.98586,permanent_masonry,120,49000,5880000,TRUE,"Risk Forge synthetic book: WorldPop-weighted placement on Kenyan land, attributes from metadata ranges; not a real portfolio",Kitale,urban,basin,1.1271
RFB-0353,0.507285,34.455694,semi_permanent,34,12400,420000,TRUE,"Risk Forge synthetic book: WorldPop-weighted placement on Kenyan land, attributes from metadata ranges; not a real portfolio",other,peri_urban,basin,1.1271
RFB-0354,1.146981,35.070621,informal_iron_sheet,23,6200,145000,TRUE,"Risk Forge synthetic book: WorldPop-weighted placement on Kenyan land, attributes from metadata ranges; not a real portfolio",other,rural,basin,1.1271
RFB-0355,0.197525,34.717464,informal_iron_sheet,14,8500,120000,TRUE,"Risk Forge synthetic book: WorldPop-weighted placement on Kenyan land, attributes from metadata ranges; not a real portfolio",other,peri_urban,basin,1.1271
RFB-0356,0.604747,34.951931,semi_permanent,38,13400,510000,TRUE,"Risk Forge synthetic book: WorldPop-weighted placement on Kenyan land, attributes from metadata ranges; not a real portfolio",other,peri_urban,basin,1.1271
RFB-0357,0.457151,34.118955,permanent_masonry,92,54200,4985000,TRUE,"Risk Forge synthetic book: WorldPop-weighted placement on Kenyan land, attributes from metadata ranges; not a real portfolio",other,urban,basin,1.1271
RFB-0358,0.614537,35.264541,semi_permanent,46,11800,545000,TRUE,"Risk Forge synthetic book: WorldPop-weighted placement on Kenyan land, attributes from metadata ranges; not a real portfolio",other,rural,basin,1.1271
RFB-0359,0.379561,34.668067,informal_iron_sheet,26,7300,190000,TRUE,"Risk Forge synthetic book: WorldPop-weighted placement on Kenyan land, attributes from metadata ranges; not a real portfolio",other,peri_urban,basin,1.1271
RFB-0360,0.193087,34.176126,semi_permanent,50,14000,700000,TRUE,"Risk Forge synthetic book: WorldPop-weighted placement on Kenyan land, attributes from metadata ranges; not a real portfolio",Rwambwa,peri_urban,basin,1.1271
RFB-0361,0.80164,34.913512,informal_iron_sheet,16,5900,95000,TRUE,"Risk Forge synthetic book: WorldPop-weighted placement on Kenyan land, attributes from metadata ranges; not a real portfolio",other,peri_urban,basin,1.1271
RFB-0362,0.069693,34.867721,permanent_masonry,84,43600,3660000,TRUE,"Risk Forge synthetic book: WorldPop-weighted placement on Kenyan land, attributes from metadata ranges; not a real portfolio",other,peri_urban,basin,1.1271
RFB-0363,0.066084,34.622354,permanent_masonry,95,49100,4665000,TRUE,"Risk Forge synthetic book: WorldPop-weighted placement on Kenyan land, attributes from metadata ranges; not a real portfolio",other,peri_urban,basin,1.1271
RFB-0364,-0.112484,34.793424,permanent_masonry,108,53900,5820000,TRUE,"Risk Forge synthetic book: WorldPop-weighted placement on Kenyan land, attributes from metadata ranges; not a real portfolio",Kisumu,urban,basin,1.1271
RFB-0365,0.525934,35.288493,informal_iron_sheet,18,9300,165000,TRUE,"Risk Forge synthetic book: WorldPop-weighted placement on Kenyan land, attributes from metadata ranges; not a real portfolio",other,urban,basin,1.1271
RFB-0366,-0.068926,34.603027,semi_permanent,45,12800,575000,TRUE,"Risk Forge synthetic book: WorldPop-weighted placement on Kenyan land, attributes from metadata ranges; not a real portfolio",other,rural,basin,1.1271
RFB-0367,0.974324,35.075996,permanent_masonry,136,39600,5385000,TRUE,"Risk Forge synthetic book: WorldPop-weighted placement on Kenyan land, attributes from metadata ranges; not a real portfolio",Kitale,peri_urban,basin,1.1271
RFB-0368,-0.26955,35.230656,informal_iron_sheet,15,7500,110000,TRUE,"Risk Forge synthetic book: WorldPop-weighted placement on Kenyan land, attributes from metadata ranges; not a real portfolio",other,peri_urban,basin,1.1271
RFB-0369,0.737929,34.858774,permanent_masonry,167,61100,10205000,TRUE,"Risk Forge synthetic book: WorldPop-weighted placement on Kenyan land, attributes from metadata ranges; not a real portfolio",other,peri_urban,basin,1.1271
RFB-0370,0.525729,35.222733,semi_permanent,41,11400,465000,TRUE,"Risk Forge synthetic book: WorldPop-weighted placement on Kenyan land, attributes from metadata ranges; not a real portfolio",other,peri_urban,basin,1.1271
RFB-0371,0.967184,35.057193,semi_permanent,24,12300,295000,TRUE,"Risk Forge synthetic book: WorldPop-weighted placement on Kenyan land, attributes from metadata ranges; not a real portfolio",Kitale,peri_urban,basin,1.1271
RFB-0372,0.007293,34.235324,semi_permanent,62,11100,690000,TRUE,"Risk Forge synthetic book: WorldPop-weighted placement on Kenyan land, attributes from metadata ranges; not a real portfolio",Siaya,rural,basin,1.1271
RFB-0373,0.436565,35.10404,semi_permanent,39,9600,375000,TRUE,"Risk Forge synthetic book: WorldPop-weighted placement on Kenyan land, attributes from metadata ranges; not a real portfolio",other,rural,basin,1.1271
RFB-0374,-0.145076,34.805812,semi_permanent,71,10900,775000,TRUE,"Risk Forge synthetic book: WorldPop-weighted placement on Kenyan land, attributes from metadata ranges; not a real portfolio",Kisumu,peri_urban,basin,1.1271
RFB-0375,0.835979,34.86934,permanent_masonry,111,56200,6240000,TRUE,"Risk Forge synthetic book: WorldPop-weighted placement on Kenyan land, attributes from metadata ranges; not a real portfolio",other,peri_urban,basin,1.1271
RFB-0376,-0.082165,34.788234,concrete_rcc,180,70500,12690000,TRUE,"Risk Forge synthetic book: WorldPop-weighted placement on Kenyan land, attributes from metadata ranges; not a real portfolio",Kisumu,urban,basin,1.1271
RFB-0377,0.535598,34.592307,semi_permanent,41,15600,640000,TRUE,"Risk Forge synthetic book: WorldPop-weighted placement on Kenyan land, attributes from metadata ranges; not a real portfolio",other,peri_urban,basin,1.1271
RFB-0378,0.687845,34.427827,permanent_masonry,106,41400,4390000,TRUE,"Risk Forge synthetic book: WorldPop-weighted placement on Kenyan land, attributes from metadata ranges; not a real portfolio",other,peri_urban,basin,1.1271
RFB-0379,0.207637,35.302619,concrete_rcc,494,70300,34730000,TRUE,"Risk Forge synthetic book: WorldPop-weighted placement on Kenyan land, attributes from metadata ranges; not a real portfolio",other,peri_urban,basin,1.1271
RFB-0380,1.100977,34.922109,concrete_rcc,150,75200,11280000,TRUE,"Risk Forge synthetic book: WorldPop-weighted placement on Kenyan land, attributes from metadata ranges; not a real portfolio",other,rural,basin,1.1271
RFB-0381,0.359239,34.405103,semi_permanent,30,11500,345000,TRUE,"Risk Forge synthetic book: WorldPop-weighted placement on Kenyan land, attributes from metadata ranges; not a real portfolio",Mumias,peri_urban,basin,1.1271
RFB-0382,0.453103,35.247207,semi_permanent,57,11700,665000,TRUE,"Risk Forge synthetic book: WorldPop-weighted placement on Kenyan land, attributes from metadata ranges; not a real portfolio",other,peri_urban,basin,1.1271
RFB-0383,1.034607,34.982001,permanent_masonry,150,64600,9690000,TRUE,"Risk Forge synthetic book: WorldPop-weighted placement on Kenyan land, attributes from metadata ranges; not a real portfolio",Kitale,urban,basin,1.1271
RFB-0384,0.488774,35.265769,informal_iron_sheet,24,7700,185000,TRUE,"Risk Forge synthetic book: WorldPop-weighted placement on Kenyan land, attributes from metadata ranges; not a real portfolio",other,urban,basin,1.1271
RFB-0385,0.588631,34.542864,concrete_rcc,308,80700,24855000,TRUE,"Risk Forge synthetic book: WorldPop-weighted placement on Kenyan land, attributes from metadata ranges; not a real portfolio",other,urban,basin,1.1271
RFB-0386,0.659003,34.663533,informal_iron_sheet,18,6100,110000,TRUE,"Risk Forge synthetic book: WorldPop-weighted placement on Kenyan land, attributes from metadata ranges; not a real portfolio",other,peri_urban,basin,1.1271
RFB-0387,-0.102937,34.777966,permanent_masonry,110,55200,6070000,TRUE,"Risk Forge synthetic book: WorldPop-weighted placement on Kenyan land, attributes from metadata ranges; not a real portfolio",Kisumu,urban,basin,1.1271
RFB-0388,0.271177,34.744467,permanent_masonry,144,60300,8685000,TRUE,"Risk Forge synthetic book: WorldPop-weighted placement on Kenyan land, attributes from metadata ranges; not a real portfolio",other,urban,basin,1.1271
RFB-0389,0.822144,34.598283,permanent_masonry,125,46500,5810000,TRUE,"Risk Forge synthetic book: WorldPop-weighted placement on Kenyan land, attributes from metadata ranges; not a real portfolio",other,peri_urban,basin,1.1271
RFB-0390,0.08963,34.712716,permanent_masonry,98,59400,5820000,TRUE,"Risk Forge synthetic book: WorldPop-weighted placement on Kenyan land, attributes from metadata ranges; not a real portfolio",other,urban,basin,1.1271
RFB-0391,0.537973,35.312074,informal_iron_sheet,13,6600,85000,TRUE,"Risk Forge synthetic book: WorldPop-weighted placement on Kenyan land, attributes from metadata ranges; not a real portfolio",other,urban,basin,1.1271
RFB-0392,0.268936,34.751858,concrete_rcc,150,71200,10680000,TRUE,"Risk Forge synthetic book: WorldPop-weighted placement on Kenyan land, attributes from metadata ranges; not a real portfolio",other,urban,basin,1.1271
RFB-0393,0.527379,35.272635,concrete_rcc,433,73700,31910000,TRUE,"Risk Forge synthetic book: WorldPop-weighted placement on Kenyan land, attributes from metadata ranges; not a real portfolio",other,urban,basin,1.1271
RFB-0394,0.22423,35.281924,permanent_masonry,156,54800,8550000,TRUE,"Risk Forge synthetic book: WorldPop-weighted placement on Kenyan land, attributes from metadata ranges; not a real portfolio",other,peri_urban,basin,1.1271
RFB-0395,0.172128,34.480418,semi_permanent,29,13600,395000,TRUE,"Risk Forge synthetic book: WorldPop-weighted placement on Kenyan land, attributes from metadata ranges; not a real portfolio",other,peri_urban,basin,1.1271
RFB-0396,0.610196,34.772492,informal_iron_sheet,11,9300,100000,TRUE,"Risk Forge synthetic book: WorldPop-weighted placement on Kenyan land, attributes from metadata ranges; not a real portfolio",Webuye,urban,basin,1.1271
RFB-0397,0.010014,34.601238,permanent_masonry,209,50600,10575000,TRUE,"Risk Forge synthetic book: WorldPop-weighted placement on Kenyan land, attributes from metadata ranges; not a real portfolio",other,urban,basin,1.1271
RFB-0398,0.247133,35.152789,informal_iron_sheet,19,6100,115000,TRUE,"Risk Forge synthetic book: WorldPop-weighted placement on Kenyan land, attributes from metadata ranges; not a real portfolio",other,peri_urban,basin,1.1271
RFB-0399,0.260249,34.7456,concrete_rcc,187,77500,14490000,TRUE,"Risk Forge synthetic book: WorldPop-weighted placement on Kenyan land, attributes from metadata ranges; not a real portfolio",other,urban,basin,1.1271
RFB-0400,0.727506,34.98961,semi_permanent,69,14000,965000,TRUE,"Risk Forge synthetic book: WorldPop-weighted placement on Kenyan land, attributes from metadata ranges; not a real portfolio",other,peri_urban,basin,1.1271
RFB-0401,0.655296,34.959486,semi_permanent,57,9100,520000,TRUE,"Risk Forge synthetic book: WorldPop-weighted placement on Kenyan land, attributes from metadata ranges; not a real portfolio",other,peri_urban,basin,1.1271
RFB-0402,0.520588,35.285304,concrete_rcc,502,66200,33230000,TRUE,"Risk Forge synthetic book: WorldPop-weighted placement on Kenyan land, attributes from metadata ranges; not a real portfolio",other,urban,basin,1.1271
RFB-0403,1.089956,35.065888,concrete_rcc,952,60300,57405000,TRUE,"Risk Forge synthetic book: WorldPop-weighted placement on Kenyan land, attributes from metadata ranges; not a real portfolio",Kitale,peri_urban,basin,1.1271
RFB-0404,1.032695,34.968155,semi_permanent,43,14800,635000,TRUE,"Risk Forge synthetic book: WorldPop-weighted placement on Kenyan land, attributes from metadata ranges; not a real portfolio",Kitale,urban,basin,1.1271
RFB-0405,0.19792,35.047577,semi_permanent,45,10500,470000,TRUE,"Risk Forge synthetic book: WorldPop-weighted placement on Kenyan land, attributes from metadata ranges; not a real portfolio",other,peri_urban,basin,1.1271
RFB-0406,0.570271,34.14516,informal_iron_sheet,19,7300,140000,TRUE,"Risk Forge synthetic book: WorldPop-weighted placement on Kenyan land, attributes from metadata ranges; not a real portfolio",other,peri_urban,basin,1.1271
RFB-0407,0.118749,34.640325,semi_permanent,42,13900,585000,TRUE,"Risk Forge synthetic book: WorldPop-weighted placement on Kenyan land, attributes from metadata ranges; not a real portfolio",other,peri_urban,basin,1.1271
RFB-0408,1.017734,35.134264,semi_permanent,54,9000,485000,TRUE,"Risk Forge synthetic book: WorldPop-weighted placement on Kenyan land, attributes from metadata ranges; not a real portfolio",other,peri_urban,basin,1.1271
RFB-0409,0.101235,34.747606,informal_iron_sheet,19,6900,130000,TRUE,"Risk Forge synthetic book: WorldPop-weighted placement on Kenyan land, attributes from metadata ranges; not a real portfolio",other,peri_urban,basin,1.1271
RFB-0410,0.732567,34.457542,concrete_rcc,178,66400,11820000,TRUE,"Risk Forge synthetic book: WorldPop-weighted placement on Kenyan land, attributes from metadata ranges; not a real portfolio",other,peri_urban,basin,1.1271
RFB-0411,-0.065199,34.77234,semi_permanent,59,15300,905000,TRUE,"Risk Forge synthetic book: WorldPop-weighted placement on Kenyan land, attributes from metadata ranges; not a real portfolio",Kisumu,urban,basin,1.1271
RFB-0412,-0.084533,34.786479,permanent_masonry,96,51900,4980000,TRUE,"Risk Forge synthetic book: WorldPop-weighted placement on Kenyan land, attributes from metadata ranges; not a real portfolio",Kisumu,urban,basin,1.1271
RFB-0413,0.165627,34.63267,permanent_masonry,187,58300,10900000,TRUE,"Risk Forge synthetic book: WorldPop-weighted placement on Kenyan land, attributes from metadata ranges; not a real portfolio",other,peri_urban,basin,1.1271
RFB-0414,0.522243,35.281436,concrete_rcc,477,79900,38110000,TRUE,"Risk Forge synthetic book: WorldPop-weighted placement on Kenyan land, attributes from metadata ranges; not a real portfolio",other,urban,basin,1.1271
RFB-0415,1.13073,34.813838,permanent_masonry,148,44000,6510000,TRUE,"Risk Forge synthetic book: WorldPop-weighted placement on Kenyan land, attributes from metadata ranges; not a real portfolio",other,rural,basin,1.1271
RFB-0416,0.084914,35.169091,concrete_rcc,566,76800,43470000,TRUE,"Risk Forge synthetic book: WorldPop-weighted placement on Kenyan land, attributes from metadata ranges; not a real portfolio",other,peri_urban,basin,1.1271
RFB-0417,0.305044,34.206066,concrete_rcc,427,62000,26475000,TRUE,"Risk Forge synthetic book: WorldPop-weighted placement on Kenyan land, attributes from metadata ranges; not a real portfolio",Bumala,urban,basin,1.1271
RFB-0418,1.005728,34.965549,semi_permanent,39,9700,380000,TRUE,"Risk Forge synthetic book: WorldPop-weighted placement on Kenyan land, attributes from metadata ranges; not a real portfolio",Kitale,peri_urban,basin,1.1271
RFB-0419,0.295544,34.446874,informal_iron_sheet,10,7300,75000,TRUE,"Risk Forge synthetic book: WorldPop-weighted placement on Kenyan land, attributes from metadata ranges; not a real portfolio",Mumias,peri_urban,basin,1.1271
RFB-0420,1.250843,35.09496,permanent_masonry,107,56900,6090000,TRUE,"Risk Forge synthetic book: WorldPop-weighted placement on Kenyan land, attributes from metadata ranges; not a real portfolio",other,urban,basin,1.1271
RFB-0421,0.47247,35.257768,permanent_masonry,162,63600,10305000,TRUE,"Risk Forge synthetic book: WorldPop-weighted placement on Kenyan land, attributes from metadata ranges; not a real portfolio",other,urban,basin,1.1271
RFB-0422,0.251712,35.100856,concrete_rcc,351,76200,26745000,TRUE,"Risk Forge synthetic book: WorldPop-weighted placement on Kenyan land, attributes from metadata ranges; not a real portfolio",other,peri_urban,basin,1.1271
RFB-0423,0.044119,34.719497,permanent_masonry,184,58200,10710000,TRUE,"Risk Forge synthetic book: WorldPop-weighted placement on Kenyan land, attributes from metadata ranges; not a real portfolio",other,urban,basin,1.1271
RFB-0424,0.604398,34.765966,permanent_masonry,115,42100,4840000,TRUE,"Risk Forge synthetic book: WorldPop-weighted placement on Kenyan land, attributes from metadata ranges; not a real portfolio",Webuye,urban,basin,1.1271
RFB-0425,0.693996,34.355061,semi_permanent,30,13700,410000,TRUE,"Risk Forge synthetic book: WorldPop-weighted placement on Kenyan land, attributes from metadata ranges; not a real portfolio",other,peri_urban,basin,1.1271
RFB-0426,0.562521,35.026149,concrete_rcc,163,71000,11575000,TRUE,"Risk Forge synthetic book: WorldPop-weighted placement on Kenyan land, attributes from metadata ranges; not a real portfolio",other,rural,basin,1.1271
RFB-0427,1.027654,34.98796,semi_permanent,26,13400,350000,TRUE,"Risk Forge synthetic book: WorldPop-weighted placement on Kenyan land, attributes from metadata ranges; not a real portfolio",Kitale,urban,basin,1.1271
RFB-0428,-0.103064,34.791237,permanent_masonry,140,53300,7460000,TRUE,"Risk Forge synthetic book: WorldPop-weighted placement on Kenyan land, attributes from metadata ranges; not a real portfolio",Kisumu,urban,basin,1.1271
RFB-0429,-0.070647,34.81572,concrete_rcc,388,65100,25260000,TRUE,"Risk Forge synthetic book: WorldPop-weighted placement on Kenyan land, attributes from metadata ranges; not a real portfolio",Kisumu,peri_urban,basin,1.1271
RFB-0430,0.264671,34.094401,permanent_masonry,159,61700,9810000,TRUE,"Risk Forge synthetic book: WorldPop-weighted placement on Kenyan land, attributes from metadata ranges; not a real portfolio",Sio Port,peri_urban,basin,1.1271
RFB-0431,1.022219,35.102286,permanent_masonry,147,46600,6850000,TRUE,"Risk Forge synthetic book: WorldPop-weighted placement on Kenyan land, attributes from metadata ranges; not a real portfolio",Kitale,peri_urban,basin,1.1271
RFB-0432,1.00047,35.119097,informal_iron_sheet,17,7500,130000,TRUE,"Risk Forge synthetic book: WorldPop-weighted placement on Kenyan land, attributes from metadata ranges; not a real portfolio",other,peri_urban,basin,1.1271
RFB-0433,-0.104895,34.785387,concrete_rcc,526,69600,36610000,TRUE,"Risk Forge synthetic book: WorldPop-weighted placement on Kenyan land, attributes from metadata ranges; not a real portfolio",Kisumu,urban,basin,1.1271
RFB-0434,0.878214,35.118536,permanent_masonry,148,59200,8760000,TRUE,"Risk Forge synthetic book: WorldPop-weighted placement on Kenyan land, attributes from metadata ranges; not a real portfolio",other,urban,basin,1.1271
RFB-0435,0.838804,35.119359,permanent_masonry,218,47100,10270000,TRUE,"Risk Forge synthetic book: WorldPop-weighted placement on Kenyan land, attributes from metadata ranges; not a real portfolio",other,urban,basin,1.1271
RFB-0436,0.061644,34.864643,informal_iron_sheet,15,8700,130000,TRUE,"Risk Forge synthetic book: WorldPop-weighted placement on Kenyan land, attributes from metadata ranges; not a real portfolio",other,peri_urban,basin,1.1271
RFB-0437,0.597654,34.921038,semi_permanent,41,11500,470000,TRUE,"Risk Forge synthetic book: WorldPop-weighted placement on Kenyan land, attributes from metadata ranges; not a real portfolio",other,peri_urban,basin,1.1271
RFB-0438,0.505109,34.285429,semi_permanent,47,10400,490000,TRUE,"Risk Forge synthetic book: WorldPop-weighted placement on Kenyan land, attributes from metadata ranges; not a real portfolio",other,peri_urban,basin,1.1271
RFB-0439,0.508907,35.298355,informal_iron_sheet,19,6000,115000,TRUE,"Risk Forge synthetic book: WorldPop-weighted placement on Kenyan land, attributes from metadata ranges; not a real portfolio",other,urban,basin,1.1271
RFB-0440,0.143842,34.528685,informal_iron_sheet,15,7900,120000,TRUE,"Risk Forge synthetic book: WorldPop-weighted placement on Kenyan land, attributes from metadata ranges; not a real portfolio",other,peri_urban,basin,1.1271
RFB-0441,0.454677,34.759903,informal_iron_sheet,23,5500,125000,TRUE,"Risk Forge synthetic book: WorldPop-weighted placement on Kenyan land, attributes from metadata ranges; not a real portfolio",Kakamega,peri_urban,basin,1.1271
RFB-0442,0.037053,34.80512,permanent_masonry,148,43900,6495000,TRUE,"Risk Forge synthetic book: WorldPop-weighted placement on Kenyan land, attributes from metadata ranges; not a real portfolio",other,peri_urban,basin,1.1271
RFB-0443,0.413924,34.209151,informal_iron_sheet,12,6700,80000,TRUE,"Risk Forge synthetic book: WorldPop-weighted placement on Kenyan land, attributes from metadata ranges; not a real portfolio",Busia,rural,basin,1.1271
RFB-0444,0.60264,34.758918,permanent_masonry,104,55000,5720000,TRUE,"Risk Forge synthetic book: WorldPop-weighted placement on Kenyan land, attributes from metadata ranges; not a real portfolio",Webuye,urban,basin,1.1271
RFB-0445,0.76406,34.58127,informal_iron_sheet,15,9100,135000,TRUE,"Risk Forge synthetic book: WorldPop-weighted placement on Kenyan land, attributes from metadata ranges; not a real portfolio",other,peri_urban,basin,1.1271
RFB-0446,0.084933,34.627727,permanent_masonry,152,49300,7495000,TRUE,"Risk Forge synthetic book: WorldPop-weighted placement on Kenyan land, attributes from metadata ranges; not a real portfolio",other,urban,basin,1.1271
RFB-0447,0.717486,34.513399,permanent_masonry,96,59800,5740000,TRUE,"Risk Forge synthetic book: WorldPop-weighted placement on Kenyan land, attributes from metadata ranges; not a real portfolio",other,peri_urban,basin,1.1271
RFB-0448,0.252895,34.087092,concrete_rcc,193,77600,14975000,TRUE,"Risk Forge synthetic book: WorldPop-weighted placement on Kenyan land, attributes from metadata ranges; not a real portfolio",Sio Port,peri_urban,basin,1.1271
RFB-0449,0.273075,35.141204,semi_permanent,53,11400,605000,TRUE,"Risk Forge synthetic book: WorldPop-weighted placement on Kenyan land, attributes from metadata ranges; not a real portfolio",other,rural,basin,1.1271
RFB-0450,-0.145365,35.076076,informal_iron_sheet,14,6300,90000,TRUE,"Risk Forge synthetic book: WorldPop-weighted placement on Kenyan land, attributes from metadata ranges; not a real portfolio",other,peri_urban,basin,1.1271
RFB-0451,0.989082,35.182803,permanent_masonry,209,57300,11975000,TRUE,"Risk Forge synthetic book: WorldPop-weighted placement on Kenyan land, attributes from metadata ranges; not a real portfolio",other,peri_urban,basin,1.1271
RFB-0452,0.746825,35.238959,semi_permanent,33,9100,300000,TRUE,"Risk Forge synthetic book: WorldPop-weighted placement on Kenyan land, attributes from metadata ranges; not a real portfolio",other,rural,basin,1.1271
RFB-0453,0.198367,34.807895,permanent_masonry,138,50800,7010000,TRUE,"Risk Forge synthetic book: WorldPop-weighted placement on Kenyan land, attributes from metadata ranges; not a real portfolio",other,peri_urban,basin,1.1271
RFB-0454,0.561715,34.926808,semi_permanent,40,13600,545000,TRUE,"Risk Forge synthetic book: WorldPop-weighted placement on Kenyan land, attributes from metadata ranges; not a real portfolio",other,rural,basin,1.1271
RFB-0455,0.87215,35.002625,permanent_masonry,196,46000,9015000,TRUE,"Risk Forge synthetic book: WorldPop-weighted placement on Kenyan land, attributes from metadata ranges; not a real portfolio",other,peri_urban,basin,1.1271
RFB-0456,-0.076664,34.801302,informal_iron_sheet,13,9000,115000,TRUE,"Risk Forge synthetic book: WorldPop-weighted placement on Kenyan land, attributes from metadata ranges; not a real portfolio",Kisumu,peri_urban,basin,1.1271
RFB-0457,0.109207,34.766173,semi_permanent,41,12500,510000,TRUE,"Risk Forge synthetic book: WorldPop-weighted placement on Kenyan land, attributes from metadata ranges; not a real portfolio",other,peri_urban,basin,1.1271
RFB-0458,0.724364,34.977608,informal_iron_sheet,17,7600,130000,TRUE,"Risk Forge synthetic book: WorldPop-weighted placement on Kenyan land, attributes from metadata ranges; not a real portfolio",other,peri_urban,basin,1.1271
RFB-0459,0.958761,34.960611,permanent_masonry,83,57500,4770000,TRUE,"Risk Forge synthetic book: WorldPop-weighted placement on Kenyan land, attributes from metadata ranges; not a real portfolio",Kitale,peri_urban,basin,1.1271
RFB-0460,-0.001197,34.662827,informal_iron_sheet,19,9200,175000,TRUE,"Risk Forge synthetic book: WorldPop-weighted placement on Kenyan land, attributes from metadata ranges; not a real portfolio",other,peri_urban,basin,1.1271
RFB-0461,0.296255,34.198713,informal_iron_sheet,18,8100,145000,TRUE,"Risk Forge synthetic book: WorldPop-weighted placement on Kenyan land, attributes from metadata ranges; not a real portfolio",Bumala,peri_urban,basin,1.1271
RFB-0462,-0.10406,34.779506,concrete_rcc,538,70100,37715000,TRUE,"Risk Forge synthetic book: WorldPop-weighted placement on Kenyan land, attributes from metadata ranges; not a real portfolio",Kisumu,urban,basin,1.1271
RFB-0463,0.377357,34.833864,concrete_rcc,466,77300,36020000,TRUE,"Risk Forge synthetic book: WorldPop-weighted placement on Kenyan land, attributes from metadata ranges; not a real portfolio",other,urban,basin,1.1271
RFB-0464,0.701058,34.877855,semi_permanent,33,8700,285000,TRUE,"Risk Forge synthetic book: WorldPop-weighted placement on Kenyan land, attributes from metadata ranges; not a real portfolio",other,peri_urban,basin,1.1271
RFB-0465,0.863358,35.113483,semi_permanent,54,12600,680000,TRUE,"Risk Forge synthetic book: WorldPop-weighted placement on Kenyan land, attributes from metadata ranges; not a real portfolio",other,peri_urban,basin,1.1271
RFB-0466,0.502623,35.278996,semi_permanent,45,13300,600000,TRUE,"Risk Forge synthetic book: WorldPop-weighted placement on Kenyan land, attributes from metadata ranges; not a real portfolio",other,urban,basin,1.1271
RFB-0467,0.174397,34.743685,permanent_masonry,151,49200,7430000,TRUE,"Risk Forge synthetic book: WorldPop-weighted placement on Kenyan land, attributes from metadata ranges; not a real portfolio",other,peri_urban,basin,1.1271
RFB-0468,1.266067,35.128041,concrete_rcc,338,83200,28120000,TRUE,"Risk Forge synthetic book: WorldPop-weighted placement on Kenyan land, attributes from metadata ranges; not a real portfolio",other,peri_urban,basin,1.1271
RFB-0469,0.522064,35.286958,semi_permanent,39,14600,570000,TRUE,"Risk Forge synthetic book: WorldPop-weighted placement on Kenyan land, attributes from metadata ranges; not a real portfolio",other,urban,basin,1.1271
RFB-0470,0.513359,35.258833,semi_permanent,52,12000,625000,TRUE,"Risk Forge synthetic book: WorldPop-weighted placement on Kenyan land, attributes from metadata ranges; not a real portfolio",other,urban,basin,1.1271
RFB-0471,0.188359,34.955091,permanent_masonry,263,44600,11730000,TRUE,"Risk Forge synthetic book: WorldPop-weighted placement on Kenyan land, attributes from metadata ranges; not a real portfolio",other,urban,basin,1.1271
RFB-0472,0.763102,34.656799,informal_iron_sheet,25,8500,210000,TRUE,"Risk Forge synthetic book: WorldPop-weighted placement on Kenyan land, attributes from metadata ranges; not a real portfolio",Bungoma,peri_urban,basin,1.1271
RFB-0473,-0.07174,34.75167,permanent_masonry,114,59200,6750000,TRUE,"Risk Forge synthetic book: WorldPop-weighted placement on Kenyan land, attributes from metadata ranges; not a real portfolio",Kisumu,urban,basin,1.1271
RFB-0474,0.564621,34.248032,informal_iron_sheet,13,6500,85000,TRUE,"Risk Forge synthetic book: WorldPop-weighted placement on Kenyan land, attributes from metadata ranges; not a real portfolio",other,peri_urban,basin,1.1271
RFB-0475,0.021733,34.711731,semi_permanent,36,14700,530000,TRUE,"Risk Forge synthetic book: WorldPop-weighted placement on Kenyan land, attributes from metadata ranges; not a real portfolio",other,peri_urban,basin,1.1271
RFB-0476,0.022096,34.81073,permanent_masonry,162,59800,9690000,TRUE,"Risk Forge synthetic book: WorldPop-weighted placement on Kenyan land, attributes from metadata ranges; not a real portfolio",other,peri_urban,basin,1.1271
RFB-0477,-0.082861,34.738061,informal_iron_sheet,16,6100,100000,TRUE,"Risk Forge synthetic book: WorldPop-weighted placement on Kenyan land, attributes from metadata ranges; not a real portfolio",Kisumu,peri_urban,basin,1.1271
RFB-0478,0.648316,35.151758,permanent_masonry,202,55600,11230000,TRUE,"Risk Forge synthetic book: WorldPop-weighted placement on Kenyan land, attributes from metadata ranges; not a real portfolio",other,rural,basin,1.1271
RFB-0479,0.007524,35.394375,informal_iron_sheet,17,8200,140000,TRUE,"Risk Forge synthetic book: WorldPop-weighted placement on Kenyan land, attributes from metadata ranges; not a real portfolio",other,peri_urban,basin,1.1271
RFB-0480,0.706511,34.831517,informal_iron_sheet,21,9600,200000,TRUE,"Risk Forge synthetic book: WorldPop-weighted placement on Kenyan land, attributes from metadata ranges; not a real portfolio",other,peri_urban,basin,1.1271
RFB-0481,0.510816,34.562027,semi_permanent,52,10500,545000,TRUE,"Risk Forge synthetic book: WorldPop-weighted placement on Kenyan land, attributes from metadata ranges; not a real portfolio",other,peri_urban,basin,1.1271
RFB-0482,0.789984,34.724305,permanent_masonry,110,57700,6345000,TRUE,"Risk Forge synthetic book: WorldPop-weighted placement on Kenyan land, attributes from metadata ranges; not a real portfolio",Bungoma,urban,basin,1.1271
RFB-0483,0.436827,34.544132,informal_iron_sheet,21,6700,140000,TRUE,"Risk Forge synthetic book: WorldPop-weighted placement on Kenyan land, attributes from metadata ranges; not a real portfolio",other,peri_urban,basin,1.1271
RFB-0484,1.019496,35.202199,permanent_masonry,125,46700,5840000,TRUE,"Risk Forge synthetic book: WorldPop-weighted placement on Kenyan land, attributes from metadata ranges; not a real portfolio",other,peri_urban,basin,1.1271
RFB-0485,-0.127492,35.171102,semi_permanent,66,10200,675000,TRUE,"Risk Forge synthetic book: WorldPop-weighted placement on Kenyan land, attributes from metadata ranges; not a real portfolio",other,urban,basin,1.1271
RFB-0486,1.218398,35.156489,informal_iron_sheet,16,5700,90000,TRUE,"Risk Forge synthetic book: WorldPop-weighted placement on Kenyan land, attributes from metadata ranges; not a real portfolio",other,rural,basin,1.1271
RFB-0487,0.409131,34.373051,informal_iron_sheet,21,6300,130000,TRUE,"Risk Forge synthetic book: WorldPop-weighted placement on Kenyan land, attributes from metadata ranges; not a real portfolio",other,peri_urban,basin,1.1271
RFB-0488,0.005998,34.74386,concrete_rcc,494,80100,39570000,TRUE,"Risk Forge synthetic book: WorldPop-weighted placement on Kenyan land, attributes from metadata ranges; not a real portfolio",other,urban,basin,1.1271
RFB-0489,0.863676,34.843554,semi_permanent,59,11000,650000,TRUE,"Risk Forge synthetic book: WorldPop-weighted placement on Kenyan land, attributes from metadata ranges; not a real portfolio",other,peri_urban,basin,1.1271
RFB-0490,0.270485,34.72791,semi_permanent,40,15200,610000,TRUE,"Risk Forge synthetic book: WorldPop-weighted placement on Kenyan land, attributes from metadata ranges; not a real portfolio",other,urban,basin,1.1271
RFB-0491,0.355411,34.703432,informal_iron_sheet,16,7100,115000,TRUE,"Risk Forge synthetic book: WorldPop-weighted placement on Kenyan land, attributes from metadata ranges; not a real portfolio",other,peri_urban,basin,1.1271
RFB-0492,0.084692,34.718497,permanent_masonry,80,56200,4495000,TRUE,"Risk Forge synthetic book: WorldPop-weighted placement on Kenyan land, attributes from metadata ranges; not a real portfolio",other,urban,basin,1.1271
RFB-0493,0.150499,35.276738,permanent_masonry,66,53200,3510000,TRUE,"Risk Forge synthetic book: WorldPop-weighted placement on Kenyan land, attributes from metadata ranges; not a real portfolio",other,rural,basin,1.1271
RFB-0494,0.021036,34.60598,semi_permanent,63,9600,605000,TRUE,"Risk Forge synthetic book: WorldPop-weighted placement on Kenyan land, attributes from metadata ranges; not a real portfolio",other,urban,basin,1.1271
RFB-0495,0.05275,34.711054,permanent_masonry,106,40400,4280000,TRUE,"Risk Forge synthetic book: WorldPop-weighted placement on Kenyan land, attributes from metadata ranges; not a real portfolio",other,urban,basin,1.1271
RFB-0496,0.290839,34.757376,permanent_masonry,153,53000,8110000,TRUE,"Risk Forge synthetic book: WorldPop-weighted placement on Kenyan land, attributes from metadata ranges; not a real portfolio",other,urban,basin,1.1271
RFB-0497,0.544427,34.97942,informal_iron_sheet,11,8000,90000,TRUE,"Risk Forge synthetic book: WorldPop-weighted placement on Kenyan land, attributes from metadata ranges; not a real portfolio",other,peri_urban,basin,1.1271
RFB-0498,0.923207,35.259,informal_iron_sheet,17,8400,145000,TRUE,"Risk Forge synthetic book: WorldPop-weighted placement on Kenyan land, attributes from metadata ranges; not a real portfolio",other,peri_urban,basin,1.1271
RFB-0499,0.804823,34.455812,permanent_masonry,69,53400,3685000,TRUE,"Risk Forge synthetic book: WorldPop-weighted placement on Kenyan land, attributes from metadata ranges; not a real portfolio",other,peri_urban,basin,1.1271
RFB-0500,-0.06624,34.810106,permanent_masonry,114,59000,6725000,TRUE,"Risk Forge synthetic book: WorldPop-weighted placement on Kenyan land, attributes from metadata ranges; not a real portfolio",Kisumu,urban,basin,1.1271
RFB-0501,0.639783,35.053525,permanent_masonry,161,55600,8950000,TRUE,"Risk Forge synthetic book: WorldPop-weighted placement on Kenyan land, attributes from metadata ranges; not a real portfolio",other,peri_urban,basin,1.1271
RFB-0502,-0.081528,34.787023,concrete_rcc,969,66400,64340000,TRUE,"Risk Forge synthetic book: WorldPop-weighted placement on Kenyan land, attributes from metadata ranges; not a real portfolio",Kisumu,urban,basin,1.1271
RFB-0503,0.590754,34.55074,permanent_masonry,150,50800,7620000,TRUE,"Risk Forge synthetic book: WorldPop-weighted placement on Kenyan land, attributes from metadata ranges; not a real portfolio",other,urban,basin,1.1271
RFB-0504,1.026614,34.990549,permanent_masonry,186,56700,10545000,TRUE,"Risk Forge synthetic book: WorldPop-weighted placement on Kenyan land, attributes from metadata ranges; not a real portfolio",Kitale,urban,basin,1.1271
RFB-0505,0.607229,34.744191,permanent_masonry,181,48600,8795000,TRUE,"Risk Forge synthetic book: WorldPop-weighted placement on Kenyan land, attributes from metadata ranges; not a real portfolio",Webuye,peri_urban,basin,1.1271
RFB-0506,0.524505,34.354949,semi_permanent,57,14300,815000,TRUE,"Risk Forge synthetic book: WorldPop-weighted placement on Kenyan land, attributes from metadata ranges; not a real portfolio",other,rural,basin,1.1271
RFB-0507,0.932213,34.844002,concrete_rcc,374,59400,22215000,TRUE,"Risk Forge synthetic book: WorldPop-weighted placement on Kenyan land, attributes from metadata ranges; not a real portfolio",other,peri_urban,basin,1.1271
RFB-0508,0.485857,34.413154,concrete_rcc,702,80100,56230000,TRUE,"Risk Forge synthetic book: WorldPop-weighted placement on Kenyan land, attributes from metadata ranges; not a real portfolio",other,peri_urban,basin,1.1271
RFB-0509,0.046928,34.240142,permanent_masonry,92,44000,4050000,TRUE,"Risk Forge synthetic book: WorldPop-weighted placement on Kenyan land, attributes from metadata ranges; not a real portfolio",other,rural,basin,1.1271
RFB-0510,0.506752,34.835101,informal_iron_sheet,13,6500,85000,TRUE,"Risk Forge synthetic book: WorldPop-weighted placement on Kenyan land, attributes from metadata ranges; not a real portfolio",Kakamega,peri_urban,basin,1.1271
RFB-0511,0.418962,34.711907,semi_permanent,47,13000,610000,TRUE,"Risk Forge synthetic book: WorldPop-weighted placement on Kenyan land, attributes from metadata ranges; not a real portfolio",other,peri_urban,basin,1.1271
RFB-0512,-0.297024,35.162691,concrete_rcc,438,63000,27595000,TRUE,"Risk Forge synthetic book: WorldPop-weighted placement on Kenyan land, attributes from metadata ranges; not a real portfolio",other,rural,basin,1.1271
RFB-0513,0.732231,34.584531,permanent_masonry,113,48800,5515000,TRUE,"Risk Forge synthetic book: WorldPop-weighted placement on Kenyan land, attributes from metadata ranges; not a real portfolio",other,urban,basin,1.1271
RFB-0514,0.328582,34.31322,permanent_masonry,101,53800,5435000,TRUE,"Risk Forge synthetic book: WorldPop-weighted placement on Kenyan land, attributes from metadata ranges; not a real portfolio",Busia,peri_urban,basin,1.1271
RFB-0515,-0.22894,34.932912,informal_iron_sheet,16,5200,85000,TRUE,"Risk Forge synthetic book: WorldPop-weighted placement on Kenyan land, attributes from metadata ranges; not a real portfolio",other,rural,basin,1.1271
RFB-0516,0.409636,34.15647,informal_iron_sheet,14,5300,75000,TRUE,"Risk Forge synthetic book: WorldPop-weighted placement on Kenyan land, attributes from metadata ranges; not a real portfolio",other,peri_urban,basin,1.1271
RFB-0517,0.276375,34.754305,informal_iron_sheet,21,8900,185000,TRUE,"Risk Forge synthetic book: WorldPop-weighted placement on Kenyan land, attributes from metadata ranges; not a real portfolio",other,urban,basin,1.1271
RFB-0518,0.329718,34.560272,informal_iron_sheet,17,5700,95000,TRUE,"Risk Forge synthetic book: WorldPop-weighted placement on Kenyan land, attributes from metadata ranges; not a real portfolio",Mumias,peri_urban,basin,1.1271
RFB-0519,0.895426,34.917886,permanent_masonry,115,61600,7085000,TRUE,"Risk Forge synthetic book: WorldPop-weighted placement on Kenyan land, attributes from metadata ranges; not a real portfolio",other,urban,basin,1.1271
RFB-0520,0.129916,34.856992,concrete_rcc,405,78500,31790000,TRUE,"Risk Forge synthetic book: WorldPop-weighted placement on Kenyan land, attributes from metadata ranges; not a real portfolio",other,urban,basin,1.1271
RFB-0521,-0.093675,34.272621,semi_permanent,54,11600,625000,TRUE,"Risk Forge synthetic book: WorldPop-weighted placement on Kenyan land, attributes from metadata ranges; not a real portfolio",Siaya,urban,basin,1.1271
RFB-0522,-0.105776,34.439515,informal_iron_sheet,12,6500,80000,TRUE,"Risk Forge synthetic book: WorldPop-weighted placement on Kenyan land, attributes from metadata ranges; not a real portfolio",other,rural,basin,1.1271
RFB-0523,0.277824,34.128927,semi_permanent,38,12500,475000,TRUE,"Risk Forge synthetic book: WorldPop-weighted placement on Kenyan land, attributes from metadata ranges; not a real portfolio",Bumala,peri_urban,basin,1.1271
RFB-0524,0.548914,35.24244,informal_iron_sheet,16,8100,130000,TRUE,"Risk Forge synthetic book: WorldPop-weighted placement on Kenyan land, attributes from metadata ranges; not a real portfolio",other,urban,basin,1.1271
RFB-0525,0.176812,34.479707,semi_permanent,34,13700,465000,TRUE,"Risk Forge synthetic book: WorldPop-weighted placement on Kenyan land, attributes from metadata ranges; not a real portfolio",other,urban,basin,1.1271
RFB-0526,-0.123935,34.44588,semi_permanent,40,10800,430000,TRUE,"Risk Forge synthetic book: WorldPop-weighted placement on Kenyan land, attributes from metadata ranges; not a real portfolio",other,peri_urban,basin,1.1271
RFB-0527,-0.1785,34.892416,semi_permanent,59,14100,830000,TRUE,"Risk Forge synthetic book: WorldPop-weighted placement on Kenyan land, attributes from metadata ranges; not a real portfolio",other,peri_urban,basin,1.1271
RFB-0528,0.613869,34.761646,permanent_masonry,71,58800,4175000,TRUE,"Risk Forge synthetic book: WorldPop-weighted placement on Kenyan land, attributes from metadata ranges; not a real portfolio",Webuye,urban,basin,1.1271
RFB-0529,-0.110352,34.763615,permanent_masonry,206,63100,13000000,TRUE,"Risk Forge synthetic book: WorldPop-weighted placement on Kenyan land, attributes from metadata ranges; not a real portfolio",Kisumu,urban,basin,1.1271
RFB-0530,0.110339,34.718086,concrete_rcc,696,79900,55610000,TRUE,"Risk Forge synthetic book: WorldPop-weighted placement on Kenyan land, attributes from metadata ranges; not a real portfolio",other,urban,basin,1.1271
RFB-0531,-0.060221,35.302446,semi_permanent,54,11700,630000,TRUE,"Risk Forge synthetic book: WorldPop-weighted placement on Kenyan land, attributes from metadata ranges; not a real portfolio",other,rural,basin,1.1271
RFB-0532,0.801511,35.043767,informal_iron_sheet,16,8300,135000,TRUE,"Risk Forge synthetic book: WorldPop-weighted placement on Kenyan land, attributes from metadata ranges; not a real portfolio",other,peri_urban,basin,1.1271
RFB-0533,-0.16961,34.972631,permanent_masonry,49,60600,2970000,TRUE,"Risk Forge synthetic book: WorldPop-weighted placement on Kenyan land, attributes from metadata ranges; not a real portfolio",other,peri_urban,basin,1.1271
RFB-0534,0.089756,34.411645,permanent_masonry,241,53200,12820000,TRUE,"Risk Forge synthetic book: WorldPop-weighted placement on Kenyan land, attributes from metadata ranges; not a real portfolio",other,peri_urban,basin,1.1271
RFB-0535,0.800442,34.838562,semi_permanent,30,12700,380000,TRUE,"Risk Forge synthetic book: WorldPop-weighted placement on Kenyan land, attributes from metadata ranges; not a real portfolio",other,peri_urban,basin,1.1271
RFB-0536,0.334819,34.528412,semi_permanent,53,9400,500000,TRUE,"Risk Forge synthetic book: WorldPop-weighted placement on Kenyan land, attributes from metadata ranges; not a real portfolio",Mumias,peri_urban,basin,1.1271
RFB-0537,0.905278,34.886962,informal_iron_sheet,11,6700,75000,TRUE,"Risk Forge synthetic book: WorldPop-weighted placement on Kenyan land, attributes from metadata ranges; not a real portfolio",other,peri_urban,basin,1.1271
RFB-0538,0.12287,34.818009,concrete_rcc,225,75400,16965000,TRUE,"Risk Forge synthetic book: WorldPop-weighted placement on Kenyan land, attributes from metadata ranges; not a real portfolio",other,urban,basin,1.1271
RFB-0539,0.269472,34.295298,permanent_masonry,280,43600,12210000,TRUE,"Risk Forge synthetic book: WorldPop-weighted placement on Kenyan land, attributes from metadata ranges; not a real portfolio",Bumala,peri_urban,basin,1.1271
RFB-0540,0.286693,34.282905,permanent_masonry,210,58900,12370000,TRUE,"Risk Forge synthetic book: WorldPop-weighted placement on Kenyan land, attributes from metadata ranges; not a real portfolio",Bumala,peri_urban,basin,1.1271
RFB-0541,-0.014972,34.689389,semi_permanent,33,12100,400000,TRUE,"Risk Forge synthetic book: WorldPop-weighted placement on Kenyan land, attributes from metadata ranges; not a real portfolio",other,peri_urban,basin,1.1271
RFB-0542,0.078328,34.90561,informal_iron_sheet,17,7100,120000,TRUE,"Risk Forge synthetic book: WorldPop-weighted placement on Kenyan land, attributes from metadata ranges; not a real portfolio",other,peri_urban,basin,1.1271
RFB-0543,0.979861,35.131471,concrete_rcc,493,66900,32980000,TRUE,"Risk Forge synthetic book: WorldPop-weighted placement on Kenyan land, attributes from metadata ranges; not a real portfolio",other,peri_urban,basin,1.1271
RFB-0544,0.079732,34.284226,semi_permanent,53,13800,730000,TRUE,"Risk Forge synthetic book: WorldPop-weighted placement on Kenyan land, attributes from metadata ranges; not a real portfolio",other,peri_urban,basin,1.1271
RFB-0545,0.338955,34.748082,informal_iron_sheet,14,6500,90000,TRUE,"Risk Forge synthetic book: WorldPop-weighted placement on Kenyan land, attributes from metadata ranges; not a real portfolio",other,peri_urban,basin,1.1271
RFB-0546,0.772932,34.514712,concrete_rcc,614,74500,45745000,TRUE,"Risk Forge synthetic book: WorldPop-weighted placement on Kenyan land, attributes from metadata ranges; not a real portfolio",other,peri_urban,basin,1.1271
RFB-0547,0.546974,34.538699,semi_permanent,66,11900,785000,TRUE,"Risk Forge synthetic book: WorldPop-weighted placement on Kenyan land, attributes from metadata ranges; not a real portfolio",other,peri_urban,basin,1.1271
RFB-0548,0.386091,34.140608,semi_permanent,36,11600,420000,TRUE,"Risk Forge synthetic book: WorldPop-weighted placement on Kenyan land, attributes from metadata ranges; not a real portfolio",Bumala,peri_urban,basin,1.1271
RFB-0549,-0.041222,35.25089,informal_iron_sheet,13,8200,105000,TRUE,"Risk Forge synthetic book: WorldPop-weighted placement on Kenyan land, attributes from metadata ranges; not a real portfolio",other,rural,basin,1.1271
RFB-0550,-0.081981,34.27609,informal_iron_sheet,16,9100,145000,TRUE,"Risk Forge synthetic book: WorldPop-weighted placement on Kenyan land, attributes from metadata ranges; not a real portfolio",Siaya,peri_urban,basin,1.1271
RFB-0551,0.939704,34.982328,informal_iron_sheet,12,9000,110000,TRUE,"Risk Forge synthetic book: WorldPop-weighted placement on Kenyan land, attributes from metadata ranges; not a real portfolio",Kitale,peri_urban,basin,1.1271
RFB-0552,0.477011,35.253496,permanent_masonry,223,59300,13225000,TRUE,"Risk Forge synthetic book: WorldPop-weighted placement on Kenyan land, attributes from metadata ranges; not a real portfolio",other,urban,basin,1.1271
RFB-0553,-0.001379,34.749173,permanent_masonry,254,57800,14680000,TRUE,"Risk Forge synthetic book: WorldPop-weighted placement on Kenyan land, attributes from metadata ranges; not a real portfolio",Kisumu,urban,basin,1.1271
RFB-0554,0.259628,34.18732,permanent_masonry,116,54600,6335000,TRUE,"Risk Forge synthetic book: WorldPop-weighted placement on Kenyan land, attributes from metadata ranges; not a real portfolio",Bumala,peri_urban,basin,1.1271
RFB-0555,-0.027431,34.745338,permanent_masonry,234,54500,12755000,TRUE,"Risk Forge synthetic book: WorldPop-weighted placement on Kenyan land, attributes from metadata ranges; not a real portfolio",Kisumu,peri_urban,basin,1.1271
RFB-0556,0.270949,34.739799,permanent_masonry,269,55000,14795000,TRUE,"Risk Forge synthetic book: WorldPop-weighted placement on Kenyan land, attributes from metadata ranges; not a real portfolio",other,urban,basin,1.1271
RFB-0557,0.723469,35.237236,permanent_masonry,125,53700,6710000,TRUE,"Risk Forge synthetic book: WorldPop-weighted placement on Kenyan land, attributes from metadata ranges; not a real portfolio",other,rural,basin,1.1271
RFB-0558,0.404153,34.751753,semi_permanent,34,14000,475000,TRUE,"Risk Forge synthetic book: WorldPop-weighted placement on Kenyan land, attributes from metadata ranges; not a real portfolio",Kakamega,peri_urban,basin,1.1271
RFB-0559,0.375725,34.470303,informal_iron_sheet,23,6500,150000,TRUE,"Risk Forge synthetic book: WorldPop-weighted placement on Kenyan land, attributes from metadata ranges; not a real portfolio",Mumias,peri_urban,basin,1.1271
RFB-0560,-0.081911,34.785305,semi_permanent,34,13300,450000,TRUE,"Risk Forge synthetic book: WorldPop-weighted placement on Kenyan land, attributes from metadata ranges; not a real portfolio",Kisumu,urban,basin,1.1271
RFB-0561,0.546675,35.3072,permanent_masonry,150,47500,7125000,TRUE,"Risk Forge synthetic book: WorldPop-weighted placement on Kenyan land, attributes from metadata ranges; not a real portfolio",other,urban,basin,1.1271
RFB-0562,0.698872,34.998474,permanent_masonry,238,56100,13350000,TRUE,"Risk Forge synthetic book: WorldPop-weighted placement on Kenyan land, attributes from metadata ranges; not a real portfolio",other,peri_urban,basin,1.1271
RFB-0563,0.094998,34.726358,permanent_masonry,254,55600,14120000,TRUE,"Risk Forge synthetic book: WorldPop-weighted placement on Kenyan land, attributes from metadata ranges; not a real portfolio",other,urban,basin,1.1271
RFB-0564,0.502477,35.30301,semi_permanent,32,15200,485000,TRUE,"Risk Forge synthetic book: WorldPop-weighted placement on Kenyan land, attributes from metadata ranges; not a real portfolio",other,urban,basin,1.1271
RFB-0565,0.434456,34.673175,semi_permanent,38,13200,500000,TRUE,"Risk Forge synthetic book: WorldPop-weighted placement on Kenyan land, attributes from metadata ranges; not a real portfolio",other,peri_urban,basin,1.1271
RFB-0566,-0.172758,35.083927,informal_iron_sheet,22,6700,145000,TRUE,"Risk Forge synthetic book: WorldPop-weighted placement on Kenyan land, attributes from metadata ranges; not a real portfolio",other,peri_urban,basin,1.1271
RFB-0567,0.176239,34.300441,concrete_rcc,374,71000,26555000,TRUE,"Risk Forge synthetic book: WorldPop-weighted placement on Kenyan land, attributes from metadata ranges; not a real portfolio",other,urban,basin,1.1271
RFB-0568,0.185698,35.060141,permanent_masonry,204,38200,7795000,TRUE,"Risk Forge synthetic book: WorldPop-weighted placement on Kenyan land, attributes from metadata ranges; not a real portfolio",other,peri_urban,basin,1.1271
RFB-0569,-0.103189,35.282398,permanent_masonry,85,57600,4895000,TRUE,"Risk Forge synthetic book: WorldPop-weighted placement on Kenyan land, attributes from metadata ranges; not a real portfolio",other,rural,basin,1.1271
RFB-0570,0.125601,34.854028,permanent_masonry,157,62600,9830000,TRUE,"Risk Forge synthetic book: WorldPop-weighted placement on Kenyan land, attributes from metadata ranges; not a real portfolio",other,urban,basin,1.1271
RFB-0571,-0.127508,34.760061,informal_iron_sheet,19,9200,175000,TRUE,"Risk Forge synthetic book: WorldPop-weighted placement on Kenyan land, attributes from metadata ranges; not a real portfolio",Kisumu,urban,basin,1.1271
RFB-0572,0.221072,34.502017,concrete_rcc,235,78400,18425000,TRUE,"Risk Forge synthetic book: WorldPop-weighted placement on Kenyan land, attributes from metadata ranges; not a real portfolio",other,urban,basin,1.1271
RFB-0573,0.278237,34.33477,concrete_rcc,279,72800,20310000,TRUE,"Risk Forge synthetic book: WorldPop-weighted placement on Kenyan land, attributes from metadata ranges; not a real portfolio",other,peri_urban,basin,1.1271
RFB-0574,0.61171,34.779717,informal_iron_sheet,10,9200,90000,TRUE,"Risk Forge synthetic book: WorldPop-weighted placement on Kenyan land, attributes from metadata ranges; not a real portfolio",Webuye,peri_urban,basin,1.1271
RFB-0575,0.70278,34.868595,permanent_masonry,89,40100,3570000,TRUE,"Risk Forge synthetic book: WorldPop-weighted placement on Kenyan land, attributes from metadata ranges; not a real portfolio",other,peri_urban,basin,1.1271
RFB-0576,0.353612,34.763399,informal_iron_sheet,10,6000,60000,TRUE,"Risk Forge synthetic book: WorldPop-weighted placement on Kenyan land, attributes from metadata ranges; not a real portfolio",other,peri_urban,basin,1.1271
RFB-0577,1.031958,34.991081,permanent_masonry,76,60000,4560000,TRUE,"Risk Forge synthetic book: WorldPop-weighted placement on Kenyan land, attributes from metadata ranges; not a real portfolio",Kitale,urban,basin,1.1271
RFB-0578,0.801831,35.371727,semi_permanent,38,11400,435000,TRUE,"Risk Forge synthetic book: WorldPop-weighted placement on Kenyan land, attributes from metadata ranges; not a real portfolio",other,rural,basin,1.1271
RFB-0579,0.135991,34.777183,permanent_masonry,206,55200,11370000,TRUE,"Risk Forge synthetic book: WorldPop-weighted placement on Kenyan land, attributes from metadata ranges; not a real portfolio",other,peri_urban,basin,1.1271
RFB-0580,0.181836,34.968314,informal_iron_sheet,16,9100,145000,TRUE,"Risk Forge synthetic book: WorldPop-weighted placement on Kenyan land, attributes from metadata ranges; not a real portfolio",other,peri_urban,basin,1.1271
RFB-0581,1.111341,34.785864,concrete_rcc,543,71700,38935000,TRUE,"Risk Forge synthetic book: WorldPop-weighted placement on Kenyan land, attributes from metadata ranges; not a real portfolio",other,urban,basin,1.1271
RFB-0582,0.814531,35.187353,informal_iron_sheet,16,8100,130000,TRUE,"Risk Forge synthetic book: WorldPop-weighted placement on Kenyan land, attributes from metadata ranges; not a real portfolio",other,rural,basin,1.1271
RFB-0583,0.245716,35.068681,permanent_masonry,91,51000,4640000,TRUE,"Risk Forge synthetic book: WorldPop-weighted placement on Kenyan land, attributes from metadata ranges; not a real portfolio",other,peri_urban,basin,1.1271
RFB-0584,0.512812,35.275471,concrete_rcc,177,73900,13080000,TRUE,"Risk Forge synthetic book: WorldPop-weighted placement on Kenyan land, attributes from metadata ranges; not a real portfolio",other,urban,basin,1.1271
RFB-0585,0.281555,34.714682,concrete_rcc,309,60500,18695000,TRUE,"Risk Forge synthetic book: WorldPop-weighted placement on Kenyan land, attributes from metadata ranges; not a real portfolio",other,peri_urban,basin,1.1271
RFB-0586,0.87154,35.062956,permanent_masonry,155,49400,7655000,TRUE,"Risk Forge synthetic book: WorldPop-weighted placement on Kenyan land, attributes from metadata ranges; not a real portfolio",other,rural,basin,1.1271
RFB-0587,-0.052659,34.155867,informal_iron_sheet,21,8400,175000,TRUE,"Risk Forge synthetic book: WorldPop-weighted placement on Kenyan land, attributes from metadata ranges; not a real portfolio",Siaya,peri_urban,basin,1.1271
RFB-0588,0.644027,35.178387,informal_iron_sheet,23,7400,170000,TRUE,"Risk Forge synthetic book: WorldPop-weighted placement on Kenyan land, attributes from metadata ranges; not a real portfolio",other,peri_urban,basin,1.1271
RFB-0589,0.532518,35.235452,permanent_masonry,214,53900,11535000,TRUE,"Risk Forge synthetic book: WorldPop-weighted placement on Kenyan land, attributes from metadata ranges; not a real portfolio",other,urban,basin,1.1271
RFB-0590,0.472196,34.713308,semi_permanent,62,9600,595000,TRUE,"Risk Forge synthetic book: WorldPop-weighted placement on Kenyan land, attributes from metadata ranges; not a real portfolio",Kakamega,peri_urban,basin,1.1271
RFB-0591,0.282707,34.786877,informal_iron_sheet,24,6700,160000,TRUE,"Risk Forge synthetic book: WorldPop-weighted placement on Kenyan land, attributes from metadata ranges; not a real portfolio",other,peri_urban,basin,1.1271
RFB-0592,-0.188525,34.344189,informal_iron_sheet,22,6500,145000,TRUE,"Risk Forge synthetic book: WorldPop-weighted placement on Kenyan land, attributes from metadata ranges; not a real portfolio",other,rural,basin,1.1271
RFB-0593,0.734365,34.581803,semi_permanent,33,11500,380000,TRUE,"Risk Forge synthetic book: WorldPop-weighted placement on Kenyan land, attributes from metadata ranges; not a real portfolio",other,urban,basin,1.1271
RFB-0594,0.812231,35.007699,semi_permanent,37,12300,455000,TRUE,"Risk Forge synthetic book: WorldPop-weighted placement on Kenyan land, attributes from metadata ranges; not a real portfolio",other,peri_urban,basin,1.1271
RFB-0595,0.834297,35.089629,semi_permanent,42,10300,435000,TRUE,"Risk Forge synthetic book: WorldPop-weighted placement on Kenyan land, attributes from metadata ranges; not a real portfolio",other,peri_urban,basin,1.1271
RFB-0596,0.07004,34.707146,permanent_masonry,113,64500,7290000,TRUE,"Risk Forge synthetic book: WorldPop-weighted placement on Kenyan land, attributes from metadata ranges; not a real portfolio",other,peri_urban,basin,1.1271
RFB-0597,0.526727,35.304868,semi_permanent,49,11400,560000,TRUE,"Risk Forge synthetic book: WorldPop-weighted placement on Kenyan land, attributes from metadata ranges; not a real portfolio",other,urban,basin,1.1271
RFB-0598,-0.1042,34.518961,permanent_masonry,102,48300,4925000,TRUE,"Risk Forge synthetic book: WorldPop-weighted placement on Kenyan land, attributes from metadata ranges; not a real portfolio",other,peri_urban,basin,1.1271
RFB-0599,1.026442,35.165093,semi_permanent,45,9600,430000,TRUE,"Risk Forge synthetic book: WorldPop-weighted placement on Kenyan land, attributes from metadata ranges; not a real portfolio",other,peri_urban,basin,1.1271
RFB-0600,0.357168,34.772544,semi_permanent,58,11600,675000,TRUE,"Risk Forge synthetic book: WorldPop-weighted placement on Kenyan land, attributes from metadata ranges; not a real portfolio",other,peri_urban,basin,1.1271
RFB-0601,0.087613,34.709833,permanent_masonry,103,55700,5735000,TRUE,"Risk Forge synthetic book: WorldPop-weighted placement on Kenyan land, attributes from metadata ranges; not a real portfolio",other,urban,basin,1.1271
RFB-0602,0.397423,34.691123,informal_iron_sheet,17,5700,95000,TRUE,"Risk Forge synthetic book: WorldPop-weighted placement on Kenyan land, attributes from metadata ranges; not a real portfolio",other,peri_urban,basin,1.1271
RFB-0603,0.514299,35.282472,permanent_masonry,250,57300,14325000,TRUE,"Risk Forge synthetic book: WorldPop-weighted placement on Kenyan land, attributes from metadata ranges; not a real portfolio",other,urban,basin,1.1271
RFB-0604,0.036913,34.719883,permanent_masonry,98,59900,5870000,TRUE,"Risk Forge synthetic book: WorldPop-weighted placement on Kenyan land, attributes from metadata ranges; not a real portfolio",other,urban,basin,1.1271
RFB-0605,0.39036,34.11211,permanent_masonry,205,37200,7625000,TRUE,"Risk Forge synthetic book: WorldPop-weighted placement on Kenyan land, attributes from metadata ranges; not a real portfolio",other,rural,basin,1.1271
RFB-0606,-0.090568,34.786822,concrete_rcc,247,73100,18055000,TRUE,"Risk Forge synthetic book: WorldPop-weighted placement on Kenyan land, attributes from metadata ranges; not a real portfolio",Kisumu,urban,basin,1.1271
RFB-0607,0.688816,34.970864,permanent_masonry,84,62500,5250000,TRUE,"Risk Forge synthetic book: WorldPop-weighted placement on Kenyan land, attributes from metadata ranges; not a real portfolio",other,peri_urban,basin,1.1271
RFB-0608,0.274028,34.744097,concrete_rcc,348,68000,23665000,TRUE,"Risk Forge synthetic book: WorldPop-weighted placement on Kenyan land, attributes from metadata ranges; not a real portfolio",other,urban,basin,1.1271
RFB-0609,0.222835,34.609952,semi_permanent,46,12500,575000,TRUE,"Risk Forge synthetic book: WorldPop-weighted placement on Kenyan land, attributes from metadata ranges; not a real portfolio",other,urban,basin,1.1271
RFB-0610,-0.086469,34.790795,permanent_masonry,145,46500,6740000,TRUE,"Risk Forge synthetic book: WorldPop-weighted placement on Kenyan land, attributes from metadata ranges; not a real portfolio",Kisumu,urban,basin,1.1271
RFB-0611,0.971559,35.022116,permanent_masonry,167,45600,7615000,TRUE,"Risk Forge synthetic book: WorldPop-weighted placement on Kenyan land, attributes from metadata ranges; not a real portfolio",Kitale,rural,basin,1.1271
RFB-0612,0.04949,35.049477,informal_iron_sheet,15,7700,115000,TRUE,"Risk Forge synthetic book: WorldPop-weighted placement on Kenyan land, attributes from metadata ranges; not a real portfolio",other,peri_urban,basin,1.1271
RFB-0613,0.173174,34.655653,semi_permanent,35,9800,345000,TRUE,"Risk Forge synthetic book: WorldPop-weighted placement on Kenyan land, attributes from metadata ranges; not a real portfolio",other,peri_urban,basin,1.1271
RFB-0614,-0.04609,34.669519,informal_iron_sheet,14,7700,110000,TRUE,"Risk Forge synthetic book: WorldPop-weighted placement on Kenyan land, attributes from metadata ranges; not a real portfolio",Kisumu,peri_urban,basin,1.1271
RFB-0615,0.255904,34.081424,semi_permanent,34,10400,355000,TRUE,"Risk Forge synthetic book: WorldPop-weighted placement on Kenyan land, attributes from metadata ranges; not a real portfolio",Sio Port,peri_urban,basin,1.1271
RFB-0616,0.471912,35.268908,permanent_masonry,105,48800,5125000,TRUE,"Risk Forge synthetic book: WorldPop-weighted placement on Kenyan land, attributes from metadata ranges; not a real portfolio",other,urban,basin,1.1271
RFB-0617,0.052854,34.982908,semi_permanent,59,11400,675000,TRUE,"Risk Forge synthetic book: WorldPop-weighted placement on Kenyan land, attributes from metadata ranges; not a real portfolio",other,peri_urban,basin,1.1271
RFB-0618,0.610655,34.769965,permanent_masonry,102,55600,5670000,TRUE,"Risk Forge synthetic book: WorldPop-weighted placement on Kenyan land, attributes from metadata ranges; not a real portfolio",Webuye,urban,basin,1.1271
RFB-0619,1.028882,34.97854,concrete_rcc,875,57900,50660000,TRUE,"Risk Forge synthetic book: WorldPop-weighted placement on Kenyan land, attributes from metadata ranges; not a real portfolio",Kitale,urban,basin,1.1271
RFB-0620,0.096435,34.780602,permanent_masonry,186,40000,7440000,TRUE,"Risk Forge synthetic book: WorldPop-weighted placement on Kenyan land, attributes from metadata ranges; not a real portfolio",other,urban,basin,1.1271
RFB-0621,0.03806,34.827703,concrete_rcc,449,75900,34080000,TRUE,"Risk Forge synthetic book: WorldPop-weighted placement on Kenyan land, attributes from metadata ranges; not a real portfolio",other,peri_urban,basin,1.1271
RFB-0622,0.022359,35.228752,concrete_rcc,360,58500,21060000,TRUE,"Risk Forge synthetic book: WorldPop-weighted placement on Kenyan land, attributes from metadata ranges; not a real portfolio",other,rural,basin,1.1271
RFB-0623,0.467153,34.261365,informal_iron_sheet,10,8100,80000,TRUE,"Risk Forge synthetic book: WorldPop-weighted placement on Kenyan land, attributes from metadata ranges; not a real portfolio",Busia,peri_urban,basin,1.1271
RFB-0624,0.115292,34.808928,permanent_masonry,136,59200,8050000,TRUE,"Risk Forge synthetic book: WorldPop-weighted placement on Kenyan land, attributes from metadata ranges; not a real portfolio",other,urban,basin,1.1271
RFB-0625,0.126916,34.721491,semi_permanent,37,9100,335000,TRUE,"Risk Forge synthetic book: WorldPop-weighted placement on Kenyan land, attributes from metadata ranges; not a real portfolio",other,urban,basin,1.1271
RFB-0626,0.605678,34.546401,concrete_rcc,708,62800,44460000,TRUE,"Risk Forge synthetic book: WorldPop-weighted placement on Kenyan land, attributes from metadata ranges; not a real portfolio",other,urban,basin,1.1271
RFB-0627,0.076451,34.678036,informal_iron_sheet,14,6000,85000,TRUE,"Risk Forge synthetic book: WorldPop-weighted placement on Kenyan land, attributes from metadata ranges; not a real portfolio",other,peri_urban,basin,1.1271
RFB-0628,-0.157432,34.286532,informal_iron_sheet,13,6200,80000,TRUE,"Risk Forge synthetic book: WorldPop-weighted placement on Kenyan land, attributes from metadata ranges; not a real portfolio",other,rural,basin,1.1271
RFB-0629,0.544903,35.242369,semi_permanent,35,13500,470000,TRUE,"Risk Forge synthetic book: WorldPop-weighted placement on Kenyan land, attributes from metadata ranges; not a real portfolio",other,urban,basin,1.1271
RFB-0630,0.626647,35.294399,semi_permanent,45,11900,535000,TRUE,"Risk Forge synthetic book: WorldPop-weighted placement on Kenyan land, attributes from metadata ranges; not a real portfolio",other,rural,basin,1.1271
RFB-0631,0.284787,34.764276,permanent_masonry,104,49800,5180000,TRUE,"Risk Forge synthetic book: WorldPop-weighted placement on Kenyan land, attributes from metadata ranges; not a real portfolio",other,urban,basin,1.1271
RFB-0632,-0.069501,34.779099,concrete_rcc,478,64600,30880000,TRUE,"Risk Forge synthetic book: WorldPop-weighted placement on Kenyan land, attributes from metadata ranges; not a real portfolio",Kisumu,urban,basin,1.1271
RFB-0633,0.265559,35.143471,informal_iron_sheet,15,8800,130000,TRUE,"Risk Forge synthetic book: WorldPop-weighted placement on Kenyan land, attributes from metadata ranges; not a real portfolio",other,rural,basin,1.1271
RFB-0634,-0.165955,34.95141,informal_iron_sheet,23,7400,170000,TRUE,"Risk Forge synthetic book: WorldPop-weighted placement on Kenyan land, attributes from metadata ranges; not a real portfolio",other,peri_urban,basin,1.1271
RFB-0635,-0.097619,34.787367,concrete_rcc,676,74300,50225000,TRUE,"Risk Forge synthetic book: WorldPop-weighted placement on Kenyan land, attributes from metadata ranges; not a real portfolio",Kisumu,urban,basin,1.1271
RFB-0636,0.12637,34.195624,semi_permanent,52,10800,560000,TRUE,"Risk Forge synthetic book: WorldPop-weighted placement on Kenyan land, attributes from metadata ranges; not a real portfolio",Rwambwa,rural,basin,1.1271
RFB-0637,0.141188,34.712201,semi_permanent,37,8900,330000,TRUE,"Risk Forge synthetic book: WorldPop-weighted placement on Kenyan land, attributes from metadata ranges; not a real portfolio",other,peri_urban,basin,1.1271
RFB-0638,0.78544,34.729842,permanent_masonry,151,43100,6510000,TRUE,"Risk Forge synthetic book: WorldPop-weighted placement on Kenyan land, attributes from metadata ranges; not a real portfolio",Bungoma,urban,basin,1.1271
RFB-0639,0.552105,35.228034,permanent_masonry,122,44500,5430000,TRUE,"Risk Forge synthetic book: WorldPop-weighted placement on Kenyan land, attributes from metadata ranges; not a real portfolio",other,urban,basin,1.1271
RFB-0640,0.035684,34.645042,informal_iron_sheet,23,7000,160000,TRUE,"Risk Forge synthetic book: WorldPop-weighted placement on Kenyan land, attributes from metadata ranges; not a real portfolio",other,peri_urban,basin,1.1271
RFB-0641,0.508786,34.836216,concrete_rcc,192,71800,13785000,TRUE,"Risk Forge synthetic book: WorldPop-weighted placement on Kenyan land, attributes from metadata ranges; not a real portfolio",Kakamega,peri_urban,basin,1.1271
RFB-0642,0.700966,34.363421,semi_permanent,44,15200,670000,TRUE,"Risk Forge synthetic book: WorldPop-weighted placement on Kenyan land, attributes from metadata ranges; not a real portfolio",other,peri_urban,basin,1.1271
RFB-0643,1.026245,34.99234,informal_iron_sheet,11,8200,90000,TRUE,"Risk Forge synthetic book: WorldPop-weighted placement on Kenyan land, attributes from metadata ranges; not a real portfolio",Kitale,urban,basin,1.1271
RFB-0644,0.721854,35.247361,semi_permanent,54,14200,765000,TRUE,"Risk Forge synthetic book: WorldPop-weighted placement on Kenyan land, attributes from metadata ranges; not a real portfolio",other,rural,basin,1.1271
RFB-0645,0.298272,35.398101,permanent_masonry,156,40100,6255000,TRUE,"Risk Forge synthetic book: WorldPop-weighted placement on Kenyan land, attributes from metadata ranges; not a real portfolio",other,rural,basin,1.1271
RFB-0646,-0.095429,34.90316,informal_iron_sheet,25,7100,180000,TRUE,"Risk Forge synthetic book: WorldPop-weighted placement on Kenyan land, attributes from metadata ranges; not a real portfolio",other,rural,basin,1.1271
RFB-0647,0.524475,35.258973,permanent_masonry,128,57200,7320000,TRUE,"Risk Forge synthetic book: WorldPop-weighted placement on Kenyan land, attributes from metadata ranges; not a real portfolio",other,urban,basin,1.1271
RFB-0648,0.053343,34.339025,informal_iron_sheet,20,7600,150000,TRUE,"Risk Forge synthetic book: WorldPop-weighted placement on Kenyan land, attributes from metadata ranges; not a real portfolio",other,peri_urban,basin,1.1271
RFB-0649,0.872111,35.096842,permanent_masonry,162,48900,7920000,TRUE,"Risk Forge synthetic book: WorldPop-weighted placement on Kenyan land, attributes from metadata ranges; not a real portfolio",other,peri_urban,basin,1.1271
RFB-0650,0.024543,34.506068,informal_iron_sheet,20,6300,125000,TRUE,"Risk Forge synthetic book: WorldPop-weighted placement on Kenyan land, attributes from metadata ranges; not a real portfolio",other,rural,basin,1.1271
RFB-0651,-0.107482,34.643133,semi_permanent,59,9600,565000,TRUE,"Risk Forge synthetic book: WorldPop-weighted placement on Kenyan land, attributes from metadata ranges; not a real portfolio",other,peri_urban,basin,1.1271
RFB-0652,0.404756,34.704705,permanent_masonry,224,47900,10730000,TRUE,"Risk Forge synthetic book: WorldPop-weighted placement on Kenyan land, attributes from metadata ranges; not a real portfolio",other,peri_urban,basin,1.1271
RFB-0653,0.45979,34.094975,semi_permanent,36,13800,495000,TRUE,"Risk Forge synthetic book: WorldPop-weighted placement on Kenyan land, attributes from metadata ranges; not a real portfolio",other,urban,basin,1.1271
RFB-0654,-0.087877,34.784217,informal_iron_sheet,16,5800,95000,TRUE,"Risk Forge synthetic book: WorldPop-weighted placement on Kenyan land, attributes from metadata ranges; not a real portfolio",Kisumu,urban,basin,1.1271
RFB-0655,0.713385,35.371846,informal_iron_sheet,11,7400,80000,TRUE,"Risk Forge synthetic book: WorldPop-weighted placement on Kenyan land, attributes from metadata ranges; not a real portfolio",other,rural,basin,1.1271
RFB-0656,-0.093707,34.779207,permanent_masonry,149,54900,8180000,TRUE,"Risk Forge synthetic book: WorldPop-weighted placement on Kenyan land, attributes from metadata ranges; not a real portfolio",Kisumu,urban,basin,1.1271
RFB-0657,-0.09747,34.773119,permanent_masonry,179,57900,10365000,TRUE,"Risk Forge synthetic book: WorldPop-weighted placement on Kenyan land, attributes from metadata ranges; not a real portfolio",Kisumu,urban,basin,1.1271
RFB-0658,-0.135228,34.119722,permanent_masonry,137,60400,8275000,TRUE,"Risk Forge synthetic book: WorldPop-weighted placement on Kenyan land, attributes from metadata ranges; not a real portfolio",other,rural,basin,1.1271
RFB-0659,-0.082432,34.778481,concrete_rcc,445,76600,34085000,TRUE,"Risk Forge synthetic book: WorldPop-weighted placement on Kenyan land, attributes from metadata ranges; not a real portfolio",Kisumu,urban,basin,1.1271
RFB-0660,0.359998,34.560699,semi_permanent,52,11700,610000,TRUE,"Risk Forge synthetic book: WorldPop-weighted placement on Kenyan land, attributes from metadata ranges; not a real portfolio",Mumias,peri_urban,basin,1.1271
RFB-0661,0.170474,34.454076,semi_permanent,35,14600,510000,TRUE,"Risk Forge synthetic book: WorldPop-weighted placement on Kenyan land, attributes from metadata ranges; not a real portfolio",other,peri_urban,basin,1.1271
RFB-0662,0.344111,34.153981,semi_permanent,69,13300,920000,TRUE,"Risk Forge synthetic book: WorldPop-weighted placement on Kenyan land, attributes from metadata ranges; not a real portfolio",Bumala,peri_urban,basin,1.1271
RFB-0663,0.59785,34.967618,semi_permanent,36,10000,360000,TRUE,"Risk Forge synthetic book: WorldPop-weighted placement on Kenyan land, attributes from metadata ranges; not a real portfolio",other,peri_urban,basin,1.1271
RFB-0664,-0.254111,34.907608,semi_permanent,36,9200,330000,TRUE,"Risk Forge synthetic book: WorldPop-weighted placement on Kenyan land, attributes from metadata ranges; not a real portfolio",other,rural,basin,1.1271
RFB-0665,1.13567,35.00659,permanent_masonry,77,53700,4135000,TRUE,"Risk Forge synthetic book: WorldPop-weighted placement on Kenyan land, attributes from metadata ranges; not a real portfolio",other,peri_urban,basin,1.1271
RFB-0666,0.65593,34.506787,permanent_masonry,205,42100,8630000,TRUE,"Risk Forge synthetic book: WorldPop-weighted placement on Kenyan land, attributes from metadata ranges; not a real portfolio",other,peri_urban,basin,1.1271
RFB-0667,-0.103376,34.770753,concrete_rcc,286,83500,23880000,TRUE,"Risk Forge synthetic book: WorldPop-weighted placement on Kenyan land, attributes from metadata ranges; not a real portfolio",Kisumu,urban,basin,1.1271
RFB-0668,-0.132507,34.344917,permanent_masonry,71,52700,3740000,TRUE,"Risk Forge synthetic book: WorldPop-weighted placement on Kenyan land, attributes from metadata ranges; not a real portfolio",other,rural,basin,1.1271
RFB-0669,0.621296,35.364183,semi_permanent,46,11400,525000,TRUE,"Risk Forge synthetic book: WorldPop-weighted placement on Kenyan land, attributes from metadata ranges; not a real portfolio",other,rural,basin,1.1271
RFB-0670,-0.292975,35.349492,informal_iron_sheet,22,5800,130000,TRUE,"Risk Forge synthetic book: WorldPop-weighted placement on Kenyan land, attributes from metadata ranges; not a real portfolio",other,peri_urban,basin,1.1271
RFB-0671,0.038698,34.881083,permanent_masonry,124,55900,6930000,TRUE,"Risk Forge synthetic book: WorldPop-weighted placement on Kenyan land, attributes from metadata ranges; not a real portfolio",other,peri_urban,basin,1.1271
RFB-0672,0.072947,34.842768,semi_permanent,31,9500,295000,TRUE,"Risk Forge synthetic book: WorldPop-weighted placement on Kenyan land, attributes from metadata ranges; not a real portfolio",other,peri_urban,basin,1.1271
RFB-0673,0.299572,34.623089,informal_iron_sheet,12,6600,80000,TRUE,"Risk Forge synthetic book: WorldPop-weighted placement on Kenyan land, attributes from metadata ranges; not a real portfolio",other,peri_urban,basin,1.1271
RFB-0674,0.517372,35.278827,concrete_rcc,481,70000,33670000,TRUE,"Risk Forge synthetic book: WorldPop-weighted placement on Kenyan land, attributes from metadata ranges; not a real portfolio",other,urban,basin,1.1271
RFB-0675,1.246493,35.117177,semi_permanent,48,10400,500000,TRUE,"Risk Forge synthetic book: WorldPop-weighted placement on Kenyan land, attributes from metadata ranges; not a real portfolio",other,urban,basin,1.1271
RFB-0676,0.537849,35.252324,informal_iron_sheet,16,6100,100000,TRUE,"Risk Forge synthetic book: WorldPop-weighted placement on Kenyan land, attributes from metadata ranges; not a real portfolio",other,urban,basin,1.1271
RFB-0677,0.532637,35.240542,permanent_masonry,236,52000,12270000,TRUE,"Risk Forge synthetic book: WorldPop-weighted placement on Kenyan land, attributes from metadata ranges; not a real portfolio",other,urban,basin,1.1271
RFB-0678,1.013538,35.362405,permanent_masonry,96,55000,5280000,TRUE,"Risk Forge synthetic book: WorldPop-weighted placement on Kenyan land, attributes from metadata ranges; not a real portfolio",other,peri_urban,basin,1.1271
RFB-0679,1.007222,35.339349,permanent_masonry,79,43200,3415000,TRUE,"Risk Forge synthetic book: WorldPop-weighted placement on Kenyan land, attributes from metadata ranges; not a real portfolio",other,peri_urban,basin,1.1271
RFB-0680,0.640797,34.503725,permanent_masonry,157,53300,8370000,TRUE,"Risk Forge synthetic book: WorldPop-weighted placement on Kenyan land, attributes from metadata ranges; not a real portfolio",other,peri_urban,basin,1.1271
RFB-0681,0.420394,34.825476,semi_permanent,43,13400,575000,TRUE,"Risk Forge synthetic book: WorldPop-weighted placement on Kenyan land, attributes from metadata ranges; not a real portfolio",Kakamega,peri_urban,basin,1.1271
RFB-0682,0.06783,34.654957,permanent_masonry,86,50500,4345000,TRUE,"Risk Forge synthetic book: WorldPop-weighted placement on Kenyan land, attributes from metadata ranges; not a real portfolio",other,urban,basin,1.1271
RFB-0683,0.281022,34.694204,semi_permanent,39,11800,460000,TRUE,"Risk Forge synthetic book: WorldPop-weighted placement on Kenyan land, attributes from metadata ranges; not a real portfolio",other,peri_urban,basin,1.1271
RFB-0684,0.33727,34.651459,semi_permanent,35,10400,365000,TRUE,"Risk Forge synthetic book: WorldPop-weighted placement on Kenyan land, attributes from metadata ranges; not a real portfolio",other,peri_urban,basin,1.1271
RFB-0685,0.054736,35.080562,permanent_masonry,84,44800,3765000,TRUE,"Risk Forge synthetic book: WorldPop-weighted placement on Kenyan land, attributes from metadata ranges; not a real portfolio",other,peri_urban,basin,1.1271
RFB-0686,-0.013484,34.74667,concrete_rcc,263,76600,20145000,TRUE,"Risk Forge synthetic book: WorldPop-weighted placement on Kenyan land, attributes from metadata ranges; not a real portfolio",Kisumu,urban,basin,1.1271
RFB-0687,0.476018,34.585605,semi_permanent,27,9700,260000,TRUE,"Risk Forge synthetic book: WorldPop-weighted placement on Kenyan land, attributes from metadata ranges; not a real portfolio",other,peri_urban,basin,1.1271
RFB-0688,0.265092,34.767437,permanent_masonry,224,60400,13530000,TRUE,"Risk Forge synthetic book: WorldPop-weighted placement on Kenyan land, attributes from metadata ranges; not a real portfolio",other,urban,basin,1.1271
RFB-0689,-0.096598,34.789864,concrete_rcc,150,65300,9795000,TRUE,"Risk Forge synthetic book: WorldPop-weighted placement on Kenyan land, attributes from metadata ranges; not a real portfolio",Kisumu,urban,basin,1.1271
RFB-0690,1.009684,35.030649,permanent_masonry,140,45600,6385000,TRUE,"Risk Forge synthetic book: WorldPop-weighted placement on Kenyan land, attributes from metadata ranges; not a real portfolio",Kitale,urban,basin,1.1271
RFB-0691,0.253474,34.084709,concrete_rcc,364,78100,28430000,TRUE,"Risk Forge synthetic book: WorldPop-weighted placement on Kenyan land, attributes from metadata ranges; not a real portfolio",Sio Port,peri_urban,basin,1.1271
RFB-0692,0.072125,34.814619,semi_permanent,38,14200,540000,TRUE,"Risk Forge synthetic book: WorldPop-weighted placement on Kenyan land, attributes from metadata ranges; not a real portfolio",other,peri_urban,basin,1.1271
RFB-0693,0.499089,35.294975,permanent_masonry,168,62600,10515000,TRUE,"Risk Forge synthetic book: WorldPop-weighted placement on Kenyan land, attributes from metadata ranges; not a real portfolio",other,urban,basin,1.1271
RFB-0694,0.095536,34.781304,semi_permanent,57,13400,765000,TRUE,"Risk Forge synthetic book: WorldPop-weighted placement on Kenyan land, attributes from metadata ranges; not a real portfolio",other,urban,basin,1.1271
RFB-0695,-0.004297,34.198515,permanent_masonry,133,59600,7925000,TRUE,"Risk Forge synthetic book: WorldPop-weighted placement on Kenyan land, attributes from metadata ranges; not a real portfolio",Siaya,rural,basin,1.1271
RFB-0696,0.079974,34.634926,semi_permanent,31,10200,315000,TRUE,"Risk Forge synthetic book: WorldPop-weighted placement on Kenyan land, attributes from metadata ranges; not a real portfolio",other,urban,basin,1.1271
RFB-0697,0.347025,35.095693,informal_iron_sheet,10,7500,75000,TRUE,"Risk Forge synthetic book: WorldPop-weighted placement on Kenyan land, attributes from metadata ranges; not a real portfolio",other,rural,basin,1.1271
RFB-0698,0.123982,34.814512,semi_permanent,55,14700,810000,TRUE,"Risk Forge synthetic book: WorldPop-weighted placement on Kenyan land, attributes from metadata ranges; not a real portfolio",other,peri_urban,basin,1.1271
RFB-0699,0.138628,34.890927,permanent_masonry,97,36100,3500000,TRUE,"Risk Forge synthetic book: WorldPop-weighted placement on Kenyan land, attributes from metadata ranges; not a real portfolio",other,peri_urban,basin,1.1271
RFB-0700,0.528714,35.313726,semi_permanent,71,9800,695000,TRUE,"Risk Forge synthetic book: WorldPop-weighted placement on Kenyan land, attributes from metadata ranges; not a real portfolio",other,urban,basin,1.1271
RFB-0701,1.159081,35.005326,informal_iron_sheet,15,5600,85000,TRUE,"Risk Forge synthetic book: WorldPop-weighted placement on Kenyan land, attributes from metadata ranges; not a real portfolio",other,peri_urban,basin,1.1271
RFB-0702,-0.123372,34.790918,permanent_masonry,127,60900,7735000,TRUE,"Risk Forge synthetic book: WorldPop-weighted placement on Kenyan land, attributes from metadata ranges; not a real portfolio",Kisumu,urban,basin,1.1271
RFB-0703,0.455406,34.118033,permanent_masonry,79,40600,3205000,TRUE,"Risk Forge synthetic book: WorldPop-weighted placement on Kenyan land, attributes from metadata ranges; not a real portfolio",other,urban,basin,1.1271
RFB-0704,0.593202,34.563366,concrete_rcc,287,76600,21985000,TRUE,"Risk Forge synthetic book: WorldPop-weighted placement on Kenyan land, attributes from metadata ranges; not a real portfolio",other,urban,basin,1.1271
RFB-0705,0.663033,35.247403,informal_iron_sheet,23,9700,225000,TRUE,"Risk Forge synthetic book: WorldPop-weighted placement on Kenyan land, attributes from metadata ranges; not a real portfolio",other,rural,basin,1.1271
RFB-0706,0.513929,34.569971,concrete_rcc,150,61400,9210000,TRUE,"Risk Forge synthetic book: WorldPop-weighted placement on Kenyan land, attributes from metadata ranges; not a real portfolio",other,peri_urban,basin,1.1271
RFB-0707,0.287691,34.179817,semi_permanent,41,12800,525000,TRUE,"Risk Forge synthetic book: WorldPop-weighted placement on Kenyan land, attributes from metadata ranges; not a real portfolio",Bumala,peri_urban,basin,1.1271
RFB-0708,0.380361,34.870454,permanent_masonry,153,53600,8200000,TRUE,"Risk Forge synthetic book: WorldPop-weighted placement on Kenyan land, attributes from metadata ranges; not a real portfolio",other,peri_urban,basin,1.1271
RFB-0709,0.530636,35.300941,permanent_masonry,174,54500,9485000,TRUE,"Risk Forge synthetic book: WorldPop-weighted placement on Kenyan land, attributes from metadata ranges; not a real portfolio",other,urban,basin,1.1271
RFB-0710,1.010148,34.994965,semi_permanent,26,14500,375000,TRUE,"Risk Forge synthetic book: WorldPop-weighted placement on Kenyan land, attributes from metadata ranges; not a real portfolio",Kitale,urban,basin,1.1271
RFB-0711,-0.188058,34.85043,semi_permanent,45,13600,610000,TRUE,"Risk Forge synthetic book: WorldPop-weighted placement on Kenyan land, attributes from metadata ranges; not a real portfolio",other,peri_urban,basin,1.1271
RFB-0712,1.200616,35.114124,permanent_masonry,105,43500,4570000,TRUE,"Risk Forge synthetic book: WorldPop-weighted placement on Kenyan land, attributes from metadata ranges; not a real portfolio",other,peri_urban,basin,1.1271
RFB-0713,-0.097014,34.782115,concrete_rcc,229,74300,17015000,TRUE,"Risk Forge synthetic book: WorldPop-weighted placement on Kenyan land, attributes from metadata ranges; not a real portfolio",Kisumu,urban,basin,1.1271
RFB-0714,1.092299,34.926756,informal_iron_sheet,16,7000,110000,TRUE,"Risk Forge synthetic book: WorldPop-weighted placement on Kenyan land, attributes from metadata ranges; not a real portfolio",Kitale,rural,basin,1.1271
RFB-0715,0.395624,34.298755,semi_permanent,66,11400,750000,TRUE,"Risk Forge synthetic book: WorldPop-weighted placement on Kenyan land, attributes from metadata ranges; not a real portfolio",Busia,peri_urban,basin,1.1271
RFB-0716,0.061975,34.860603,semi_permanent,28,13100,365000,TRUE,"Risk Forge synthetic book: WorldPop-weighted placement on Kenyan land, attributes from metadata ranges; not a real portfolio",other,peri_urban,basin,1.1271
RFB-0717,0.192157,35.092282,permanent_masonry,196,59800,11720000,TRUE,"Risk Forge synthetic book: WorldPop-weighted placement on Kenyan land, attributes from metadata ranges; not a real portfolio",other,urban,basin,1.1271
RFB-0718,0.134736,34.552808,informal_iron_sheet,13,7900,105000,TRUE,"Risk Forge synthetic book: WorldPop-weighted placement on Kenyan land, attributes from metadata ranges; not a real portfolio",other,peri_urban,basin,1.1271
RFB-0719,0.955676,34.962063,semi_permanent,72,9700,700000,TRUE,"Risk Forge synthetic book: WorldPop-weighted placement on Kenyan land, attributes from metadata ranges; not a real portfolio",Kitale,peri_urban,basin,1.1271
RFB-0720,-0.053266,34.731713,permanent_masonry,107,41900,4485000,TRUE,"Risk Forge synthetic book: WorldPop-weighted placement on Kenyan land, attributes from metadata ranges; not a real portfolio",Kisumu,peri_urban,basin,1.1271
RFB-0721,0.202162,34.571404,semi_permanent,54,11800,635000,TRUE,"Risk Forge synthetic book: WorldPop-weighted placement on Kenyan land, attributes from metadata ranges; not a real portfolio",other,peri_urban,basin,1.1271
RFB-0722,-0.112749,34.784379,semi_permanent,60,14800,890000,TRUE,"Risk Forge synthetic book: WorldPop-weighted placement on Kenyan land, attributes from metadata ranges; not a real portfolio",Kisumu,urban,basin,1.1271
RFB-0723,-0.275715,35.160331,informal_iron_sheet,21,7800,165000,TRUE,"Risk Forge synthetic book: WorldPop-weighted placement on Kenyan land, attributes from metadata ranges; not a real portfolio",other,peri_urban,basin,1.1271
RFB-0724,0.08388,34.605854,permanent_masonry,130,50100,6515000,TRUE,"Risk Forge synthetic book: WorldPop-weighted placement on Kenyan land, attributes from metadata ranges; not a real portfolio",other,peri_urban,basin,1.1271
RFB-0725,0.045725,34.895773,informal_iron_sheet,17,7400,125000,TRUE,"Risk Forge synthetic book: WorldPop-weighted placement on Kenyan land, attributes from metadata ranges; not a real portfolio",other,peri_urban,basin,1.1271
RFB-0726,-0.143745,34.15497,semi_permanent,40,10900,435000,TRUE,"Risk Forge synthetic book: WorldPop-weighted placement on Kenyan land, attributes from metadata ranges; not a real portfolio",Siaya,rural,basin,1.1271
RFB-0727,0.119393,34.509824,semi_permanent,38,11900,450000,TRUE,"Risk Forge synthetic book: WorldPop-weighted placement on Kenyan land, attributes from metadata ranges; not a real portfolio",other,peri_urban,basin,1.1271
RFB-0728,0.251835,34.754767,permanent_masonry,187,56900,10640000,TRUE,"Risk Forge synthetic book: WorldPop-weighted placement on Kenyan land, attributes from metadata ranges; not a real portfolio",other,urban,basin,1.1271
RFB-0729,0.363654,34.752814,permanent_masonry,284,40400,11475000,TRUE,"Risk Forge synthetic book: WorldPop-weighted placement on Kenyan land, attributes from metadata ranges; not a real portfolio",other,peri_urban,basin,1.1271
RFB-0730,0.369254,34.859106,semi_permanent,57,13100,745000,TRUE,"Risk Forge synthetic book: WorldPop-weighted placement on Kenyan land, attributes from metadata ranges; not a real portfolio",other,peri_urban,basin,1.1271
RFB-0731,0.214259,34.361546,semi_permanent,67,13600,910000,TRUE,"Risk Forge synthetic book: WorldPop-weighted placement on Kenyan land, attributes from metadata ranges; not a real portfolio",other,peri_urban,basin,1.1271
RFB-0732,0.226922,34.421523,informal_iron_sheet,10,7500,75000,TRUE,"Risk Forge synthetic book: WorldPop-weighted placement on Kenyan land, attributes from metadata ranges; not a real portfolio",other,peri_urban,basin,1.1271
RFB-0733,1.279389,35.204757,semi_permanent,33,10800,355000,TRUE,"Risk Forge synthetic book: WorldPop-weighted placement on Kenyan land, attributes from metadata ranges; not a real portfolio",other,rural,basin,1.1271
RFB-0734,0.830642,34.819381,semi_permanent,39,11400,445000,TRUE,"Risk Forge synthetic book: WorldPop-weighted placement on Kenyan land, attributes from metadata ranges; not a real portfolio",other,peri_urban,basin,1.1271
RFB-0735,0.507816,35.270499,permanent_masonry,159,58300,9270000,TRUE,"Risk Forge synthetic book: WorldPop-weighted placement on Kenyan land, attributes from metadata ranges; not a real portfolio",other,urban,basin,1.1271
RFB-0736,0.605365,34.419543,informal_iron_sheet,20,7800,155000,TRUE,"Risk Forge synthetic book: WorldPop-weighted placement on Kenyan land, attributes from metadata ranges; not a real portfolio",other,peri_urban,basin,1.1271
RFB-0737,0.182334,34.30395,semi_permanent,42,15700,660000,TRUE,"Risk Forge synthetic book: WorldPop-weighted placement on Kenyan land, attributes from metadata ranges; not a real portfolio",other,urban,basin,1.1271
RFB-0738,-0.253279,34.939659,informal_iron_sheet,14,8100,115000,TRUE,"Risk Forge synthetic book: WorldPop-weighted placement on Kenyan land, attributes from metadata ranges; not a real portfolio",other,rural,basin,1.1271
RFB-0739,0.636954,35.021853,informal_iron_sheet,16,8100,130000,TRUE,"Risk Forge synthetic book: WorldPop-weighted placement on Kenyan land, attributes from metadata ranges; not a real portfolio",other,peri_urban,basin,1.1271
RFB-0740,0.035995,34.687085,permanent_masonry,201,54700,10995000,TRUE,"Risk Forge synthetic book: WorldPop-weighted placement on Kenyan land, attributes from metadata ranges; not a real portfolio",other,urban,basin,1.1271
RFB-0741,0.529992,34.443426,informal_iron_sheet,13,8700,115000,TRUE,"Risk Forge synthetic book: WorldPop-weighted placement on Kenyan land, attributes from metadata ranges; not a real portfolio",other,peri_urban,basin,1.1271
RFB-0742,0.12009,34.793788,concrete_rcc,154,66000,10165000,TRUE,"Risk Forge synthetic book: WorldPop-weighted placement on Kenyan land, attributes from metadata ranges; not a real portfolio",other,urban,basin,1.1271
RFB-0743,0.98757,35.031088,concrete_rcc,248,66800,16565000,TRUE,"Risk Forge synthetic book: WorldPop-weighted placement on Kenyan land, attributes from metadata ranges; not a real portfolio",Kitale,peri_urban,basin,1.1271
RFB-0744,0.227168,34.13591,semi_permanent,48,11400,545000,TRUE,"Risk Forge synthetic book: WorldPop-weighted placement on Kenyan land, attributes from metadata ranges; not a real portfolio",Bumala,rural,basin,1.1271
RFB-0745,0.370175,34.455653,permanent_masonry,196,48100,9430000,TRUE,"Risk Forge synthetic book: WorldPop-weighted placement on Kenyan land, attributes from metadata ranges; not a real portfolio",Mumias,peri_urban,basin,1.1271
RFB-0746,0.0213,35.384856,permanent_masonry,72,47000,3385000,TRUE,"Risk Forge synthetic book: WorldPop-weighted placement on Kenyan land, attributes from metadata ranges; not a real portfolio",other,peri_urban,basin,1.1271
RFB-0747,0.886461,34.734811,semi_permanent,56,14100,790000,TRUE,"Risk Forge synthetic book: WorldPop-weighted placement on Kenyan land, attributes from metadata ranges; not a real portfolio",Bungoma,peri_urban,basin,1.1271
RFB-0748,0.372401,34.74841,permanent_masonry,105,57100,5995000,TRUE,"Risk Forge synthetic book: WorldPop-weighted placement on Kenyan land, attributes from metadata ranges; not a real portfolio",other,peri_urban,basin,1.1271
RFB-0749,-0.057233,34.56366,semi_permanent,58,13400,775000,TRUE,"Risk Forge synthetic book: WorldPop-weighted placement on Kenyan land, attributes from metadata ranges; not a real portfolio",other,peri_urban,basin,1.1271
RFB-0750,0.151141,34.584846,permanent_masonry,248,51500,12770000,TRUE,"Risk Forge synthetic book: WorldPop-weighted placement on Kenyan land, attributes from metadata ranges; not a real portfolio",other,peri_urban,basin,1.1271
RFB-0751,0.814499,34.698889,informal_iron_sheet,13,7100,90000,TRUE,"Risk Forge synthetic book: WorldPop-weighted placement on Kenyan land, attributes from metadata ranges; not a real portfolio",Bungoma,peri_urban,basin,1.1271
RFB-0752,-0.030712,34.206795,permanent_masonry,171,51000,8720000,TRUE,"Risk Forge synthetic book: WorldPop-weighted placement on Kenyan land, attributes from metadata ranges; not a real portfolio",Siaya,rural,basin,1.1271
RFB-0753,0.706936,34.954562,concrete_rcc,1306,57800,75485000,TRUE,"Risk Forge synthetic book: WorldPop-weighted placement on Kenyan land, attributes from metadata ranges; not a real portfolio",other,peri_urban,basin,1.1271
RFB-0754,1.01981,35.028189,permanent_masonry,285,51900,14790000,TRUE,"Risk Forge synthetic book: WorldPop-weighted placement on Kenyan land, attributes from metadata ranges; not a real portfolio",Kitale,urban,basin,1.1271
RFB-0755,0.992107,34.860418,permanent_masonry,107,62600,6700000,TRUE,"Risk Forge synthetic book: WorldPop-weighted placement on Kenyan land, attributes from metadata ranges; not a real portfolio",other,peri_urban,basin,1.1271
RFB-0756,0.061246,34.736293,permanent_masonry,203,60700,12320000,TRUE,"Risk Forge synthetic book: WorldPop-weighted placement on Kenyan land, attributes from metadata ranges; not a real portfolio",other,urban,basin,1.1271
RFB-0757,-0.004362,34.405638,permanent_masonry,99,55000,5445000,TRUE,"Risk Forge synthetic book: WorldPop-weighted placement on Kenyan land, attributes from metadata ranges; not a real portfolio",other,rural,basin,1.1271
RFB-0758,-0.069669,34.818611,concrete_rcc,177,83500,14780000,TRUE,"Risk Forge synthetic book: WorldPop-weighted placement on Kenyan land, attributes from metadata ranges; not a real portfolio",Kisumu,urban,basin,1.1271
RFB-0759,0.083817,34.581067,concrete_rcc,506,53800,27225000,TRUE,"Risk Forge synthetic book: WorldPop-weighted placement on Kenyan land, attributes from metadata ranges; not a real portfolio",other,peri_urban,basin,1.1271
RFB-0760,-0.078249,34.791045,permanent_masonry,153,45300,6930000,TRUE,"Risk Forge synthetic book: WorldPop-weighted placement on Kenyan land, attributes from metadata ranges; not a real portfolio",Kisumu,urban,basin,1.1271
RFB-0761,-0.103292,34.764217,permanent_masonry,128,45800,5860000,TRUE,"Risk Forge synthetic book: WorldPop-weighted placement on Kenyan land, attributes from metadata ranges; not a real portfolio",Kisumu,urban,basin,1.1271
RFB-0762,0.345841,35.342666,informal_iron_sheet,20,6300,125000,TRUE,"Risk Forge synthetic book: WorldPop-weighted placement on Kenyan land, attributes from metadata ranges; not a real portfolio",other,peri_urban,basin,1.1271
RFB-0763,0.218884,34.452316,concrete_rcc,367,68700,25215000,TRUE,"Risk Forge synthetic book: WorldPop-weighted placement on Kenyan land, attributes from metadata ranges; not a real portfolio",other,urban,basin,1.1271
RFB-0764,-0.12622,34.751305,permanent_masonry,171,54100,9250000,TRUE,"Risk Forge synthetic book: WorldPop-weighted placement on Kenyan land, attributes from metadata ranges; not a real portfolio",Kisumu,urban,basin,1.1271
RFB-0765,0.3809,34.27148,concrete_rcc,292,73500,21460000,TRUE,"Risk Forge synthetic book: WorldPop-weighted placement on Kenyan land, attributes from metadata ranges; not a real portfolio",Busia,peri_urban,basin,1.1271
RFB-0766,0.678581,34.552297,informal_iron_sheet,16,9600,155000,TRUE,"Risk Forge synthetic book: WorldPop-weighted placement on Kenyan land, attributes from metadata ranges; not a real portfolio",other,peri_urban,basin,1.1271
RFB-0767,-0.110157,34.769353,permanent_masonry,174,50000,8700000,TRUE,"Risk Forge synthetic book: WorldPop-weighted placement on Kenyan land, attributes from metadata ranges; not a real portfolio",Kisumu,urban,basin,1.1271
RFB-0768,1.037292,34.983965,permanent_masonry,203,60700,12320000,TRUE,"Risk Forge synthetic book: WorldPop-weighted placement on Kenyan land, attributes from metadata ranges; not a real portfolio",Kitale,urban,basin,1.1271
RFB-0769,0.286398,34.755219,semi_permanent,41,11600,475000,TRUE,"Risk Forge synthetic book: WorldPop-weighted placement on Kenyan land, attributes from metadata ranges; not a real portfolio",other,urban,basin,1.1271
RFB-0770,-0.102207,34.780577,concrete_rcc,212,61200,12975000,TRUE,"Risk Forge synthetic book: WorldPop-weighted placement on Kenyan land, attributes from metadata ranges; not a real portfolio",Kisumu,urban,basin,1.1271
RFB-0771,0.09753,34.171283,permanent_masonry,161,54800,8825000,TRUE,"Risk Forge synthetic book: WorldPop-weighted placement on Kenyan land, attributes from metadata ranges; not a real portfolio",Rwambwa,peri_urban,basin,1.1271
RFB-0772,0.26138,34.751218,permanent_masonry,251,50400,12650000,TRUE,"Risk Forge synthetic book: WorldPop-weighted placement on Kenyan land, attributes from metadata ranges; not a real portfolio",other,urban,basin,1.1271
RFB-0773,0.429682,34.122341,informal_iron_sheet,14,7100,100000,TRUE,"Risk Forge synthetic book: WorldPop-weighted placement on Kenyan land, attributes from metadata ranges; not a real portfolio",other,peri_urban,basin,1.1271
RFB-0774,0.630109,35.049048,permanent_masonry,94,48100,4520000,TRUE,"Risk Forge synthetic book: WorldPop-weighted placement on Kenyan land, attributes from metadata ranges; not a real portfolio",other,urban,basin,1.1271
RFB-0775,0.30095,34.232205,informal_iron_sheet,22,7100,155000,TRUE,"Risk Forge synthetic book: WorldPop-weighted placement on Kenyan land, attributes from metadata ranges; not a real portfolio",Bumala,peri_urban,basin,1.1271
RFB-0776,0.103233,34.649338,informal_iron_sheet,13,6900,90000,TRUE,"Risk Forge synthetic book: WorldPop-weighted placement on Kenyan land, attributes from metadata ranges; not a real portfolio",other,peri_urban,basin,1.1271
RFB-0777,0.31459,35.190299,informal_iron_sheet,18,5500,100000,TRUE,"Risk Forge synthetic book: WorldPop-weighted placement on Kenyan land, attributes from metadata ranges; not a real portfolio",other,peri_urban,basin,1.1271
RFB-0778,0.081273,34.714066,permanent_masonry,196,45500,8920000,TRUE,"Risk Forge synthetic book: WorldPop-weighted placement on Kenyan land, attributes from metadata ranges; not a real portfolio",other,urban,basin,1.1271
RFB-0779,-0.154862,35.201737,concrete_rcc,179,62200,11135000,TRUE,"Risk Forge synthetic book: WorldPop-weighted placement on Kenyan land, attributes from metadata ranges; not a real portfolio",other,urban,basin,1.1271
RFB-0780,0.211963,34.166236,semi_permanent,35,11000,385000,TRUE,"Risk Forge synthetic book: WorldPop-weighted placement on Kenyan land, attributes from metadata ranges; not a real portfolio",Bumala,rural,basin,1.1271
RFB-0781,0.139936,34.752062,permanent_masonry,205,61400,12585000,TRUE,"Risk Forge synthetic book: WorldPop-weighted placement on Kenyan land, attributes from metadata ranges; not a real portfolio",other,peri_urban,basin,1.1271
RFB-0782,-0.009522,35.369969,semi_permanent,48,11800,565000,TRUE,"Risk Forge synthetic book: WorldPop-weighted placement on Kenyan land, attributes from metadata ranges; not a real portfolio",other,rural,basin,1.1271
RFB-0783,0.322392,34.582466,semi_permanent,33,13400,440000,TRUE,"Risk Forge synthetic book: WorldPop-weighted placement on Kenyan land, attributes from metadata ranges; not a real portfolio",Mumias,urban,basin,1.1271
RFB-0784,0.601097,34.549541,concrete_rcc,709,68200,48355000,TRUE,"Risk Forge synthetic book: WorldPop-weighted placement on Kenyan land, attributes from metadata ranges; not a real portfolio",other,urban,basin,1.1271
RFB-0785,0.051979,34.719409,permanent_masonry,198,60000,11880000,TRUE,"Risk Forge synthetic book: WorldPop-weighted placement on Kenyan land, attributes from metadata ranges; not a real portfolio",other,urban,basin,1.1271
RFB-0786,0.017836,34.607457,semi_permanent,43,12900,555000,TRUE,"Risk Forge synthetic book: WorldPop-weighted placement on Kenyan land, attributes from metadata ranges; not a real portfolio",other,urban,basin,1.1271
RFB-0787,-0.180387,35.134967,informal_iron_sheet,13,8400,110000,TRUE,"Risk Forge synthetic book: WorldPop-weighted placement on Kenyan land, attributes from metadata ranges; not a real portfolio",other,rural,basin,1.1271
RFB-0788,1.160172,34.993845,permanent_masonry,251,45600,11445000,TRUE,"Risk Forge synthetic book: WorldPop-weighted placement on Kenyan land, attributes from metadata ranges; not a real portfolio",other,peri_urban,basin,1.1271
RFB-0789,0.392252,34.675876,informal_iron_sheet,16,7100,115000,TRUE,"Risk Forge synthetic book: WorldPop-weighted placement on Kenyan land, attributes from metadata ranges; not a real portfolio",other,peri_urban,basin,1.1271
RFB-0790,1.026988,34.988916,informal_iron_sheet,11,7200,80000,TRUE,"Risk Forge synthetic book: WorldPop-weighted placement on Kenyan land, attributes from metadata ranges; not a real portfolio",Kitale,urban,basin,1.1271
RFB-0791,0.414315,34.300963,permanent_masonry,254,53300,13540000,TRUE,"Risk Forge synthetic book: WorldPop-weighted placement on Kenyan land, attributes from metadata ranges; not a real portfolio",Busia,peri_urban,basin,1.1271
RFB-0792,0.449146,34.254572,permanent_masonry,127,57600,7315000,TRUE,"Risk Forge synthetic book: WorldPop-weighted placement on Kenyan land, attributes from metadata ranges; not a real portfolio",Busia,urban,basin,1.1271
RFB-0793,0.718655,34.562036,permanent_masonry,107,44900,4805000,TRUE,"Risk Forge synthetic book: WorldPop-weighted placement on Kenyan land, attributes from metadata ranges; not a real portfolio",other,peri_urban,basin,1.1271
RFB-0794,-0.299194,35.261058,informal_iron_sheet,16,8100,130000,TRUE,"Risk Forge synthetic book: WorldPop-weighted placement on Kenyan land, attributes from metadata ranges; not a real portfolio",other,peri_urban,basin,1.1271
RFB-0795,0.105516,35.180879,permanent_masonry,71,54600,3875000,TRUE,"Risk Forge synthetic book: WorldPop-weighted placement on Kenyan land, attributes from metadata ranges; not a real portfolio",other,urban,basin,1.1271
RFB-0796,0.519793,34.655221,semi_permanent,34,14000,475000,TRUE,"Risk Forge synthetic book: WorldPop-weighted placement on Kenyan land, attributes from metadata ranges; not a real portfolio",other,peri_urban,basin,1.1271
RFB-0797,0.05626,34.753078,semi_permanent,64,8900,570000,TRUE,"Risk Forge synthetic book: WorldPop-weighted placement on Kenyan land, attributes from metadata ranges; not a real portfolio",other,peri_urban,basin,1.1271
RFB-0798,0.669813,35.302017,concrete_rcc,223,72500,16170000,TRUE,"Risk Forge synthetic book: WorldPop-weighted placement on Kenyan land, attributes from metadata ranges; not a real portfolio",other,rural,basin,1.1271
RFB-0799,0.615715,34.873339,permanent_masonry,109,42600,4645000,TRUE,"Risk Forge synthetic book: WorldPop-weighted placement on Kenyan land, attributes from metadata ranges; not a real portfolio",Webuye,peri_urban,basin,1.1271
RFB-0800,0.073613,34.796948,permanent_masonry,146,55900,8160000,TRUE,"Risk Forge synthetic book: WorldPop-weighted placement on Kenyan land, attributes from metadata ranges; not a real portfolio",other,peri_urban,basin,1.1271
RFB-0801,0.1517,34.666117,informal_iron_sheet,21,8800,185000,TRUE,"Risk Forge synthetic book: WorldPop-weighted placement on Kenyan land, attributes from metadata ranges; not a real portfolio",other,peri_urban,basin,1.1271
RFB-0802,0.061634,34.77687,permanent_masonry,113,52000,5875000,TRUE,"Risk Forge synthetic book: WorldPop-weighted placement on Kenyan land, attributes from metadata ranges; not a real portfolio",other,peri_urban,basin,1.1271
RFB-0803,0.519188,35.257654,concrete_rcc,160,74500,11920000,TRUE,"Risk Forge synthetic book: WorldPop-weighted placement on Kenyan land, attributes from metadata ranges; not a real portfolio",other,urban,basin,1.1271
RFB-0804,0.780139,34.75754,semi_permanent,37,11500,425000,TRUE,"Risk Forge synthetic book: WorldPop-weighted placement on Kenyan land, attributes from metadata ranges; not a real portfolio",Bungoma,peri_urban,basin,1.1271
RFB-0805,0.484753,35.265636,semi_permanent,65,12400,805000,TRUE,"Risk Forge synthetic book: WorldPop-weighted placement on Kenyan land, attributes from metadata ranges; not a real portfolio",other,urban,basin,1.1271
RFB-0806,0.105692,34.77026,permanent_masonry,125,60500,7560000,TRUE,"Risk Forge synthetic book: WorldPop-weighted placement on Kenyan land, attributes from metadata ranges; not a real portfolio",other,urban,basin,1.1271
RFB-0807,-0.00978,34.58963,concrete_rcc,277,69400,19225000,TRUE,"Risk Forge synthetic book: WorldPop-weighted placement on Kenyan land, attributes from metadata ranges; not a real portfolio",other,urban,basin,1.1271
RFB-0808,-0.084983,34.779061,permanent_masonry,86,44400,3820000,TRUE,"Risk Forge synthetic book: WorldPop-weighted placement on Kenyan land, attributes from metadata ranges; not a real portfolio",Kisumu,urban,basin,1.1271
RFB-0809,-0.268136,34.923232,semi_permanent,33,9900,325000,TRUE,"Risk Forge synthetic book: WorldPop-weighted placement on Kenyan land, attributes from metadata ranges; not a real portfolio",other,rural,basin,1.1271
RFB-0810,0.577677,34.56906,semi_permanent,65,14100,915000,TRUE,"Risk Forge synthetic book: WorldPop-weighted placement on Kenyan land, attributes from metadata ranges; not a real portfolio",other,urban,basin,1.1271
RFB-0811,0.000467,34.747796,permanent_masonry,188,57000,10715000,TRUE,"Risk Forge synthetic book: WorldPop-weighted placement on Kenyan land, attributes from metadata ranges; not a real portfolio",Kisumu,urban,basin,1.1271
RFB-0812,-0.296046,35.001628,semi_permanent,46,15400,710000,TRUE,"Risk Forge synthetic book: WorldPop-weighted placement on Kenyan land, attributes from metadata ranges; not a real portfolio",other,peri_urban,basin,1.1271
RFB-0813,0.614241,34.385948,permanent_masonry,166,47000,7800000,TRUE,"Risk Forge synthetic book: WorldPop-weighted placement on Kenyan land, attributes from metadata ranges; not a real portfolio",other,peri_urban,basin,1.1271
RFB-0814,1.257739,35.086952,permanent_masonry,162,45100,7305000,TRUE,"Risk Forge synthetic book: WorldPop-weighted placement on Kenyan land, attributes from metadata ranges; not a real portfolio",other,urban,basin,1.1271
RFB-0815,0.835369,34.468207,informal_iron_sheet,11,5900,65000,TRUE,"Risk Forge synthetic book: WorldPop-weighted placement on Kenyan land, attributes from metadata ranges; not a real portfolio",other,peri_urban,basin,1.1271
RFB-0816,0.073233,35.077485,informal_iron_sheet,14,6800,95000,TRUE,"Risk Forge synthetic book: WorldPop-weighted placement on Kenyan land, attributes from metadata ranges; not a real portfolio",other,peri_urban,basin,1.1271
RFB-0817,0.044331,34.739114,informal_iron_sheet,18,8500,155000,TRUE,"Risk Forge synthetic book: WorldPop-weighted placement on Kenyan land, attributes from metadata ranges; not a real portfolio",other,urban,basin,1.1271
RFB-0818,0.639201,34.27242,informal_iron_sheet,17,6600,110000,TRUE,"Risk Forge synthetic book: WorldPop-weighted placement on Kenyan land, attributes from metadata ranges; not a real portfolio",other,urban,basin,1.1271
RFB-0819,-0.114571,34.781691,permanent_masonry,163,51300,8360000,TRUE,"Risk Forge synthetic book: WorldPop-weighted placement on Kenyan land, attributes from metadata ranges; not a real portfolio",Kisumu,urban,basin,1.1271
RFB-0820,0.686558,34.473895,permanent_masonry,112,60100,6730000,TRUE,"Risk Forge synthetic book: WorldPop-weighted placement on Kenyan land, attributes from metadata ranges; not a real portfolio",other,peri_urban,basin,1.1271
RFB-0821,0.11295,34.569008,semi_permanent,28,10700,300000,TRUE,"Risk Forge synthetic book: WorldPop-weighted placement on Kenyan land, attributes from metadata ranges; not a real portfolio",other,urban,basin,1.1271
RFB-0822,0.780936,34.730995,permanent_masonry,194,62700,12165000,TRUE,"Risk Forge synthetic book: WorldPop-weighted placement on Kenyan land, attributes from metadata ranges; not a real portfolio",Bungoma,urban,basin,1.1271
RFB-0823,0.086833,34.709922,semi_permanent,53,13800,730000,TRUE,"Risk Forge synthetic book: WorldPop-weighted placement on Kenyan land, attributes from metadata ranges; not a real portfolio",other,urban,basin,1.1271
RFB-0824,1.036044,34.988823,concrete_rcc,377,63000,23750000,TRUE,"Risk Forge synthetic book: WorldPop-weighted placement on Kenyan land, attributes from metadata ranges; not a real portfolio",Kitale,urban,basin,1.1271
RFB-0825,0.282649,34.733888,informal_iron_sheet,23,8100,185000,TRUE,"Risk Forge synthetic book: WorldPop-weighted placement on Kenyan land, attributes from metadata ranges; not a real portfolio",other,urban,basin,1.1271
RFB-0826,0.547287,34.634028,informal_iron_sheet,23,9000,205000,TRUE,"Risk Forge synthetic book: WorldPop-weighted placement on Kenyan land, attributes from metadata ranges; not a real portfolio",other,rural,basin,1.1271
RFB-0827,0.193905,34.548355,informal_iron_sheet,17,9300,160000,TRUE,"Risk Forge synthetic book: WorldPop-weighted placement on Kenyan land, attributes from metadata ranges; not a real portfolio",other,peri_urban,basin,1.1271
RFB-0828,-0.077425,34.772505,semi_permanent,53,15200,805000,TRUE,"Risk Forge synthetic book: WorldPop-weighted placement on Kenyan land, attributes from metadata ranges; not a real portfolio",Kisumu,urban,basin,1.1271
RFB-0829,0.56913,34.844325,semi_permanent,64,11000,705000,TRUE,"Risk Forge synthetic book: WorldPop-weighted placement on Kenyan land, attributes from metadata ranges; not a real portfolio",Webuye,peri_urban,basin,1.1271
RFB-0830,-0.120134,35.039367,semi_permanent,38,10700,405000,TRUE,"Risk Forge synthetic book: WorldPop-weighted placement on Kenyan land, attributes from metadata ranges; not a real portfolio",other,peri_urban,basin,1.1271
RFB-0831,0.469448,35.252764,concrete_rcc,626,76800,48075000,TRUE,"Risk Forge synthetic book: WorldPop-weighted placement on Kenyan land, attributes from metadata ranges; not a real portfolio",other,urban,basin,1.1271
RFB-0832,0.509326,34.646273,permanent_masonry,121,63300,7660000,TRUE,"Risk Forge synthetic book: WorldPop-weighted placement on Kenyan land, attributes from metadata ranges; not a real portfolio",other,peri_urban,basin,1.1271
RFB-0833,0.748331,34.639556,semi_permanent,44,11300,495000,TRUE,"Risk Forge synthetic book: WorldPop-weighted placement on Kenyan land, attributes from metadata ranges; not a real portfolio",Bungoma,peri_urban,basin,1.1271
RFB-0834,1.025985,34.976853,informal_iron_sheet,11,8400,90000,TRUE,"Risk Forge synthetic book: WorldPop-weighted placement on Kenyan land, attributes from metadata ranges; not a real portfolio",Kitale,urban,basin,1.1271
RFB-0835,1.026243,34.986474,concrete_rcc,224,73100,16375000,TRUE,"Risk Forge synthetic book: WorldPop-weighted placement on Kenyan land, attributes from metadata ranges; not a real portfolio",Kitale,urban,basin,1.1271
RFB-0836,-0.020905,34.553064,permanent_masonry,122,52400,6395000,TRUE,"Risk Forge synthetic book: WorldPop-weighted placement on Kenyan land, attributes from metadata ranges; not a real portfolio",other,peri_urban,basin,1.1271
RFB-0837,1.257577,35.113796,concrete_rcc,561,70700,39665000,TRUE,"Risk Forge synthetic book: WorldPop-weighted placement on Kenyan land, attributes from metadata ranges; not a real portfolio",other,urban,basin,1.1271
RFB-0838,0.201855,34.385373,concrete_rcc,267,56000,14950000,TRUE,"Risk Forge synthetic book: WorldPop-weighted placement on Kenyan land, attributes from metadata ranges; not a real portfolio",other,peri_urban,basin,1.1271
RFB-0839,0.253486,34.405058,permanent_masonry,171,52900,9045000,TRUE,"Risk Forge synthetic book: WorldPop-weighted placement on Kenyan land, attributes from metadata ranges; not a real portfolio",other,peri_urban,basin,1.1271
RFB-0840,0.280566,34.272741,concrete_rcc,814,60000,48840000,TRUE,"Risk Forge synthetic book: WorldPop-weighted placement on Kenyan land, attributes from metadata ranges; not a real portfolio",Bumala,peri_urban,basin,1.1271
RFB-0841,0.465931,34.127148,permanent_masonry,135,42200,5695000,TRUE,"Risk Forge synthetic book: WorldPop-weighted placement on Kenyan land, attributes from metadata ranges; not a real portfolio",other,urban,basin,1.1271
RFB-0842,1.030017,35.003153,permanent_masonry,159,53500,8505000,TRUE,"Risk Forge synthetic book: WorldPop-weighted placement on Kenyan land, attributes from metadata ranges; not a real portfolio",Kitale,urban,basin,1.1271
RFB-0843,0.77403,35.017415,informal_iron_sheet,12,7500,90000,TRUE,"Risk Forge synthetic book: WorldPop-weighted placement on Kenyan land, attributes from metadata ranges; not a real portfolio",other,peri_urban,basin,1.1271
RFB-0844,0.154557,34.562778,permanent_masonry,71,52100,3700000,TRUE,"Risk Forge synthetic book: WorldPop-weighted placement on Kenyan land, attributes from metadata ranges; not a real portfolio",other,peri_urban,basin,1.1271
RFB-0845,-0.075904,34.7792,semi_permanent,71,14200,1010000,TRUE,"Risk Forge synthetic book: WorldPop-weighted placement on Kenyan land, attributes from metadata ranges; not a real portfolio",Kisumu,urban,basin,1.1271
RFB-0846,0.436276,34.25556,permanent_masonry,173,49400,8545000,TRUE,"Risk Forge synthetic book: WorldPop-weighted placement on Kenyan land, attributes from metadata ranges; not a real portfolio",Busia,peri_urban,basin,1.1271
RFB-0847,0.519908,35.262812,semi_permanent,44,14800,650000,TRUE,"Risk Forge synthetic book: WorldPop-weighted placement on Kenyan land, attributes from metadata ranges; not a real portfolio",other,urban,basin,1.1271
RFB-0848,0.014513,34.806896,permanent_masonry,105,41600,4370000,TRUE,"Risk Forge synthetic book: WorldPop-weighted placement on Kenyan land, attributes from metadata ranges; not a real portfolio",other,peri_urban,basin,1.1271
RFB-0849,1.061525,35.306755,semi_permanent,60,9800,590000,TRUE,"Risk Forge synthetic book: WorldPop-weighted placement on Kenyan land, attributes from metadata ranges; not a real portfolio",other,peri_urban,basin,1.1271
RFB-0850,0.273272,34.75129,informal_iron_sheet,13,7300,95000,TRUE,"Risk Forge synthetic book: WorldPop-weighted placement on Kenyan land, attributes from metadata ranges; not a real portfolio",other,urban,basin,1.1271
RFB-0851,-0.159708,35.146511,informal_iron_sheet,14,8200,115000,TRUE,"Risk Forge synthetic book: WorldPop-weighted placement on Kenyan land, attributes from metadata ranges; not a real portfolio",other,rural,basin,1.1271
RFB-0852,0.488558,34.463882,informal_iron_sheet,12,6800,80000,TRUE,"Risk Forge synthetic book: WorldPop-weighted placement on Kenyan land, attributes from metadata ranges; not a real portfolio",other,peri_urban,basin,1.1271
RFB-0853,0.598226,34.987223,semi_permanent,40,14600,585000,TRUE,"Risk Forge synthetic book: WorldPop-weighted placement on Kenyan land, attributes from metadata ranges; not a real portfolio",other,peri_urban,basin,1.1271
RFB-0854,0.529423,34.635815,semi_permanent,50,8500,425000,TRUE,"Risk Forge synthetic book: WorldPop-weighted placement on Kenyan land, attributes from metadata ranges; not a real portfolio",other,peri_urban,basin,1.1271
RFB-0855,0.295331,34.751545,permanent_masonry,144,52700,7590000,TRUE,"Risk Forge synthetic book: WorldPop-weighted placement on Kenyan land, attributes from metadata ranges; not a real portfolio",other,urban,basin,1.1271
RFB-0856,-0.078891,34.197725,semi_permanent,55,10600,585000,TRUE,"Risk Forge synthetic book: WorldPop-weighted placement on Kenyan land, attributes from metadata ranges; not a real portfolio",Siaya,rural,basin,1.1271
RFB-0857,0.112209,34.642209,semi_permanent,53,11000,585000,TRUE,"Risk Forge synthetic book: WorldPop-weighted placement on Kenyan land, attributes from metadata ranges; not a real portfolio",other,peri_urban,basin,1.1271
RFB-0858,0.551558,35.246028,permanent_masonry,256,59700,15285000,TRUE,"Risk Forge synthetic book: WorldPop-weighted placement on Kenyan land, attributes from metadata ranges; not a real portfolio",other,urban,basin,1.1271
RFB-0859,0.525501,35.30787,concrete_rcc,1017,79700,81055000,TRUE,"Risk Forge synthetic book: WorldPop-weighted placement on Kenyan land, attributes from metadata ranges; not a real portfolio",other,urban,basin,1.1271
RFB-0860,0.224033,34.70582,permanent_masonry,88,38300,3370000,TRUE,"Risk Forge synthetic book: WorldPop-weighted placement on Kenyan land, attributes from metadata ranges; not a real portfolio",other,peri_urban,basin,1.1271
RFB-0861,0.228322,34.768331,informal_iron_sheet,27,7100,190000,TRUE,"Risk Forge synthetic book: WorldPop-weighted placement on Kenyan land, attributes from metadata ranges; not a real portfolio",other,peri_urban,basin,1.1271
RFB-0862,0.899422,34.748448,permanent_masonry,94,56300,5290000,TRUE,"Risk Forge synthetic book: WorldPop-weighted placement on Kenyan land, attributes from metadata ranges; not a real portfolio",other,peri_urban,basin,1.1271
RFB-0863,0.295674,35.322009,concrete_rcc,466,63600,29640000,TRUE,"Risk Forge synthetic book: WorldPop-weighted placement on Kenyan land, attributes from metadata ranges; not a real portfolio",other,peri_urban,basin,1.1271
RFB-0864,0.09657,34.647949,permanent_masonry,110,47200,5190000,TRUE,"Risk Forge synthetic book: WorldPop-weighted placement on Kenyan land, attributes from metadata ranges; not a real portfolio",other,urban,basin,1.1271
RFB-0865,0.874519,34.619089,semi_permanent,75,11900,890000,TRUE,"Risk Forge synthetic book: WorldPop-weighted placement on Kenyan land, attributes from metadata ranges; not a real portfolio",other,rural,basin,1.1271
RFB-0866,0.06758,34.757485,informal_iron_sheet,25,7700,190000,TRUE,"Risk Forge synthetic book: WorldPop-weighted placement on Kenyan land, attributes from metadata ranges; not a real portfolio",other,peri_urban,basin,1.1271
RFB-0867,0.82998,34.705505,semi_permanent,37,11500,425000,TRUE,"Risk Forge synthetic book: WorldPop-weighted placement on Kenyan land, attributes from metadata ranges; not a real portfolio",Bungoma,peri_urban,basin,1.1271
RFB-0868,0.995768,35.077178,semi_permanent,57,11400,650000,TRUE,"Risk Forge synthetic book: WorldPop-weighted placement on Kenyan land, attributes from metadata ranges; not a real portfolio",Kitale,peri_urban,basin,1.1271
RFB-0869,0.310521,34.436345,informal_iron_sheet,13,6200,80000,TRUE,"Risk Forge synthetic book: WorldPop-weighted placement on Kenyan land, attributes from metadata ranges; not a real portfolio",Mumias,peri_urban,basin,1.1271
RFB-0870,0.061825,34.351745,semi_permanent,53,12600,670000,TRUE,"Risk Forge synthetic book: WorldPop-weighted placement on Kenyan land, attributes from metadata ranges; not a real portfolio",other,peri_urban,basin,1.1271
RFB-0871,0.24312,34.70049,permanent_masonry,274,48800,13370000,TRUE,"Risk Forge synthetic book: WorldPop-weighted placement on Kenyan land, attributes from metadata ranges; not a real portfolio",other,peri_urban,basin,1.1271
RFB-0872,0.265767,34.759306,permanent_masonry,93,53600,4985000,TRUE,"Risk Forge synthetic book: WorldPop-weighted placement on Kenyan land, attributes from metadata ranges; not a real portfolio",other,urban,basin,1.1271
RFB-0873,0.982703,35.326561,informal_iron_sheet,12,7400,90000,TRUE,"Risk Forge synthetic book: WorldPop-weighted placement on Kenyan land, attributes from metadata ranges; not a real portfolio",other,peri_urban,basin,1.1271
RFB-0874,0.289869,34.523614,semi_permanent,42,12200,510000,TRUE,"Risk Forge synthetic book: WorldPop-weighted placement on Kenyan land, attributes from metadata ranges; not a real portfolio",Mumias,peri_urban,basin,1.1271
RFB-0875,0.378209,34.421653,semi_permanent,67,10000,670000,TRUE,"Risk Forge synthetic book: WorldPop-weighted placement on Kenyan land, attributes from metadata ranges; not a real portfolio",Mumias,peri_urban,basin,1.1271
RFB-0876,1.211602,35.095417,informal_iron_sheet,16,6800,110000,TRUE,"Risk Forge synthetic book: WorldPop-weighted placement on Kenyan land, attributes from metadata ranges; not a real portfolio",other,peri_urban,basin,1.1271
RFB-0877,0.081545,34.704314,concrete_rcc,416,71300,29660000,TRUE,"Risk Forge synthetic book: WorldPop-weighted placement on Kenyan land, attributes from metadata ranges; not a real portfolio",other,urban,basin,1.1271
RFB-0878,0.724168,34.540819,permanent_masonry,181,46000,8325000,TRUE,"Risk Forge synthetic book: WorldPop-weighted placement on Kenyan land, attributes from metadata ranges; not a real portfolio",other,peri_urban,basin,1.1271
RFB-0879,0.462223,35.236686,permanent_masonry,261,52800,13780000,TRUE,"Risk Forge synthetic book: WorldPop-weighted placement on Kenyan land, attributes from metadata ranges; not a real portfolio",other,peri_urban,basin,1.1271
RFB-0880,0.45948,34.103427,semi_permanent,55,11800,650000,TRUE,"Risk Forge synthetic book: WorldPop-weighted placement on Kenyan land, attributes from metadata ranges; not a real portfolio",other,urban,basin,1.1271
RFB-0881,0.18153,35.243408,informal_iron_sheet,19,7500,140000,TRUE,"Risk Forge synthetic book: WorldPop-weighted placement on Kenyan land, attributes from metadata ranges; not a real portfolio",other,peri_urban,basin,1.1271
RFB-0882,-0.045295,35.301526,semi_permanent,55,13200,725000,TRUE,"Risk Forge synthetic book: WorldPop-weighted placement on Kenyan land, attributes from metadata ranges; not a real portfolio",other,peri_urban,basin,1.1271
RFB-0883,0.05998,34.292257,permanent_masonry,242,60600,14665000,TRUE,"Risk Forge synthetic book: WorldPop-weighted placement on Kenyan land, attributes from metadata ranges; not a real portfolio",other,urban,basin,1.1271
RFB-0884,0.735132,34.837905,informal_iron_sheet,19,8000,150000,TRUE,"Risk Forge synthetic book: WorldPop-weighted placement on Kenyan land, attributes from metadata ranges; not a real portfolio",other,peri_urban,basin,1.1271
RFB-0885,0.703287,34.529685,concrete_rcc,280,62800,17585000,TRUE,"Risk Forge synthetic book: WorldPop-weighted placement on Kenyan land, attributes from metadata ranges; not a real portfolio",other,peri_urban,basin,1.1271
RFB-0886,0.493981,35.321037,informal_iron_sheet,19,6300,120000,TRUE,"Risk Forge synthetic book: WorldPop-weighted placement on Kenyan land, attributes from metadata ranges; not a real portfolio",other,peri_urban,basin,1.1271
RFB-0887,0.538008,35.255957,informal_iron_sheet,18,9100,165000,TRUE,"Risk Forge synthetic book: WorldPop-weighted placement on Kenyan land, attributes from metadata ranges; not a real portfolio",other,urban,basin,1.1271
RFB-0888,0.118962,34.426526,permanent_masonry,83,53100,4405000,TRUE,"Risk Forge synthetic book: WorldPop-weighted placement on Kenyan land, attributes from metadata ranges; not a real portfolio",other,peri_urban,basin,1.1271
RFB-0889,0.331943,34.754748,concrete_rcc,443,61100,27065000,TRUE,"Risk Forge synthetic book: WorldPop-weighted placement on Kenyan land, attributes from metadata ranges; not a real portfolio",other,peri_urban,basin,1.1271
RFB-0890,0.47372,35.032502,semi_permanent,33,12000,395000,TRUE,"Risk Forge synthetic book: WorldPop-weighted placement on Kenyan land, attributes from metadata ranges; not a real portfolio",other,rural,basin,1.1271
RFB-0891,0.262083,34.704963,permanent_masonry,115,48100,5530000,TRUE,"Risk Forge synthetic book: WorldPop-weighted placement on Kenyan land, attributes from metadata ranges; not a real portfolio",other,peri_urban,basin,1.1271
RFB-0892,0.526847,35.289581,semi_permanent,34,11200,380000,TRUE,"Risk Forge synthetic book: WorldPop-weighted placement on Kenyan land, attributes from metadata ranges; not a real portfolio",other,urban,basin,1.1271
RFB-0893,-0.04057,34.75422,semi_permanent,31,9200,285000,TRUE,"Risk Forge synthetic book: WorldPop-weighted placement on Kenyan land, attributes from metadata ranges; not a real portfolio",Kisumu,peri_urban,basin,1.1271
RFB-0894,0.096132,34.692905,informal_iron_sheet,18,8700,155000,TRUE,"Risk Forge synthetic book: WorldPop-weighted placement on Kenyan land, attributes from metadata ranges; not a real portfolio",other,urban,basin,1.1271
RFB-0895,0.053837,34.924471,informal_iron_sheet,15,9300,140000,TRUE,"Risk Forge synthetic book: WorldPop-weighted placement on Kenyan land, attributes from metadata ranges; not a real portfolio",other,peri_urban,basin,1.1271
RFB-0896,-0.266182,34.361363,informal_iron_sheet,13,7000,90000,TRUE,"Risk Forge synthetic book: WorldPop-weighted placement on Kenyan land, attributes from metadata ranges; not a real portfolio",other,peri_urban,basin,1.1271
RFB-0897,0.159484,34.076719,semi_permanent,38,12300,465000,TRUE,"Risk Forge synthetic book: WorldPop-weighted placement on Kenyan land, attributes from metadata ranges; not a real portfolio",Rwambwa,rural,basin,1.1271
RFB-0898,0.204183,34.779708,permanent_masonry,247,56600,13980000,TRUE,"Risk Forge synthetic book: WorldPop-weighted placement on Kenyan land, attributes from metadata ranges; not a real portfolio",other,urban,basin,1.1271
RFB-0899,0.080579,34.709651,permanent_masonry,79,51800,4090000,TRUE,"Risk Forge synthetic book: WorldPop-weighted placement on Kenyan land, attributes from metadata ranges; not a real portfolio",other,urban,basin,1.1271
RFB-0900,0.222604,34.486542,permanent_masonry,125,40200,5025000,TRUE,"Risk Forge synthetic book: WorldPop-weighted placement on Kenyan land, attributes from metadata ranges; not a real portfolio",other,peri_urban,basin,1.1271
RFB-0901,-0.128007,34.762849,permanent_masonry,124,58400,7240000,TRUE,"Risk Forge synthetic book: WorldPop-weighted placement on Kenyan land, attributes from metadata ranges; not a real portfolio",Kisumu,urban,basin,1.1271
RFB-0902,0.515845,35.275475,permanent_masonry,191,41800,7985000,TRUE,"Risk Forge synthetic book: WorldPop-weighted placement on Kenyan land, attributes from metadata ranges; not a real portfolio",other,urban,basin,1.1271
RFB-0903,0.540193,35.315402,concrete_rcc,234,59400,13900000,TRUE,"Risk Forge synthetic book: WorldPop-weighted placement on Kenyan land, attributes from metadata ranges; not a real portfolio",other,urban,basin,1.1271
RFB-0904,0.995788,34.960561,semi_permanent,43,15400,660000,TRUE,"Risk Forge synthetic book: WorldPop-weighted placement on Kenyan land, attributes from metadata ranges; not a real portfolio",Kitale,urban,basin,1.1271
RFB-0905,-0.112016,34.954718,semi_permanent,46,10600,490000,TRUE,"Risk Forge synthetic book: WorldPop-weighted placement on Kenyan land, attributes from metadata ranges; not a real portfolio",other,peri_urban,basin,1.1271
RFB-0906,1.005698,34.905466,permanent_masonry,197,50500,9950000,TRUE,"Risk Forge synthetic book: WorldPop-weighted placement on Kenyan land, attributes from metadata ranges; not a real portfolio",Kitale,peri_urban,basin,1.1271
RFB-0907,-0.087383,34.811801,semi_permanent,35,10900,380000,TRUE,"Risk Forge synthetic book: WorldPop-weighted placement on Kenyan land, attributes from metadata ranges; not a real portfolio",Kisumu,peri_urban,basin,1.1271
RFB-0908,0.547228,35.265566,concrete_rcc,608,78200,47545000,TRUE,"Risk Forge synthetic book: WorldPop-weighted placement on Kenyan land, attributes from metadata ranges; not a real portfolio",other,urban,basin,1.1271
RFB-0909,-0.266044,34.364594,informal_iron_sheet,20,8700,175000,TRUE,"Risk Forge synthetic book: WorldPop-weighted placement on Kenyan land, attributes from metadata ranges; not a real portfolio",other,peri_urban,basin,1.1271
RFB-0910,0.873767,35.313719,informal_iron_sheet,14,6200,85000,TRUE,"Risk Forge synthetic book: WorldPop-weighted placement on Kenyan land, attributes from metadata ranges; not a real portfolio",other,peri_urban,basin,1.1271
RFB-0911,0.680827,34.763166,permanent_masonry,104,58500,6085000,TRUE,"Risk Forge synthetic book: WorldPop-weighted placement on Kenyan land, attributes from metadata ranges; not a real portfolio",Webuye,peri_urban,basin,1.1271
RFB-0912,0.051588,34.556408,concrete_rcc,615,76900,47295000,TRUE,"Risk Forge synthetic book: WorldPop-weighted placement on Kenyan land, attributes from metadata ranges; not a real portfolio",other,peri_urban,basin,1.1271
RFB-0913,0.521491,35.251106,semi_permanent,35,13700,480000,TRUE,"Risk Forge synthetic book: WorldPop-weighted placement on Kenyan land, attributes from metadata ranges; not a real portfolio",other,urban,basin,1.1271
RFB-0914,0.481075,34.890345,permanent_masonry,135,48800,6590000,TRUE,"Risk Forge synthetic book: WorldPop-weighted placement on Kenyan land, attributes from metadata ranges; not a real portfolio",Kakamega,peri_urban,basin,1.1271
RFB-0915,0.75172,34.877862,permanent_masonry,99,57300,5675000,TRUE,"Risk Forge synthetic book: WorldPop-weighted placement on Kenyan land, attributes from metadata ranges; not a real portfolio",other,peri_urban,basin,1.1271
RFB-0916,0.817902,34.975788,informal_iron_sheet,25,6900,170000,TRUE,"Risk Forge synthetic book: WorldPop-weighted placement on Kenyan land, attributes from metadata ranges; not a real portfolio",other,peri_urban,basin,1.1271
RFB-0917,-0.034636,35.053158,semi_permanent,54,11200,605000,TRUE,"Risk Forge synthetic book: WorldPop-weighted placement on Kenyan land, attributes from metadata ranges; not a real portfolio",other,rural,basin,1.1271
RFB-0918,0.275936,34.752949,informal_iron_sheet,22,6700,145000,TRUE,"Risk Forge synthetic book: WorldPop-weighted placement on Kenyan land, attributes from metadata ranges; not a real portfolio",other,urban,basin,1.1271
RFB-0919,0.063408,35.049583,semi_permanent,35,10700,375000,TRUE,"Risk Forge synthetic book: WorldPop-weighted placement on Kenyan land, attributes from metadata ranges; not a real portfolio",other,rural,basin,1.1271
RFB-0920,0.535095,35.260912,concrete_rcc,343,62200,21335000,TRUE,"Risk Forge synthetic book: WorldPop-weighted placement on Kenyan land, attributes from metadata ranges; not a real portfolio",other,urban,basin,1.1271
RFB-0921,0.426651,34.169663,concrete_rcc,773,60500,46765000,TRUE,"Risk Forge synthetic book: WorldPop-weighted placement on Kenyan land, attributes from metadata ranges; not a real portfolio",other,peri_urban,basin,1.1271
RFB-0922,-0.094371,34.764997,concrete_rcc,499,79100,39470000,TRUE,"Risk Forge synthetic book: WorldPop-weighted placement on Kenyan land, attributes from metadata ranges; not a real portfolio",Kisumu,urban,basin,1.1271
RFB-0923,-0.087464,34.781496,concrete_rcc,186,59200,11010000,TRUE,"Risk Forge synthetic book: WorldPop-weighted placement on Kenyan land, attributes from metadata ranges; not a real portfolio",Kisumu,urban,basin,1.1271
RFB-0924,0.271973,34.462208,informal_iron_sheet,25,7300,180000,TRUE,"Risk Forge synthetic book: WorldPop-weighted placement on Kenyan land, attributes from metadata ranges; not a real portfolio",Mumias,peri_urban,basin,1.1271
RFB-0925,0.170912,34.356959,concrete_rcc,678,53600,36340000,TRUE,"Risk Forge synthetic book: WorldPop-weighted placement on Kenyan land, attributes from metadata ranges; not a real portfolio",other,peri_urban,basin,1.1271
RFB-0926,1.022626,35.133862,permanent_masonry,165,39200,6470000,TRUE,"Risk Forge synthetic book: WorldPop-weighted placement on Kenyan land, attributes from metadata ranges; not a real portfolio",other,peri_urban,basin,1.1271
RFB-0927,0.555707,35.289184,concrete_rcc,434,62400,27080000,TRUE,"Risk Forge synthetic book: WorldPop-weighted placement on Kenyan land, attributes from metadata ranges; not a real portfolio",other,peri_urban,basin,1.1271
RFB-0928,0.307456,34.759347,semi_permanent,34,12800,435000,TRUE,"Risk Forge synthetic book: WorldPop-weighted placement on Kenyan land, attributes from metadata ranges; not a real portfolio",other,urban,basin,1.1271
RFB-0929,0.482032,35.2517,permanent_masonry,100,56700,5670000,TRUE,"Risk Forge synthetic book: WorldPop-weighted placement on Kenyan land, attributes from metadata ranges; not a real portfolio",other,urban,basin,1.1271
RFB-0930,0.585227,34.624294,informal_iron_sheet,14,6600,90000,TRUE,"Risk Forge synthetic book: WorldPop-weighted placement on Kenyan land, attributes from metadata ranges; not a real portfolio",other,peri_urban,basin,1.1271
RFB-0931,0.146233,34.874488,informal_iron_sheet,12,7300,90000,TRUE,"Risk Forge synthetic book: WorldPop-weighted placement on Kenyan land, attributes from metadata ranges; not a real portfolio",other,peri_urban,basin,1.1271
RFB-0932,0.689216,34.305187,informal_iron_sheet,18,5600,100000,TRUE,"Risk Forge synthetic book: WorldPop-weighted placement on Kenyan land, attributes from metadata ranges; not a real portfolio",other,peri_urban,basin,1.1271
RFB-0933,-0.084353,34.795445,permanent_masonry,148,38000,5625000,TRUE,"Risk Forge synthetic book: WorldPop-weighted placement on Kenyan land, attributes from metadata ranges; not a real portfolio",Kisumu,urban,basin,1.1271
RFB-0934,0.745462,35.148628,informal_iron_sheet,19,7700,145000,TRUE,"Risk Forge synthetic book: WorldPop-weighted placement on Kenyan land, attributes from metadata ranges; not a real portfolio",other,urban,basin,1.1271
RFB-0935,0.127752,35.228524,semi_permanent,44,8500,375000,TRUE,"Risk Forge synthetic book: WorldPop-weighted placement on Kenyan land, attributes from metadata ranges; not a real portfolio",other,peri_urban,basin,1.1271
RFB-0936,0.422486,34.829547,informal_iron_sheet,12,5600,65000,TRUE,"Risk Forge synthetic book: WorldPop-weighted placement on Kenyan land, attributes from metadata ranges; not a real portfolio",Kakamega,peri_urban,basin,1.1271
RFB-0937,0.113505,34.817908,permanent_masonry,150,55400,8310000,TRUE,"Risk Forge synthetic book: WorldPop-weighted placement on Kenyan land, attributes from metadata ranges; not a real portfolio",other,urban,basin,1.1271
RFB-0938,0.511777,35.270965,permanent_masonry,112,47700,5340000,TRUE,"Risk Forge synthetic book: WorldPop-weighted placement on Kenyan land, attributes from metadata ranges; not a real portfolio",other,urban,basin,1.1271
RFB-0939,0.544758,35.251425,informal_iron_sheet,12,9100,110000,TRUE,"Risk Forge synthetic book: WorldPop-weighted placement on Kenyan land, attributes from metadata ranges; not a real portfolio",other,urban,basin,1.1271
RFB-0940,0.215167,34.777815,permanent_masonry,99,48700,4820000,TRUE,"Risk Forge synthetic book: WorldPop-weighted placement on Kenyan land, attributes from metadata ranges; not a real portfolio",other,urban,basin,1.1271
RFB-0941,-0.145525,35.0606,semi_permanent,55,14400,790000,TRUE,"Risk Forge synthetic book: WorldPop-weighted placement on Kenyan land, attributes from metadata ranges; not a real portfolio",other,peri_urban,basin,1.1271
RFB-0942,0.162317,34.522575,informal_iron_sheet,23,7400,170000,TRUE,"Risk Forge synthetic book: WorldPop-weighted placement on Kenyan land, attributes from metadata ranges; not a real portfolio",other,peri_urban,basin,1.1271
RFB-0943,1.19654,34.80529,informal_iron_sheet,22,6600,145000,TRUE,"Risk Forge synthetic book: WorldPop-weighted placement on Kenyan land, attributes from metadata ranges; not a real portfolio",other,rural,basin,1.1271
RFB-0944,1.102482,35.148356,permanent_masonry,102,53900,5500000,TRUE,"Risk Forge synthetic book: WorldPop-weighted placement on Kenyan land, attributes from metadata ranges; not a real portfolio",other,peri_urban,basin,1.1271
RFB-0945,0.736605,35.157089,informal_iron_sheet,18,6000,110000,TRUE,"Risk Forge synthetic book: WorldPop-weighted placement on Kenyan land, attributes from metadata ranges; not a real portfolio",other,peri_urban,basin,1.1271
RFB-0946,0.545562,35.242909,permanent_masonry,112,60400,6765000,TRUE,"Risk Forge synthetic book: WorldPop-weighted placement on Kenyan land, attributes from metadata ranges; not a real portfolio",other,urban,basin,1.1271
RFB-0947,0.812041,34.482841,informal_iron_sheet,12,6000,70000,TRUE,"Risk Forge synthetic book: WorldPop-weighted placement on Kenyan land, attributes from metadata ranges; not a real portfolio",other,peri_urban,basin,1.1271
RFB-0948,-0.132201,34.756803,concrete_rcc,513,83000,42580000,TRUE,"Risk Forge synthetic book: WorldPop-weighted placement on Kenyan land, attributes from metadata ranges; not a real portfolio",Kisumu,urban,basin,1.1271
RFB-0949,0.639395,35.011392,semi_permanent,78,12000,935000,TRUE,"Risk Forge synthetic book: WorldPop-weighted placement on Kenyan land, attributes from metadata ranges; not a real portfolio",other,peri_urban,basin,1.1271
RFB-0950,0.460038,34.121365,permanent_masonry,131,49500,6485000,TRUE,"Risk Forge synthetic book: WorldPop-weighted placement on Kenyan land, attributes from metadata ranges; not a real portfolio",other,urban,basin,1.1271
RFB-0951,0.84617,34.942634,semi_permanent,53,8400,445000,TRUE,"Risk Forge synthetic book: WorldPop-weighted placement on Kenyan land, attributes from metadata ranges; not a real portfolio",other,peri_urban,basin,1.1271
RFB-0952,0.588775,34.543673,permanent_masonry,102,51300,5235000,TRUE,"Risk Forge synthetic book: WorldPop-weighted placement on Kenyan land, attributes from metadata ranges; not a real portfolio",other,urban,basin,1.1271
RFB-0953,0.327334,34.494456,permanent_masonry,72,63500,4570000,TRUE,"Risk Forge synthetic book: WorldPop-weighted placement on Kenyan land, attributes from metadata ranges; not a real portfolio",Mumias,urban,basin,1.1271
RFB-0954,0.501533,35.287575,semi_permanent,51,11400,580000,TRUE,"Risk Forge synthetic book: WorldPop-weighted placement on Kenyan land, attributes from metadata ranges; not a real portfolio",other,urban,basin,1.1271
RFB-0955,0.986777,35.034422,concrete_rcc,258,80100,20665000,TRUE,"Risk Forge synthetic book: WorldPop-weighted placement on Kenyan land, attributes from metadata ranges; not a real portfolio",Kitale,peri_urban,basin,1.1271
RFB-0956,0.092623,34.699507,permanent_masonry,125,49700,6210000,TRUE,"Risk Forge synthetic book: WorldPop-weighted placement on Kenyan land, attributes from metadata ranges; not a real portfolio",other,urban,basin,1.1271
RFB-0957,-0.160615,34.873868,permanent_masonry,117,40600,4750000,TRUE,"Risk Forge synthetic book: WorldPop-weighted placement on Kenyan land, attributes from metadata ranges; not a real portfolio",other,peri_urban,basin,1.1271
RFB-0958,0.699091,35.261665,semi_permanent,53,12600,670000,TRUE,"Risk Forge synthetic book: WorldPop-weighted placement on Kenyan land, attributes from metadata ranges; not a real portfolio",other,rural,basin,1.1271
RFB-0959,0.720229,34.823253,permanent_masonry,218,38400,8370000,TRUE,"Risk Forge synthetic book: WorldPop-weighted placement on Kenyan land, attributes from metadata ranges; not a real portfolio",other,peri_urban,basin,1.1271
RFB-0960,0.087812,34.637536,permanent_masonry,129,49300,6360000,TRUE,"Risk Forge synthetic book: WorldPop-weighted placement on Kenyan land, attributes from metadata ranges; not a real portfolio",other,urban,basin,1.1271
RFB-0961,0.474054,35.310571,semi_permanent,48,13900,665000,TRUE,"Risk Forge synthetic book: WorldPop-weighted placement on Kenyan land, attributes from metadata ranges; not a real portfolio",other,peri_urban,basin,1.1271
RFB-0962,1.051627,34.829523,informal_iron_sheet,13,7900,105000,TRUE,"Risk Forge synthetic book: WorldPop-weighted placement on Kenyan land, attributes from metadata ranges; not a real portfolio",other,rural,basin,1.1271
RFB-0963,1.03469,34.976429,semi_permanent,36,11200,405000,TRUE,"Risk Forge synthetic book: WorldPop-weighted placement on Kenyan land, attributes from metadata ranges; not a real portfolio",Kitale,urban,basin,1.1271
RFB-0964,-0.18742,35.113517,semi_permanent,33,12600,415000,TRUE,"Risk Forge synthetic book: WorldPop-weighted placement on Kenyan land, attributes from metadata ranges; not a real portfolio",other,rural,basin,1.1271
RFB-0965,0.122189,34.790063,permanent_masonry,115,52100,5990000,TRUE,"Risk Forge synthetic book: WorldPop-weighted placement on Kenyan land, attributes from metadata ranges; not a real portfolio",other,urban,basin,1.1271
RFB-0966,0.382391,34.592402,informal_iron_sheet,17,9100,155000,TRUE,"Risk Forge synthetic book: WorldPop-weighted placement on Kenyan land, attributes from metadata ranges; not a real portfolio",other,peri_urban,basin,1.1271
RFB-0967,0.818101,35.126046,permanent_masonry,103,46900,4830000,TRUE,"Risk Forge synthetic book: WorldPop-weighted placement on Kenyan land, attributes from metadata ranges; not a real portfolio",other,urban,basin,1.1271
RFB-0968,-0.090867,34.852339,semi_permanent,42,9900,415000,TRUE,"Risk Forge synthetic book: WorldPop-weighted placement on Kenyan land, attributes from metadata ranges; not a real portfolio",Kisumu,rural,basin,1.1271
RFB-0969,0.527806,35.243303,permanent_masonry,156,45300,7065000,TRUE,"Risk Forge synthetic book: WorldPop-weighted placement on Kenyan land, attributes from metadata ranges; not a real portfolio",other,urban,basin,1.1271
RFB-0970,0.563253,34.559441,permanent_masonry,246,50900,12520000,TRUE,"Risk Forge synthetic book: WorldPop-weighted placement on Kenyan land, attributes from metadata ranges; not a real portfolio",other,urban,basin,1.1271
RFB-0971,0.056528,34.439403,permanent_masonry,158,50600,7995000,TRUE,"Risk Forge synthetic book: WorldPop-weighted placement on Kenyan land, attributes from metadata ranges; not a real portfolio",other,peri_urban,basin,1.1271
RFB-0972,0.029935,34.62723,semi_permanent,55,14000,770000,TRUE,"Risk Forge synthetic book: WorldPop-weighted placement on Kenyan land, attributes from metadata ranges; not a real portfolio",other,urban,basin,1.1271
RFB-0973,1.181812,35.114374,permanent_masonry,220,47800,10515000,TRUE,"Risk Forge synthetic book: WorldPop-weighted placement on Kenyan land, attributes from metadata ranges; not a real portfolio",other,peri_urban,basin,1.1271
RFB-0974,0.317575,34.277601,semi_permanent,41,14700,605000,TRUE,"Risk Forge synthetic book: WorldPop-weighted placement on Kenyan land, attributes from metadata ranges; not a real portfolio",Busia,peri_urban,basin,1.1271
RFB-0975,0.549074,35.237084,concrete_rcc,544,81200,44175000,TRUE,"Risk Forge synthetic book: WorldPop-weighted placement on Kenyan land, attributes from metadata ranges; not a real portfolio",other,urban,basin,1.1271
RFB-0976,-0.158978,35.064283,concrete_rcc,869,71000,61700000,TRUE,"Risk Forge synthetic book: WorldPop-weighted placement on Kenyan land, attributes from metadata ranges; not a real portfolio",other,peri_urban,basin,1.1271
RFB-0977,0.582749,34.823927,informal_iron_sheet,18,6400,115000,TRUE,"Risk Forge synthetic book: WorldPop-weighted placement on Kenyan land, attributes from metadata ranges; not a real portfolio",Webuye,peri_urban,basin,1.1271
RFB-0978,0.595338,34.778863,informal_iron_sheet,17,9600,165000,TRUE,"Risk Forge synthetic book: WorldPop-weighted placement on Kenyan land, attributes from metadata ranges; not a real portfolio",Webuye,urban,basin,1.1271
RFB-0979,0.195964,34.428025,informal_iron_sheet,17,8500,145000,TRUE,"Risk Forge synthetic book: WorldPop-weighted placement on Kenyan land, attributes from metadata ranges; not a real portfolio",other,peri_urban,basin,1.1271
RFB-0980,-0.086444,34.780358,permanent_masonry,235,55400,13020000,TRUE,"Risk Forge synthetic book: WorldPop-weighted placement on Kenyan land, attributes from metadata ranges; not a real portfolio",Kisumu,urban,basin,1.1271
RFB-0981,0.213899,34.59394,informal_iron_sheet,15,6800,100000,TRUE,"Risk Forge synthetic book: WorldPop-weighted placement on Kenyan land, attributes from metadata ranges; not a real portfolio",other,peri_urban,basin,1.1271
RFB-0982,0.314642,34.760522,permanent_masonry,88,47000,4135000,TRUE,"Risk Forge synthetic book: WorldPop-weighted placement on Kenyan land, attributes from metadata ranges; not a real portfolio",other,urban,basin,1.1271
RFB-0983,0.887496,35.009863,permanent_masonry,75,49800,3735000,TRUE,"Risk Forge synthetic book: WorldPop-weighted placement on Kenyan land, attributes from metadata ranges; not a real portfolio",other,peri_urban,basin,1.1271
RFB-0984,0.649193,34.65255,permanent_masonry,272,50900,13845000,TRUE,"Risk Forge synthetic book: WorldPop-weighted placement on Kenyan land, attributes from metadata ranges; not a real portfolio",other,peri_urban,basin,1.1271
RFB-0985,0.042635,34.387951,semi_permanent,38,14700,560000,TRUE,"Risk Forge synthetic book: WorldPop-weighted placement on Kenyan land, attributes from metadata ranges; not a real portfolio",other,peri_urban,basin,1.1271
RFB-0986,0.851234,34.855165,informal_iron_sheet,22,6700,145000,TRUE,"Risk Forge synthetic book: WorldPop-weighted placement on Kenyan land, attributes from metadata ranges; not a real portfolio",other,peri_urban,basin,1.1271
RFB-0987,-0.111485,34.782411,permanent_masonry,246,50600,12450000,TRUE,"Risk Forge synthetic book: WorldPop-weighted placement on Kenyan land, attributes from metadata ranges; not a real portfolio",Kisumu,urban,basin,1.1271
RFB-0988,-0.122701,34.760909,semi_permanent,38,10700,405000,TRUE,"Risk Forge synthetic book: WorldPop-weighted placement on Kenyan land, attributes from metadata ranges; not a real portfolio",Kisumu,urban,basin,1.1271
RFB-0989,0.222283,35.356029,semi_permanent,75,14700,1100000,TRUE,"Risk Forge synthetic book: WorldPop-weighted placement on Kenyan land, attributes from metadata ranges; not a real portfolio",other,rural,basin,1.1271
RFB-0990,0.598274,35.146808,permanent_masonry,186,47200,8780000,TRUE,"Risk Forge synthetic book: WorldPop-weighted placement on Kenyan land, attributes from metadata ranges; not a real portfolio",other,peri_urban,basin,1.1271
RFB-0991,-0.092767,34.882524,informal_iron_sheet,20,7200,145000,TRUE,"Risk Forge synthetic book: WorldPop-weighted placement on Kenyan land, attributes from metadata ranges; not a real portfolio",other,rural,basin,1.1271
RFB-0992,0.053981,35.274318,concrete_rcc,150,62100,9315000,TRUE,"Risk Forge synthetic book: WorldPop-weighted placement on Kenyan land, attributes from metadata ranges; not a real portfolio",other,peri_urban,basin,1.1271
RFB-0993,0.10737,34.470614,permanent_masonry,132,56000,7390000,TRUE,"Risk Forge synthetic book: WorldPop-weighted placement on Kenyan land, attributes from metadata ranges; not a real portfolio",other,peri_urban,basin,1.1271
RFB-0994,0.843357,35.153456,informal_iron_sheet,11,7800,85000,TRUE,"Risk Forge synthetic book: WorldPop-weighted placement on Kenyan land, attributes from metadata ranges; not a real portfolio",other,peri_urban,basin,1.1271
RFB-0995,0.252042,34.548371,informal_iron_sheet,11,5600,60000,TRUE,"Risk Forge synthetic book: WorldPop-weighted placement on Kenyan land, attributes from metadata ranges; not a real portfolio",Mumias,peri_urban,basin,1.1271
RFB-0996,0.02578,34.600583,permanent_masonry,158,46200,7300000,TRUE,"Risk Forge synthetic book: WorldPop-weighted placement on Kenyan land, attributes from metadata ranges; not a real portfolio",other,urban,basin,1.1271
RFB-0997,0.700839,35.322608,semi_permanent,41,8900,365000,TRUE,"Risk Forge synthetic book: WorldPop-weighted placement on Kenyan land, attributes from metadata ranges; not a real portfolio",other,rural,basin,1.1271
RFB-0998,0.646494,35.02339,semi_permanent,71,10400,740000,TRUE,"Risk Forge synthetic book: WorldPop-weighted placement on Kenyan land, attributes from metadata ranges; not a real portfolio",other,peri_urban,basin,1.1271
RFB-0999,0.468526,34.223757,semi_permanent,39,12100,470000,TRUE,"Risk Forge synthetic book: WorldPop-weighted placement on Kenyan land, attributes from metadata ranges; not a real portfolio",Busia,peri_urban,basin,1.1271
RFB-1000,0.04478,34.725567,concrete_rcc,625,75200,47000000,TRUE,"Risk Forge synthetic book: WorldPop-weighted placement on Kenyan land, attributes from metadata ranges; not a real portfolio",other,urban,basin,1.1271
RFB-1001,0.964736,35.313342,informal_iron_sheet,22,8900,195000,TRUE,"Risk Forge synthetic book: WorldPop-weighted placement on Kenyan land, attributes from metadata ranges; not a real portfolio",other,peri_urban,basin,1.1271
RFB-1002,0.145672,34.795123,semi_permanent,40,12300,490000,TRUE,"Risk Forge synthetic book: WorldPop-weighted placement on Kenyan land, attributes from metadata ranges; not a real portfolio",other,peri_urban,basin,1.1271
RFB-1003,0.297626,35.234268,informal_iron_sheet,15,9200,140000,TRUE,"Risk Forge synthetic book: WorldPop-weighted placement on Kenyan land, attributes from metadata ranges; not a real portfolio",other,rural,basin,1.1271
RFB-1004,0.140189,34.889721,permanent_masonry,71,47900,3400000,TRUE,"Risk Forge synthetic book: WorldPop-weighted placement on Kenyan land, attributes from metadata ranges; not a real portfolio",other,peri_urban,basin,1.1271
RFB-1005,0.81889,34.603498,permanent_masonry,266,42700,11360000,TRUE,"Risk Forge synthetic book: WorldPop-weighted placement on Kenyan land, attributes from metadata ranges; not a real portfolio",other,peri_urban,basin,1.1271
RFB-1006,-0.155149,34.821398,permanent_masonry,111,55200,6125000,TRUE,"Risk Forge synthetic book: WorldPop-weighted placement on Kenyan land, attributes from metadata ranges; not a real portfolio",Kisumu,peri_urban,basin,1.1271
RFB-1007,0.821982,34.811488,informal_iron_sheet,15,8400,125000,TRUE,"Risk Forge synthetic book: WorldPop-weighted placement on Kenyan land, attributes from metadata ranges; not a real portfolio",Bungoma,peri_urban,basin,1.1271
RFB-1008,0.02001,34.594326,permanent_masonry,100,57300,5730000,TRUE,"Risk Forge synthetic book: WorldPop-weighted placement on Kenyan land, attributes from metadata ranges; not a real portfolio",other,urban,basin,1.1271
RFB-1009,1.247952,35.123111,informal_iron_sheet,15,9700,145000,TRUE,"Risk Forge synthetic book: WorldPop-weighted placement on Kenyan land, attributes from metadata ranges; not a real portfolio",other,urban,basin,1.1271
RFB-1010,0.120591,34.539952,concrete_rcc,578,56200,32485000,TRUE,"Risk Forge synthetic book: WorldPop-weighted placement on Kenyan land, attributes from metadata ranges; not a real portfolio",other,peri_urban,basin,1.1271
RFB-1011,0.588647,34.501521,permanent_masonry,149,38200,5690000,TRUE,"Risk Forge synthetic book: WorldPop-weighted placement on Kenyan land, attributes from metadata ranges; not a real portfolio",other,peri_urban,basin,1.1271
RFB-1012,0.532235,35.254221,permanent_masonry,167,44200,7380000,TRUE,"Risk Forge synthetic book: WorldPop-weighted placement on Kenyan land, attributes from metadata ranges; not a real portfolio",other,urban,basin,1.1271
RFB-1013,-0.073442,34.784807,semi_permanent,38,14100,535000,TRUE,"Risk Forge synthetic book: WorldPop-weighted placement on Kenyan land, attributes from metadata ranges; not a real portfolio",Kisumu,urban,basin,1.1271
RFB-1014,0.517534,35.267971,concrete_rcc,250,73300,18325000,TRUE,"Risk Forge synthetic book: WorldPop-weighted placement on Kenyan land, attributes from metadata ranges; not a real portfolio",other,urban,basin,1.1271
RFB-1015,0.34678,34.334695,informal_iron_sheet,25,6100,150000,TRUE,"Risk Forge synthetic book: WorldPop-weighted placement on Kenyan land, attributes from metadata ranges; not a real portfolio",Busia,peri_urban,basin,1.1271
RFB-1016,0.247481,34.697995,concrete_rcc,265,67000,17755000,TRUE,"Risk Forge synthetic book: WorldPop-weighted placement on Kenyan land, attributes from metadata ranges; not a real portfolio",other,peri_urban,basin,1.1271
RFB-1017,1.232257,35.106302,semi_permanent,33,9900,325000,TRUE,"Risk Forge synthetic book: WorldPop-weighted placement on Kenyan land, attributes from metadata ranges; not a real portfolio",other,peri_urban,basin,1.1271
RFB-1018,0.162571,35.003765,semi_permanent,26,11300,295000,TRUE,"Risk Forge synthetic book: WorldPop-weighted placement on Kenyan land, attributes from metadata ranges; not a real portfolio",other,rural,basin,1.1271
RFB-1019,-0.1227,34.776762,semi_permanent,59,12500,740000,TRUE,"Risk Forge synthetic book: WorldPop-weighted placement on Kenyan land, attributes from metadata ranges; not a real portfolio",Kisumu,urban,basin,1.1271
RFB-1020,0.514276,35.242272,informal_iron_sheet,11,8700,95000,TRUE,"Risk Forge synthetic book: WorldPop-weighted placement on Kenyan land, attributes from metadata ranges; not a real portfolio",other,urban,basin,1.1271
RFB-1021,-0.007709,34.651,permanent_masonry,225,55100,12400000,TRUE,"Risk Forge synthetic book: WorldPop-weighted placement on Kenyan land, attributes from metadata ranges; not a real portfolio",other,peri_urban,basin,1.1271
RFB-1022,0.703217,34.623957,concrete_rcc,506,69300,35065000,TRUE,"Risk Forge synthetic book: WorldPop-weighted placement on Kenyan land, attributes from metadata ranges; not a real portfolio",other,peri_urban,basin,1.1271
RFB-1023,0.325945,34.494536,semi_permanent,40,13600,545000,TRUE,"Risk Forge synthetic book: WorldPop-weighted placement on Kenyan land, attributes from metadata ranges; not a real portfolio",Mumias,urban,basin,1.1271
RFB-1024,0.667674,34.684645,permanent_masonry,262,55100,14435000,TRUE,"Risk Forge synthetic book: WorldPop-weighted placement on Kenyan land, attributes from metadata ranges; not a real portfolio",Webuye,peri_urban,basin,1.1271
RFB-1025,0.736297,34.332371,permanent_masonry,159,55200,8775000,TRUE,"Risk Forge synthetic book: WorldPop-weighted placement on Kenyan land, attributes from metadata ranges; not a real portfolio",other,peri_urban,basin,1.1271
RFB-1026,0.222863,34.815688,permanent_masonry,115,53600,6165000,TRUE,"Risk Forge synthetic book: WorldPop-weighted placement on Kenyan land, attributes from metadata ranges; not a real portfolio",other,urban,basin,1.1271
RFB-1027,1.111422,34.828671,concrete_rcc,764,61900,47290000,TRUE,"Risk Forge synthetic book: WorldPop-weighted placement on Kenyan land, attributes from metadata ranges; not a real portfolio",other,peri_urban,basin,1.1271
RFB-1028,-0.244615,34.919567,concrete_rcc,694,57300,39765000,TRUE,"Risk Forge synthetic book: WorldPop-weighted placement on Kenyan land, attributes from metadata ranges; not a real portfolio",other,rural,basin,1.1271
RFB-1029,0.14579,34.693812,permanent_masonry,182,45900,8355000,TRUE,"Risk Forge synthetic book: WorldPop-weighted placement on Kenyan land, attributes from metadata ranges; not a real portfolio",other,peri_urban,basin,1.1271
RFB-1030,0.629978,34.454765,semi_permanent,70,14900,1045000,TRUE,"Risk Forge synthetic book: WorldPop-weighted placement on Kenyan land, attributes from metadata ranges; not a real portfolio",other,peri_urban,basin,1.1271
RFB-1031,0.266131,34.710501,semi_permanent,64,13800,885000,TRUE,"Risk Forge synthetic book: WorldPop-weighted placement on Kenyan land, attributes from metadata ranges; not a real portfolio",other,peri_urban,basin,1.1271
RFB-1032,1.029958,34.977246,permanent_masonry,88,56100,4935000,TRUE,"Risk Forge synthetic book: WorldPop-weighted placement on Kenyan land, attributes from metadata ranges; not a real portfolio",Kitale,urban,basin,1.1271
RFB-1033,0.199057,35.149051,permanent_masonry,134,42800,5735000,TRUE,"Risk Forge synthetic book: WorldPop-weighted placement on Kenyan land, attributes from metadata ranges; not a real portfolio",other,peri_urban,basin,1.1271
RFB-1034,-0.007379,34.742532,permanent_masonry,142,49800,7070000,TRUE,"Risk Forge synthetic book: WorldPop-weighted placement on Kenyan land, attributes from metadata ranges; not a real portfolio",Kisumu,urban,basin,1.1271
RFB-1035,0.039214,34.526834,semi_permanent,57,15500,885000,TRUE,"Risk Forge synthetic book: WorldPop-weighted placement on Kenyan land, attributes from metadata ranges; not a real portfolio",other,peri_urban,basin,1.1271
RFB-1036,0.874372,35.109337,semi_permanent,38,13500,515000,TRUE,"Risk Forge synthetic book: WorldPop-weighted placement on Kenyan land, attributes from metadata ranges; not a real portfolio",other,urban,basin,1.1271
RFB-1037,0.829767,34.584028,semi_permanent,46,10300,475000,TRUE,"Risk Forge synthetic book: WorldPop-weighted placement on Kenyan land, attributes from metadata ranges; not a real portfolio",other,peri_urban,basin,1.1271
RFB-1038,0.194159,34.392825,informal_iron_sheet,24,7100,170000,TRUE,"Risk Forge synthetic book: WorldPop-weighted placement on Kenyan land, attributes from metadata ranges; not a real portfolio",other,peri_urban,basin,1.1271
RFB-1039,0.609103,34.965652,permanent_masonry,228,52400,11945000,TRUE,"Risk Forge synthetic book: WorldPop-weighted placement on Kenyan land, attributes from metadata ranges; not a real portfolio",other,urban,basin,1.1271
RFB-1040,-0.103467,34.782528,semi_permanent,64,15500,990000,TRUE,"Risk Forge synthetic book: WorldPop-weighted placement on Kenyan land, attributes from metadata ranges; not a real portfolio",Kisumu,urban,basin,1.1271
RFB-1041,0.296834,34.491096,informal_iron_sheet,14,8000,110000,TRUE,"Risk Forge synthetic book: WorldPop-weighted placement on Kenyan land, attributes from metadata ranges; not a real portfolio",Mumias,peri_urban,basin,1.1271
RFB-1042,0.307289,34.252991,permanent_masonry,103,36700,3780000,TRUE,"Risk Forge synthetic book: WorldPop-weighted placement on Kenyan land, attributes from metadata ranges; not a real portfolio",Bumala,peri_urban,basin,1.1271
RFB-1043,0.083808,34.791061,permanent_masonry,142,52300,7425000,TRUE,"Risk Forge synthetic book: WorldPop-weighted placement on Kenyan land, attributes from metadata ranges; not a real portfolio",other,peri_urban,basin,1.1271
RFB-1044,-0.075723,34.582331,informal_iron_sheet,21,8700,185000,TRUE,"Risk Forge synthetic book: WorldPop-weighted placement on Kenyan land, attributes from metadata ranges; not a real portfolio",other,peri_urban,basin,1.1271
RFB-1045,0.465972,34.561177,informal_iron_sheet,23,7700,175000,TRUE,"Risk Forge synthetic book: WorldPop-weighted placement on Kenyan land, attributes from metadata ranges; not a real portfolio",other,peri_urban,basin,1.1271
RFB-1046,0.307805,34.129817,permanent_masonry,143,60800,8695000,TRUE,"Risk Forge synthetic book: WorldPop-weighted placement on Kenyan land, attributes from metadata ranges; not a real portfolio",Bumala,rural,basin,1.1271
RFB-1047,1.011116,34.996837,semi_permanent,44,12600,555000,TRUE,"Risk Forge synthetic book: WorldPop-weighted placement on Kenyan land, attributes from metadata ranges; not a real portfolio",Kitale,urban,basin,1.1271
RFB-1048,-0.094092,35.018407,permanent_masonry,267,48600,12975000,TRUE,"Risk Forge synthetic book: WorldPop-weighted placement on Kenyan land, attributes from metadata ranges; not a real portfolio",other,peri_urban,basin,1.1271
RFB-1049,-0.081781,34.789525,informal_iron_sheet,14,7100,100000,TRUE,"Risk Forge synthetic book: WorldPop-weighted placement on Kenyan land, attributes from metadata ranges; not a real portfolio",Kisumu,urban,basin,1.1271
RFB-1050,1.027272,34.97168,informal_iron_sheet,12,7500,90000,TRUE,"Risk Forge synthetic book: WorldPop-weighted placement on Kenyan land, attributes from metadata ranges; not a real portfolio",Kitale,urban,basin,1.1271
RFB-1051,0.543619,35.236158,permanent_masonry,131,56600,7415000,TRUE,"Risk Forge synthetic book: WorldPop-weighted placement on Kenyan land, attributes from metadata ranges; not a real portfolio",other,urban,basin,1.1271
RFB-1052,-0.076656,34.78929,permanent_masonry,150,63400,9510000,TRUE,"Risk Forge synthetic book: WorldPop-weighted placement on Kenyan land, attributes from metadata ranges; not a real portfolio",Kisumu,urban,basin,1.1271
RFB-1053,0.277796,34.128807,informal_iron_sheet,22,8100,180000,TRUE,"Risk Forge synthetic book: WorldPop-weighted placement on Kenyan land, attributes from metadata ranges; not a real portfolio",Bumala,peri_urban,basin,1.1271
RFB-1054,0.567328,34.559721,concrete_rcc,209,65800,13750000,TRUE,"Risk Forge synthetic book: WorldPop-weighted placement on Kenyan land, attributes from metadata ranges; not a real portfolio",other,urban,basin,1.1271
RFB-1055,0.543297,35.245237,semi_permanent,58,14000,810000,TRUE,"Risk Forge synthetic book: WorldPop-weighted placement on Kenyan land, attributes from metadata ranges; not a real portfolio",other,urban,basin,1.1271
RFB-1056,0.198059,35.126295,permanent_masonry,80,52700,4215000,TRUE,"Risk Forge synthetic book: WorldPop-weighted placement on Kenyan land, attributes from metadata ranges; not a real portfolio",other,peri_urban,basin,1.1271
RFB-1057,0.165813,34.620156,informal_iron_sheet,24,6800,165000,TRUE,"Risk Forge synthetic book: WorldPop-weighted placement on Kenyan land, attributes from metadata ranges; not a real portfolio",other,peri_urban,basin,1.1271
RFB-1058,0.829162,34.585636,permanent_masonry,176,58800,10350000,TRUE,"Risk Forge synthetic book: WorldPop-weighted placement on Kenyan land, attributes from metadata ranges; not a real portfolio",other,peri_urban,basin,1.1271
RFB-1059,0.472974,34.117625,concrete_rcc,1064,79300,84375000,TRUE,"Risk Forge synthetic book: WorldPop-weighted placement on Kenyan land, attributes from metadata ranges; not a real portfolio",other,urban,basin,1.1271
RFB-1060,0.01611,35.359828,permanent_masonry,115,47100,5415000,TRUE,"Risk Forge synthetic book: WorldPop-weighted placement on Kenyan land, attributes from metadata ranges; not a real portfolio",other,peri_urban,basin,1.1271
RFB-1061,0.014965,34.86785,semi_permanent,33,9100,300000,TRUE,"Risk Forge synthetic book: WorldPop-weighted placement on Kenyan land, attributes from metadata ranges; not a real portfolio",other,rural,basin,1.1271
RFB-1062,0.146757,34.197678,informal_iron_sheet,17,7900,135000,TRUE,"Risk Forge synthetic book: WorldPop-weighted placement on Kenyan land, attributes from metadata ranges; not a real portfolio",Rwambwa,peri_urban,basin,1.1271
RFB-1063,0.036238,34.58195,concrete_rcc,434,71600,31075000,TRUE,"Risk Forge synthetic book: WorldPop-weighted placement on Kenyan land, attributes from metadata ranges; not a real portfolio",other,urban,basin,1.1271
RFB-1064,0.17335,35.319017,semi_permanent,57,12600,720000,TRUE,"Risk Forge synthetic book: WorldPop-weighted placement on Kenyan land, attributes from metadata ranges; not a real portfolio",other,rural,basin,1.1271
RFB-1065,0.006284,34.603523,semi_permanent,53,12700,675000,TRUE,"Risk Forge synthetic book: WorldPop-weighted placement on Kenyan land, attributes from metadata ranges; not a real portfolio",other,peri_urban,basin,1.1271
RFB-1066,0.548183,35.307163,permanent_masonry,150,53500,8025000,TRUE,"Risk Forge synthetic book: WorldPop-weighted placement on Kenyan land, attributes from metadata ranges; not a real portfolio",other,urban,basin,1.1271
RFB-1067,1.018612,35.002959,permanent_masonry,253,49800,12600000,TRUE,"Risk Forge synthetic book: WorldPop-weighted placement on Kenyan land, attributes from metadata ranges; not a real portfolio",Kitale,urban,basin,1.1271
RFB-1068,0.964696,34.938427,permanent_masonry,113,48700,5505000,TRUE,"Risk Forge synthetic book: WorldPop-weighted placement on Kenyan land, attributes from metadata ranges; not a real portfolio",Kitale,peri_urban,basin,1.1271
RFB-1069,0.282049,35.122488,informal_iron_sheet,15,6300,95000,TRUE,"Risk Forge synthetic book: WorldPop-weighted placement on Kenyan land, attributes from metadata ranges; not a real portfolio",other,rural,basin,1.1271
RFB-1070,1.218253,35.01324,informal_iron_sheet,17,7100,120000,TRUE,"Risk Forge synthetic book: WorldPop-weighted placement on Kenyan land, attributes from metadata ranges; not a real portfolio",other,peri_urban,basin,1.1271
RFB-1071,-0.005702,34.582832,permanent_masonry,85,57400,4880000,TRUE,"Risk Forge synthetic book: WorldPop-weighted placement on Kenyan land, attributes from metadata ranges; not a real portfolio",other,peri_urban,basin,1.1271
RFB-1072,0.773548,34.675886,semi_permanent,38,13000,495000,TRUE,"Risk Forge synthetic book: WorldPop-weighted placement on Kenyan land, attributes from metadata ranges; not a real portfolio",Bungoma,peri_urban,basin,1.1271
RFB-1073,0.030706,34.59289,concrete_rcc,417,68200,28440000,TRUE,"Risk Forge synthetic book: WorldPop-weighted placement on Kenyan land, attributes from metadata ranges; not a real portfolio",other,urban,basin,1.1271
RFB-1074,0.542501,35.307816,permanent_masonry,288,52400,15090000,TRUE,"Risk Forge synthetic book: WorldPop-weighted placement on Kenyan land, attributes from metadata ranges; not a real portfolio",other,urban,basin,1.1271
RFB-1075,0.923073,34.987993,informal_iron_sheet,12,8400,100000,TRUE,"Risk Forge synthetic book: WorldPop-weighted placement on Kenyan land, attributes from metadata ranges; not a real portfolio",Kitale,peri_urban,basin,1.1271
RFB-1076,0.535198,35.311542,permanent_masonry,218,50600,11030000,TRUE,"Risk Forge synthetic book: WorldPop-weighted placement on Kenyan land, attributes from metadata ranges; not a real portfolio",other,urban,basin,1.1271
RFB-1077,1.24588,35.124146,permanent_masonry,85,62300,5295000,TRUE,"Risk Forge synthetic book: WorldPop-weighted placement on Kenyan land, attributes from metadata ranges; not a real portfolio",other,urban,basin,1.1271
RFB-1078,0.752071,34.848907,informal_iron_sheet,22,5400,120000,TRUE,"Risk Forge synthetic book: WorldPop-weighted placement on Kenyan land, attributes from metadata ranges; not a real portfolio",other,peri_urban,basin,1.1271
RFB-1079,0.838888,35.132037,semi_permanent,35,15300,535000,TRUE,"Risk Forge synthetic book: WorldPop-weighted placement on Kenyan land, attributes from metadata ranges; not a real portfolio",other,urban,basin,1.1271
RFB-1080,-0.170068,34.925632,permanent_masonry,106,58300,6180000,TRUE,"Risk Forge synthetic book: WorldPop-weighted placement on Kenyan land, attributes from metadata ranges; not a real portfolio",other,urban,basin,1.1271
RFB-1081,0.490311,35.253475,semi_permanent,52,12800,665000,TRUE,"Risk Forge synthetic book: WorldPop-weighted placement on Kenyan land, attributes from metadata ranges; not a real portfolio",other,urban,basin,1.1271
RFB-1082,0.327752,35.139993,informal_iron_sheet,20,7800,155000,TRUE,"Risk Forge synthetic book: WorldPop-weighted placement on Kenyan land, attributes from metadata ranges; not a real portfolio",other,rural,basin,1.1271
RFB-1083,1.025717,34.978582,permanent_masonry,154,59700,9195000,TRUE,"Risk Forge synthetic book: WorldPop-weighted placement on Kenyan land, attributes from metadata ranges; not a real portfolio",Kitale,urban,basin,1.1271
RFB-1084,1.030221,34.988933,concrete_rcc,176,64900,11420000,TRUE,"Risk Forge synthetic book: WorldPop-weighted placement on Kenyan land, attributes from metadata ranges; not a real portfolio",Kitale,urban,basin,1.1271
RFB-1085,0.271722,35.173253,informal_iron_sheet,17,6900,115000,TRUE,"Risk Forge synthetic book: WorldPop-weighted placement on Kenyan land, attributes from metadata ranges; not a real portfolio",other,rural,basin,1.1271
RFB-1086,0.552351,34.56382,concrete_rcc,271,80700,21870000,TRUE,"Risk Forge synthetic book: WorldPop-weighted placement on Kenyan land, attributes from metadata ranges; not a real portfolio",other,urban,basin,1.1271
RFB-1087,0.594561,34.54419,concrete_rcc,150,71400,10710000,TRUE,"Risk Forge synthetic book: WorldPop-weighted placement on Kenyan land, attributes from metadata ranges; not a real portfolio",other,urban,basin,1.1271
RFB-1088,0.810475,35.264137,permanent_masonry,154,50700,7810000,TRUE,"Risk Forge synthetic book: WorldPop-weighted placement on Kenyan land, attributes from metadata ranges; not a real portfolio",other,rural,basin,1.1271
RFB-1089,0.090074,34.732485,semi_permanent,60,12400,745000,TRUE,"Risk Forge synthetic book: WorldPop-weighted placement on Kenyan land, attributes from metadata ranges; not a real portfolio",other,urban,basin,1.1271
RFB-1090,-0.114977,34.786954,permanent_masonry,189,50400,9525000,TRUE,"Risk Forge synthetic book: WorldPop-weighted placement on Kenyan land, attributes from metadata ranges; not a real portfolio",Kisumu,urban,basin,1.1271
RFB-1091,0.534405,35.302736,concrete_rcc,458,72000,32975000,TRUE,"Risk Forge synthetic book: WorldPop-weighted placement on Kenyan land, attributes from metadata ranges; not a real portfolio",other,urban,basin,1.1271
RFB-1092,0.527825,35.246898,concrete_rcc,1361,71200,96905000,TRUE,"Risk Forge synthetic book: WorldPop-weighted placement on Kenyan land, attributes from metadata ranges; not a real portfolio",other,urban,basin,1.1271
RFB-1093,0.607648,34.843908,permanent_masonry,167,54200,9050000,TRUE,"Risk Forge synthetic book: WorldPop-weighted placement on Kenyan land, attributes from metadata ranges; not a real portfolio",Webuye,peri_urban,basin,1.1271
RFB-1094,0.786974,34.561265,permanent_masonry,221,43900,9700000,TRUE,"Risk Forge synthetic book: WorldPop-weighted placement on Kenyan land, attributes from metadata ranges; not a real portfolio",other,peri_urban,basin,1.1271
RFB-1095,0.57942,34.761548,concrete_rcc,277,69000,19115000,TRUE,"Risk Forge synthetic book: WorldPop-weighted placement on Kenyan land, attributes from metadata ranges; not a real portfolio",Webuye,peri_urban,basin,1.1271
RFB-1096,0.025872,35.348369,permanent_masonry,182,44200,8045000,TRUE,"Risk Forge synthetic book: WorldPop-weighted placement on Kenyan land, attributes from metadata ranges; not a real portfolio",other,peri_urban,basin,1.1271
RFB-1097,1.003792,35.072672,concrete_rcc,615,68300,42005000,TRUE,"Risk Forge synthetic book: WorldPop-weighted placement on Kenyan land, attributes from metadata ranges; not a real portfolio",Kitale,peri_urban,basin,1.1271
RFB-1098,0.029419,34.765177,informal_iron_sheet,15,8300,125000,TRUE,"Risk Forge synthetic book: WorldPop-weighted placement on Kenyan land, attributes from metadata ranges; not a real portfolio",other,peri_urban,basin,1.1271
RFB-1099,1.029367,34.975442,concrete_rcc,335,67800,22715000,TRUE,"Risk Forge synthetic book: WorldPop-weighted placement on Kenyan land, attributes from metadata ranges; not a real portfolio",Kitale,urban,basin,1.1271
RFB-1100,0.339204,34.210113,permanent_masonry,204,56900,11610000,TRUE,"Risk Forge synthetic book: WorldPop-weighted placement on Kenyan land, attributes from metadata ranges; not a real portfolio",Bumala,peri_urban,basin,1.1271
RFB-1101,0.07569,34.723932,concrete_rcc,290,68500,19865000,TRUE,"Risk Forge synthetic book: WorldPop-weighted placement on Kenyan land, attributes from metadata ranges; not a real portfolio",other,urban,basin,1.1271
RFB-1102,0.55297,34.596567,permanent_masonry,95,62700,5955000,TRUE,"Risk Forge synthetic book: WorldPop-weighted placement on Kenyan land, attributes from metadata ranges; not a real portfolio",other,peri_urban,basin,1.1271
RFB-1103,-0.072388,34.757515,semi_permanent,70,11400,800000,TRUE,"Risk Forge synthetic book: WorldPop-weighted placement on Kenyan land, attributes from metadata ranges; not a real portfolio",Kisumu,urban,basin,1.1271
RFB-1104,0.078218,34.386663,permanent_masonry,146,47800,6980000,TRUE,"Risk Forge synthetic book: WorldPop-weighted placement on Kenyan land, attributes from metadata ranges; not a real portfolio",other,peri_urban,basin,1.1271
RFB-1105,0.214979,34.493605,concrete_rcc,523,82400,43095000,TRUE,"Risk Forge synthetic book: WorldPop-weighted placement on Kenyan land, attributes from metadata ranges; not a real portfolio",other,urban,basin,1.1271
RFB-1106,0.536095,34.613583,semi_permanent,51,11700,595000,TRUE,"Risk Forge synthetic book: WorldPop-weighted placement on Kenyan land, attributes from metadata ranges; not a real portfolio",other,peri_urban,basin,1.1271
RFB-1107,0.856381,34.868634,informal_iron_sheet,22,7700,170000,TRUE,"Risk Forge synthetic book: WorldPop-weighted placement on Kenyan land, attributes from metadata ranges; not a real portfolio",other,peri_urban,basin,1.1271
RFB-1108,0.273551,34.294195,concrete_rcc,938,75500,70820000,TRUE,"Risk Forge synthetic book: WorldPop-weighted placement on Kenyan land, attributes from metadata ranges; not a real portfolio",Bumala,peri_urban,basin,1.1271
RFB-1109,0.746258,34.5785,permanent_masonry,135,51100,6900000,TRUE,"Risk Forge synthetic book: WorldPop-weighted placement on Kenyan land, attributes from metadata ranges; not a real portfolio",other,urban,basin,1.1271
RFB-1110,-0.070922,34.789417,permanent_masonry,202,41000,8280000,TRUE,"Risk Forge synthetic book: WorldPop-weighted placement on Kenyan land, attributes from metadata ranges; not a real portfolio",Kisumu,urban,basin,1.1271
RFB-1111,-0.071151,34.78782,semi_permanent,43,13300,570000,TRUE,"Risk Forge synthetic book: WorldPop-weighted placement on Kenyan land, attributes from metadata ranges; not a real portfolio",Kisumu,urban,basin,1.1271
RFB-1112,0.417552,35.021328,semi_permanent,54,11200,605000,TRUE,"Risk Forge synthetic book: WorldPop-weighted placement on Kenyan land, attributes from metadata ranges; not a real portfolio",other,peri_urban,basin,1.1271
RFB-1113,0.16363,34.720734,concrete_rcc,527,78100,41160000,TRUE,"Risk Forge synthetic book: WorldPop-weighted placement on Kenyan land, attributes from metadata ranges; not a real portfolio",other,peri_urban,basin,1.1271
RFB-1114,0.110823,34.25754,informal_iron_sheet,24,6300,150000,TRUE,"Risk Forge synthetic book: WorldPop-weighted placement on Kenyan land, attributes from metadata ranges; not a real portfolio",other,rural,basin,1.1271
RFB-1115,0.555567,35.249561,semi_permanent,43,12000,515000,TRUE,"Risk Forge synthetic book: WorldPop-weighted placement on Kenyan land, attributes from metadata ranges; not a real portfolio",other,urban,basin,1.1271
RFB-1116,0.818689,34.487507,concrete_rcc,616,70200,43245000,TRUE,"Risk Forge synthetic book: WorldPop-weighted placement on Kenyan land, attributes from metadata ranges; not a real portfolio",other,peri_urban,basin,1.1271
RFB-1117,0.486459,34.137794,semi_permanent,39,10100,395000,TRUE,"Risk Forge synthetic book: WorldPop-weighted placement on Kenyan land, attributes from metadata ranges; not a real portfolio",other,peri_urban,basin,1.1271
RFB-1118,0.404628,34.850473,permanent_masonry,216,42700,9225000,TRUE,"Risk Forge synthetic book: WorldPop-weighted placement on Kenyan land, attributes from metadata ranges; not a real portfolio",Kakamega,peri_urban,basin,1.1271
RFB-1119,0.154848,34.33114,permanent_masonry,166,53600,8900000,TRUE,"Risk Forge synthetic book: WorldPop-weighted placement on Kenyan land, attributes from metadata ranges; not a real portfolio",other,peri_urban,basin,1.1271
RFB-1120,0.171176,34.780668,permanent_masonry,151,51600,7790000,TRUE,"Risk Forge synthetic book: WorldPop-weighted placement on Kenyan land, attributes from metadata ranges; not a real portfolio",other,peri_urban,basin,1.1271
RFB-1121,1.028692,34.975993,concrete_rcc,468,76500,35800000,TRUE,"Risk Forge synthetic book: WorldPop-weighted placement on Kenyan land, attributes from metadata ranges; not a real portfolio",Kitale,urban,basin,1.1271
RFB-1122,-0.098303,34.784726,permanent_masonry,173,50300,8700000,TRUE,"Risk Forge synthetic book: WorldPop-weighted placement on Kenyan land, attributes from metadata ranges; not a real portfolio",Kisumu,urban,basin,1.1271
RFB-1123,0.747915,34.734178,informal_iron_sheet,15,8000,120000,TRUE,"Risk Forge synthetic book: WorldPop-weighted placement on Kenyan land, attributes from metadata ranges; not a real portfolio",Bungoma,peri_urban,basin,1.1271
RFB-1124,0.697248,34.686975,semi_permanent,58,10700,620000,TRUE,"Risk Forge synthetic book: WorldPop-weighted placement on Kenyan land, attributes from metadata ranges; not a real portfolio",Bungoma,peri_urban,basin,1.1271
RFB-1125,0.985763,35.071341,informal_iron_sheet,18,7600,135000,TRUE,"Risk Forge synthetic book: WorldPop-weighted placement on Kenyan land, attributes from metadata ranges; not a real portfolio",Kitale,peri_urban,basin,1.1271
RFB-1126,0.413305,34.242676,permanent_masonry,106,50400,5340000,TRUE,"Risk Forge synthetic book: WorldPop-weighted placement on Kenyan land, attributes from metadata ranges; not a real portfolio",Busia,peri_urban,basin,1.1271
RFB-1127,-0.096881,35.007543,informal_iron_sheet,20,7600,150000,TRUE,"Risk Forge synthetic book: WorldPop-weighted placement on Kenyan land, attributes from metadata ranges; not a real portfolio",other,peri_urban,basin,1.1271
RFB-1128,0.192202,35.04248,permanent_masonry,89,42100,3745000,TRUE,"Risk Forge synthetic book: WorldPop-weighted placement on Kenyan land, attributes from metadata ranges; not a real portfolio",other,peri_urban,basin,1.1271
RFB-1129,0.420703,34.168251,permanent_masonry,110,41200,4530000,TRUE,"Risk Forge synthetic book: WorldPop-weighted placement on Kenyan land, attributes from metadata ranges; not a real portfolio",other,peri_urban,basin,1.1271
RFB-1130,-0.048496,34.156333,semi_permanent,22,14400,315000,TRUE,"Risk Forge synthetic book: WorldPop-weighted placement on Kenyan land, attributes from metadata ranges; not a real portfolio",Siaya,peri_urban,basin,1.1271
RFB-1131,-0.117242,34.788656,permanent_masonry,218,54400,11860000,TRUE,"Risk Forge synthetic book: WorldPop-weighted placement on Kenyan land, attributes from metadata ranges; not a real portfolio",Kisumu,urban,basin,1.1271
RFB-1132,0.311359,35.173453,informal_iron_sheet,21,7000,145000,TRUE,"Risk Forge synthetic book: WorldPop-weighted placement on Kenyan land, attributes from metadata ranges; not a real portfolio",other,peri_urban,basin,1.1271
RFB-1133,0.053032,34.698889,permanent_masonry,102,43700,4455000,TRUE,"Risk Forge synthetic book: WorldPop-weighted placement on Kenyan land, attributes from metadata ranges; not a real portfolio",other,peri_urban,basin,1.1271
RFB-1134,-0.196102,35.249459,semi_permanent,36,11500,415000,TRUE,"Risk Forge synthetic book: WorldPop-weighted placement on Kenyan land, attributes from metadata ranges; not a real portfolio",other,rural,basin,1.1271
RFB-1135,1.115639,35.146644,informal_iron_sheet,25,7700,190000,TRUE,"Risk Forge synthetic book: WorldPop-weighted placement on Kenyan land, attributes from metadata ranges; not a real portfolio",other,peri_urban,basin,1.1271
RFB-1136,0.289389,35.204725,informal_iron_sheet,12,6900,85000,TRUE,"Risk Forge synthetic book: WorldPop-weighted placement on Kenyan land, attributes from metadata ranges; not a real portfolio",other,rural,basin,1.1271
RFB-1137,0.161775,34.517195,informal_iron_sheet,21,6700,140000,TRUE,"Risk Forge synthetic book: WorldPop-weighted placement on Kenyan land, attributes from metadata ranges; not a real portfolio",other,peri_urban,basin,1.1271
RFB-1138,0.332657,34.478969,permanent_masonry,56,44900,2515000,TRUE,"Risk Forge synthetic book: WorldPop-weighted placement on Kenyan land, attributes from metadata ranges; not a real portfolio",Mumias,urban,basin,1.1271
RFB-1139,0.587394,34.28586,informal_iron_sheet,15,7600,115000,TRUE,"Risk Forge synthetic book: WorldPop-weighted placement on Kenyan land, attributes from metadata ranges; not a real portfolio",other,peri_urban,basin,1.1271
RFB-1140,0.628754,34.267547,concrete_rcc,324,73900,23945000,TRUE,"Risk Forge synthetic book: WorldPop-weighted placement on Kenyan land, attributes from metadata ranges; not a real portfolio",other,urban,basin,1.1271
RFB-1141,-0.08283,34.746735,informal_iron_sheet,14,7200,100000,TRUE,"Risk Forge synthetic book: WorldPop-weighted placement on Kenyan land, attributes from metadata ranges; not a real portfolio",Kisumu,urban,basin,1.1271
RFB-1142,-0.074372,34.817423,permanent_masonry,103,59900,6170000,TRUE,"Risk Forge synthetic book: WorldPop-weighted placement on Kenyan land, attributes from metadata ranges; not a real portfolio",Kisumu,urban,basin,1.1271
RFB-1143,0.853548,35.246808,permanent_masonry,75,59500,4460000,TRUE,"Risk Forge synthetic book: WorldPop-weighted placement on Kenyan land, attributes from metadata ranges; not a real portfolio",other,peri_urban,basin,1.1271
RFB-1144,0.092759,34.15764,permanent_masonry,91,55400,5040000,TRUE,"Risk Forge synthetic book: WorldPop-weighted placement on Kenyan land, attributes from metadata ranges; not a real portfolio",Rwambwa,peri_urban,basin,1.1271
RFB-1145,0.144971,34.320209,permanent_masonry,167,43100,7200000,TRUE,"Risk Forge synthetic book: WorldPop-weighted placement on Kenyan land, attributes from metadata ranges; not a real portfolio",other,peri_urban,basin,1.1271
RFB-1146,0.461978,34.572,informal_iron_sheet,17,7500,130000,TRUE,"Risk Forge synthetic book: WorldPop-weighted placement on Kenyan land, attributes from metadata ranges; not a real portfolio",other,peri_urban,basin,1.1271
RFB-1147,0.513344,34.125487,permanent_masonry,117,48700,5700000,TRUE,"Risk Forge synthetic book: WorldPop-weighted placement on Kenyan land, attributes from metadata ranges; not a real portfolio",other,peri_urban,basin,1.1271
RFB-1148,0.568778,35.236418,semi_permanent,47,13800,650000,TRUE,"Risk Forge synthetic book: WorldPop-weighted placement on Kenyan land, attributes from metadata ranges; not a real portfolio",other,urban,basin,1.1271
RFB-1149,0.131709,35.026245,informal_iron_sheet,17,9200,155000,TRUE,"Risk Forge synthetic book: WorldPop-weighted placement on Kenyan land, attributes from metadata ranges; not a real portfolio",other,rural,basin,1.1271
RFB-1150,0.473194,35.252321,semi_permanent,59,13600,800000,TRUE,"Risk Forge synthetic book: WorldPop-weighted placement on Kenyan land, attributes from metadata ranges; not a real portfolio",other,urban,basin,1.1271
RFB-1151,0.178025,34.76727,semi_permanent,27,14900,400000,TRUE,"Risk Forge synthetic book: WorldPop-weighted placement on Kenyan land, attributes from metadata ranges; not a real portfolio",other,peri_urban,basin,1.1271
RFB-1152,0.143995,34.254105,semi_permanent,57,13200,750000,TRUE,"Risk Forge synthetic book: WorldPop-weighted placement on Kenyan land, attributes from metadata ranges; not a real portfolio",other,rural,basin,1.1271
RFB-1153,-0.184387,34.956246,permanent_masonry,152,54700,8315000,TRUE,"Risk Forge synthetic book: WorldPop-weighted placement on Kenyan land, attributes from metadata ranges; not a real portfolio",other,peri_urban,basin,1.1271
RFB-1154,0.16714,34.672571,permanent_masonry,104,53000,5510000,TRUE,"Risk Forge synthetic book: WorldPop-weighted placement on Kenyan land, attributes from metadata ranges; not a real portfolio",other,peri_urban,basin,1.1271
RFB-1155,1.0103,35.01613,semi_permanent,45,14500,650000,TRUE,"Risk Forge synthetic book: WorldPop-weighted placement on Kenyan land, attributes from metadata ranges; not a real portfolio",Kitale,urban,basin,1.1271
RFB-1156,0.722953,34.840512,informal_iron_sheet,16,5800,95000,TRUE,"Risk Forge synthetic book: WorldPop-weighted placement on Kenyan land, attributes from metadata ranges; not a real portfolio",other,peri_urban,basin,1.1271
RFB-1157,0.277191,34.672385,permanent_masonry,118,59000,6960000,TRUE,"Risk Forge synthetic book: WorldPop-weighted placement on Kenyan land, attributes from metadata ranges; not a real portfolio",other,peri_urban,basin,1.1271
RFB-1158,1.140064,34.989452,permanent_masonry,64,62400,3995000,TRUE,"Risk Forge synthetic book: WorldPop-weighted placement on Kenyan land, attributes from metadata ranges; not a real portfolio",other,peri_urban,basin,1.1271
RFB-1159,0.468721,35.26312,permanent_masonry,152,59800,9090000,TRUE,"Risk Forge synthetic book: WorldPop-weighted placement on Kenyan land, attributes from metadata ranges; not a real portfolio",other,urban,basin,1.1271
RFB-1160,0.589049,34.55055,concrete_rcc,613,75000,45975000,TRUE,"Risk Forge synthetic book: WorldPop-weighted placement on Kenyan land, attributes from metadata ranges; not a real portfolio",other,urban,basin,1.1271
RFB-1161,0.789761,34.797822,concrete_rcc,286,60300,17245000,TRUE,"Risk Forge synthetic book: WorldPop-weighted placement on Kenyan land, attributes from metadata ranges; not a real portfolio",Bungoma,urban,basin,1.1271
RFB-1162,1.046782,35.205023,semi_permanent,44,13900,610000,TRUE,"Risk Forge synthetic book: WorldPop-weighted placement on Kenyan land, attributes from metadata ranges; not a real portfolio",other,peri_urban,basin,1.1271
RFB-1163,1.195209,35.099083,permanent_masonry,283,52300,14800000,TRUE,"Risk Forge synthetic book: WorldPop-weighted placement on Kenyan land, attributes from metadata ranges; not a real portfolio",other,peri_urban,basin,1.1271
RFB-1164,0.79518,34.593481,semi_permanent,69,11700,805000,TRUE,"Risk Forge synthetic book: WorldPop-weighted placement on Kenyan land, attributes from metadata ranges; not a real portfolio",other,peri_urban,basin,1.1271
RFB-1165,-0.111388,34.774073,informal_iron_sheet,18,7600,135000,TRUE,"Risk Forge synthetic book: WorldPop-weighted placement on Kenyan land, attributes from metadata ranges; not a real portfolio",Kisumu,urban,basin,1.1271
RFB-1166,0.560693,34.551636,permanent_masonry,126,49000,6175000,TRUE,"Risk Forge synthetic book: WorldPop-weighted placement on Kenyan land, attributes from metadata ranges; not a real portfolio",other,urban,basin,1.1271
RFB-1167,-0.112329,34.767566,semi_permanent,61,13200,805000,TRUE,"Risk Forge synthetic book: WorldPop-weighted placement on Kenyan land, attributes from metadata ranges; not a real portfolio",Kisumu,urban,basin,1.1271
RFB-1168,0.954623,35.09683,semi_permanent,30,12200,365000,TRUE,"Risk Forge synthetic book: WorldPop-weighted placement on Kenyan land, attributes from metadata ranges; not a real portfolio",other,peri_urban,basin,1.1271
RFB-1169,0.261144,34.619515,informal_iron_sheet,18,8400,150000,TRUE,"Risk Forge synthetic book: WorldPop-weighted placement on Kenyan land, attributes from metadata ranges; not a real portfolio",other,peri_urban,basin,1.1271
RFB-1170,0.352565,34.196078,permanent_masonry,163,50200,8185000,TRUE,"Risk Forge synthetic book: WorldPop-weighted placement on Kenyan land, attributes from metadata ranges; not a real portfolio",Bumala,peri_urban,basin,1.1271
RFB-1171,0.217271,34.653246,informal_iron_sheet,18,7500,135000,TRUE,"Risk Forge synthetic book: WorldPop-weighted placement on Kenyan land, attributes from metadata ranges; not a real portfolio",other,peri_urban,basin,1.1271
RFB-1172,-0.009238,34.718437,semi_permanent,41,9800,400000,TRUE,"Risk Forge synthetic book: WorldPop-weighted placement on Kenyan land, attributes from metadata ranges; not a real portfolio",Kisumu,peri_urban,basin,1.1271
RFB-1173,0.517367,35.256844,concrete_rcc,247,73700,18205000,TRUE,"Risk Forge synthetic book: WorldPop-weighted placement on Kenyan land, attributes from metadata ranges; not a real portfolio",other,urban,basin,1.1271
RFB-1174,0.197959,35.289768,permanent_masonry,190,46900,8910000,TRUE,"Risk Forge synthetic book: WorldPop-weighted placement on Kenyan land, attributes from metadata ranges; not a real portfolio",other,peri_urban,basin,1.1271
RFB-1175,0.740334,34.702564,semi_permanent,21,11300,235000,TRUE,"Risk Forge synthetic book: WorldPop-weighted placement on Kenyan land, attributes from metadata ranges; not a real portfolio",Bungoma,peri_urban,basin,1.1271
RFB-1176,0.061256,34.911255,semi_permanent,41,9000,370000,TRUE,"Risk Forge synthetic book: WorldPop-weighted placement on Kenyan land, attributes from metadata ranges; not a real portfolio",other,peri_urban,basin,1.1271
RFB-1177,0.347767,34.50616,informal_iron_sheet,9,5800,50000,TRUE,"Risk Forge synthetic book: WorldPop-weighted placement on Kenyan land, attributes from metadata ranges; not a real portfolio",Mumias,peri_urban,basin,1.1271
RFB-1178,1.011376,35.087169,permanent_masonry,180,56200,10115000,TRUE,"Risk Forge synthetic book: WorldPop-weighted placement on Kenyan land, attributes from metadata ranges; not a real portfolio",Kitale,peri_urban,basin,1.1271
RFB-1179,0.604544,34.964003,semi_permanent,62,12100,750000,TRUE,"Risk Forge synthetic book: WorldPop-weighted placement on Kenyan land, attributes from metadata ranges; not a real portfolio",other,peri_urban,basin,1.1271
RFB-1180,0.850621,34.457296,semi_permanent,44,9800,430000,TRUE,"Risk Forge synthetic book: WorldPop-weighted placement on Kenyan land, attributes from metadata ranges; not a real portfolio",other,peri_urban,basin,1.1271
RFB-1181,0.093812,34.456694,semi_permanent,71,12900,915000,TRUE,"Risk Forge synthetic book: WorldPop-weighted placement on Kenyan land, attributes from metadata ranges; not a real portfolio",other,peri_urban,basin,1.1271
RFB-1182,0.51286,35.263232,permanent_masonry,67,63800,4275000,TRUE,"Risk Forge synthetic book: WorldPop-weighted placement on Kenyan land, attributes from metadata ranges; not a real portfolio",other,urban,basin,1.1271
RFB-1183,0.369547,34.98966,semi_permanent,24,11100,265000,TRUE,"Risk Forge synthetic book: WorldPop-weighted placement on Kenyan land, attributes from metadata ranges; not a real portfolio",other,rural,basin,1.1271
RFB-1184,0.257571,34.260141,permanent_masonry,87,42700,3715000,TRUE,"Risk Forge synthetic book: WorldPop-weighted placement on Kenyan land, attributes from metadata ranges; not a real portfolio",Bumala,peri_urban,basin,1.1271
RFB-1185,0.528997,34.781739,permanent_masonry,209,55600,11620000,TRUE,"Risk Forge synthetic book: WorldPop-weighted placement on Kenyan land, attributes from metadata ranges; not a real portfolio",Kakamega,peri_urban,basin,1.1271
RFB-1186,-0.223224,34.21895,informal_iron_sheet,21,8600,180000,TRUE,"Risk Forge synthetic book: WorldPop-weighted placement on Kenyan land, attributes from metadata ranges; not a real portfolio",other,peri_urban,basin,1.1271
RFB-1187,0.087464,34.220256,informal_iron_sheet,21,5800,120000,TRUE,"Risk Forge synthetic book: WorldPop-weighted placement on Kenyan land, attributes from metadata ranges; not a real portfolio",other,rural,basin,1.1271
RFB-1188,0.204755,34.42165,informal_iron_sheet,27,7100,190000,TRUE,"Risk Forge synthetic book: WorldPop-weighted placement on Kenyan land, attributes from metadata ranges; not a real portfolio",other,peri_urban,basin,1.1271
RFB-1189,0.830992,35.127851,permanent_masonry,138,57200,7895000,TRUE,"Risk Forge synthetic book: WorldPop-weighted placement on Kenyan land, attributes from metadata ranges; not a real portfolio",other,urban,basin,1.1271
RFB-1190,0.529465,34.348284,informal_iron_sheet,18,6200,110000,TRUE,"Risk Forge synthetic book: WorldPop-weighted placement on Kenyan land, attributes from metadata ranges; not a real portfolio",other,rural,basin,1.1271
RFB-1191,0.527066,35.263208,semi_permanent,38,12400,470000,TRUE,"Risk Forge synthetic book: WorldPop-weighted placement on Kenyan land, attributes from metadata ranges; not a real portfolio",other,urban,basin,1.1271
RFB-1192,0.144232,35.149206,semi_permanent,44,14300,630000,TRUE,"Risk Forge synthetic book: WorldPop-weighted placement on Kenyan land, attributes from metadata ranges; not a real portfolio",other,peri_urban,basin,1.1271
RFB-1193,1.015246,35.319176,permanent_masonry,153,52100,7970000,TRUE,"Risk Forge synthetic book: WorldPop-weighted placement on Kenyan land, attributes from metadata ranges; not a real portfolio",other,rural,basin,1.1271
RFB-1194,0.847129,34.797336,informal_iron_sheet,20,6800,135000,TRUE,"Risk Forge synthetic book: WorldPop-weighted placement on Kenyan land, attributes from metadata ranges; not a real portfolio",Bungoma,peri_urban,basin,1.1271
RFB-1195,0.054947,34.726572,permanent_masonry,123,48100,5915000,TRUE,"Risk Forge synthetic book: WorldPop-weighted placement on Kenyan land, attributes from metadata ranges; not a real portfolio",other,urban,basin,1.1271
RFB-1196,0.52986,35.301703,permanent_masonry,81,43700,3540000,TRUE,"Risk Forge synthetic book: WorldPop-weighted placement on Kenyan land, attributes from metadata ranges; not a real portfolio",other,urban,basin,1.1271
RFB-1197,0.592367,34.629284,informal_iron_sheet,15,7600,115000,TRUE,"Risk Forge synthetic book: WorldPop-weighted placement on Kenyan land, attributes from metadata ranges; not a real portfolio",other,peri_urban,basin,1.1271
RFB-1198,0.926843,35.182173,semi_permanent,65,13300,865000,TRUE,"Risk Forge synthetic book: WorldPop-weighted placement on Kenyan land, attributes from metadata ranges; not a real portfolio",other,rural,basin,1.1271
RFB-1199,1.00596,35.370626,semi_permanent,36,13700,495000,TRUE,"Risk Forge synthetic book: WorldPop-weighted placement on Kenyan land, attributes from metadata ranges; not a real portfolio",other,rural,basin,1.1271
